video_name,shot_id,start_time,end_time,duration,classification,confidence_score,rule_explanation
BRICS_Roundtable_Live__Power_Shift_Or_Political_Posturing__China___India___Russi.mp4,1,0.0,3.6,3.6,Anchor Studio,82.0,"Anchor Studio: stable=0.92, symmetry=0.75, centered=True, faces=2, face_area=0.0535"
BRICS_Roundtable_Live__Power_Shift_Or_Political_Posturing__China___India___Russi.mp4,2,3.667,4.867,1.2,B-Roll,70.0,"B-Roll: motion=0.0372, edge=0.0784, face_area=0.0047, symmetry=0.94"
BRICS_Roundtable_Live__Power_Shift_Or_Political_Posturing__China___India___Russi.mp4,3,4.933,8.533,3.6,Title Card,78.0,"Title Card: headline=0.7488, textcov=0.8919, stability=0.88"
BRICS_Roundtable_Live__Power_Shift_Or_Political_Posturing__China___India___Russi.mp4,4,8.6,24.0,15.4,Anchor Studio,84.0,"Anchor Studio: stable=0.74, symmetry=0.87, centered=True, faces=2, face_area=0.0133"
BRICS_Roundtable_Live__Power_Shift_Or_Political_Posturing__China___India___Russi.mp4,5,24.067,29.2,5.133,Anchor Studio,82.0,"Anchor Studio: stable=0.88, symmetry=0.76, centered=True, faces=2, face_area=0.1169"
BRICS_Roundtable_Live__Power_Shift_Or_Political_Posturing__China___India___Russi.mp4,6,29.267,32.4,3.133,Title Card,78.0,"Title Card: headline=0.8745, textcov=0.9302, stability=0.91"
BRICS_Roundtable_Live__Power_Shift_Or_Political_Posturing__China___India___Russi.mp4,7,32.467,48.8,16.333,Anchor Studio,82.0,"Anchor Studio: stable=0.85, symmetry=0.74, centered=True, faces=2, face_area=0.1076"
BRICS_Roundtable_Live__Power_Shift_Or_Political_Posturing__China___India___Russi.mp4,8,48.867,51.4,2.533,Title Card,78.0,"Title Card: headline=0.9073, textcov=0.9542, stability=0.92"
BRICS_Roundtable_Live__Power_Shift_Or_Political_Posturing__China___India___Russi.mp4,9,51.467,54.867,3.4,Anchor Studio,84.0,"Anchor Studio: stable=0.78, symmetry=0.85, centered=True, faces=2, face_area=0.0094"
BRICS_Roundtable_Live__Power_Shift_Or_Political_Posturing__China___India___Russi.mp4,10,54.933,74.6,19.667,Anchor Studio,84.0,"Anchor Studio: stable=0.86, symmetry=0.93, centered=True, faces=1, face_area=0.0043"
BRICS_Roundtable_Live__Power_Shift_Or_Political_Posturing__China___India___Russi.mp4,11,74.667,77.8,3.133,Anchor Studio,84.0,"Anchor Studio: stable=0.62, symmetry=0.95, centered=True, faces=1, face_area=0.0257"
BRICS_Roundtable_Live__Power_Shift_Or_Political_Posturing__China___India___Russi.mp4,12,77.867,79.933,2.066,Anchor Studio,94.0,"Anchor Studio: stable=0.88, symmetry=0.80, centered=True, faces=1, face_area=0.0284"
BRICS_Roundtable_Live__Power_Shift_Or_Political_Posturing__China___India___Russi.mp4,13,80.0,82.2,2.2,Anchor Studio,82.0,"Anchor Studio: stable=0.80, symmetry=0.76, centered=True, faces=1, face_area=0.0314"
BRICS_Roundtable_Live__Power_Shift_Or_Political_Posturing__China___India___Russi.mp4,14,82.267,83.733,1.466,Anchor Studio,82.0,"Anchor Studio: stable=0.77, symmetry=0.74, centered=True, faces=1, face_area=0.0448"
BRICS_Roundtable_Live__Power_Shift_Or_Political_Posturing__China___India___Russi.mp4,15,83.8,87.6,3.8,Title Card,78.0,"Title Card: headline=0.8331, textcov=0.9398, stability=0.87"
BRICS_Roundtable_Live__Power_Shift_Or_Political_Posturing__China___India___Russi.mp4,16,87.667,89.067,1.4,Title Card,64.0,"Title Card: headline=0.4710, textcov=0.6880, stability=0.73"
BRICS_Roundtable_Live__Power_Shift_Or_Political_Posturing__China___India___Russi.mp4,17,89.133,100.133,11.0,Anchor Studio,82.0,"Anchor Studio: stable=0.89, symmetry=0.77, centered=True, faces=1, face_area=0.0264"
BRICS_Roundtable_Live__Power_Shift_Or_Political_Posturing__China___India___Russi.mp4,18,100.2,102.933,2.733,Anchor Studio,72.0,"Anchor Studio: stable=0.78, symmetry=0.96, centered=False, faces=1, face_area=0.0026"
BRICS_Roundtable_Live__Power_Shift_Or_Political_Posturing__China___India___Russi.mp4,19,103.0,108.4,5.4,Title Card,78.0,"Title Card: headline=1.1624, textcov=1.2028, stability=0.91"
BRICS_Roundtable_Live__Power_Shift_Or_Political_Posturing__China___India___Russi.mp4,20,108.467,112.6,4.133,Title Card,74.0,"Title Card: headline=1.0161, textcov=1.2064, stability=0.82"
BRICS_Roundtable_Live__Power_Shift_Or_Political_Posturing__China___India___Russi.mp4,21,112.667,113.667,1.0,Anchor Studio,84.0,"Anchor Studio: stable=0.66, symmetry=0.88, centered=True, faces=1, face_area=0.0240"
BRICS_Roundtable_Live__Power_Shift_Or_Political_Posturing__China___India___Russi.mp4,22,113.733,116.0,2.267,B-Roll,70.0,"B-Roll: motion=0.0271, edge=0.1190, face_area=0.0000, symmetry=0.98"
BRICS_Roundtable_Live__Power_Shift_Or_Political_Posturing__China___India___Russi.mp4,23,116.067,118.8,2.733,Anchor Studio,84.0,"Anchor Studio: stable=0.84, symmetry=0.97, centered=True, faces=1, face_area=0.0014"
BRICS_Roundtable_Live__Power_Shift_Or_Political_Posturing__China___India___Russi.mp4,24,118.867,126.733,7.866,Anchor Studio,94.0,"Anchor Studio: stable=0.75, symmetry=0.94, centered=True, faces=1, face_area=0.0118"
BRICS_Roundtable_Live__Power_Shift_Or_Political_Posturing__China___India___Russi.mp4,25,126.8,127.8,1.0,Anchor Studio,84.0,"Anchor Studio: stable=0.74, symmetry=0.97, centered=True, faces=1, face_area=0.0235"
BRICS_Roundtable_Live__Power_Shift_Or_Political_Posturing__China___India___Russi.mp4,26,127.867,135.333,7.466,Title Card,78.0,"Title Card: headline=0.6573, textcov=0.7756, stability=0.80"
BRICS_Roundtable_Live__Power_Shift_Or_Political_Posturing__China___India___Russi.mp4,27,135.4,137.267,1.867,Title Card,78.0,"Title Card: headline=0.8028, textcov=0.9694, stability=0.85"
BRICS_Roundtable_Live__Power_Shift_Or_Political_Posturing__China___India___Russi.mp4,28,137.333,139.333,2.0,Anchor Studio,84.0,"Anchor Studio: stable=0.71, symmetry=0.81, centered=True, faces=1, face_area=0.0249"
BRICS_Roundtable_Live__Power_Shift_Or_Political_Posturing__China___India___Russi.mp4,29,139.4,161.533,22.133,Anchor Studio,82.0,"Anchor Studio: stable=0.85, symmetry=0.77, centered=True, faces=1, face_area=0.0214"
BRICS_Roundtable_Live__Power_Shift_Or_Political_Posturing__China___India___Russi.mp4,30,161.6,175.267,13.667,Anchor Studio,84.0,"Anchor Studio: stable=0.82, symmetry=0.93, centered=True, faces=1, face_area=0.0006"
BRICS_Roundtable_Live__Power_Shift_Or_Political_Posturing__China___India___Russi.mp4,31,175.333,185.067,9.734,Anchor Studio,84.0,"Anchor Studio: stable=0.68, symmetry=0.95, centered=True, faces=1, face_area=0.0126"
BRICS_Roundtable_Live__Power_Shift_Or_Political_Posturing__China___India___Russi.mp4,32,185.133,186.667,1.534,Anchor Studio,94.0,"Anchor Studio: stable=0.77, symmetry=0.93, centered=True, faces=1, face_area=0.0241"
BRICS_Roundtable_Live__Power_Shift_Or_Political_Posturing__China___India___Russi.mp4,33,186.733,190.067,3.334,Title Card,78.0,"Title Card: headline=0.9189, textcov=1.0019, stability=0.87"
BRICS_Roundtable_Live__Power_Shift_Or_Political_Posturing__China___India___Russi.mp4,34,190.133,190.8,0.667,B-Roll,70.0,"B-Roll: motion=0.0366, edge=0.1125, face_area=0.0000, symmetry=0.78"
BRICS_Roundtable_Live__Power_Shift_Or_Political_Posturing__China___India___Russi.mp4,35,190.867,198.467,7.6,Anchor Studio,82.0,"Anchor Studio: stable=0.86, symmetry=0.79, centered=True, faces=1, face_area=0.0141"
BRICS_Roundtable_Live__Power_Shift_Or_Political_Posturing__China___India___Russi.mp4,36,198.533,200.2,1.667,Anchor Studio,84.0,"Anchor Studio: stable=0.86, symmetry=0.98, centered=True, faces=1, face_area=0.0032"
BRICS_Roundtable_Live__Power_Shift_Or_Political_Posturing__China___India___Russi.mp4,37,200.267,201.867,1.6,Title Card,78.0,"Title Card: headline=1.1160, textcov=1.1730, stability=0.85"
BRICS_Roundtable_Live__Power_Shift_Or_Political_Posturing__China___India___Russi.mp4,38,201.933,202.667,0.734,Title Card,78.0,"Title Card: headline=0.7282, textcov=0.8360, stability=0.85"
BRICS_Roundtable_Live__Power_Shift_Or_Political_Posturing__China___India___Russi.mp4,39,202.733,204.933,2.2,Title Card,78.0,"Title Card: headline=1.1720, textcov=1.2160, stability=0.94"
BRICS_Roundtable_Live__Power_Shift_Or_Political_Posturing__China___India___Russi.mp4,40,205.0,206.6,1.6,Title Card,78.0,"Title Card: headline=1.1884, textcov=1.3541, stability=0.83"
BRICS_Roundtable_Live__Power_Shift_Or_Political_Posturing__China___India___Russi.mp4,41,206.667,222.6,15.933,Anchor Studio,84.0,"Anchor Studio: stable=0.79, symmetry=0.92, centered=True, faces=1, face_area=0.0044"
BRICS_Roundtable_Live__Power_Shift_Or_Political_Posturing__China___India___Russi.mp4,42,222.667,224.667,2.0,Anchor Studio,94.0,"Anchor Studio: stable=0.82, symmetry=0.92, centered=True, faces=1, face_area=0.0189"
BRICS_Roundtable_Live__Power_Shift_Or_Political_Posturing__China___India___Russi.mp4,43,224.733,225.6,0.867,B-Roll,70.0,"B-Roll: motion=0.0381, edge=0.1405, face_area=0.0000, symmetry=0.95"
BRICS_Roundtable_Live__Power_Shift_Or_Political_Posturing__China___India___Russi.mp4,44,225.667,229.933,4.266,Title Card,78.0,"Title Card: headline=0.5623, textcov=0.7202, stability=0.81"
BRICS_Roundtable_Live__Power_Shift_Or_Political_Posturing__China___India___Russi.mp4,45,230.0,241.733,11.733,Anchor Studio,74.0,"Anchor Studio: stable=0.75, symmetry=0.96, centered=True, faces=1, face_area=0.0089"
BRICS_Roundtable_Live__Power_Shift_Or_Political_Posturing__China___India___Russi.mp4,46,241.8,246.6,4.8,Title Card,78.0,"Title Card: headline=0.7448, textcov=0.8301, stability=0.87"
BRICS_Roundtable_Live__Power_Shift_Or_Political_Posturing__China___India___Russi.mp4,47,246.667,273.6,26.933,Anchor Studio,82.0,"Anchor Studio: stable=0.84, symmetry=0.76, centered=True, faces=1, face_area=0.0240"
BRICS_Roundtable_Live__Power_Shift_Or_Political_Posturing__China___India___Russi.mp4,48,273.667,275.867,2.2,Anchor Studio,82.0,"Anchor Studio: stable=0.76, symmetry=0.74, centered=True, faces=1, face_area=0.0394"
BRICS_Roundtable_Live__Power_Shift_Or_Political_Posturing__China___India___Russi.mp4,49,275.933,280.8,4.867,Anchor Studio,94.0,"Anchor Studio: stable=0.83, symmetry=0.89, centered=True, faces=1, face_area=0.0311"
BRICS_Roundtable_Live__Power_Shift_Or_Political_Posturing__China___India___Russi.mp4,50,280.867,290.067,9.2,Title Card,78.0,"Title Card: headline=0.6183, textcov=0.8847, stability=0.89"
BRICS_Roundtable_Live__Power_Shift_Or_Political_Posturing__China___India___Russi.mp4,51,290.133,350.667,60.534,Anchor Studio,94.0,"Anchor Studio: stable=0.86, symmetry=0.94, centered=True, faces=2, face_area=0.0546"
BRICS_Roundtable_Live__Power_Shift_Or_Political_Posturing__China___India___Russi.mp4,52,350.733,353.067,2.334,B-Roll,70.0,"B-Roll: motion=0.0326, edge=0.1284, face_area=0.0000, symmetry=0.90"
BRICS_Roundtable_Live__Power_Shift_Or_Political_Posturing__China___India___Russi.mp4,53,353.133,363.8,10.667,Title Card,78.0,"Title Card: headline=0.8582, textcov=0.8750, stability=0.91"
BRICS_Roundtable_Live__Power_Shift_Or_Political_Posturing__China___India___Russi.mp4,54,363.867,387.467,23.6,Anchor Studio,94.0,"Anchor Studio: stable=0.84, symmetry=0.92, centered=True, faces=1, face_area=0.0502"
BRICS_Roundtable_Live__Power_Shift_Or_Political_Posturing__China___India___Russi.mp4,55,387.533,393.2,5.667,Title Card,78.0,"Title Card: headline=0.8272, textcov=0.9510, stability=0.84"
BRICS_Roundtable_Live__Power_Shift_Or_Political_Posturing__China___India___Russi.mp4,56,393.267,418.0,24.733,Anchor Studio,94.0,"Anchor Studio: stable=0.85, symmetry=0.91, centered=True, faces=1, face_area=0.0502"
BRICS_Roundtable_Live__Power_Shift_Or_Political_Posturing__China___India___Russi.mp4,57,418.067,422.333,4.266,Title Card,78.0,"Title Card: headline=0.8774, textcov=0.9049, stability=0.81"
BRICS_Roundtable_Live__Power_Shift_Or_Political_Posturing__China___India___Russi.mp4,58,422.4,437.0,14.6,Anchor Studio,94.0,"Anchor Studio: stable=0.80, symmetry=0.95, centered=True, faces=1, face_area=0.0118"
BRICS_Roundtable_Live__Power_Shift_Or_Political_Posturing__China___India___Russi.mp4,59,437.067,463.0,25.933,Anchor Studio,94.0,"Anchor Studio: stable=0.77, symmetry=0.95, centered=True, faces=2, face_area=0.0165"
BRICS_Roundtable_Live__Power_Shift_Or_Political_Posturing__China___India___Russi.mp4,60,463.067,471.8,8.733,Anchor Studio,94.0,"Anchor Studio: stable=0.87, symmetry=0.94, centered=True, faces=1, face_area=0.0326"
BRICS_Roundtable_Live__Power_Shift_Or_Political_Posturing__China___India___Russi.mp4,61,471.867,478.133,6.266,Anchor Studio,84.0,"Anchor Studio: stable=0.89, symmetry=0.97, centered=True, faces=1, face_area=0.0009"
BRICS_Roundtable_Live__Power_Shift_Or_Political_Posturing__China___India___Russi.mp4,62,478.2,481.2,3.0,Title Card,68.0,"Title Card: headline=0.5025, textcov=0.7088, stability=0.77"
BRICS_Roundtable_Live__Power_Shift_Or_Political_Posturing__China___India___Russi.mp4,63,481.267,496.0,14.733,Anchor Studio,84.0,"Anchor Studio: stable=0.86, symmetry=0.95, centered=True, faces=1, face_area=0.0077"
BRICS_Roundtable_Live__Power_Shift_Or_Political_Posturing__China___India___Russi.mp4,64,496.067,499.867,3.8,Anchor Studio,84.0,"Anchor Studio: stable=0.69, symmetry=0.94, centered=True, faces=1, face_area=0.0196"
BRICS_Roundtable_Live__Power_Shift_Or_Political_Posturing__China___India___Russi.mp4,65,499.933,516.133,16.2,Anchor Studio,84.0,"Anchor Studio: stable=0.74, symmetry=0.96, centered=True, faces=1, face_area=0.0112"
BRICS_Roundtable_Live__Power_Shift_Or_Political_Posturing__China___India___Russi.mp4,66,516.2,531.533,15.333,Anchor Studio,84.0,"Anchor Studio: stable=0.83, symmetry=0.96, centered=True, faces=1, face_area=0.0026"
BRICS_Roundtable_Live__Power_Shift_Or_Political_Posturing__China___India___Russi.mp4,67,531.6,532.6,1.0,B-Roll,70.0,"B-Roll: motion=0.0477, edge=0.1209, face_area=0.0000, symmetry=0.91"
BRICS_Roundtable_Live__Power_Shift_Or_Political_Posturing__China___India___Russi.mp4,68,532.667,534.467,1.8,Anchor Studio,84.0,"Anchor Studio: stable=0.79, symmetry=0.97, centered=True, faces=1, face_area=0.0021"
BRICS_Roundtable_Live__Power_Shift_Or_Political_Posturing__China___India___Russi.mp4,69,534.533,542.2,7.667,Title Card,78.0,"Title Card: headline=0.7076, textcov=0.8707, stability=0.85"
BRICS_Roundtable_Live__Power_Shift_Or_Political_Posturing__China___India___Russi.mp4,70,542.267,550.867,8.6,Anchor Studio,84.0,"Anchor Studio: stable=0.91, symmetry=0.97, centered=True, faces=1, face_area=0.0021"
BRICS_Roundtable_Live__Power_Shift_Or_Political_Posturing__China___India___Russi.mp4,71,550.933,556.6,5.667,Anchor Studio,74.0,"Anchor Studio: stable=0.61, symmetry=0.94, centered=True, faces=1, face_area=0.0016"
BRICS_Roundtable_Live__Power_Shift_Or_Political_Posturing__China___India___Russi.mp4,72,556.667,560.8,4.133,Title Card,78.0,"Title Card: headline=1.0269, textcov=1.1362, stability=0.88"
BRICS_Roundtable_Live__Power_Shift_Or_Political_Posturing__China___India___Russi.mp4,73,560.867,583.4,22.533,Anchor Studio,94.0,"Anchor Studio: stable=0.80, symmetry=0.86, centered=True, faces=2, face_area=0.0267"
BRICS_Roundtable_Live__Power_Shift_Or_Political_Posturing__China___India___Russi.mp4,74,583.467,596.4,12.933,Anchor Studio,94.0,"Anchor Studio: stable=0.86, symmetry=0.95, centered=True, faces=1, face_area=0.0152"
BRICS_Roundtable_Live__Power_Shift_Or_Political_Posturing__China___India___Russi.mp4,75,596.467,598.267,1.8,Anchor Studio,94.0,"Anchor Studio: stable=0.78, symmetry=0.94, centered=True, faces=1, face_area=0.0369"
BRICS_Roundtable_Live__Power_Shift_Or_Political_Posturing__China___India___Russi.mp4,76,598.333,613.133,14.8,Anchor Studio,94.0,"Anchor Studio: stable=0.85, symmetry=0.95, centered=True, faces=1, face_area=0.0130"
BRICS_Roundtable_Live__Power_Shift_Or_Political_Posturing__China___India___Russi.mp4,77,613.2,622.667,9.467,Anchor Studio,94.0,"Anchor Studio: stable=0.77, symmetry=0.95, centered=True, faces=2, face_area=0.0355"
BRICS_Roundtable_Live__Power_Shift_Or_Political_Posturing__China___India___Russi.mp4,78,622.733,626.4,3.667,Title Card,78.0,"Title Card: headline=0.6765, textcov=0.8699, stability=0.85"
BRICS_Roundtable_Live__Power_Shift_Or_Political_Posturing__China___India___Russi.mp4,79,626.467,639.333,12.866,Anchor Studio,84.0,"Anchor Studio: stable=0.84, symmetry=0.95, centered=True, faces=2, face_area=0.0081"
BRICS_Roundtable_Live__Power_Shift_Or_Political_Posturing__China___India___Russi.mp4,80,639.4,658.867,19.467,Anchor Studio,94.0,"Anchor Studio: stable=0.83, symmetry=0.93, centered=True, faces=2, face_area=0.0150"
BRICS_Roundtable_Live__Power_Shift_Or_Political_Posturing__China___India___Russi.mp4,81,658.933,692.867,33.934,Anchor Studio,94.0,"Anchor Studio: stable=0.80, symmetry=0.92, centered=True, faces=2, face_area=0.0169"
BRICS_Roundtable_Live__Power_Shift_Or_Political_Posturing__China___India___Russi.mp4,82,692.933,705.8,12.867,Anchor Studio,94.0,"Anchor Studio: stable=0.84, symmetry=0.93, centered=True, faces=1, face_area=0.0241"
BRICS_Roundtable_Live__Power_Shift_Or_Political_Posturing__China___India___Russi.mp4,83,705.867,710.267,4.4,Anchor Studio,94.0,"Anchor Studio: stable=0.81, symmetry=0.87, centered=True, faces=2, face_area=0.0364"
BRICS_Roundtable_Live__Power_Shift_Or_Political_Posturing__China___India___Russi.mp4,84,710.333,723.467,13.134,Title Card,78.0,"Title Card: headline=0.9474, textcov=1.0339, stability=0.87"
BRICS_Roundtable_Live__Power_Shift_Or_Political_Posturing__China___India___Russi.mp4,85,723.533,736.667,13.134,Anchor Studio,94.0,"Anchor Studio: stable=0.77, symmetry=0.93, centered=True, faces=2, face_area=0.0279"
BRICS_Roundtable_Live__Power_Shift_Or_Political_Posturing__China___India___Russi.mp4,86,736.733,738.6,1.867,Anchor Studio,84.0,"Anchor Studio: stable=0.76, symmetry=0.95, centered=True, faces=1, face_area=0.0008"
BRICS_Roundtable_Live__Power_Shift_Or_Political_Posturing__China___India___Russi.mp4,87,738.667,742.4,3.733,Title Card,78.0,"Title Card: headline=0.9948, textcov=1.0168, stability=0.90"
BRICS_Roundtable_Live__Power_Shift_Or_Political_Posturing__China___India___Russi.mp4,88,742.467,750.667,8.2,Anchor Studio,94.0,"Anchor Studio: stable=0.77, symmetry=0.88, centered=True, faces=1, face_area=0.0265"
BRICS_Roundtable_Live__Power_Shift_Or_Political_Posturing__China___India___Russi.mp4,89,750.733,755.333,4.6,Title Card,78.0,"Title Card: headline=0.9594, textcov=0.9918, stability=0.89"
BRICS_Roundtable_Live__Power_Shift_Or_Political_Posturing__China___India___Russi.mp4,90,755.4,774.4,19.0,Anchor Studio,94.0,"Anchor Studio: stable=0.78, symmetry=0.94, centered=True, faces=1, face_area=0.0118"
BRICS_Roundtable_Live__Power_Shift_Or_Political_Posturing__China___India___Russi.mp4,91,774.467,786.267,11.8,Anchor Studio,84.0,"Anchor Studio: stable=0.80, symmetry=0.94, centered=True, faces=1, face_area=0.0016"
BRICS_Roundtable_Live__Power_Shift_Or_Political_Posturing__China___India___Russi.mp4,92,786.333,793.6,7.267,Anchor Studio,84.0,"Anchor Studio: stable=0.75, symmetry=0.92, centered=True, faces=1, face_area=0.0049"
BRICS_Roundtable_Live__Power_Shift_Or_Political_Posturing__China___India___Russi.mp4,93,793.667,794.733,1.066,Title Card,78.0,"Title Card: headline=0.9766, textcov=1.0224, stability=0.90"
BRICS_Roundtable_Live__Power_Shift_Or_Political_Posturing__China___India___Russi.mp4,94,794.8,802.667,7.867,Anchor Studio,82.0,"Anchor Studio: stable=0.80, symmetry=0.78, centered=True, faces=2, face_area=0.0651"
BRICS_Roundtable_Live__Power_Shift_Or_Political_Posturing__China___India___Russi.mp4,95,802.733,817.533,14.8,Anchor Studio,94.0,"Anchor Studio: stable=0.85, symmetry=0.91, centered=True, faces=2, face_area=0.0123"
BRICS_Roundtable_Live__Power_Shift_Or_Political_Posturing__China___India___Russi.mp4,96,817.6,824.2,6.6,Title Card,78.0,"Title Card: headline=0.9130, textcov=0.9391, stability=0.84"
BRICS_Roundtable_Live__Power_Shift_Or_Political_Posturing__China___India___Russi.mp4,97,824.267,828.6,4.333,Anchor Studio,82.0,"Anchor Studio: stable=0.87, symmetry=0.78, centered=True, faces=2, face_area=0.0928"
BRICS_Roundtable_Live__Power_Shift_Or_Political_Posturing__China___India___Russi.mp4,98,828.667,834.333,5.666,Anchor Studio,84.0,"Anchor Studio: stable=0.81, symmetry=0.94, centered=True, faces=1, face_area=0.0042"
BRICS_Roundtable_Live__Power_Shift_Or_Political_Posturing__China___India___Russi.mp4,99,834.4,839.667,5.267,Anchor Studio,74.0,"Anchor Studio: stable=0.70, symmetry=0.90, centered=True, faces=1, face_area=0.0008"
BRICS_Roundtable_Live__Power_Shift_Or_Political_Posturing__China___India___Russi.mp4,100,839.733,848.6,8.867,Anchor Studio,84.0,"Anchor Studio: stable=0.86, symmetry=0.93, centered=True, faces=1, face_area=0.0012"
BRICS_Roundtable_Live__Power_Shift_Or_Political_Posturing__China___India___Russi.mp4,101,848.667,865.333,16.666,Title Card,78.0,"Title Card: headline=0.9600, textcov=0.9845, stability=0.90"
BRICS_Roundtable_Live__Power_Shift_Or_Political_Posturing__China___India___Russi.mp4,102,865.4,868.6,3.2,Anchor Studio,84.0,"Anchor Studio: stable=0.86, symmetry=0.98, centered=True, faces=1, face_area=0.0017"
BRICS_Roundtable_Live__Power_Shift_Or_Political_Posturing__China___India___Russi.mp4,103,868.667,883.533,14.866,Anchor Studio,84.0,"Anchor Studio: stable=0.84, symmetry=0.92, centered=True, faces=1, face_area=0.0085"
BRICS_Roundtable_Live__Power_Shift_Or_Political_Posturing__China___India___Russi.mp4,104,883.6,892.533,8.933,Title Card,78.0,"Title Card: headline=0.6355, textcov=0.8736, stability=0.81"
BRICS_Roundtable_Live__Power_Shift_Or_Political_Posturing__China___India___Russi.mp4,105,892.6,903.6,11.0,Anchor Studio,84.0,"Anchor Studio: stable=0.74, symmetry=0.95, centered=True, faces=1, face_area=0.0184"
BRICS_Roundtable_Live__Power_Shift_Or_Political_Posturing__China___India___Russi.mp4,106,903.667,912.667,9.0,Title Card,78.0,"Title Card: headline=0.9553, textcov=0.9878, stability=0.88"
BRICS_Roundtable_Live__Power_Shift_Or_Political_Posturing__China___India___Russi.mp4,107,912.733,925.867,13.134,Anchor Studio,82.0,"Anchor Studio: stable=0.85, symmetry=0.75, centered=True, faces=1, face_area=0.0195"
BRICS_Roundtable_Live__Power_Shift_Or_Political_Posturing__China___India___Russi.mp4,108,925.933,937.6,11.667,Anchor Studio,82.0,"Anchor Studio: stable=0.84, symmetry=0.76, centered=True, faces=1, face_area=0.0144"
BRICS_Roundtable_Live__Power_Shift_Or_Political_Posturing__China___India___Russi.mp4,109,937.667,947.267,9.6,Anchor Studio,84.0,"Anchor Studio: stable=0.83, symmetry=0.93, centered=True, faces=1, face_area=0.0002"
BRICS_Roundtable_Live__Power_Shift_Or_Political_Posturing__China___India___Russi.mp4,110,947.333,955.267,7.934,Anchor Studio,84.0,"Anchor Studio: stable=0.69, symmetry=0.96, centered=True, faces=1, face_area=0.0163"
BRICS_Roundtable_Live__Power_Shift_Or_Political_Posturing__China___India___Russi.mp4,111,955.333,958.4,3.067,Anchor Studio,84.0,"Anchor Studio: stable=0.84, symmetry=0.91, centered=True, faces=1, face_area=0.0033"
BRICS_Roundtable_Live__Power_Shift_Or_Political_Posturing__China___India___Russi.mp4,112,958.467,960.667,2.2,B-Roll,70.0,"B-Roll: motion=0.0260, edge=0.1391, face_area=0.0039, symmetry=0.87"
BRICS_Roundtable_Live__Power_Shift_Or_Political_Posturing__China___India___Russi.mp4,113,960.733,975.667,14.934,Anchor Studio,82.0,"Anchor Studio: stable=0.84, symmetry=0.77, centered=True, faces=1, face_area=0.0323"
BRICS_Roundtable_Live__Power_Shift_Or_Political_Posturing__China___India___Russi.mp4,114,975.733,980.2,4.467,Title Card,78.0,"Title Card: headline=0.9033, textcov=1.0377, stability=0.84"
BRICS_Roundtable_Live__Power_Shift_Or_Political_Posturing__China___India___Russi.mp4,115,980.267,982.8,2.533,Title Card,78.0,"Title Card: headline=0.8997, textcov=1.0174, stability=0.85"
BRICS_Roundtable_Live__Power_Shift_Or_Political_Posturing__China___India___Russi.mp4,116,982.867,992.8,9.933,Anchor Studio,82.0,"Anchor Studio: stable=0.84, symmetry=0.77, centered=True, faces=1, face_area=0.0302"
BRICS_Roundtable_Live__Power_Shift_Or_Political_Posturing__China___India___Russi.mp4,117,992.867,995.667,2.8,Title Card,78.0,"Title Card: headline=0.9896, textcov=1.0491, stability=0.83"
BRICS_Roundtable_Live__Power_Shift_Or_Political_Posturing__China___India___Russi.mp4,118,995.733,998.667,2.934,B-Roll,70.0,"B-Roll: motion=0.0266, edge=0.1563, face_area=0.0018, symmetry=0.96"
BRICS_Roundtable_Live__Power_Shift_Or_Political_Posturing__China___India___Russi.mp4,119,998.733,1009.6,10.867,Anchor Studio,84.0,"Anchor Studio: stable=0.82, symmetry=0.96, centered=True, faces=1, face_area=0.0064"
BRICS_Roundtable_Live__Power_Shift_Or_Political_Posturing__China___India___Russi.mp4,120,1009.667,1013.467,3.8,Title Card,78.0,"Title Card: headline=0.8575, textcov=0.9605, stability=0.83"
BRICS_Roundtable_Live__Power_Shift_Or_Political_Posturing__China___India___Russi.mp4,121,1013.533,1019.467,5.934,Title Card,78.0,"Title Card: headline=1.0346, textcov=1.0639, stability=0.84"
BRICS_Roundtable_Live__Power_Shift_Or_Political_Posturing__China___India___Russi.mp4,122,1019.533,1043.4,23.867,Anchor Studio,94.0,"Anchor Studio: stable=0.85, symmetry=0.96, centered=True, faces=2, face_area=0.0452"
BRICS_Roundtable_Live__Power_Shift_Or_Political_Posturing__China___India___Russi.mp4,123,1043.467,1048.4,4.933,Anchor Studio,94.0,"Anchor Studio: stable=0.85, symmetry=0.94, centered=True, faces=1, face_area=0.0609"
BRICS_Roundtable_Live__Power_Shift_Or_Political_Posturing__China___India___Russi.mp4,124,1048.467,1055.333,6.866,Title Card,68.0,"Title Card: headline=0.7300, textcov=0.9487, stability=0.79"
BRICS_Roundtable_Live__Power_Shift_Or_Political_Posturing__China___India___Russi.mp4,125,1055.4,1063.8,8.4,Anchor Studio,94.0,"Anchor Studio: stable=0.83, symmetry=0.95, centered=True, faces=1, face_area=0.0430"
BRICS_Roundtable_Live__Power_Shift_Or_Political_Posturing__China___India___Russi.mp4,126,1063.867,1078.8,14.933,Anchor Studio,94.0,"Anchor Studio: stable=0.87, symmetry=0.97, centered=True, faces=2, face_area=0.0325"
BRICS_Roundtable_Live__Power_Shift_Or_Political_Posturing__China___India___Russi.mp4,127,1078.867,1093.2,14.333,Anchor Studio,94.0,"Anchor Studio: stable=0.83, symmetry=0.95, centered=True, faces=2, face_area=0.0625"
BRICS_Roundtable_Live__Power_Shift_Or_Political_Posturing__China___India___Russi.mp4,128,1093.267,1101.0,7.733,Title Card,78.0,"Title Card: headline=0.9295, textcov=0.9470, stability=0.93"
BRICS_Roundtable_Live__Power_Shift_Or_Political_Posturing__China___India___Russi.mp4,129,1101.067,1112.067,11.0,Anchor Studio,84.0,"Anchor Studio: stable=0.57, symmetry=0.96, centered=True, faces=1, face_area=0.0277"
BRICS_Roundtable_Live__Power_Shift_Or_Political_Posturing__China___India___Russi.mp4,130,1112.133,1113.2,1.067,B-Roll,70.0,"B-Roll: motion=0.0460, edge=0.1533, face_area=0.0000, symmetry=0.97"
BRICS_Roundtable_Live__Power_Shift_Or_Political_Posturing__China___India___Russi.mp4,131,1113.267,1120.067,6.8,Anchor Studio,94.0,"Anchor Studio: stable=0.86, symmetry=0.86, centered=True, faces=2, face_area=0.0661"
BRICS_Roundtable_Live__Power_Shift_Or_Political_Posturing__China___India___Russi.mp4,132,1120.133,1123.4,3.267,Anchor Studio,74.0,"Anchor Studio: stable=0.71, symmetry=0.90, centered=True, faces=1, face_area=0.0035"
BRICS_Roundtable_Live__Power_Shift_Or_Political_Posturing__China___India___Russi.mp4,133,1123.467,1127.667,4.2,Title Card,78.0,"Title Card: headline=0.8637, textcov=0.9093, stability=0.86"
BRICS_Roundtable_Live__Power_Shift_Or_Political_Posturing__China___India___Russi.mp4,134,1127.733,1146.733,19.0,Anchor Studio,94.0,"Anchor Studio: stable=0.86, symmetry=0.89, centered=True, faces=1, face_area=0.0650"
BRICS_Roundtable_Live__Power_Shift_Or_Political_Posturing__China___India___Russi.mp4,135,1146.8,1159.6,12.8,Anchor Studio,94.0,"Anchor Studio: stable=0.87, symmetry=0.95, centered=True, faces=1, face_area=0.0147"
BRICS_Roundtable_Live__Power_Shift_Or_Political_Posturing__China___India___Russi.mp4,136,1159.667,1168.867,9.2,Anchor Studio,84.0,"Anchor Studio: stable=0.79, symmetry=0.92, centered=True, faces=1, face_area=0.0076"
BRICS_Roundtable_Live__Power_Shift_Or_Political_Posturing__China___India___Russi.mp4,137,1168.933,1178.2,9.267,Anchor Studio,84.0,"Anchor Studio: stable=0.80, symmetry=0.95, centered=True, faces=1, face_area=0.0066"
BRICS_Roundtable_Live__Power_Shift_Or_Political_Posturing__China___India___Russi.mp4,138,1178.267,1187.667,9.4,Anchor Studio,94.0,"Anchor Studio: stable=0.85, symmetry=0.94, centered=True, faces=1, face_area=0.0326"
BRICS_Roundtable_Live__Power_Shift_Or_Political_Posturing__China___India___Russi.mp4,139,1187.733,1190.133,2.4,Title Card,78.0,"Title Card: headline=0.1560, textcov=0.4559, stability=0.83"
BRICS_Roundtable_Live__Power_Shift_Or_Political_Posturing__China___India___Russi.mp4,140,1190.2,1194.0,3.8,Title Card,78.0,"Title Card: headline=1.1014, textcov=1.2919, stability=0.92"
BRICS_Roundtable_Live__Power_Shift_Or_Political_Posturing__China___India___Russi.mp4,141,1194.067,1198.2,4.133,Anchor Studio,94.0,"Anchor Studio: stable=0.80, symmetry=0.98, centered=True, faces=1, face_area=0.0131"
BRICS_Roundtable_Live__Power_Shift_Or_Political_Posturing__China___India___Russi.mp4,142,1198.267,1209.0,10.733,Anchor Studio,94.0,"Anchor Studio: stable=0.87, symmetry=0.93, centered=True, faces=1, face_area=0.0316"
BRICS_Roundtable_Live__Power_Shift_Or_Political_Posturing__China___India___Russi.mp4,143,1209.067,1212.133,3.066,B-Roll,70.0,"B-Roll: motion=0.0255, edge=0.1505, face_area=0.0000, symmetry=0.96"
BRICS_Roundtable_Live__Power_Shift_Or_Political_Posturing__China___India___Russi.mp4,144,1212.2,1217.467,5.267,Title Card,78.0,"Title Card: headline=0.6496, textcov=0.7188, stability=0.85"
BRICS_Roundtable_Live__Power_Shift_Or_Political_Posturing__China___India___Russi.mp4,145,1217.533,1235.933,18.4,Anchor Studio,94.0,"Anchor Studio: stable=0.82, symmetry=0.91, centered=True, faces=1, face_area=0.0302"
BRICS_Roundtable_Live__Power_Shift_Or_Political_Posturing__China___India___Russi.mp4,146,1236.0,1241.533,5.533,Title Card,78.0,"Title Card: headline=0.6536, textcov=0.8215, stability=0.90"
BRICS_Roundtable_Live__Power_Shift_Or_Political_Posturing__China___India___Russi.mp4,147,1241.6,1247.4,5.8,Anchor Studio,94.0,"Anchor Studio: stable=0.83, symmetry=0.87, centered=True, faces=1, face_area=0.0142"
BRICS_Roundtable_Live__Power_Shift_Or_Political_Posturing__China___India___Russi.mp4,148,1247.467,1249.733,2.266,B-Roll,70.0,"B-Roll: motion=0.0309, edge=0.1364, face_area=0.0000, symmetry=0.93"
BRICS_Roundtable_Live__Power_Shift_Or_Political_Posturing__China___India___Russi.mp4,149,1249.8,1257.867,8.067,Title Card,78.0,"Title Card: headline=0.8875, textcov=0.9165, stability=0.88"
BRICS_Roundtable_Live__Power_Shift_Or_Political_Posturing__China___India___Russi.mp4,150,1257.933,1259.267,1.334,Title Card,78.0,"Title Card: headline=0.0913, textcov=0.4492, stability=0.81"
BRICS_Roundtable_Live__Power_Shift_Or_Political_Posturing__China___India___Russi.mp4,151,1259.333,1276.8,17.467,Title Card,78.0,"Title Card: headline=0.7633, textcov=0.8221, stability=0.90"
BRICS_Roundtable_Live__Power_Shift_Or_Political_Posturing__China___India___Russi.mp4,152,1276.867,1284.933,8.066,Anchor Studio,82.0,"Anchor Studio: stable=0.88, symmetry=0.74, centered=True, faces=3, face_area=0.0786"
BRICS_Roundtable_Live__Power_Shift_Or_Political_Posturing__China___India___Russi.mp4,153,1285.0,1286.2,1.2,B-Roll,70.0,"B-Roll: motion=0.0369, edge=0.0778, face_area=0.0047, symmetry=0.94"
BRICS_Roundtable_Live__Power_Shift_Or_Political_Posturing__China___India___Russi.mp4,154,1286.267,1289.867,3.6,Title Card,78.0,"Title Card: headline=0.6483, textcov=0.8138, stability=0.88"
BRICS_Roundtable_Live__Power_Shift_Or_Political_Posturing__China___India___Russi.mp4,155,1289.933,1305.333,15.4,Anchor Studio,84.0,"Anchor Studio: stable=0.74, symmetry=0.88, centered=True, faces=2, face_area=0.0132"
BRICS_Roundtable_Live__Power_Shift_Or_Political_Posturing__China___India___Russi.mp4,156,1305.4,1310.533,5.133,Anchor Studio,82.0,"Anchor Studio: stable=0.89, symmetry=0.75, centered=True, faces=2, face_area=0.1184"
BRICS_Roundtable_Live__Power_Shift_Or_Political_Posturing__China___India___Russi.mp4,157,1310.6,1313.733,3.133,Title Card,78.0,"Title Card: headline=0.8828, textcov=0.9395, stability=0.91"
BRICS_Roundtable_Live__Power_Shift_Or_Political_Posturing__China___India___Russi.mp4,158,1313.8,1330.133,16.333,Anchor Studio,82.0,"Anchor Studio: stable=0.86, symmetry=0.74, centered=True, faces=2, face_area=0.1056"
BRICS_Roundtable_Live__Power_Shift_Or_Political_Posturing__China___India___Russi.mp4,159,1330.2,1332.733,2.533,Title Card,78.0,"Title Card: headline=0.9058, textcov=0.9517, stability=0.92"
BRICS_Roundtable_Live__Power_Shift_Or_Political_Posturing__China___India___Russi.mp4,160,1332.8,1336.2,3.4,Anchor Studio,94.0,"Anchor Studio: stable=0.78, symmetry=0.85, centered=True, faces=1, face_area=0.0117"
BRICS_Roundtable_Live__Power_Shift_Or_Political_Posturing__China___India___Russi.mp4,161,1336.267,1355.933,19.666,Anchor Studio,84.0,"Anchor Studio: stable=0.86, symmetry=0.93, centered=True, faces=1, face_area=0.0039"
BRICS_Roundtable_Live__Power_Shift_Or_Political_Posturing__China___India___Russi.mp4,162,1356.0,1359.133,3.133,Anchor Studio,84.0,"Anchor Studio: stable=0.62, symmetry=0.96, centered=True, faces=1, face_area=0.0254"
BRICS_Roundtable_Live__Power_Shift_Or_Political_Posturing__China___India___Russi.mp4,163,1359.2,1361.267,2.067,Anchor Studio,94.0,"Anchor Studio: stable=0.89, symmetry=0.81, centered=True, faces=1, face_area=0.0274"
BRICS_Roundtable_Live__Power_Shift_Or_Political_Posturing__China___India___Russi.mp4,164,1361.333,1363.533,2.2,Anchor Studio,82.0,"Anchor Studio: stable=0.80, symmetry=0.76, centered=True, faces=1, face_area=0.0300"
BRICS_Roundtable_Live__Power_Shift_Or_Political_Posturing__China___India___Russi.mp4,165,1363.6,1365.067,1.467,Anchor Studio,82.0,"Anchor Studio: stable=0.77, symmetry=0.74, centered=True, faces=1, face_area=0.0436"
BRICS_Roundtable_Live__Power_Shift_Or_Political_Posturing__China___India___Russi.mp4,166,1365.133,1366.267,1.134,B-Roll,70.0,"B-Roll: motion=0.0287, edge=0.1405, face_area=0.0000, symmetry=0.98"
BRICS_Roundtable_Live__Power_Shift_Or_Political_Posturing__China___India___Russi.mp4,167,1366.333,1368.933,2.6,Title Card,78.0,"Title Card: headline=0.7527, textcov=0.8693, stability=0.94"
BRICS_Roundtable_Live__Power_Shift_Or_Political_Posturing__China___India___Russi.mp4,168,1369.0,1370.333,1.333,Title Card,64.0,"Title Card: headline=0.4847, textcov=0.7069, stability=0.73"
BRICS_Roundtable_Live__Power_Shift_Or_Political_Posturing__China___India___Russi.mp4,169,1370.4,1381.467,11.067,Anchor Studio,82.0,"Anchor Studio: stable=0.89, symmetry=0.77, centered=True, faces=1, face_area=0.0249"
BRICS_Roundtable_Live__Power_Shift_Or_Political_Posturing__China___India___Russi.mp4,170,1381.533,1384.267,2.734,Anchor Studio,72.0,"Anchor Studio: stable=0.78, symmetry=0.96, centered=False, faces=1, face_area=0.0026"
BRICS_Roundtable_Live__Power_Shift_Or_Political_Posturing__China___India___Russi.mp4,171,1384.333,1388.067,3.734,Title Card,78.0,"Title Card: headline=1.1607, textcov=1.2316, stability=0.91"
BRICS_Roundtable_Live__Power_Shift_Or_Political_Posturing__China___India___Russi.mp4,172,1388.133,1389.733,1.6,Title Card,78.0,"Title Card: headline=1.1315, textcov=1.1725, stability=0.92"
BRICS_Roundtable_Live__Power_Shift_Or_Political_Posturing__China___India___Russi.mp4,173,1389.8,1393.933,4.133,Title Card,74.0,"Title Card: headline=0.9989, textcov=1.1933, stability=0.82"
BRICS_Roundtable_Live__Power_Shift_Or_Political_Posturing__China___India___Russi.mp4,174,1394.0,1395.0,1.0,Anchor Studio,84.0,"Anchor Studio: stable=0.66, symmetry=0.88, centered=True, faces=1, face_area=0.0238"
BRICS_Roundtable_Live__Power_Shift_Or_Political_Posturing__China___India___Russi.mp4,175,1395.067,1397.333,2.266,B-Roll,70.0,"B-Roll: motion=0.0269, edge=0.1183, face_area=0.0000, symmetry=0.98"
BRICS_Roundtable_Live__Power_Shift_Or_Political_Posturing__China___India___Russi.mp4,176,1397.4,1400.133,2.733,Anchor Studio,84.0,"Anchor Studio: stable=0.84, symmetry=0.97, centered=True, faces=1, face_area=0.0039"
BRICS_Roundtable_Live__Power_Shift_Or_Political_Posturing__China___India___Russi.mp4,177,1400.2,1408.067,7.867,Anchor Studio,94.0,"Anchor Studio: stable=0.76, symmetry=0.95, centered=True, faces=1, face_area=0.0118"
BRICS_Roundtable_Live__Power_Shift_Or_Political_Posturing__China___India___Russi.mp4,178,1408.133,1409.133,1.0,Anchor Studio,84.0,"Anchor Studio: stable=0.74, symmetry=0.97, centered=True, faces=1, face_area=0.0282"
BRICS_Roundtable_Live__Power_Shift_Or_Political_Posturing__China___India___Russi.mp4,179,1409.2,1418.667,9.467,Title Card,78.0,"Title Card: headline=0.6692, textcov=0.8127, stability=0.81"
BRICS_Roundtable_Live__Power_Shift_Or_Political_Posturing__China___India___Russi.mp4,180,1418.733,1420.667,1.934,Anchor Studio,84.0,"Anchor Studio: stable=0.70, symmetry=0.81, centered=True, faces=1, face_area=0.0258"
BRICS_Roundtable_Live__Power_Shift_Or_Political_Posturing__China___India___Russi.mp4,181,1420.733,1440.933,20.2,Anchor Studio,82.0,"Anchor Studio: stable=0.86, symmetry=0.78, centered=True, faces=1, face_area=0.0201"
BRICS_Roundtable_Live__Power_Shift_Or_Political_Posturing__China___India___Russi.mp4,182,1441.0,1442.867,1.867,Anchor Studio,82.0,"Anchor Studio: stable=0.80, symmetry=0.74, centered=True, faces=1, face_area=0.0266"
BRICS_Roundtable_Live__Power_Shift_Or_Political_Posturing__China___India___Russi.mp4,183,1442.933,1456.6,13.667,Anchor Studio,84.0,"Anchor Studio: stable=0.82, symmetry=0.93, centered=True, faces=1, face_area=0.0008"
BRICS_Roundtable_Live__Power_Shift_Or_Political_Posturing__China___India___Russi.mp4,184,1456.667,1466.4,9.733,Anchor Studio,84.0,"Anchor Studio: stable=0.69, symmetry=0.95, centered=True, faces=1, face_area=0.0127"
BRICS_Roundtable_Live__Power_Shift_Or_Political_Posturing__China___India___Russi.mp4,185,1466.467,1468.0,1.533,Anchor Studio,94.0,"Anchor Studio: stable=0.78, symmetry=0.93, centered=True, faces=1, face_area=0.0198"
BRICS_Roundtable_Live__Power_Shift_Or_Political_Posturing__China___India___Russi.mp4,186,1468.067,1471.4,3.333,Title Card,78.0,"Title Card: headline=0.7430, textcov=0.8528, stability=0.87"
BRICS_Roundtable_Live__Power_Shift_Or_Political_Posturing__China___India___Russi.mp4,187,1471.467,1472.133,0.666,B-Roll,70.0,"B-Roll: motion=0.0365, edge=0.1129, face_area=0.0000, symmetry=0.79"
BRICS_Roundtable_Live__Power_Shift_Or_Political_Posturing__China___India___Russi.mp4,188,1472.2,1479.8,7.6,Anchor Studio,82.0,"Anchor Studio: stable=0.87, symmetry=0.79, centered=True, faces=1, face_area=0.0133"
BRICS_Roundtable_Live__Power_Shift_Or_Political_Posturing__China___India___Russi.mp4,189,1479.867,1481.533,1.666,Title Card,78.0,"Title Card: headline=0.2640, textcov=0.4927, stability=0.86"
BRICS_Roundtable_Live__Power_Shift_Or_Political_Posturing__China___India___Russi.mp4,190,1481.6,1483.2,1.6,Title Card,78.0,"Title Card: headline=1.0953, textcov=1.1510, stability=0.85"
BRICS_Roundtable_Live__Power_Shift_Or_Political_Posturing__China___India___Russi.mp4,191,1483.267,1484.0,0.733,Title Card,78.0,"Title Card: headline=0.7264, textcov=0.8477, stability=0.85"
BRICS_Roundtable_Live__Power_Shift_Or_Political_Posturing__China___India___Russi.mp4,192,1484.067,1486.267,2.2,Title Card,78.0,"Title Card: headline=1.1652, textcov=1.2028, stability=0.94"
BRICS_Roundtable_Live__Power_Shift_Or_Political_Posturing__China___India___Russi.mp4,193,1486.333,1487.933,1.6,Title Card,78.0,"Title Card: headline=1.1504, textcov=1.3372, stability=0.84"
BRICS_Roundtable_Live__Power_Shift_Or_Political_Posturing__China___India___Russi.mp4,194,1488.0,1503.933,15.933,Anchor Studio,84.0,"Anchor Studio: stable=0.79, symmetry=0.92, centered=True, faces=1, face_area=0.0047"
BRICS_Roundtable_Live__Power_Shift_Or_Political_Posturing__China___India___Russi.mp4,195,1504.0,1506.0,2.0,Anchor Studio,94.0,"Anchor Studio: stable=0.82, symmetry=0.92, centered=True, faces=1, face_area=0.0227"
BRICS_Roundtable_Live__Power_Shift_Or_Political_Posturing__China___India___Russi.mp4,196,1506.067,1506.933,0.866,B-Roll,70.0,"B-Roll: motion=0.0378, edge=0.1385, face_area=0.0000, symmetry=0.96"
BRICS_Roundtable_Live__Power_Shift_Or_Political_Posturing__China___India___Russi.mp4,197,1507.0,1511.267,4.267,Title Card,78.0,"Title Card: headline=0.4693, textcov=0.6895, stability=0.81"
BRICS_Roundtable_Live__Power_Shift_Or_Political_Posturing__China___India___Russi.mp4,198,1511.333,1523.067,11.734,Anchor Studio,84.0,"Anchor Studio: stable=0.75, symmetry=0.96, centered=True, faces=1, face_area=0.0086"
BRICS_Roundtable_Live__Power_Shift_Or_Political_Posturing__China___India___Russi.mp4,199,1523.133,1527.933,4.8,Title Card,78.0,"Title Card: headline=0.7361, textcov=0.8229, stability=0.88"
BRICS_Roundtable_Live__Power_Shift_Or_Political_Posturing__China___India___Russi.mp4,200,1528.0,1536.933,8.933,Anchor Studio,82.0,"Anchor Studio: stable=0.86, symmetry=0.76, centered=True, faces=1, face_area=0.0246"
BRICS_Roundtable_Live__Power_Shift_Or_Political_Posturing__China___India___Russi.mp4,201,1537.0,1554.933,17.933,Anchor Studio,82.0,"Anchor Studio: stable=0.83, symmetry=0.77, centered=True, faces=1, face_area=0.0243"
BRICS_Roundtable_Live__Power_Shift_Or_Political_Posturing__China___India___Russi.mp4,202,1555.0,1557.2,2.2,Anchor Studio,82.0,"Anchor Studio: stable=0.76, symmetry=0.75, centered=True, faces=1, face_area=0.0388"
BRICS_Roundtable_Live__Power_Shift_Or_Political_Posturing__China___India___Russi.mp4,203,1557.267,1562.133,4.866,Anchor Studio,94.0,"Anchor Studio: stable=0.83, symmetry=0.90, centered=True, faces=1, face_area=0.0307"
BRICS_Roundtable_Live__Power_Shift_Or_Political_Posturing__China___India___Russi.mp4,204,1562.2,1571.4,9.2,Title Card,78.0,"Title Card: headline=0.6065, textcov=0.8822, stability=0.89"
BRICS_Roundtable_Live__Power_Shift_Or_Political_Posturing__China___India___Russi.mp4,205,1571.467,1632.0,60.533,Anchor Studio,94.0,"Anchor Studio: stable=0.86, symmetry=0.94, centered=True, faces=2, face_area=0.0546"
BRICS_Roundtable_Live__Power_Shift_Or_Political_Posturing__China___India___Russi.mp4,206,1632.067,1634.533,2.466,B-Roll,70.0,"B-Roll: motion=0.0315, edge=0.1282, face_area=0.0000, symmetry=0.91"
BRICS_Roundtable_Live__Power_Shift_Or_Political_Posturing__China___India___Russi.mp4,207,1634.6,1645.133,10.533,Title Card,78.0,"Title Card: headline=0.8634, textcov=0.8797, stability=0.91"
BRICS_Roundtable_Live__Power_Shift_Or_Political_Posturing__China___India___Russi.mp4,208,1645.2,1668.8,23.6,Anchor Studio,94.0,"Anchor Studio: stable=0.84, symmetry=0.92, centered=True, faces=2, face_area=0.0507"
BRICS_Roundtable_Live__Power_Shift_Or_Political_Posturing__China___India___Russi.mp4,209,1668.867,1674.533,5.666,Title Card,78.0,"Title Card: headline=0.8044, textcov=0.9470, stability=0.84"
BRICS_Roundtable_Live__Power_Shift_Or_Political_Posturing__China___India___Russi.mp4,210,1674.6,1699.333,24.733,Anchor Studio,94.0,"Anchor Studio: stable=0.85, symmetry=0.91, centered=True, faces=1, face_area=0.0502"
BRICS_Roundtable_Live__Power_Shift_Or_Political_Posturing__China___India___Russi.mp4,211,1699.4,1703.667,4.267,Title Card,78.0,"Title Card: headline=0.8646, textcov=0.8913, stability=0.81"
BRICS_Roundtable_Live__Power_Shift_Or_Political_Posturing__China___India___Russi.mp4,212,1703.733,1718.333,14.6,Anchor Studio,94.0,"Anchor Studio: stable=0.80, symmetry=0.95, centered=True, faces=1, face_area=0.0115"
BRICS_Roundtable_Live__Power_Shift_Or_Political_Posturing__China___India___Russi.mp4,213,1718.4,1744.333,25.933,Anchor Studio,94.0,"Anchor Studio: stable=0.78, symmetry=0.95, centered=True, faces=2, face_area=0.0166"
BRICS_Roundtable_Live__Power_Shift_Or_Political_Posturing__China___India___Russi.mp4,214,1744.4,1753.133,8.733,Anchor Studio,94.0,"Anchor Studio: stable=0.88, symmetry=0.94, centered=True, faces=1, face_area=0.0314"
BRICS_Roundtable_Live__Power_Shift_Or_Political_Posturing__China___India___Russi.mp4,215,1753.2,1759.533,6.333,Title Card,78.0,"Title Card: headline=0.9593, textcov=0.9881, stability=0.87"
BRICS_Roundtable_Live__Power_Shift_Or_Political_Posturing__China___India___Russi.mp4,216,1759.6,1761.0,1.4,Title Card,78.0,"Title Card: headline=0.4175, textcov=0.6811, stability=0.84"
BRICS_Roundtable_Live__Power_Shift_Or_Political_Posturing__China___India___Russi.mp4,217,1761.067,1762.533,1.466,Title Card,68.0,"Title Card: headline=0.4798, textcov=0.6926, stability=0.78"
BRICS_Roundtable_Live__Power_Shift_Or_Political_Posturing__China___India___Russi.mp4,218,1762.6,1777.333,14.733,Anchor Studio,84.0,"Anchor Studio: stable=0.86, symmetry=0.95, centered=True, faces=1, face_area=0.0075"
BRICS_Roundtable_Live__Power_Shift_Or_Political_Posturing__China___India___Russi.mp4,219,1777.4,1781.2,3.8,Anchor Studio,84.0,"Anchor Studio: stable=0.69, symmetry=0.94, centered=True, faces=1, face_area=0.0201"
BRICS_Roundtable_Live__Power_Shift_Or_Political_Posturing__China___India___Russi.mp4,220,1781.267,1797.467,16.2,Anchor Studio,84.0,"Anchor Studio: stable=0.74, symmetry=0.96, centered=True, faces=1, face_area=0.0113"
BRICS_Roundtable_Live__Power_Shift_Or_Political_Posturing__China___India___Russi.mp4,221,1797.533,1812.867,15.334,Anchor Studio,84.0,"Anchor Studio: stable=0.83, symmetry=0.96, centered=True, faces=1, face_area=0.0027"
BRICS_Roundtable_Live__Power_Shift_Or_Political_Posturing__China___India___Russi.mp4,222,1812.933,1813.933,1.0,B-Roll,70.0,"B-Roll: motion=0.0472, edge=0.1198, face_area=0.0000, symmetry=0.92"
BRICS_Roundtable_Live__Power_Shift_Or_Political_Posturing__China___India___Russi.mp4,223,1814.0,1815.8,1.8,Anchor Studio,84.0,"Anchor Studio: stable=0.79, symmetry=0.97, centered=True, faces=1, face_area=0.0023"
BRICS_Roundtable_Live__Power_Shift_Or_Political_Posturing__China___India___Russi.mp4,224,1815.867,1823.533,7.666,Title Card,78.0,"Title Card: headline=0.6896, textcov=0.8552, stability=0.85"
BRICS_Roundtable_Live__Power_Shift_Or_Political_Posturing__China___India___Russi.mp4,225,1823.6,1832.2,8.6,Title Card,78.0,"Title Card: headline=1.0858, textcov=1.1083, stability=0.91"
BRICS_Roundtable_Live__Power_Shift_Or_Political_Posturing__China___India___Russi.mp4,226,1832.267,1837.933,5.666,Anchor Studio,74.0,"Anchor Studio: stable=0.62, symmetry=0.94, centered=True, faces=1, face_area=0.0017"
BRICS_Roundtable_Live__Power_Shift_Or_Political_Posturing__China___India___Russi.mp4,227,1838.0,1842.133,4.133,Title Card,78.0,"Title Card: headline=1.0087, textcov=1.1176, stability=0.88"
BRICS_Roundtable_Live__Power_Shift_Or_Political_Posturing__China___India___Russi.mp4,228,1842.2,1864.733,22.533,Anchor Studio,94.0,"Anchor Studio: stable=0.81, symmetry=0.86, centered=True, faces=2, face_area=0.0253"
BRICS_Roundtable_Live__Power_Shift_Or_Political_Posturing__China___India___Russi.mp4,229,1864.8,1877.733,12.933,Anchor Studio,94.0,"Anchor Studio: stable=0.86, symmetry=0.95, centered=True, faces=1, face_area=0.0154"
BRICS_Roundtable_Live__Power_Shift_Or_Political_Posturing__China___India___Russi.mp4,230,1877.8,1879.6,1.8,Anchor Studio,94.0,"Anchor Studio: stable=0.78, symmetry=0.95, centered=True, faces=1, face_area=0.0368"
BRICS_Roundtable_Live__Power_Shift_Or_Political_Posturing__China___India___Russi.mp4,231,1879.667,1894.467,14.8,Anchor Studio,94.0,"Anchor Studio: stable=0.85, symmetry=0.95, centered=True, faces=1, face_area=0.0131"
BRICS_Roundtable_Live__Power_Shift_Or_Political_Posturing__China___India___Russi.mp4,232,1894.533,1904.0,9.467,Anchor Studio,94.0,"Anchor Studio: stable=0.77, symmetry=0.95, centered=True, faces=2, face_area=0.0356"
BRICS_Roundtable_Live__Power_Shift_Or_Political_Posturing__China___India___Russi.mp4,233,1904.067,1907.733,3.666,Anchor Studio,84.0,"Anchor Studio: stable=0.85, symmetry=0.88, centered=True, faces=1, face_area=0.0015"
BRICS_Roundtable_Live__Power_Shift_Or_Political_Posturing__China___India___Russi.mp4,234,1907.8,1920.667,12.867,Anchor Studio,84.0,"Anchor Studio: stable=0.84, symmetry=0.95, centered=True, faces=2, face_area=0.0090"
BRICS_Roundtable_Live__Power_Shift_Or_Political_Posturing__China___India___Russi.mp4,235,1920.733,1940.2,19.467,Anchor Studio,94.0,"Anchor Studio: stable=0.83, symmetry=0.92, centered=True, faces=1, face_area=0.0140"
BRICS_Roundtable_Live__Power_Shift_Or_Political_Posturing__China___India___Russi.mp4,236,1940.267,1974.2,33.933,Anchor Studio,94.0,"Anchor Studio: stable=0.80, symmetry=0.92, centered=True, faces=2, face_area=0.0166"
BRICS_Roundtable_Live__Power_Shift_Or_Political_Posturing__China___India___Russi.mp4,237,1974.267,1987.133,12.866,Anchor Studio,94.0,"Anchor Studio: stable=0.85, symmetry=0.93, centered=True, faces=2, face_area=0.0245"
BRICS_Roundtable_Live__Power_Shift_Or_Political_Posturing__China___India___Russi.mp4,238,1987.2,1991.6,4.4,Anchor Studio,94.0,"Anchor Studio: stable=0.81, symmetry=0.87, centered=True, faces=1, face_area=0.0319"
BRICS_Roundtable_Live__Power_Shift_Or_Political_Posturing__China___India___Russi.mp4,239,1991.667,2004.8,13.133,Title Card,78.0,"Title Card: headline=0.9597, textcov=1.0381, stability=0.87"
BRICS_Roundtable_Live__Power_Shift_Or_Political_Posturing__China___India___Russi.mp4,240,2004.867,2018.0,13.133,Anchor Studio,94.0,"Anchor Studio: stable=0.78, symmetry=0.93, centered=True, faces=2, face_area=0.0275"
BRICS_Roundtable_Live__Power_Shift_Or_Political_Posturing__China___India___Russi.mp4,241,2018.067,2019.933,1.866,Title Card,68.0,"Title Card: headline=1.0362, textcov=1.1016, stability=0.76"
BRICS_Roundtable_Live__Power_Shift_Or_Political_Posturing__China___India___Russi.mp4,242,2020.0,2023.733,3.733,Title Card,78.0,"Title Card: headline=1.0059, textcov=1.0350, stability=0.90"
BRICS_Roundtable_Live__Power_Shift_Or_Political_Posturing__China___India___Russi.mp4,243,2023.8,2032.0,8.2,Anchor Studio,94.0,"Anchor Studio: stable=0.77, symmetry=0.88, centered=True, faces=1, face_area=0.0263"
BRICS_Roundtable_Live__Power_Shift_Or_Political_Posturing__China___India___Russi.mp4,244,2032.067,2036.667,4.6,Title Card,78.0,"Title Card: headline=0.9437, textcov=0.9703, stability=0.89"
BRICS_Roundtable_Live__Power_Shift_Or_Political_Posturing__China___India___Russi.mp4,245,2036.733,2055.733,19.0,Anchor Studio,94.0,"Anchor Studio: stable=0.78, symmetry=0.94, centered=True, faces=1, face_area=0.0118"
BRICS_Roundtable_Live__Power_Shift_Or_Political_Posturing__China___India___Russi.mp4,246,2055.8,2067.6,11.8,Anchor Studio,84.0,"Anchor Studio: stable=0.80, symmetry=0.94, centered=True, faces=1, face_area=0.0027"
BRICS_Roundtable_Live__Power_Shift_Or_Political_Posturing__China___India___Russi.mp4,247,2067.667,2074.933,7.266,Anchor Studio,84.0,"Anchor Studio: stable=0.75, symmetry=0.92, centered=True, faces=1, face_area=0.0059"
BRICS_Roundtable_Live__Power_Shift_Or_Political_Posturing__China___India___Russi.mp4,248,2075.0,2076.067,1.067,Title Card,78.0,"Title Card: headline=1.1517, textcov=1.1953, stability=0.90"
BRICS_Roundtable_Live__Power_Shift_Or_Political_Posturing__China___India___Russi.mp4,249,2076.133,2084.0,7.867,Anchor Studio,82.0,"Anchor Studio: stable=0.80, symmetry=0.78, centered=True, faces=2, face_area=0.0445"
BRICS_Roundtable_Live__Power_Shift_Or_Political_Posturing__China___India___Russi.mp4,250,2084.067,2098.867,14.8,Anchor Studio,94.0,"Anchor Studio: stable=0.85, symmetry=0.91, centered=True, faces=2, face_area=0.0121"
BRICS_Roundtable_Live__Power_Shift_Or_Political_Posturing__China___India___Russi.mp4,251,2098.933,2105.533,6.6,Title Card,78.0,"Title Card: headline=0.9209, textcov=0.9451, stability=0.84"
BRICS_Roundtable_Live__Power_Shift_Or_Political_Posturing__China___India___Russi.mp4,252,2105.6,2109.933,4.333,Anchor Studio,82.0,"Anchor Studio: stable=0.87, symmetry=0.78, centered=True, faces=2, face_area=0.0934"
BRICS_Roundtable_Live__Power_Shift_Or_Political_Posturing__China___India___Russi.mp4,253,2110.0,2111.667,1.667,Anchor Studio,74.0,"Anchor Studio: stable=0.75, symmetry=0.89, centered=True, faces=1, face_area=0.0081"
BRICS_Roundtable_Live__Power_Shift_Or_Political_Posturing__China___India___Russi.mp4,254,2111.733,2115.667,3.934,Title Card,78.0,"Title Card: headline=0.6374, textcov=0.9159, stability=0.84"
BRICS_Roundtable_Live__Power_Shift_Or_Political_Posturing__China___India___Russi.mp4,255,2115.733,2121.0,5.267,Anchor Studio,74.0,"Anchor Studio: stable=0.70, symmetry=0.90, centered=True, faces=1, face_area=0.0009"
BRICS_Roundtable_Live__Power_Shift_Or_Political_Posturing__China___India___Russi.mp4,256,2121.067,2129.933,8.866,Title Card,78.0,"Title Card: headline=0.7134, textcov=0.9119, stability=0.86"
BRICS_Roundtable_Live__Power_Shift_Or_Political_Posturing__China___India___Russi.mp4,257,2130.0,2146.667,16.667,Title Card,78.0,"Title Card: headline=1.0170, textcov=1.0458, stability=0.90"
BRICS_Roundtable_Live__Power_Shift_Or_Political_Posturing__China___India___Russi.mp4,258,2146.733,2149.933,3.2,Anchor Studio,84.0,"Anchor Studio: stable=0.87, symmetry=0.98, centered=True, faces=1, face_area=0.0018"
BRICS_Roundtable_Live__Power_Shift_Or_Political_Posturing__China___India___Russi.mp4,259,2150.0,2164.867,14.867,Anchor Studio,84.0,"Anchor Studio: stable=0.85, symmetry=0.92, centered=True, faces=1, face_area=0.0084"
BRICS_Roundtable_Live__Power_Shift_Or_Political_Posturing__China___India___Russi.mp4,260,2164.933,2173.867,8.934,Anchor Studio,84.0,"Anchor Studio: stable=0.81, symmetry=0.94, centered=True, faces=1, face_area=0.0002"
BRICS_Roundtable_Live__Power_Shift_Or_Political_Posturing__China___India___Russi.mp4,261,2173.933,2184.933,11.0,Anchor Studio,84.0,"Anchor Studio: stable=0.75, symmetry=0.95, centered=True, faces=1, face_area=0.0189"
BRICS_Roundtable_Live__Power_Shift_Or_Political_Posturing__China___India___Russi.mp4,262,2185.0,2194.0,9.0,Title Card,78.0,"Title Card: headline=0.9956, textcov=1.0260, stability=0.88"
BRICS_Roundtable_Live__Power_Shift_Or_Political_Posturing__China___India___Russi.mp4,263,2194.067,2207.2,13.133,Anchor Studio,82.0,"Anchor Studio: stable=0.85, symmetry=0.76, centered=True, faces=1, face_area=0.0200"
BRICS_Roundtable_Live__Power_Shift_Or_Political_Posturing__China___India___Russi.mp4,264,2207.267,2218.933,11.666,Anchor Studio,82.0,"Anchor Studio: stable=0.84, symmetry=0.77, centered=True, faces=1, face_area=0.0148"
BRICS_Roundtable_Live__Power_Shift_Or_Political_Posturing__China___India___Russi.mp4,265,2219.0,2228.6,9.6,Title Card,78.0,"Title Card: headline=0.5899, textcov=0.8141, stability=0.84"
BRICS_Roundtable_Live__Power_Shift_Or_Political_Posturing__China___India___Russi.mp4,266,2228.667,2236.6,7.933,Anchor Studio,84.0,"Anchor Studio: stable=0.69, symmetry=0.96, centered=True, faces=1, face_area=0.0174"
BRICS_Roundtable_Live__Power_Shift_Or_Political_Posturing__China___India___Russi.mp4,267,2236.667,2239.733,3.066,Anchor Studio,84.0,"Anchor Studio: stable=0.85, symmetry=0.91, centered=True, faces=1, face_area=0.0036"
BRICS_Roundtable_Live__Power_Shift_Or_Political_Posturing__China___India___Russi.mp4,268,2239.8,2241.933,2.133,B-Roll,70.0,"B-Roll: motion=0.0259, edge=0.1375, face_area=0.0020, symmetry=0.87"
BRICS_Roundtable_Live__Power_Shift_Or_Political_Posturing__China___India___Russi.mp4,269,2242.0,2257.0,15.0,Anchor Studio,82.0,"Anchor Studio: stable=0.84, symmetry=0.78, centered=True, faces=1, face_area=0.0323"
BRICS_Roundtable_Live__Power_Shift_Or_Political_Posturing__China___India___Russi.mp4,270,2257.067,2261.333,4.266,Title Card,78.0,"Title Card: headline=0.8854, textcov=1.0202, stability=0.86"
BRICS_Roundtable_Live__Power_Shift_Or_Political_Posturing__China___India___Russi.mp4,271,2261.4,2264.133,2.733,Title Card,78.0,"Title Card: headline=0.8010, textcov=0.9267, stability=0.83"
BRICS_Roundtable_Live__Power_Shift_Or_Political_Posturing__China___India___Russi.mp4,272,2264.2,2274.133,9.933,Anchor Studio,82.0,"Anchor Studio: stable=0.85, symmetry=0.77, centered=True, faces=1, face_area=0.0302"
BRICS_Roundtable_Live__Power_Shift_Or_Political_Posturing__China___India___Russi.mp4,273,2274.2,2277.0,2.8,Title Card,78.0,"Title Card: headline=0.9869, textcov=1.0464, stability=0.83"
BRICS_Roundtable_Live__Power_Shift_Or_Political_Posturing__China___India___Russi.mp4,274,2277.067,2280.0,2.933,B-Roll,70.0,"B-Roll: motion=0.0263, edge=0.1548, face_area=0.0017, symmetry=0.96"
BRICS_Roundtable_Live__Power_Shift_Or_Political_Posturing__China___India___Russi.mp4,275,2280.067,2290.933,10.866,Anchor Studio,84.0,"Anchor Studio: stable=0.82, symmetry=0.96, centered=True, faces=1, face_area=0.0060"
BRICS_Roundtable_Live__Power_Shift_Or_Political_Posturing__China___India___Russi.mp4,276,2291.0,2294.8,3.8,Anchor Studio,84.0,"Anchor Studio: stable=0.83, symmetry=0.91, centered=True, faces=1, face_area=0.0029"
BRICS_Roundtable_Live__Power_Shift_Or_Political_Posturing__China___India___Russi.mp4,277,2294.867,2300.8,5.933,Title Card,78.0,"Title Card: headline=0.9746, textcov=1.0093, stability=0.84"
BRICS_Roundtable_Live__Power_Shift_Or_Political_Posturing__China___India___Russi.mp4,278,2300.867,2324.733,23.866,Anchor Studio,94.0,"Anchor Studio: stable=0.85, symmetry=0.96, centered=True, faces=2, face_area=0.0455"
BRICS_Roundtable_Live__Power_Shift_Or_Political_Posturing__China___India___Russi.mp4,279,2324.8,2329.733,4.933,Anchor Studio,94.0,"Anchor Studio: stable=0.85, symmetry=0.94, centered=True, faces=1, face_area=0.0611"
BRICS_Roundtable_Live__Power_Shift_Or_Political_Posturing__China___India___Russi.mp4,280,2329.8,2331.933,2.133,B-Roll,70.0,"B-Roll: motion=0.0270, edge=0.1316, face_area=0.0000, symmetry=0.90"
BRICS_Roundtable_Live__Power_Shift_Or_Political_Posturing__China___India___Russi.mp4,281,2332.0,2336.667,4.667,Title Card,78.0,"Title Card: headline=0.6438, textcov=0.9237, stability=0.82"
BRICS_Roundtable_Live__Power_Shift_Or_Political_Posturing__China___India___Russi.mp4,282,2336.733,2345.133,8.4,Anchor Studio,94.0,"Anchor Studio: stable=0.83, symmetry=0.95, centered=True, faces=1, face_area=0.0426"
BRICS_Roundtable_Live__Power_Shift_Or_Political_Posturing__China___India___Russi.mp4,283,2345.2,2360.133,14.933,Anchor Studio,94.0,"Anchor Studio: stable=0.87, symmetry=0.96, centered=True, faces=2, face_area=0.0331"
BRICS_Roundtable_Live__Power_Shift_Or_Political_Posturing__China___India___Russi.mp4,284,2360.2,2374.533,14.333,Anchor Studio,94.0,"Anchor Studio: stable=0.83, symmetry=0.95, centered=True, faces=1, face_area=0.0616"
BRICS_Roundtable_Live__Power_Shift_Or_Political_Posturing__China___India___Russi.mp4,285,2374.6,2382.333,7.733,Title Card,78.0,"Title Card: headline=0.9050, textcov=0.9267, stability=0.93"
BRICS_Roundtable_Live__Power_Shift_Or_Political_Posturing__China___India___Russi.mp4,286,2382.4,2393.333,10.933,Anchor Studio,84.0,"Anchor Studio: stable=0.58, symmetry=0.96, centered=True, faces=1, face_area=0.0276"
BRICS_Roundtable_Live__Power_Shift_Or_Political_Posturing__China___India___Russi.mp4,287,2393.4,2394.533,1.133,B-Roll,70.0,"B-Roll: motion=0.0462, edge=0.1528, face_area=0.0000, symmetry=0.96"
BRICS_Roundtable_Live__Power_Shift_Or_Political_Posturing__China___India___Russi.mp4,288,2394.6,2401.4,6.8,Anchor Studio,94.0,"Anchor Studio: stable=0.86, symmetry=0.86, centered=True, faces=1, face_area=0.0651"
BRICS_Roundtable_Live__Power_Shift_Or_Political_Posturing__China___India___Russi.mp4,289,2401.467,2404.733,3.266,Anchor Studio,74.0,"Anchor Studio: stable=0.71, symmetry=0.89, centered=True, faces=1, face_area=0.0034"
BRICS_Roundtable_Live__Power_Shift_Or_Political_Posturing__China___India___Russi.mp4,290,2404.8,2409.0,4.2,Title Card,78.0,"Title Card: headline=0.8691, textcov=0.9087, stability=0.86"
BRICS_Roundtable_Live__Power_Shift_Or_Political_Posturing__China___India___Russi.mp4,291,2409.067,2428.067,19.0,Anchor Studio,94.0,"Anchor Studio: stable=0.86, symmetry=0.89, centered=True, faces=1, face_area=0.0651"
BRICS_Roundtable_Live__Power_Shift_Or_Political_Posturing__China___India___Russi.mp4,292,2428.133,2440.933,12.8,Anchor Studio,94.0,"Anchor Studio: stable=0.87, symmetry=0.95, centered=True, faces=2, face_area=0.0146"
BRICS_Roundtable_Live__Power_Shift_Or_Political_Posturing__China___India___Russi.mp4,293,2441.0,2450.2,9.2,Anchor Studio,84.0,"Anchor Studio: stable=0.80, symmetry=0.92, centered=True, faces=1, face_area=0.0070"
BRICS_Roundtable_Live__Power_Shift_Or_Political_Posturing__China___India___Russi.mp4,294,2450.267,2459.533,9.266,Anchor Studio,84.0,"Anchor Studio: stable=0.80, symmetry=0.95, centered=True, faces=1, face_area=0.0068"
BRICS_Roundtable_Live__Power_Shift_Or_Political_Posturing__China___India___Russi.mp4,295,2459.6,2462.133,2.533,Anchor Studio,94.0,"Anchor Studio: stable=0.79, symmetry=0.96, centered=True, faces=1, face_area=0.0271"
BRICS_Roundtable_Live__Power_Shift_Or_Political_Posturing__China___India___Russi.mp4,296,2462.2,2465.2,3.0,B-Roll,70.0,"B-Roll: motion=0.0253, edge=0.1501, face_area=0.0000, symmetry=0.96"
BRICS_Roundtable_Live__Power_Shift_Or_Political_Posturing__China___India___Russi.mp4,297,2465.267,2470.533,5.266,Title Card,78.0,"Title Card: headline=0.6468, textcov=0.7200, stability=0.85"
BRICS_Roundtable_Live__Power_Shift_Or_Political_Posturing__China___India___Russi.mp4,298,2470.6,2489.067,18.467,Anchor Studio,94.0,"Anchor Studio: stable=0.82, symmetry=0.91, centered=True, faces=1, face_area=0.0300"
BRICS_Roundtable_Live__Power_Shift_Or_Political_Posturing__China___India___Russi.mp4,299,2489.133,2494.667,5.534,Title Card,78.0,"Title Card: headline=0.5943, textcov=0.8016, stability=0.90"
BRICS_Roundtable_Live__Power_Shift_Or_Political_Posturing__China___India___Russi.mp4,300,2494.733,2500.467,5.734,Anchor Studio,94.0,"Anchor Studio: stable=0.83, symmetry=0.87, centered=True, faces=1, face_area=0.0146"
BRICS_Roundtable_Live__Power_Shift_Or_Political_Posturing__China___India___Russi.mp4,301,2500.533,2502.867,2.334,B-Roll,70.0,"B-Roll: motion=0.0294, edge=0.1364, face_area=0.0000, symmetry=0.93"
BRICS_Roundtable_Live__Power_Shift_Or_Political_Posturing__China___India___Russi.mp4,302,2502.933,2510.933,8.0,Title Card,78.0,"Title Card: headline=0.8692, textcov=0.8985, stability=0.88"
BRICS_Roundtable_Live__Power_Shift_Or_Political_Posturing__China___India___Russi.mp4,303,2511.0,2512.4,1.4,Title Card,78.0,"Title Card: headline=0.1005, textcov=0.4499, stability=0.81"
BRICS_Roundtable_Live__Power_Shift_Or_Political_Posturing__China___India___Russi.mp4,304,2512.467,2529.867,17.4,Title Card,78.0,"Title Card: headline=0.7679, textcov=0.8219, stability=0.90"
BRICS_Roundtable_Live__Power_Shift_Or_Political_Posturing__China___India___Russi.mp4,305,2529.933,2538.067,8.134,Anchor Studio,82.0,"Anchor Studio: stable=0.87, symmetry=0.74, centered=True, faces=2, face_area=0.0722"
BRICS_Roundtable_Live__Power_Shift_Or_Political_Posturing__China___India___Russi.mp4,306,2538.133,2539.267,1.134,Field Report,68.0,"Field Report: motion=0.0356, faces=1, centered=False, symmetry=0.95"
BRICS_Roundtable_Live__Power_Shift_Or_Political_Posturing__China___India___Russi.mp4,307,2539.333,2543.0,3.667,Title Card,78.0,"Title Card: headline=0.6768, textcov=0.8236, stability=0.88"
BRICS_Roundtable_Live__Power_Shift_Or_Political_Posturing__China___India___Russi.mp4,308,2543.067,2558.467,15.4,Anchor Studio,84.0,"Anchor Studio: stable=0.74, symmetry=0.87, centered=True, faces=2, face_area=0.0142"
BRICS_Roundtable_Live__Power_Shift_Or_Political_Posturing__China___India___Russi.mp4,309,2558.533,2563.6,5.067,Anchor Studio,82.0,"Anchor Studio: stable=0.89, symmetry=0.76, centered=True, faces=2, face_area=0.1169"
BRICS_Roundtable_Live__Power_Shift_Or_Political_Posturing__China___India___Russi.mp4,310,2563.667,2566.8,3.133,Title Card,78.0,"Title Card: headline=0.8776, textcov=0.9346, stability=0.91"
BRICS_Roundtable_Live__Power_Shift_Or_Political_Posturing__China___India___Russi.mp4,311,2566.867,2583.267,16.4,Anchor Studio,82.0,"Anchor Studio: stable=0.86, symmetry=0.74, centered=True, faces=2, face_area=0.1064"
BRICS_Roundtable_Live__Power_Shift_Or_Political_Posturing__China___India___Russi.mp4,312,2583.333,2585.867,2.534,Title Card,78.0,"Title Card: headline=0.9328, textcov=0.9791, stability=0.92"
BRICS_Roundtable_Live__Power_Shift_Or_Political_Posturing__China___India___Russi.mp4,313,2585.933,2589.267,3.334,Anchor Studio,84.0,"Anchor Studio: stable=0.78, symmetry=0.85, centered=True, faces=2, face_area=0.0083"
BRICS_Roundtable_Live__Power_Shift_Or_Political_Posturing__China___India___Russi.mp4,314,2589.333,2609.467,20.134,Anchor Studio,84.0,"Anchor Studio: stable=0.85, symmetry=0.93, centered=True, faces=1, face_area=0.0042"
BRICS_Roundtable_Live__Power_Shift_Or_Political_Posturing__China___India___Russi.mp4,315,2609.533,2612.2,2.667,Anchor Studio,84.0,"Anchor Studio: stable=0.67, symmetry=0.96, centered=True, faces=1, face_area=0.0287"
BRICS_Roundtable_Live__Power_Shift_Or_Political_Posturing__China___India___Russi.mp4,316,2612.267,2614.333,2.066,Anchor Studio,94.0,"Anchor Studio: stable=0.88, symmetry=0.81, centered=True, faces=1, face_area=0.0278"
BRICS_Roundtable_Live__Power_Shift_Or_Political_Posturing__China___India___Russi.mp4,317,2614.4,2616.6,2.2,Anchor Studio,82.0,"Anchor Studio: stable=0.81, symmetry=0.76, centered=True, faces=1, face_area=0.0324"
BRICS_Roundtable_Live__Power_Shift_Or_Political_Posturing__China___India___Russi.mp4,318,2616.667,2618.133,1.466,Anchor Studio,82.0,"Anchor Studio: stable=0.76, symmetry=0.74, centered=True, faces=1, face_area=0.0442"
BRICS_Roundtable_Live__Power_Shift_Or_Political_Posturing__China___India___Russi.mp4,319,2618.2,2623.467,5.267,Anchor Studio,84.0,"Anchor Studio: stable=0.83, symmetry=0.93, centered=True, faces=1, face_area=0.0017"
BRICS_Roundtable_Live__Power_Shift_Or_Political_Posturing__China___India___Russi.mp4,320,2623.533,2628.267,4.734,Anchor Studio,82.0,"Anchor Studio: stable=0.90, symmetry=0.78, centered=True, faces=1, face_area=0.0428"
BRICS_Roundtable_Live__Power_Shift_Or_Political_Posturing__China___India___Russi.mp4,321,2628.333,2634.533,6.2,Anchor Studio,82.0,"Anchor Studio: stable=0.89, symmetry=0.77, centered=True, faces=1, face_area=0.0124"
BRICS_Roundtable_Live__Power_Shift_Or_Political_Posturing__China___India___Russi.mp4,322,2634.6,2637.4,2.8,Title Card,68.0,"Title Card: headline=0.6879, textcov=0.7810, stability=0.79"
BRICS_Roundtable_Live__Power_Shift_Or_Political_Posturing__China___India___Russi.mp4,323,2637.467,2641.133,3.666,Title Card,78.0,"Title Card: headline=1.1946, textcov=1.2415, stability=0.91"
BRICS_Roundtable_Live__Power_Shift_Or_Political_Posturing__China___India___Russi.mp4,324,2641.2,2642.867,1.667,Title Card,78.0,"Title Card: headline=1.1414, textcov=1.1881, stability=0.93"
BRICS_Roundtable_Live__Power_Shift_Or_Political_Posturing__China___India___Russi.mp4,325,2642.933,2646.067,3.134,Title Card,78.0,"Title Card: headline=1.0193, textcov=1.2155, stability=0.86"
BRICS_Roundtable_Live__Power_Shift_Or_Political_Posturing__China___India___Russi.mp4,326,2646.133,2647.067,0.934,Anchor Studio,72.0,"Anchor Studio: stable=0.70, symmetry=0.73, centered=True, faces=1, face_area=0.0424"
BRICS_Roundtable_Live__Power_Shift_Or_Political_Posturing__China___India___Russi.mp4,327,2647.133,2648.067,0.934,Anchor Studio,84.0,"Anchor Studio: stable=0.66, symmetry=0.88, centered=True, faces=1, face_area=0.0258"
BRICS_Roundtable_Live__Power_Shift_Or_Political_Posturing__China___India___Russi.mp4,328,2648.133,2650.467,2.334,B-Roll,70.0,"B-Roll: motion=0.0266, edge=0.1181, face_area=0.0000, symmetry=0.98"
BRICS_Roundtable_Live__Power_Shift_Or_Political_Posturing__China___India___Russi.mp4,329,2650.533,2653.2,2.667,Title Card,78.0,"Title Card: headline=0.6858, textcov=0.7721, stability=0.85"
BRICS_Roundtable_Live__Power_Shift_Or_Political_Posturing__China___India___Russi.mp4,330,2653.267,2661.133,7.866,Anchor Studio,94.0,"Anchor Studio: stable=0.76, symmetry=0.95, centered=True, faces=1, face_area=0.0116"
BRICS_Roundtable_Live__Power_Shift_Or_Political_Posturing__China___India___Russi.mp4,331,2661.2,2662.2,1.0,Anchor Studio,84.0,"Anchor Studio: stable=0.74, symmetry=0.97, centered=True, faces=1, face_area=0.0242"
BRICS_Roundtable_Live__Power_Shift_Or_Political_Posturing__China___India___Russi.mp4,332,2662.267,2671.2,8.933,Title Card,78.0,"Title Card: headline=0.6389, textcov=0.7757, stability=0.81"
BRICS_Roundtable_Live__Power_Shift_Or_Political_Posturing__China___India___Russi.mp4,333,2671.267,2673.8,2.533,Anchor Studio,94.0,"Anchor Studio: stable=0.82, symmetry=0.81, centered=True, faces=1, face_area=0.0208"
BRICS_Roundtable_Live__Power_Shift_Or_Political_Posturing__China___India___Russi.mp4,334,2673.867,2709.733,35.866,Anchor Studio,94.0,"Anchor Studio: stable=0.84, symmetry=0.83, centered=True, faces=1, face_area=0.0131"
BRICS_Roundtable_Live__Power_Shift_Or_Political_Posturing__China___India___Russi.mp4,335,2709.8,2721.067,11.267,Anchor Studio,84.0,"Anchor Studio: stable=0.70, symmetry=0.95, centered=True, faces=1, face_area=0.0145"
BRICS_Roundtable_Live__Power_Shift_Or_Political_Posturing__China___India___Russi.mp4,336,2721.133,2724.467,3.334,Title Card,78.0,"Title Card: headline=0.9519, textcov=1.0055, stability=0.87"
BRICS_Roundtable_Live__Power_Shift_Or_Political_Posturing__China___India___Russi.mp4,337,2724.533,2725.4,0.867,B-Roll,70.0,"B-Roll: motion=0.0334, edge=0.1164, face_area=0.0000, symmetry=0.79"
BRICS_Roundtable_Live__Power_Shift_Or_Political_Posturing__China___India___Russi.mp4,338,2725.467,2732.933,7.466,Anchor Studio,82.0,"Anchor Studio: stable=0.87, symmetry=0.80, centered=True, faces=1, face_area=0.0145"
BRICS_Roundtable_Live__Power_Shift_Or_Political_Posturing__China___India___Russi.mp4,339,2733.0,2734.6,1.6,Anchor Studio,84.0,"Anchor Studio: stable=0.87, symmetry=0.98, centered=True, faces=1, face_area=0.0039"
BRICS_Roundtable_Live__Power_Shift_Or_Political_Posturing__China___India___Russi.mp4,340,2734.667,2739.4,4.733,Title Card,78.0,"Title Card: headline=1.0586, textcov=1.1262, stability=0.90"
BRICS_Roundtable_Live__Power_Shift_Or_Political_Posturing__China___India___Russi.mp4,341,2739.467,2757.267,17.8,Anchor Studio,84.0,"Anchor Studio: stable=0.79, symmetry=0.91, centered=True, faces=1, face_area=0.0036"
BRICS_Roundtable_Live__Power_Shift_Or_Political_Posturing__China___India___Russi.mp4,342,2757.333,2759.133,1.8,Anchor Studio,94.0,"Anchor Studio: stable=0.83, symmetry=0.93, centered=True, faces=1, face_area=0.0210"
BRICS_Roundtable_Live__Power_Shift_Or_Political_Posturing__China___India___Russi.mp4,343,2759.2,2760.267,1.067,B-Roll,70.0,"B-Roll: motion=0.0350, edge=0.1380, face_area=0.0000, symmetry=0.95"
BRICS_Roundtable_Live__Power_Shift_Or_Political_Posturing__China___India___Russi.mp4,344,2760.333,2764.4,4.067,Title Card,78.0,"Title Card: headline=0.5184, textcov=0.7094, stability=0.82"
BRICS_Roundtable_Live__Power_Shift_Or_Political_Posturing__China___India___Russi.mp4,345,2764.467,2776.2,11.733,Anchor Studio,84.0,"Anchor Studio: stable=0.75, symmetry=0.96, centered=True, faces=1, face_area=0.0085"
BRICS_Roundtable_Live__Power_Shift_Or_Political_Posturing__China___India___Russi.mp4,346,2776.267,2781.067,4.8,Title Card,78.0,"Title Card: headline=0.7379, textcov=0.8237, stability=0.88"
BRICS_Roundtable_Live__Power_Shift_Or_Political_Posturing__China___India___Russi.mp4,347,2781.133,2808.067,26.934,Anchor Studio,82.0,"Anchor Studio: stable=0.84, symmetry=0.77, centered=True, faces=1, face_area=0.0243"
BRICS_Roundtable_Live__Power_Shift_Or_Political_Posturing__China___India___Russi.mp4,348,2808.133,2810.267,2.134,Anchor Studio,82.0,"Anchor Studio: stable=0.77, symmetry=0.74, centered=True, faces=1, face_area=0.0381"
BRICS_Roundtable_Live__Power_Shift_Or_Political_Posturing__China___India___Russi.mp4,349,2810.333,2815.267,4.934,Anchor Studio,94.0,"Anchor Studio: stable=0.83, symmetry=0.90, centered=True, faces=1, face_area=0.0304"
BRICS_Roundtable_Live__Power_Shift_Or_Political_Posturing__China___India___Russi.mp4,350,2815.333,2824.533,9.2,Title Card,78.0,"Title Card: headline=0.6236, textcov=0.8935, stability=0.89"
BRICS_Roundtable_Live__Power_Shift_Or_Political_Posturing__China___India___Russi.mp4,351,2824.6,2885.133,60.533,Anchor Studio,94.0,"Anchor Studio: stable=0.86, symmetry=0.94, centered=True, faces=2, face_area=0.0543"
BRICS_Roundtable_Live__Power_Shift_Or_Political_Posturing__China___India___Russi.mp4,352,2885.2,2887.6,2.4,B-Roll,70.0,"B-Roll: motion=0.0324, edge=0.1285, face_area=0.0000, symmetry=0.91"
BRICS_Roundtable_Live__Power_Shift_Or_Political_Posturing__China___India___Russi.mp4,353,2887.667,2898.2,10.533,Title Card,78.0,"Title Card: headline=0.8618, textcov=0.8805, stability=0.91"
BRICS_Roundtable_Live__Power_Shift_Or_Political_Posturing__China___India___Russi.mp4,354,2898.267,2921.867,23.6,Anchor Studio,94.0,"Anchor Studio: stable=0.84, symmetry=0.92, centered=True, faces=1, face_area=0.0506"
BRICS_Roundtable_Live__Power_Shift_Or_Political_Posturing__China___India___Russi.mp4,355,2921.933,2927.6,5.667,Title Card,78.0,"Title Card: headline=0.8349, textcov=0.9697, stability=0.83"
BRICS_Roundtable_Live__Power_Shift_Or_Political_Posturing__China___India___Russi.mp4,356,2927.667,2952.4,24.733,Anchor Studio,94.0,"Anchor Studio: stable=0.85, symmetry=0.92, centered=True, faces=1, face_area=0.0504"
BRICS_Roundtable_Live__Power_Shift_Or_Political_Posturing__China___India___Russi.mp4,357,2952.467,2956.8,4.333,Title Card,78.0,"Title Card: headline=0.8620, textcov=0.8925, stability=0.81"
BRICS_Roundtable_Live__Power_Shift_Or_Political_Posturing__China___India___Russi.mp4,358,2956.867,2971.4,14.533,Anchor Studio,94.0,"Anchor Studio: stable=0.80, symmetry=0.95, centered=True, faces=1, face_area=0.0116"
BRICS_Roundtable_Live__Power_Shift_Or_Political_Posturing__China___India___Russi.mp4,359,2971.467,2997.467,26.0,Anchor Studio,94.0,"Anchor Studio: stable=0.78, symmetry=0.95, centered=True, faces=2, face_area=0.0170"
BRICS_Roundtable_Live__Power_Shift_Or_Political_Posturing__China___India___Russi.mp4,360,2997.533,3006.267,8.734,Anchor Studio,94.0,"Anchor Studio: stable=0.88, symmetry=0.94, centered=True, faces=1, face_area=0.0322"
BRICS_Roundtable_Live__Power_Shift_Or_Political_Posturing__China___India___Russi.mp4,361,3006.333,3012.6,6.267,Title Card,78.0,"Title Card: headline=0.9761, textcov=0.9982, stability=0.89"
BRICS_Roundtable_Live__Power_Shift_Or_Political_Posturing__China___India___Russi.mp4,362,3012.667,3015.6,2.933,Title Card,68.0,"Title Card: headline=0.4211, textcov=0.6914, stability=0.76"
BRICS_Roundtable_Live__Power_Shift_Or_Political_Posturing__China___India___Russi.mp4,363,3015.667,3030.4,14.733,Anchor Studio,84.0,"Anchor Studio: stable=0.86, symmetry=0.95, centered=True, faces=1, face_area=0.0084"
BRICS_Roundtable_Live__Power_Shift_Or_Political_Posturing__China___India___Russi.mp4,364,3030.467,3032.8,2.333,Anchor Studio,84.0,"Anchor Studio: stable=0.63, symmetry=0.94, centered=True, faces=1, face_area=0.0147"
BRICS_Roundtable_Live__Power_Shift_Or_Political_Posturing__China___India___Russi.mp4,365,3032.867,3034.333,1.466,Anchor Studio,94.0,"Anchor Studio: stable=0.77, symmetry=0.92, centered=True, faces=1, face_area=0.0269"
BRICS_Roundtable_Live__Power_Shift_Or_Political_Posturing__China___India___Russi.mp4,366,3034.4,3050.6,16.2,Anchor Studio,84.0,"Anchor Studio: stable=0.74, symmetry=0.96, centered=True, faces=2, face_area=0.0118"
BRICS_Roundtable_Live__Power_Shift_Or_Political_Posturing__China___India___Russi.mp4,367,3050.667,3051.267,0.6,B-Roll,70.0,"B-Roll: motion=0.0541, edge=0.1148, face_area=0.0000, symmetry=0.89"
BRICS_Roundtable_Live__Power_Shift_Or_Political_Posturing__China___India___Russi.mp4,368,3051.333,3066.0,14.667,Anchor Studio,84.0,"Anchor Studio: stable=0.85, symmetry=0.96, centered=True, faces=1, face_area=0.0027"
BRICS_Roundtable_Live__Power_Shift_Or_Political_Posturing__China___India___Russi.mp4,369,3066.067,3076.6,10.533,Anchor Studio,84.0,"Anchor Studio: stable=0.81, symmetry=0.95, centered=True, faces=1, face_area=0.0008"
BRICS_Roundtable_Live__Power_Shift_Or_Political_Posturing__China___India___Russi.mp4,370,3076.667,3085.267,8.6,Title Card,78.0,"Title Card: headline=1.0295, textcov=1.0473, stability=0.91"
BRICS_Roundtable_Live__Power_Shift_Or_Political_Posturing__China___India___Russi.mp4,371,3085.333,3090.2,4.867,Anchor Studio,74.0,"Anchor Studio: stable=0.70, symmetry=0.94, centered=True, faces=1, face_area=0.0015"
BRICS_Roundtable_Live__Power_Shift_Or_Political_Posturing__China___India___Russi.mp4,372,3090.267,3091.067,0.8,B-Roll,70.0,"B-Roll: motion=0.0844, edge=0.1602, face_area=0.0000, symmetry=0.96"
BRICS_Roundtable_Live__Power_Shift_Or_Political_Posturing__China___India___Russi.mp4,373,3091.133,3095.2,4.067,Title Card,78.0,"Title Card: headline=1.0405, textcov=1.1501, stability=0.89"
BRICS_Roundtable_Live__Power_Shift_Or_Political_Posturing__China___India___Russi.mp4,374,3095.267,3117.867,22.6,Anchor Studio,94.0,"Anchor Studio: stable=0.81, symmetry=0.86, centered=True, faces=2, face_area=0.0253"
BRICS_Roundtable_Live__Power_Shift_Or_Political_Posturing__China___India___Russi.mp4,375,3117.933,3130.8,12.867,Anchor Studio,94.0,"Anchor Studio: stable=0.86, symmetry=0.95, centered=True, faces=1, face_area=0.0153"
BRICS_Roundtable_Live__Power_Shift_Or_Political_Posturing__China___India___Russi.mp4,376,3130.867,3132.667,1.8,Anchor Studio,94.0,"Anchor Studio: stable=0.77, symmetry=0.94, centered=True, faces=1, face_area=0.0373"
BRICS_Roundtable_Live__Power_Shift_Or_Political_Posturing__China___India___Russi.mp4,377,3132.733,3147.6,14.867,Anchor Studio,94.0,"Anchor Studio: stable=0.85, symmetry=0.95, centered=True, faces=1, face_area=0.0125"
BRICS_Roundtable_Live__Power_Shift_Or_Political_Posturing__China___India___Russi.mp4,378,3147.667,3157.133,9.466,Anchor Studio,94.0,"Anchor Studio: stable=0.77, symmetry=0.94, centered=True, faces=2, face_area=0.0353"
BRICS_Roundtable_Live__Power_Shift_Or_Political_Posturing__China___India___Russi.mp4,379,3157.2,3160.867,3.667,Title Card,78.0,"Title Card: headline=0.6460, textcov=0.8440, stability=0.85"
BRICS_Roundtable_Live__Power_Shift_Or_Political_Posturing__China___India___Russi.mp4,380,3160.933,3173.8,12.867,Anchor Studio,84.0,"Anchor Studio: stable=0.84, symmetry=0.95, centered=True, faces=2, face_area=0.0085"
BRICS_Roundtable_Live__Power_Shift_Or_Political_Posturing__China___India___Russi.mp4,381,3173.867,3193.267,19.4,Anchor Studio,94.0,"Anchor Studio: stable=0.83, symmetry=0.93, centered=True, faces=1, face_area=0.0145"
BRICS_Roundtable_Live__Power_Shift_Or_Political_Posturing__China___India___Russi.mp4,382,3193.333,3227.333,34.0,Anchor Studio,94.0,"Anchor Studio: stable=0.80, symmetry=0.92, centered=True, faces=1, face_area=0.0162"
BRICS_Roundtable_Live__Power_Shift_Or_Political_Posturing__China___India___Russi.mp4,383,3227.4,3240.267,12.867,Anchor Studio,94.0,"Anchor Studio: stable=0.85, symmetry=0.93, centered=True, faces=1, face_area=0.0241"
BRICS_Roundtable_Live__Power_Shift_Or_Political_Posturing__China___India___Russi.mp4,384,3240.333,3244.667,4.334,Anchor Studio,94.0,"Anchor Studio: stable=0.82, symmetry=0.87, centered=True, faces=1, face_area=0.0326"
BRICS_Roundtable_Live__Power_Shift_Or_Political_Posturing__China___India___Russi.mp4,385,3244.733,3257.933,13.2,Title Card,78.0,"Title Card: headline=0.9073, textcov=0.9899, stability=0.87"
BRICS_Roundtable_Live__Power_Shift_Or_Political_Posturing__China___India___Russi.mp4,386,3258.0,3271.133,13.133,Anchor Studio,94.0,"Anchor Studio: stable=0.77, symmetry=0.93, centered=True, faces=2, face_area=0.0277"
BRICS_Roundtable_Live__Power_Shift_Or_Political_Posturing__China___India___Russi.mp4,387,3271.2,3273.067,1.867,Title Card,68.0,"Title Card: headline=1.0675, textcov=1.1557, stability=0.76"
BRICS_Roundtable_Live__Power_Shift_Or_Political_Posturing__China___India___Russi.mp4,388,3273.133,3276.8,3.667,Title Card,78.0,"Title Card: headline=1.0307, textcov=1.0523, stability=0.90"
BRICS_Roundtable_Live__Power_Shift_Or_Political_Posturing__China___India___Russi.mp4,389,3276.867,3285.133,8.266,Anchor Studio,94.0,"Anchor Studio: stable=0.77, symmetry=0.88, centered=True, faces=1, face_area=0.0272"
BRICS_Roundtable_Live__Power_Shift_Or_Political_Posturing__China___India___Russi.mp4,390,3285.2,3289.8,4.6,Title Card,78.0,"Title Card: headline=0.9523, textcov=0.9867, stability=0.89"
BRICS_Roundtable_Live__Power_Shift_Or_Political_Posturing__China___India___Russi.mp4,391,3289.867,3308.867,19.0,Anchor Studio,94.0,"Anchor Studio: stable=0.78, symmetry=0.94, centered=True, faces=2, face_area=0.0126"
BRICS_Roundtable_Live__Power_Shift_Or_Political_Posturing__China___India___Russi.mp4,392,3308.933,3320.667,11.734,Anchor Studio,84.0,"Anchor Studio: stable=0.81, symmetry=0.94, centered=True, faces=1, face_area=0.0035"
BRICS_Roundtable_Live__Power_Shift_Or_Political_Posturing__China___India___Russi.mp4,393,3320.733,3328.067,7.334,Anchor Studio,74.0,"Anchor Studio: stable=0.75, symmetry=0.92, centered=True, faces=1, face_area=0.0070"
BRICS_Roundtable_Live__Power_Shift_Or_Political_Posturing__China___India___Russi.mp4,394,3328.133,3329.2,1.067,Title Card,74.0,"Title Card: headline=0.9275, textcov=0.9647, stability=0.91"
BRICS_Roundtable_Live__Power_Shift_Or_Political_Posturing__China___India___Russi.mp4,395,3329.267,3337.067,7.8,Anchor Studio,82.0,"Anchor Studio: stable=0.80, symmetry=0.78, centered=True, faces=2, face_area=0.0433"
BRICS_Roundtable_Live__Power_Shift_Or_Political_Posturing__China___India___Russi.mp4,396,3337.133,3352.0,14.867,Anchor Studio,94.0,"Anchor Studio: stable=0.85, symmetry=0.91, centered=True, faces=2, face_area=0.0125"
BRICS_Roundtable_Live__Power_Shift_Or_Political_Posturing__China___India___Russi.mp4,397,3352.067,3358.667,6.6,Title Card,78.0,"Title Card: headline=0.9041, textcov=0.9353, stability=0.84"
BRICS_Roundtable_Live__Power_Shift_Or_Political_Posturing__China___India___Russi.mp4,398,3358.733,3363.067,4.334,Anchor Studio,82.0,"Anchor Studio: stable=0.86, symmetry=0.78, centered=True, faces=2, face_area=0.0924"
BRICS_Roundtable_Live__Power_Shift_Or_Political_Posturing__China___India___Russi.mp4,399,3363.133,3364.8,1.667,Anchor Studio,84.0,"Anchor Studio: stable=0.76, symmetry=0.90, centered=True, faces=1, face_area=0.0062"
BRICS_Roundtable_Live__Power_Shift_Or_Political_Posturing__China___India___Russi.mp4,400,3364.867,3368.8,3.933,Title Card,78.0,"Title Card: headline=0.6370, textcov=0.9161, stability=0.85"
BRICS_Roundtable_Live__Power_Shift_Or_Political_Posturing__China___India___Russi.mp4,401,3368.867,3374.133,5.266,Anchor Studio,74.0,"Anchor Studio: stable=0.70, symmetry=0.90, centered=True, faces=1, face_area=0.0012"
BRICS_Roundtable_Live__Power_Shift_Or_Political_Posturing__China___India___Russi.mp4,402,3374.2,3383.067,8.867,Anchor Studio,84.0,"Anchor Studio: stable=0.86, symmetry=0.93, centered=True, faces=1, face_area=0.0006"
BRICS_Roundtable_Live__Power_Shift_Or_Political_Posturing__China___India___Russi.mp4,403,3383.133,3399.8,16.667,Title Card,78.0,"Title Card: headline=0.9895, textcov=1.0157, stability=0.90"
BRICS_Roundtable_Live__Power_Shift_Or_Political_Posturing__China___India___Russi.mp4,404,3399.867,3403.067,3.2,Anchor Studio,84.0,"Anchor Studio: stable=0.86, symmetry=0.98, centered=True, faces=1, face_area=0.0025"
BRICS_Roundtable_Live__Power_Shift_Or_Political_Posturing__China___India___Russi.mp4,405,3403.133,3418.0,14.867,Anchor Studio,84.0,"Anchor Studio: stable=0.84, symmetry=0.92, centered=True, faces=1, face_area=0.0086"
BRICS_Roundtable_Live__Power_Shift_Or_Political_Posturing__China___India___Russi.mp4,406,3418.067,3427.0,8.933,Title Card,78.0,"Title Card: headline=0.6205, textcov=0.8577, stability=0.81"
BRICS_Roundtable_Live__Power_Shift_Or_Political_Posturing__China___India___Russi.mp4,407,3427.067,3438.0,10.933,Anchor Studio,84.0,"Anchor Studio: stable=0.74, symmetry=0.95, centered=True, faces=1, face_area=0.0183"
BRICS_Roundtable_Live__Power_Shift_Or_Political_Posturing__China___India___Russi.mp4,408,3438.067,3447.067,9.0,Title Card,78.0,"Title Card: headline=0.9282, textcov=0.9609, stability=0.88"
BRICS_Roundtable_Live__Power_Shift_Or_Political_Posturing__China___India___Russi.mp4,409,3447.133,3472.067,24.934,Anchor Studio,82.0,"Anchor Studio: stable=0.85, symmetry=0.76, centered=True, faces=1, face_area=0.0172"
BRICS_Roundtable_Live__Power_Shift_Or_Political_Posturing__China___India___Russi.mp4,410,3472.133,3481.733,9.6,Title Card,78.0,"Title Card: headline=0.5700, textcov=0.8169, stability=0.84"
BRICS_Roundtable_Live__Power_Shift_Or_Political_Posturing__China___India___Russi.mp4,411,3481.8,3489.733,7.933,Anchor Studio,84.0,"Anchor Studio: stable=0.69, symmetry=0.97, centered=True, faces=1, face_area=0.0186"
BRICS_Roundtable_Live__Power_Shift_Or_Political_Posturing__China___India___Russi.mp4,412,3489.8,3492.867,3.067,Anchor Studio,84.0,"Anchor Studio: stable=0.85, symmetry=0.91, centered=True, faces=1, face_area=0.0018"
BRICS_Roundtable_Live__Power_Shift_Or_Political_Posturing__China___India___Russi.mp4,413,3492.933,3495.133,2.2,Anchor Studio,72.0,"Anchor Studio: stable=0.75, symmetry=0.87, centered=False, faces=1, face_area=0.0019"
BRICS_Roundtable_Live__Power_Shift_Or_Political_Posturing__China___India___Russi.mp4,414,3495.2,3510.133,14.933,Anchor Studio,82.0,"Anchor Studio: stable=0.84, symmetry=0.78, centered=True, faces=1, face_area=0.0326"
BRICS_Roundtable_Live__Power_Shift_Or_Political_Posturing__China___India___Russi.mp4,415,3510.2,3514.467,4.267,Title Card,78.0,"Title Card: headline=0.8929, textcov=1.0279, stability=0.85"
BRICS_Roundtable_Live__Power_Shift_Or_Political_Posturing__China___India___Russi.mp4,416,3514.533,3517.2,2.667,Title Card,78.0,"Title Card: headline=0.8446, textcov=0.9995, stability=0.84"
BRICS_Roundtable_Live__Power_Shift_Or_Political_Posturing__China___India___Russi.mp4,417,3517.267,3527.2,9.933,Anchor Studio,82.0,"Anchor Studio: stable=0.85, symmetry=0.77, centered=True, faces=1, face_area=0.0301"
BRICS_Roundtable_Live__Power_Shift_Or_Political_Posturing__China___India___Russi.mp4,418,3527.267,3530.267,3.0,Title Card,78.0,"Title Card: headline=0.9948, textcov=1.0612, stability=0.82"
BRICS_Roundtable_Live__Power_Shift_Or_Political_Posturing__China___India___Russi.mp4,419,3530.333,3533.067,2.734,B-Roll,70.0,"B-Roll: motion=0.0268, edge=0.1546, face_area=0.0019, symmetry=0.96"
BRICS_Roundtable_Live__Power_Shift_Or_Political_Posturing__China___India___Russi.mp4,420,3533.133,3544.067,10.934,Anchor Studio,84.0,"Anchor Studio: stable=0.82, symmetry=0.96, centered=True, faces=2, face_area=0.0065"
BRICS_Roundtable_Live__Power_Shift_Or_Political_Posturing__China___India___Russi.mp4,421,3544.133,3548.0,3.867,Title Card,78.0,"Title Card: headline=0.8522, textcov=0.9652, stability=0.83"
BRICS_Roundtable_Live__Power_Shift_Or_Political_Posturing__China___India___Russi.mp4,422,3548.067,3553.933,5.866,Title Card,78.0,"Title Card: headline=1.0125, textcov=1.0424, stability=0.85"
BRICS_Roundtable_Live__Power_Shift_Or_Political_Posturing__China___India___Russi.mp4,423,3554.0,3577.8,23.8,Anchor Studio,94.0,"Anchor Studio: stable=0.85, symmetry=0.96, centered=True, faces=2, face_area=0.0451"
BRICS_Roundtable_Live__Power_Shift_Or_Political_Posturing__China___India___Russi.mp4,424,3577.867,3582.867,5.0,Anchor Studio,94.0,"Anchor Studio: stable=0.85, symmetry=0.94, centered=True, faces=1, face_area=0.0605"
BRICS_Roundtable_Live__Power_Shift_Or_Political_Posturing__China___India___Russi.mp4,425,3582.933,3589.8,6.867,Anchor Studio,72.0,"Anchor Studio: stable=0.79, symmetry=0.92, centered=False, faces=1, face_area=0.0009"
BRICS_Roundtable_Live__Power_Shift_Or_Political_Posturing__China___India___Russi.mp4,426,3589.867,3598.267,8.4,Anchor Studio,94.0,"Anchor Studio: stable=0.83, symmetry=0.95, centered=True, faces=1, face_area=0.0405"
BRICS_Roundtable_Live__Power_Shift_Or_Political_Posturing__China___India___Russi.mp4,427,3598.333,3613.2,14.867,Anchor Studio,94.0,"Anchor Studio: stable=0.87, symmetry=0.97, centered=True, faces=1, face_area=0.0314"
BRICS_Roundtable_Live__Power_Shift_Or_Political_Posturing__China___India___Russi.mp4,428,3613.267,3627.6,14.333,Anchor Studio,94.0,"Anchor Studio: stable=0.82, symmetry=0.95, centered=True, faces=1, face_area=0.0615"
BRICS_Roundtable_Live__Power_Shift_Or_Political_Posturing__China___India___Russi.mp4,429,3627.667,3635.4,7.733,Title Card,78.0,"Title Card: headline=0.9292, textcov=0.9528, stability=0.93"
BRICS_Roundtable_Live__Power_Shift_Or_Political_Posturing__China___India___Russi.mp4,430,3635.467,3646.467,11.0,Anchor Studio,84.0,"Anchor Studio: stable=0.58, symmetry=0.96, centered=True, faces=1, face_area=0.0272"
BRICS_Roundtable_Live__Power_Shift_Or_Political_Posturing__China___India___Russi.mp4,431,3646.533,3647.6,1.067,B-Roll,70.0,"B-Roll: motion=0.0449, edge=0.1524, face_area=0.0000, symmetry=0.96"
BRICS_Roundtable_Live__Power_Shift_Or_Political_Posturing__China___India___Russi.mp4,432,3647.667,3654.533,6.866,Anchor Studio,94.0,"Anchor Studio: stable=0.86, symmetry=0.86, centered=True, faces=1, face_area=0.0656"
BRICS_Roundtable_Live__Power_Shift_Or_Political_Posturing__China___India___Russi.mp4,433,3654.6,3658.0,3.4,B-Roll,70.0,"B-Roll: motion=0.0289, edge=0.1326, face_area=0.0000, symmetry=0.90"
BRICS_Roundtable_Live__Power_Shift_Or_Political_Posturing__China___India___Russi.mp4,434,3658.067,3662.133,4.066,Title Card,78.0,"Title Card: headline=0.8668, textcov=0.8996, stability=0.87"
BRICS_Roundtable_Live__Power_Shift_Or_Political_Posturing__China___India___Russi.mp4,435,3662.2,3681.133,18.933,Anchor Studio,94.0,"Anchor Studio: stable=0.86, symmetry=0.89, centered=True, faces=1, face_area=0.0650"
BRICS_Roundtable_Live__Power_Shift_Or_Political_Posturing__China___India___Russi.mp4,436,3681.2,3694.067,12.867,Anchor Studio,94.0,"Anchor Studio: stable=0.88, symmetry=0.95, centered=True, faces=1, face_area=0.0146"
BRICS_Roundtable_Live__Power_Shift_Or_Political_Posturing__China___India___Russi.mp4,437,3694.133,3703.333,9.2,Anchor Studio,84.0,"Anchor Studio: stable=0.81, symmetry=0.92, centered=True, faces=1, face_area=0.0072"
BRICS_Roundtable_Live__Power_Shift_Or_Political_Posturing__China___India___Russi.mp4,438,3703.4,3712.6,9.2,Anchor Studio,84.0,"Anchor Studio: stable=0.81, symmetry=0.95, centered=True, faces=1, face_area=0.0058"
BRICS_Roundtable_Live__Power_Shift_Or_Political_Posturing__China___India___Russi.mp4,439,3712.667,3715.2,2.533,Anchor Studio,94.0,"Anchor Studio: stable=0.78, symmetry=0.96, centered=True, faces=1, face_area=0.0272"
BRICS_Roundtable_Live__Power_Shift_Or_Political_Posturing__China___India___Russi.mp4,440,3715.267,3718.333,3.066,B-Roll,70.0,"B-Roll: motion=0.0268, edge=0.1504, face_area=0.0000, symmetry=0.96"
BRICS_Roundtable_Live__Power_Shift_Or_Political_Posturing__China___India___Russi.mp4,441,3718.4,3723.667,5.267,Title Card,78.0,"Title Card: headline=0.6455, textcov=0.7165, stability=0.85"
BRICS_Roundtable_Live__Power_Shift_Or_Political_Posturing__China___India___Russi.mp4,442,3723.733,3742.133,18.4,Anchor Studio,94.0,"Anchor Studio: stable=0.82, symmetry=0.91, centered=True, faces=1, face_area=0.0304"
BRICS_Roundtable_Live__Power_Shift_Or_Political_Posturing__China___India___Russi.mp4,443,3742.2,3747.733,5.533,Title Card,78.0,"Title Card: headline=0.6415, textcov=0.8294, stability=0.90"
BRICS_Roundtable_Live__Power_Shift_Or_Political_Posturing__China___India___Russi.mp4,444,3747.8,3753.6,5.8,Anchor Studio,94.0,"Anchor Studio: stable=0.83, symmetry=0.87, centered=True, faces=1, face_area=0.0145"
BRICS_Roundtable_Live__Power_Shift_Or_Political_Posturing__China___India___Russi.mp4,445,3753.667,3755.933,2.266,B-Roll,70.0,"B-Roll: motion=0.0309, edge=0.1362, face_area=0.0000, symmetry=0.93"
BRICS_Roundtable_Live__Power_Shift_Or_Political_Posturing__China___India___Russi.mp4,446,3756.0,3764.067,8.067,Title Card,78.0,"Title Card: headline=0.8800, textcov=0.9099, stability=0.88"
BRICS_Roundtable_Live__Power_Shift_Or_Political_Posturing__China___India___Russi.mp4,447,3764.133,3765.467,1.334,Title Card,78.0,"Title Card: headline=0.1003, textcov=0.4535, stability=0.81"
BRICS_Roundtable_Live__Power_Shift_Or_Political_Posturing__China___India___Russi.mp4,448,3765.533,3783.0,17.467,Title Card,78.0,"Title Card: headline=0.7666, textcov=0.8241, stability=0.90"
BRICS_Roundtable_Live__Power_Shift_Or_Political_Posturing__China___India___Russi.mp4,449,3783.067,3791.133,8.066,Anchor Studio,82.0,"Anchor Studio: stable=0.88, symmetry=0.74, centered=True, faces=3, face_area=0.0757"
BRICS_Roundtable_Live__Power_Shift_Or_Political_Posturing__China___India___Russi.mp4,450,3791.2,3792.4,1.2,B-Roll,70.0,"B-Roll: motion=0.0370, edge=0.0780, face_area=0.0049, symmetry=0.94"
BRICS_Roundtable_Live__Power_Shift_Or_Political_Posturing__China___India___Russi.mp4,451,3792.467,3796.067,3.6,Title Card,78.0,"Title Card: headline=0.7496, textcov=0.8886, stability=0.88"
BRICS_Roundtable_Live__Power_Shift_Or_Political_Posturing__China___India___Russi.mp4,452,3796.133,3811.533,15.4,Anchor Studio,84.0,"Anchor Studio: stable=0.74, symmetry=0.88, centered=True, faces=2, face_area=0.0129"
BRICS_Roundtable_Live__Power_Shift_Or_Political_Posturing__China___India___Russi.mp4,453,3811.6,3816.733,5.133,Anchor Studio,82.0,"Anchor Studio: stable=0.89, symmetry=0.76, centered=True, faces=2, face_area=0.1173"
BRICS_Roundtable_Live__Power_Shift_Or_Political_Posturing__China___India___Russi.mp4,454,3816.8,3819.933,3.133,Title Card,78.0,"Title Card: headline=0.8792, textcov=0.9435, stability=0.91"
BRICS_Roundtable_Live__Power_Shift_Or_Political_Posturing__China___India___Russi.mp4,455,3820.0,3836.333,16.333,Anchor Studio,82.0,"Anchor Studio: stable=0.86, symmetry=0.74, centered=True, faces=2, face_area=0.1064"
BRICS_Roundtable_Live__Power_Shift_Or_Political_Posturing__China___India___Russi.mp4,456,3836.4,3838.933,2.533,Title Card,78.0,"Title Card: headline=0.9099, textcov=0.9557, stability=0.92"
BRICS_Roundtable_Live__Power_Shift_Or_Political_Posturing__China___India___Russi.mp4,457,3839.0,3842.4,3.4,Anchor Studio,94.0,"Anchor Studio: stable=0.78, symmetry=0.85, centered=True, faces=2, face_area=0.0126"
BRICS_Roundtable_Live__Power_Shift_Or_Political_Posturing__China___India___Russi.mp4,458,3842.467,3862.133,19.666,Anchor Studio,84.0,"Anchor Studio: stable=0.86, symmetry=0.93, centered=True, faces=1, face_area=0.0042"
BRICS_Roundtable_Live__Power_Shift_Or_Political_Posturing__China___India___Russi.mp4,459,3862.2,3865.333,3.133,Anchor Studio,84.0,"Anchor Studio: stable=0.62, symmetry=0.96, centered=True, faces=1, face_area=0.0259"
BRICS_Roundtable_Live__Power_Shift_Or_Political_Posturing__China___India___Russi.mp4,460,3865.4,3869.733,4.333,Anchor Studio,82.0,"Anchor Studio: stable=0.84, symmetry=0.79, centered=True, faces=1, face_area=0.0293"
BRICS_Roundtable_Live__Power_Shift_Or_Political_Posturing__China___India___Russi.mp4,461,3869.8,3871.267,1.467,Anchor Studio,82.0,"Anchor Studio: stable=0.77, symmetry=0.74, centered=True, faces=1, face_area=0.0448"
BRICS_Roundtable_Live__Power_Shift_Or_Political_Posturing__China___India___Russi.mp4,462,3871.333,3875.133,3.8,Title Card,78.0,"Title Card: headline=0.8591, textcov=0.9671, stability=0.87"
BRICS_Roundtable_Live__Power_Shift_Or_Political_Posturing__China___India___Russi.mp4,463,3875.2,3876.533,1.333,Title Card,64.0,"Title Card: headline=0.4478, textcov=0.6545, stability=0.73"
BRICS_Roundtable_Live__Power_Shift_Or_Political_Posturing__China___India___Russi.mp4,464,3876.6,3887.667,11.067,Anchor Studio,82.0,"Anchor Studio: stable=0.89, symmetry=0.77, centered=True, faces=2, face_area=0.0269"
BRICS_Roundtable_Live__Power_Shift_Or_Political_Posturing__China___India___Russi.mp4,465,3887.733,3890.467,2.734,Anchor Studio,72.0,"Anchor Studio: stable=0.78, symmetry=0.96, centered=False, faces=1, face_area=0.0026"
BRICS_Roundtable_Live__Power_Shift_Or_Political_Posturing__China___India___Russi.mp4,466,3890.533,3894.267,3.734,Title Card,78.0,"Title Card: headline=1.1822, textcov=1.2289, stability=0.91"
BRICS_Roundtable_Live__Power_Shift_Or_Political_Posturing__China___India___Russi.mp4,467,3894.333,3895.933,1.6,Title Card,78.0,"Title Card: headline=1.1325, textcov=1.1704, stability=0.92"
BRICS_Roundtable_Live__Power_Shift_Or_Political_Posturing__China___India___Russi.mp4,468,3896.0,3898.933,2.933,Title Card,78.0,"Title Card: headline=1.0763, textcov=1.2568, stability=0.87"
BRICS_Roundtable_Live__Power_Shift_Or_Political_Posturing__China___India___Russi.mp4,469,3899.0,3900.133,1.133,Anchor Studio,72.0,"Anchor Studio: stable=0.69, symmetry=0.71, centered=True, faces=1, face_area=0.0361"
BRICS_Roundtable_Live__Power_Shift_Or_Political_Posturing__China___India___Russi.mp4,470,3900.2,3901.2,1.0,Anchor Studio,84.0,"Anchor Studio: stable=0.66, symmetry=0.88, centered=True, faces=1, face_area=0.0261"
BRICS_Roundtable_Live__Power_Shift_Or_Political_Posturing__China___India___Russi.mp4,471,3901.267,3903.533,2.266,B-Roll,70.0,"B-Roll: motion=0.0269, edge=0.1185, face_area=0.0000, symmetry=0.98"
BRICS_Roundtable_Live__Power_Shift_Or_Political_Posturing__China___India___Russi.mp4,472,3903.6,3906.333,2.733,Title Card,78.0,"Title Card: headline=0.6770, textcov=0.7703, stability=0.84"
BRICS_Roundtable_Live__Power_Shift_Or_Political_Posturing__China___India___Russi.mp4,473,3906.4,3914.267,7.867,Anchor Studio,94.0,"Anchor Studio: stable=0.76, symmetry=0.95, centered=True, faces=1, face_area=0.0126"
BRICS_Roundtable_Live__Power_Shift_Or_Political_Posturing__China___India___Russi.mp4,474,3914.333,3915.333,1.0,Anchor Studio,84.0,"Anchor Studio: stable=0.74, symmetry=0.98, centered=True, faces=1, face_area=0.0270"
BRICS_Roundtable_Live__Power_Shift_Or_Political_Posturing__China___India___Russi.mp4,475,3915.4,3922.733,7.333,Title Card,78.0,"Title Card: headline=0.6235, textcov=0.7546, stability=0.80"
BRICS_Roundtable_Live__Power_Shift_Or_Political_Posturing__China___India___Russi.mp4,476,3922.8,3924.933,2.133,Title Card,78.0,"Title Card: headline=0.8320, textcov=0.9926, stability=0.86"
BRICS_Roundtable_Live__Power_Shift_Or_Political_Posturing__China___India___Russi.mp4,477,3925.0,3926.867,1.867,Anchor Studio,84.0,"Anchor Studio: stable=0.70, symmetry=0.81, centered=True, faces=1, face_area=0.0272"
BRICS_Roundtable_Live__Power_Shift_Or_Political_Posturing__China___India___Russi.mp4,478,3926.933,3949.067,22.134,Anchor Studio,82.0,"Anchor Studio: stable=0.86, symmetry=0.78, centered=True, faces=1, face_area=0.0207"
BRICS_Roundtable_Live__Power_Shift_Or_Political_Posturing__China___India___Russi.mp4,479,3949.133,3962.8,13.667,Anchor Studio,84.0,"Anchor Studio: stable=0.82, symmetry=0.93, centered=True, faces=1, face_area=0.0011"
BRICS_Roundtable_Live__Power_Shift_Or_Political_Posturing__China___India___Russi.mp4,480,3962.867,3972.6,9.733,Anchor Studio,84.0,"Anchor Studio: stable=0.69, symmetry=0.95, centered=True, faces=1, face_area=0.0145"
BRICS_Roundtable_Live__Power_Shift_Or_Political_Posturing__China___India___Russi.mp4,481,3972.667,3974.2,1.533,Anchor Studio,94.0,"Anchor Studio: stable=0.78, symmetry=0.93, centered=True, faces=1, face_area=0.0242"
BRICS_Roundtable_Live__Power_Shift_Or_Political_Posturing__China___India___Russi.mp4,482,3974.267,3977.6,3.333,Title Card,78.0,"Title Card: headline=1.0178, textcov=1.0768, stability=0.87"
BRICS_Roundtable_Live__Power_Shift_Or_Political_Posturing__China___India___Russi.mp4,483,3977.667,3978.867,1.2,B-Roll,70.0,"B-Roll: motion=0.0265, edge=0.1211, face_area=0.0000, symmetry=0.79"
BRICS_Roundtable_Live__Power_Shift_Or_Political_Posturing__China___India___Russi.mp4,484,3978.933,3986.0,7.067,Anchor Studio,82.0,"Anchor Studio: stable=0.86, symmetry=0.79, centered=True, faces=1, face_area=0.0146"
BRICS_Roundtable_Live__Power_Shift_Or_Political_Posturing__China___India___Russi.mp4,485,3986.067,3987.733,1.666,Anchor Studio,84.0,"Anchor Studio: stable=0.86, symmetry=0.98, centered=True, faces=1, face_area=0.0033"
BRICS_Roundtable_Live__Power_Shift_Or_Political_Posturing__China___India___Russi.mp4,486,3987.8,3989.4,1.6,Title Card,78.0,"Title Card: headline=1.0967, textcov=1.1525, stability=0.85"
BRICS_Roundtable_Live__Power_Shift_Or_Political_Posturing__China___India___Russi.mp4,487,3989.467,3990.2,0.733,Title Card,78.0,"Title Card: headline=0.7398, textcov=0.8575, stability=0.85"
BRICS_Roundtable_Live__Power_Shift_Or_Political_Posturing__China___India___Russi.mp4,488,3990.267,3992.467,2.2,Title Card,78.0,"Title Card: headline=1.1580, textcov=1.2022, stability=0.94"
BRICS_Roundtable_Live__Power_Shift_Or_Political_Posturing__China___India___Russi.mp4,489,3992.533,3994.133,1.6,Title Card,78.0,"Title Card: headline=1.1527, textcov=1.3312, stability=0.84"
BRICS_Roundtable_Live__Power_Shift_Or_Political_Posturing__China___India___Russi.mp4,490,3994.2,4010.133,15.933,Anchor Studio,84.0,"Anchor Studio: stable=0.79, symmetry=0.92, centered=True, faces=1, face_area=0.0044"
BRICS_Roundtable_Live__Power_Shift_Or_Political_Posturing__China___India___Russi.mp4,491,4010.2,4012.2,2.0,Anchor Studio,94.0,"Anchor Studio: stable=0.82, symmetry=0.93, centered=True, faces=1, face_area=0.0204"
BRICS_Roundtable_Live__Power_Shift_Or_Political_Posturing__China___India___Russi.mp4,492,4012.267,4013.133,0.866,B-Roll,70.0,"B-Roll: motion=0.0380, edge=0.1379, face_area=0.0000, symmetry=0.95"
BRICS_Roundtable_Live__Power_Shift_Or_Political_Posturing__China___India___Russi.mp4,493,4013.2,4017.467,4.267,Title Card,78.0,"Title Card: headline=0.5082, textcov=0.7027, stability=0.81"
BRICS_Roundtable_Live__Power_Shift_Or_Political_Posturing__China___India___Russi.mp4,494,4017.533,4029.267,11.734,Anchor Studio,84.0,"Anchor Studio: stable=0.75, symmetry=0.96, centered=True, faces=1, face_area=0.0087"
BRICS_Roundtable_Live__Power_Shift_Or_Political_Posturing__China___India___Russi.mp4,495,4029.333,4034.133,4.8,Title Card,78.0,"Title Card: headline=0.7383, textcov=0.8252, stability=0.88"
BRICS_Roundtable_Live__Power_Shift_Or_Political_Posturing__China___India___Russi.mp4,496,4034.2,4063.4,29.2,Anchor Studio,82.0,"Anchor Studio: stable=0.83, symmetry=0.76, centered=True, faces=1, face_area=0.0254"
BRICS_Roundtable_Live__Power_Shift_Or_Political_Posturing__China___India___Russi.mp4,497,4063.467,4068.333,4.866,Anchor Studio,94.0,"Anchor Studio: stable=0.83, symmetry=0.90, centered=True, faces=1, face_area=0.0307"
BRICS_Roundtable_Live__Power_Shift_Or_Political_Posturing__China___India___Russi.mp4,498,4068.4,4077.6,9.2,Title Card,78.0,"Title Card: headline=0.6105, textcov=0.8789, stability=0.89"
BRICS_Roundtable_Live__Power_Shift_Or_Political_Posturing__China___India___Russi.mp4,499,4077.667,4138.2,60.533,Anchor Studio,94.0,"Anchor Studio: stable=0.86, symmetry=0.94, centered=True, faces=2, face_area=0.0543"
BRICS_Roundtable_Live__Power_Shift_Or_Political_Posturing__China___India___Russi.mp4,500,4138.267,4140.667,2.4,B-Roll,70.0,"B-Roll: motion=0.0321, edge=0.1277, face_area=0.0000, symmetry=0.91"
BRICS_Roundtable_Live__Power_Shift_Or_Political_Posturing__China___India___Russi.mp4,501,4140.733,4151.333,10.6,Title Card,78.0,"Title Card: headline=0.8583, textcov=0.8761, stability=0.91"
BRICS_Roundtable_Live__Power_Shift_Or_Political_Posturing__China___India___Russi.mp4,502,4151.4,4175.0,23.6,Anchor Studio,94.0,"Anchor Studio: stable=0.84, symmetry=0.92, centered=True, faces=2, face_area=0.0508"
BRICS_Roundtable_Live__Power_Shift_Or_Political_Posturing__China___India___Russi.mp4,503,4175.067,4180.733,5.666,Title Card,78.0,"Title Card: headline=0.8416, textcov=0.9761, stability=0.84"
BRICS_Roundtable_Live__Power_Shift_Or_Political_Posturing__China___India___Russi.mp4,504,4180.8,4205.533,24.733,Anchor Studio,94.0,"Anchor Studio: stable=0.85, symmetry=0.91, centered=True, faces=1, face_area=0.0505"
BRICS_Roundtable_Live__Power_Shift_Or_Political_Posturing__China___India___Russi.mp4,505,4205.6,4209.867,4.267,Title Card,78.0,"Title Card: headline=0.8628, textcov=0.8921, stability=0.81"
BRICS_Roundtable_Live__Power_Shift_Or_Political_Posturing__China___India___Russi.mp4,506,4209.933,4224.533,14.6,Anchor Studio,94.0,"Anchor Studio: stable=0.80, symmetry=0.94, centered=True, faces=1, face_area=0.0118"
BRICS_Roundtable_Live__Power_Shift_Or_Political_Posturing__China___India___Russi.mp4,507,4224.6,4247.8,23.2,Anchor Studio,94.0,"Anchor Studio: stable=0.79, symmetry=0.95, centered=True, faces=2, face_area=0.0145"
BRICS_Roundtable_Live__Power_Shift_Or_Political_Posturing__China___India___Russi.mp4,508,4247.867,4250.533,2.666,Anchor Studio,84.0,"Anchor Studio: stable=0.66, symmetry=0.96, centered=True, faces=1, face_area=0.0366"
BRICS_Roundtable_Live__Power_Shift_Or_Political_Posturing__China___India___Russi.mp4,509,4250.6,4259.333,8.733,Anchor Studio,94.0,"Anchor Studio: stable=0.88, symmetry=0.94, centered=True, faces=1, face_area=0.0323"
BRICS_Roundtable_Live__Power_Shift_Or_Political_Posturing__China___India___Russi.mp4,510,4259.4,4265.733,6.333,Title Card,78.0,"Title Card: headline=0.9481, textcov=0.9749, stability=0.87"
BRICS_Roundtable_Live__Power_Shift_Or_Political_Posturing__China___India___Russi.mp4,511,4265.8,4267.2,1.4,Title Card,78.0,"Title Card: headline=0.4903, textcov=0.7177, stability=0.84"
BRICS_Roundtable_Live__Power_Shift_Or_Political_Posturing__China___India___Russi.mp4,512,4267.267,4268.733,1.466,Title Card,68.0,"Title Card: headline=0.4847, textcov=0.7061, stability=0.78"
BRICS_Roundtable_Live__Power_Shift_Or_Political_Posturing__China___India___Russi.mp4,513,4268.8,4283.533,14.733,Anchor Studio,84.0,"Anchor Studio: stable=0.86, symmetry=0.95, centered=True, faces=1, face_area=0.0077"
BRICS_Roundtable_Live__Power_Shift_Or_Political_Posturing__China___India___Russi.mp4,514,4283.6,4287.4,3.8,Anchor Studio,84.0,"Anchor Studio: stable=0.69, symmetry=0.94, centered=True, faces=1, face_area=0.0194"
BRICS_Roundtable_Live__Power_Shift_Or_Political_Posturing__China___India___Russi.mp4,515,4287.467,4303.667,16.2,Anchor Studio,84.0,"Anchor Studio: stable=0.74, symmetry=0.96, centered=True, faces=1, face_area=0.0118"
BRICS_Roundtable_Live__Power_Shift_Or_Political_Posturing__China___India___Russi.mp4,516,4303.733,4319.067,15.334,Anchor Studio,84.0,"Anchor Studio: stable=0.83, symmetry=0.96, centered=True, faces=1, face_area=0.0030"
BRICS_Roundtable_Live__Power_Shift_Or_Political_Posturing__China___India___Russi.mp4,517,4319.133,4320.133,1.0,B-Roll,70.0,"B-Roll: motion=0.0473, edge=0.1203, face_area=0.0000, symmetry=0.91"
BRICS_Roundtable_Live__Power_Shift_Or_Political_Posturing__China___India___Russi.mp4,518,4320.2,4322.0,1.8,Anchor Studio,84.0,"Anchor Studio: stable=0.79, symmetry=0.96, centered=True, faces=1, face_area=0.0023"
BRICS_Roundtable_Live__Power_Shift_Or_Political_Posturing__China___India___Russi.mp4,519,4322.067,4329.733,7.666,Anchor Studio,84.0,"Anchor Studio: stable=0.85, symmetry=0.95, centered=True, faces=1, face_area=0.0003"
BRICS_Roundtable_Live__Power_Shift_Or_Political_Posturing__China___India___Russi.mp4,520,4329.8,4338.4,8.6,Anchor Studio,84.0,"Anchor Studio: stable=0.91, symmetry=0.97, centered=True, faces=1, face_area=0.0026"
BRICS_Roundtable_Live__Power_Shift_Or_Political_Posturing__China___India___Russi.mp4,521,4338.467,4344.133,5.666,Anchor Studio,74.0,"Anchor Studio: stable=0.62, symmetry=0.94, centered=True, faces=1, face_area=0.0016"
BRICS_Roundtable_Live__Power_Shift_Or_Political_Posturing__China___India___Russi.mp4,522,4344.2,4348.333,4.133,Title Card,78.0,"Title Card: headline=1.0432, textcov=1.1558, stability=0.88"
BRICS_Roundtable_Live__Power_Shift_Or_Political_Posturing__China___India___Russi.mp4,523,4348.4,4370.933,22.533,Anchor Studio,94.0,"Anchor Studio: stable=0.81, symmetry=0.86, centered=True, faces=2, face_area=0.0256"
BRICS_Roundtable_Live__Power_Shift_Or_Political_Posturing__China___India___Russi.mp4,524,4371.0,4383.933,12.933,Anchor Studio,94.0,"Anchor Studio: stable=0.86, symmetry=0.95, centered=True, faces=1, face_area=0.0151"
BRICS_Roundtable_Live__Power_Shift_Or_Political_Posturing__China___India___Russi.mp4,525,4384.0,4385.8,1.8,Anchor Studio,94.0,"Anchor Studio: stable=0.78, symmetry=0.94, centered=True, faces=1, face_area=0.0368"
BRICS_Roundtable_Live__Power_Shift_Or_Political_Posturing__China___India___Russi.mp4,526,4385.867,4400.667,14.8,Anchor Studio,94.0,"Anchor Studio: stable=0.85, symmetry=0.95, centered=True, faces=1, face_area=0.0126"
BRICS_Roundtable_Live__Power_Shift_Or_Political_Posturing__China___India___Russi.mp4,527,4400.733,4410.2,9.467,Anchor Studio,94.0,"Anchor Studio: stable=0.77, symmetry=0.94, centered=True, faces=2, face_area=0.0347"
BRICS_Roundtable_Live__Power_Shift_Or_Political_Posturing__China___India___Russi.mp4,528,4410.267,4413.933,3.666,Title Card,78.0,"Title Card: headline=0.6164, textcov=0.8197, stability=0.85"
BRICS_Roundtable_Live__Power_Shift_Or_Political_Posturing__China___India___Russi.mp4,529,4414.0,4426.867,12.867,Anchor Studio,84.0,"Anchor Studio: stable=0.84, symmetry=0.95, centered=True, faces=1, face_area=0.0079"
BRICS_Roundtable_Live__Power_Shift_Or_Political_Posturing__China___India___Russi.mp4,530,4426.933,4446.4,19.467,Anchor Studio,94.0,"Anchor Studio: stable=0.83, symmetry=0.93, centered=True, faces=1, face_area=0.0143"
BRICS_Roundtable_Live__Power_Shift_Or_Political_Posturing__China___India___Russi.mp4,531,4446.467,4480.4,33.933,Anchor Studio,94.0,"Anchor Studio: stable=0.80, symmetry=0.92, centered=True, faces=2, face_area=0.0170"
BRICS_Roundtable_Live__Power_Shift_Or_Political_Posturing__China___India___Russi.mp4,532,4480.467,4493.333,12.866,Anchor Studio,94.0,"Anchor Studio: stable=0.85, symmetry=0.93, centered=True, faces=1, face_area=0.0237"
BRICS_Roundtable_Live__Power_Shift_Or_Political_Posturing__China___India___Russi.mp4,533,4493.4,4497.8,4.4,Anchor Studio,94.0,"Anchor Studio: stable=0.81, symmetry=0.88, centered=True, faces=1, face_area=0.0318"
BRICS_Roundtable_Live__Power_Shift_Or_Political_Posturing__China___India___Russi.mp4,534,4497.867,4511.0,13.133,Title Card,78.0,"Title Card: headline=0.9342, textcov=1.0110, stability=0.87"
BRICS_Roundtable_Live__Power_Shift_Or_Political_Posturing__China___India___Russi.mp4,535,4511.067,4524.2,13.133,Anchor Studio,94.0,"Anchor Studio: stable=0.78, symmetry=0.93, centered=True, faces=2, face_area=0.0277"
BRICS_Roundtable_Live__Power_Shift_Or_Political_Posturing__China___India___Russi.mp4,536,4524.267,4526.133,1.866,Title Card,68.0,"Title Card: headline=1.0937, textcov=1.1665, stability=0.76"
BRICS_Roundtable_Live__Power_Shift_Or_Political_Posturing__China___India___Russi.mp4,537,4526.2,4529.933,3.733,Title Card,78.0,"Title Card: headline=1.1161, textcov=1.1416, stability=0.90"
BRICS_Roundtable_Live__Power_Shift_Or_Political_Posturing__China___India___Russi.mp4,538,4530.0,4538.2,8.2,Anchor Studio,94.0,"Anchor Studio: stable=0.77, symmetry=0.88, centered=True, faces=1, face_area=0.0262"
BRICS_Roundtable_Live__Power_Shift_Or_Political_Posturing__China___India___Russi.mp4,539,4538.267,4542.867,4.6,Title Card,78.0,"Title Card: headline=0.8823, textcov=0.9160, stability=0.89"
BRICS_Roundtable_Live__Power_Shift_Or_Political_Posturing__China___India___Russi.mp4,540,4542.933,4561.933,19.0,Anchor Studio,94.0,"Anchor Studio: stable=0.78, symmetry=0.94, centered=True, faces=1, face_area=0.0118"
BRICS_Roundtable_Live__Power_Shift_Or_Political_Posturing__China___India___Russi.mp4,541,4562.0,4573.8,11.8,Anchor Studio,84.0,"Anchor Studio: stable=0.80, symmetry=0.94, centered=True, faces=1, face_area=0.0013"
BRICS_Roundtable_Live__Power_Shift_Or_Political_Posturing__China___India___Russi.mp4,542,4573.867,4581.133,7.266,Anchor Studio,84.0,"Anchor Studio: stable=0.75, symmetry=0.92, centered=True, faces=1, face_area=0.0057"
BRICS_Roundtable_Live__Power_Shift_Or_Political_Posturing__China___India___Russi.mp4,543,4581.2,4582.267,1.067,Title Card,78.0,"Title Card: headline=1.1516, textcov=1.1927, stability=0.91"
BRICS_Roundtable_Live__Power_Shift_Or_Political_Posturing__China___India___Russi.mp4,544,4582.333,4590.2,7.867,Anchor Studio,82.0,"Anchor Studio: stable=0.80, symmetry=0.78, centered=True, faces=2, face_area=0.0435"
BRICS_Roundtable_Live__Power_Shift_Or_Political_Posturing__China___India___Russi.mp4,545,4590.267,4605.067,14.8,Anchor Studio,94.0,"Anchor Studio: stable=0.85, symmetry=0.91, centered=True, faces=2, face_area=0.0107"
BRICS_Roundtable_Live__Power_Shift_Or_Political_Posturing__China___India___Russi.mp4,546,4605.133,4611.733,6.6,Title Card,78.0,"Title Card: headline=0.9151, textcov=0.9384, stability=0.84"
BRICS_Roundtable_Live__Power_Shift_Or_Political_Posturing__China___India___Russi.mp4,547,4611.8,4616.133,4.333,Anchor Studio,82.0,"Anchor Studio: stable=0.87, symmetry=0.78, centered=True, faces=2, face_area=0.0935"
BRICS_Roundtable_Live__Power_Shift_Or_Political_Posturing__China___India___Russi.mp4,548,4616.2,4617.867,1.667,Anchor Studio,74.0,"Anchor Studio: stable=0.75, symmetry=0.89, centered=True, faces=1, face_area=0.0080"
BRICS_Roundtable_Live__Power_Shift_Or_Political_Posturing__China___India___Russi.mp4,549,4617.933,4621.867,3.934,Anchor Studio,84.0,"Anchor Studio: stable=0.84, symmetry=0.95, centered=True, faces=1, face_area=0.0019"
BRICS_Roundtable_Live__Power_Shift_Or_Political_Posturing__China___India___Russi.mp4,550,4621.933,4627.2,5.267,Anchor Studio,74.0,"Anchor Studio: stable=0.70, symmetry=0.90, centered=True, faces=1, face_area=0.0005"
BRICS_Roundtable_Live__Power_Shift_Or_Political_Posturing__China___India___Russi.mp4,551,4627.267,4636.133,8.866,Anchor Studio,84.0,"Anchor Studio: stable=0.86, symmetry=0.93, centered=True, faces=1, face_area=0.0014"
BRICS_Roundtable_Live__Power_Shift_Or_Political_Posturing__China___India___Russi.mp4,552,4636.2,4652.867,16.667,Title Card,78.0,"Title Card: headline=0.9585, textcov=0.9833, stability=0.90"
BRICS_Roundtable_Live__Power_Shift_Or_Political_Posturing__China___India___Russi.mp4,553,4652.933,4656.133,3.2,Anchor Studio,84.0,"Anchor Studio: stable=0.87, symmetry=0.98, centered=True, faces=1, face_area=0.0012"
BRICS_Roundtable_Live__Power_Shift_Or_Political_Posturing__China___India___Russi.mp4,554,4656.2,4671.067,14.867,Anchor Studio,84.0,"Anchor Studio: stable=0.85, symmetry=0.92, centered=True, faces=1, face_area=0.0086"
BRICS_Roundtable_Live__Power_Shift_Or_Political_Posturing__China___India___Russi.mp4,555,4671.133,4680.067,8.934,Title Card,78.0,"Title Card: headline=0.6123, textcov=0.8613, stability=0.81"
BRICS_Roundtable_Live__Power_Shift_Or_Political_Posturing__China___India___Russi.mp4,556,4680.133,4691.133,11.0,Anchor Studio,84.0,"Anchor Studio: stable=0.75, symmetry=0.95, centered=True, faces=1, face_area=0.0191"
BRICS_Roundtable_Live__Power_Shift_Or_Political_Posturing__China___India___Russi.mp4,557,4691.2,4700.2,9.0,Title Card,78.0,"Title Card: headline=0.9420, textcov=0.9750, stability=0.88"
BRICS_Roundtable_Live__Power_Shift_Or_Political_Posturing__China___India___Russi.mp4,558,4700.267,4713.4,13.133,Anchor Studio,82.0,"Anchor Studio: stable=0.85, symmetry=0.76, centered=True, faces=1, face_area=0.0186"
BRICS_Roundtable_Live__Power_Shift_Or_Political_Posturing__China___India___Russi.mp4,559,4713.467,4725.133,11.666,Anchor Studio,82.0,"Anchor Studio: stable=0.84, symmetry=0.77, centered=True, faces=1, face_area=0.0151"
BRICS_Roundtable_Live__Power_Shift_Or_Political_Posturing__China___India___Russi.mp4,560,4725.2,4734.8,9.6,Title Card,78.0,"Title Card: headline=0.5880, textcov=0.8250, stability=0.84"
BRICS_Roundtable_Live__Power_Shift_Or_Political_Posturing__China___India___Russi.mp4,561,4734.867,4742.8,7.933,Anchor Studio,84.0,"Anchor Studio: stable=0.69, symmetry=0.96, centered=True, faces=1, face_area=0.0167"
BRICS_Roundtable_Live__Power_Shift_Or_Political_Posturing__China___India___Russi.mp4,562,4742.867,4745.933,3.066,Anchor Studio,84.0,"Anchor Studio: stable=0.85, symmetry=0.91, centered=True, faces=1, face_area=0.0018"
BRICS_Roundtable_Live__Power_Shift_Or_Political_Posturing__China___India___Russi.mp4,563,4746.0,4748.133,2.133,Anchor Studio,74.0,"Anchor Studio: stable=0.74, symmetry=0.88, centered=True, faces=1, face_area=0.0053"
BRICS_Roundtable_Live__Power_Shift_Or_Political_Posturing__China___India___Russi.mp4,564,4748.2,4763.2,15.0,Anchor Studio,82.0,"Anchor Studio: stable=0.84, symmetry=0.78, centered=True, faces=1, face_area=0.0320"
BRICS_Roundtable_Live__Power_Shift_Or_Political_Posturing__China___India___Russi.mp4,565,4763.267,4767.533,4.266,Title Card,78.0,"Title Card: headline=0.8880, textcov=1.0347, stability=0.85"
BRICS_Roundtable_Live__Power_Shift_Or_Political_Posturing__China___India___Russi.mp4,566,4767.6,4770.333,2.733,Title Card,78.0,"Title Card: headline=0.8300, textcov=0.9879, stability=0.83"
BRICS_Roundtable_Live__Power_Shift_Or_Political_Posturing__China___India___Russi.mp4,567,4770.4,4780.333,9.933,Anchor Studio,82.0,"Anchor Studio: stable=0.85, symmetry=0.77, centered=True, faces=1, face_area=0.0304"
BRICS_Roundtable_Live__Power_Shift_Or_Political_Posturing__China___India___Russi.mp4,568,4780.4,4783.2,2.8,Title Card,78.0,"Title Card: headline=0.9872, textcov=1.0514, stability=0.83"
BRICS_Roundtable_Live__Power_Shift_Or_Political_Posturing__China___India___Russi.mp4,569,4783.267,4786.2,2.933,B-Roll,70.0,"B-Roll: motion=0.0263, edge=0.1551, face_area=0.0018, symmetry=0.96"
BRICS_Roundtable_Live__Power_Shift_Or_Political_Posturing__China___India___Russi.mp4,570,4786.267,4797.133,10.866,Anchor Studio,84.0,"Anchor Studio: stable=0.82, symmetry=0.95, centered=True, faces=2, face_area=0.0068"
BRICS_Roundtable_Live__Power_Shift_Or_Political_Posturing__China___India___Russi.mp4,571,4797.2,4801.0,3.8,Anchor Studio,84.0,"Anchor Studio: stable=0.83, symmetry=0.91, centered=True, faces=1, face_area=0.0014"
BRICS_Roundtable_Live__Power_Shift_Or_Political_Posturing__China___India___Russi.mp4,572,4801.067,4807.0,5.933,Title Card,78.0,"Title Card: headline=1.0096, textcov=1.0447, stability=0.84"
BRICS_Roundtable_Live__Power_Shift_Or_Political_Posturing__China___India___Russi.mp4,573,4807.067,4830.933,23.866,Anchor Studio,94.0,"Anchor Studio: stable=0.85, symmetry=0.96, centered=True, faces=2, face_area=0.0452"
BRICS_Roundtable_Live__Power_Shift_Or_Political_Posturing__China___India___Russi.mp4,574,4831.0,4835.933,4.933,Anchor Studio,94.0,"Anchor Studio: stable=0.85, symmetry=0.94, centered=True, faces=1, face_area=0.0612"
BRICS_Roundtable_Live__Power_Shift_Or_Political_Posturing__China___India___Russi.mp4,575,4836.0,4838.0,2.0,B-Roll,70.0,"B-Roll: motion=0.0263, edge=0.1323, face_area=0.0000, symmetry=0.90"
BRICS_Roundtable_Live__Power_Shift_Or_Political_Posturing__China___India___Russi.mp4,576,4838.067,4842.867,4.8,Title Card,78.0,"Title Card: headline=0.6472, textcov=0.9148, stability=0.82"
BRICS_Roundtable_Live__Power_Shift_Or_Political_Posturing__China___India___Russi.mp4,577,4842.933,4851.333,8.4,Anchor Studio,94.0,"Anchor Studio: stable=0.83, symmetry=0.95, centered=True, faces=2, face_area=0.0429"
BRICS_Roundtable_Live__Power_Shift_Or_Political_Posturing__China___India___Russi.mp4,578,4851.4,4866.333,14.933,Anchor Studio,94.0,"Anchor Studio: stable=0.87, symmetry=0.97, centered=True, faces=2, face_area=0.0321"
BRICS_Roundtable_Live__Power_Shift_Or_Political_Posturing__China___India___Russi.mp4,579,4866.4,4880.733,14.333,Anchor Studio,94.0,"Anchor Studio: stable=0.83, symmetry=0.95, centered=True, faces=1, face_area=0.0623"
BRICS_Roundtable_Live__Power_Shift_Or_Political_Posturing__China___India___Russi.mp4,580,4880.8,4888.533,7.733,Title Card,78.0,"Title Card: headline=0.9177, textcov=0.9345, stability=0.93"
BRICS_Roundtable_Live__Power_Shift_Or_Political_Posturing__China___India___Russi.mp4,581,4888.6,4899.533,10.933,Anchor Studio,84.0,"Anchor Studio: stable=0.58, symmetry=0.96, centered=True, faces=1, face_area=0.0277"
BRICS_Roundtable_Live__Power_Shift_Or_Political_Posturing__China___India___Russi.mp4,582,4899.6,4900.733,1.133,B-Roll,70.0,"B-Roll: motion=0.0461, edge=0.1527, face_area=0.0000, symmetry=0.96"
BRICS_Roundtable_Live__Power_Shift_Or_Political_Posturing__China___India___Russi.mp4,583,4900.8,4907.6,6.8,Anchor Studio,94.0,"Anchor Studio: stable=0.86, symmetry=0.86, centered=True, faces=1, face_area=0.0654"
BRICS_Roundtable_Live__Power_Shift_Or_Political_Posturing__China___India___Russi.mp4,584,4907.667,4910.933,3.266,Anchor Studio,74.0,"Anchor Studio: stable=0.72, symmetry=0.89, centered=True, faces=1, face_area=0.0033"
BRICS_Roundtable_Live__Power_Shift_Or_Political_Posturing__China___India___Russi.mp4,585,4911.0,4915.2,4.2,Title Card,78.0,"Title Card: headline=0.8645, textcov=0.8985, stability=0.86"
BRICS_Roundtable_Live__Power_Shift_Or_Political_Posturing__China___India___Russi.mp4,586,4915.267,4934.267,19.0,Anchor Studio,94.0,"Anchor Studio: stable=0.86, symmetry=0.88, centered=True, faces=1, face_area=0.0650"
BRICS_Roundtable_Live__Power_Shift_Or_Political_Posturing__China___India___Russi.mp4,587,4934.333,4947.133,12.8,Anchor Studio,94.0,"Anchor Studio: stable=0.87, symmetry=0.95, centered=True, faces=1, face_area=0.0144"
BRICS_Roundtable_Live__Power_Shift_Or_Political_Posturing__China___India___Russi.mp4,588,4947.2,4956.4,9.2,Anchor Studio,84.0,"Anchor Studio: stable=0.80, symmetry=0.92, centered=True, faces=1, face_area=0.0076"
BRICS_Roundtable_Live__Power_Shift_Or_Political_Posturing__China___India___Russi.mp4,589,4956.467,4965.733,9.266,Anchor Studio,84.0,"Anchor Studio: stable=0.80, symmetry=0.95, centered=True, faces=1, face_area=0.0069"
BRICS_Roundtable_Live__Power_Shift_Or_Political_Posturing__China___India___Russi.mp4,590,4965.8,4968.333,2.533,Anchor Studio,94.0,"Anchor Studio: stable=0.79, symmetry=0.96, centered=True, faces=1, face_area=0.0332"
BRICS_Roundtable_Live__Power_Shift_Or_Political_Posturing__China___India___Russi.mp4,591,4968.4,4971.4,3.0,B-Roll,70.0,"B-Roll: motion=0.0253, edge=0.1498, face_area=0.0000, symmetry=0.96"
BRICS_Roundtable_Live__Power_Shift_Or_Political_Posturing__China___India___Russi.mp4,592,4971.467,4976.733,5.266,Title Card,78.0,"Title Card: headline=0.6460, textcov=0.7176, stability=0.85"
BRICS_Roundtable_Live__Power_Shift_Or_Political_Posturing__China___India___Russi.mp4,593,4976.8,4995.267,18.467,Anchor Studio,94.0,"Anchor Studio: stable=0.82, symmetry=0.91, centered=True, faces=1, face_area=0.0300"
BRICS_Roundtable_Live__Power_Shift_Or_Political_Posturing__China___India___Russi.mp4,594,4995.333,5000.867,5.534,Title Card,78.0,"Title Card: headline=0.6604, textcov=0.8234, stability=0.90"
BRICS_Roundtable_Live__Power_Shift_Or_Political_Posturing__China___India___Russi.mp4,595,5000.933,5006.667,5.734,Anchor Studio,94.0,"Anchor Studio: stable=0.83, symmetry=0.87, centered=True, faces=1, face_area=0.0133"
BRICS_Roundtable_Live__Power_Shift_Or_Political_Posturing__China___India___Russi.mp4,596,5006.733,5009.067,2.334,B-Roll,70.0,"B-Roll: motion=0.0294, edge=0.1371, face_area=0.0000, symmetry=0.93"
BRICS_Roundtable_Live__Power_Shift_Or_Political_Posturing__China___India___Russi.mp4,597,5009.133,5017.133,8.0,Title Card,78.0,"Title Card: headline=0.8242, textcov=0.8533, stability=0.88"
BRICS_Roundtable_Live__Power_Shift_Or_Political_Posturing__China___India___Russi.mp4,598,5017.2,5018.6,1.4,Title Card,78.0,"Title Card: headline=0.1026, textcov=0.4456, stability=0.81"
BRICS_Roundtable_Live__Power_Shift_Or_Political_Posturing__China___India___Russi.mp4,599,5018.667,5036.067,17.4,Title Card,78.0,"Title Card: headline=0.7692, textcov=0.8269, stability=0.90"
BRICS_Roundtable_Live__Power_Shift_Or_Political_Posturing__China___India___Russi.mp4,600,5036.133,5044.267,8.134,Anchor Studio,82.0,"Anchor Studio: stable=0.87, symmetry=0.74, centered=True, faces=3, face_area=0.0711"
BRICS_Roundtable_Live__Power_Shift_Or_Political_Posturing__China___India___Russi.mp4,601,5044.333,5045.467,1.134,Field Report,68.0,"Field Report: motion=0.0356, faces=1, centered=False, symmetry=0.95"
BRICS_Roundtable_Live__Power_Shift_Or_Political_Posturing__China___India___Russi.mp4,602,5045.533,5049.2,3.667,Title Card,78.0,"Title Card: headline=0.7257, textcov=0.8684, stability=0.88"
BRICS_Roundtable_Live__Power_Shift_Or_Political_Posturing__China___India___Russi.mp4,603,5049.267,5064.667,15.4,Anchor Studio,84.0,"Anchor Studio: stable=0.74, symmetry=0.87, centered=True, faces=2, face_area=0.0136"
BRICS_Roundtable_Live__Power_Shift_Or_Political_Posturing__China___India___Russi.mp4,604,5064.733,5069.8,5.067,Anchor Studio,82.0,"Anchor Studio: stable=0.89, symmetry=0.75, centered=True, faces=2, face_area=0.1172"
BRICS_Roundtable_Live__Power_Shift_Or_Political_Posturing__China___India___Russi.mp4,605,5069.867,5073.0,3.133,Title Card,78.0,"Title Card: headline=0.8773, textcov=0.9311, stability=0.91"
BRICS_Roundtable_Live__Power_Shift_Or_Political_Posturing__China___India___Russi.mp4,606,5073.067,5089.467,16.4,Anchor Studio,82.0,"Anchor Studio: stable=0.86, symmetry=0.74, centered=True, faces=3, face_area=0.1084"
BRICS_Roundtable_Live__Power_Shift_Or_Political_Posturing__China___India___Russi.mp4,607,5089.533,5092.067,2.534,Title Card,78.0,"Title Card: headline=0.9047, textcov=0.9515, stability=0.92"
BRICS_Roundtable_Live__Power_Shift_Or_Political_Posturing__China___India___Russi.mp4,608,5092.133,5095.467,3.334,Anchor Studio,84.0,"Anchor Studio: stable=0.78, symmetry=0.85, centered=True, faces=2, face_area=0.0078"
BRICS_Roundtable_Live__Power_Shift_Or_Political_Posturing__China___India___Russi.mp4,609,5095.533,5115.667,20.134,Anchor Studio,84.0,"Anchor Studio: stable=0.85, symmetry=0.93, centered=True, faces=1, face_area=0.0042"
BRICS_Roundtable_Live__Power_Shift_Or_Political_Posturing__China___India___Russi.mp4,610,5115.733,5118.4,2.667,Anchor Studio,84.0,"Anchor Studio: stable=0.67, symmetry=0.96, centered=True, faces=1, face_area=0.0276"
BRICS_Roundtable_Live__Power_Shift_Or_Political_Posturing__China___India___Russi.mp4,611,5118.467,5120.6,2.133,Anchor Studio,94.0,"Anchor Studio: stable=0.88, symmetry=0.81, centered=True, faces=1, face_area=0.0288"
BRICS_Roundtable_Live__Power_Shift_Or_Political_Posturing__China___India___Russi.mp4,612,5120.667,5122.8,2.133,Anchor Studio,82.0,"Anchor Studio: stable=0.81, symmetry=0.76, centered=True, faces=1, face_area=0.0318"
BRICS_Roundtable_Live__Power_Shift_Or_Political_Posturing__China___India___Russi.mp4,613,5122.867,5124.333,1.466,Anchor Studio,82.0,"Anchor Studio: stable=0.76, symmetry=0.74, centered=True, faces=1, face_area=0.0435"
BRICS_Roundtable_Live__Power_Shift_Or_Political_Posturing__China___India___Russi.mp4,614,5124.4,5129.8,5.4,Anchor Studio,84.0,"Anchor Studio: stable=0.83, symmetry=0.92, centered=True, faces=1, face_area=0.0027"
BRICS_Roundtable_Live__Power_Shift_Or_Political_Posturing__China___India___Russi.mp4,615,5129.867,5134.467,4.6,Anchor Studio,82.0,"Anchor Studio: stable=0.90, symmetry=0.78, centered=True, faces=2, face_area=0.0433"
BRICS_Roundtable_Live__Power_Shift_Or_Political_Posturing__China___India___Russi.mp4,616,5134.533,5140.733,6.2,Anchor Studio,82.0,"Anchor Studio: stable=0.89, symmetry=0.77, centered=True, faces=1, face_area=0.0131"
BRICS_Roundtable_Live__Power_Shift_Or_Political_Posturing__China___India___Russi.mp4,617,5140.8,5143.533,2.733,Anchor Studio,72.0,"Anchor Studio: stable=0.78, symmetry=0.96, centered=False, faces=1, face_area=0.0026"
BRICS_Roundtable_Live__Power_Shift_Or_Political_Posturing__China___India___Russi.mp4,618,5143.6,5149.067,5.467,Title Card,78.0,"Title Card: headline=1.1682, textcov=1.2178, stability=0.91"
BRICS_Roundtable_Live__Power_Shift_Or_Political_Posturing__China___India___Russi.mp4,619,5149.133,5152.267,3.134,Title Card,78.0,"Title Card: headline=1.0247, textcov=1.2197, stability=0.86"
BRICS_Roundtable_Live__Power_Shift_Or_Political_Posturing__China___India___Russi.mp4,620,5152.333,5153.267,0.934,Anchor Studio,72.0,"Anchor Studio: stable=0.70, symmetry=0.72, centered=True, faces=1, face_area=0.0422"
BRICS_Roundtable_Live__Power_Shift_Or_Political_Posturing__China___India___Russi.mp4,621,5153.333,5154.267,0.934,Anchor Studio,84.0,"Anchor Studio: stable=0.66, symmetry=0.88, centered=True, faces=1, face_area=0.0260"
BRICS_Roundtable_Live__Power_Shift_Or_Political_Posturing__China___India___Russi.mp4,622,5154.333,5156.667,2.334,B-Roll,70.0,"B-Roll: motion=0.0266, edge=0.1178, face_area=0.0000, symmetry=0.97"
BRICS_Roundtable_Live__Power_Shift_Or_Political_Posturing__China___India___Russi.mp4,623,5156.733,5159.4,2.667,Title Card,78.0,"Title Card: headline=0.6849, textcov=0.7711, stability=0.85"
BRICS_Roundtable_Live__Power_Shift_Or_Political_Posturing__China___India___Russi.mp4,624,5159.467,5167.333,7.866,Anchor Studio,94.0,"Anchor Studio: stable=0.76, symmetry=0.95, centered=True, faces=1, face_area=0.0125"
BRICS_Roundtable_Live__Power_Shift_Or_Political_Posturing__China___India___Russi.mp4,625,5167.4,5168.4,1.0,Anchor Studio,84.0,"Anchor Studio: stable=0.74, symmetry=0.97, centered=True, faces=1, face_area=0.0236"
BRICS_Roundtable_Live__Power_Shift_Or_Political_Posturing__China___India___Russi.mp4,626,5168.467,5178.0,9.533,Title Card,78.0,"Title Card: headline=0.6835, textcov=0.8217, stability=0.81"
BRICS_Roundtable_Live__Power_Shift_Or_Political_Posturing__China___India___Russi.mp4,627,5178.067,5180.0,1.933,Anchor Studio,94.0,"Anchor Studio: stable=0.78, symmetry=0.81, centered=True, faces=1, face_area=0.0275"
BRICS_Roundtable_Live__Power_Shift_Or_Political_Posturing__China___India___Russi.mp4,628,5180.067,5215.933,35.866,Anchor Studio,94.0,"Anchor Studio: stable=0.84, symmetry=0.83, centered=True, faces=1, face_area=0.0129"
BRICS_Roundtable_Live__Power_Shift_Or_Political_Posturing__China___India___Russi.mp4,629,5216.0,5227.267,11.267,Anchor Studio,84.0,"Anchor Studio: stable=0.70, symmetry=0.94, centered=True, faces=1, face_area=0.0132"
BRICS_Roundtable_Live__Power_Shift_Or_Political_Posturing__China___India___Russi.mp4,630,5227.333,5230.667,3.334,Title Card,78.0,"Title Card: headline=0.7802, textcov=0.8771, stability=0.87"
BRICS_Roundtable_Live__Power_Shift_Or_Political_Posturing__China___India___Russi.mp4,631,5230.733,5239.133,8.4,Anchor Studio,82.0,"Anchor Studio: stable=0.84, symmetry=0.79, centered=True, faces=1, face_area=0.0132"
BRICS_Roundtable_Live__Power_Shift_Or_Political_Posturing__China___India___Russi.mp4,632,5239.2,5240.8,1.6,Anchor Studio,84.0,"Anchor Studio: stable=0.87, symmetry=0.99, centered=True, faces=1, face_area=0.0064"
BRICS_Roundtable_Live__Power_Shift_Or_Political_Posturing__China___India___Russi.mp4,633,5240.867,5245.6,4.733,Anchor Studio,84.0,"Anchor Studio: stable=0.90, symmetry=0.99, centered=True, faces=1, face_area=0.0021"
BRICS_Roundtable_Live__Power_Shift_Or_Political_Posturing__China___India___Russi.mp4,634,5245.667,5246.667,1.0,Title Card,68.0,"Title Card: headline=1.1613, textcov=1.3352, stability=0.80"
BRICS_Roundtable_Live__Power_Shift_Or_Political_Posturing__China___India___Russi.mp4,635,5246.733,5263.467,16.734,Anchor Studio,84.0,"Anchor Studio: stable=0.79, symmetry=0.92, centered=True, faces=1, face_area=0.0043"
BRICS_Roundtable_Live__Power_Shift_Or_Political_Posturing__China___India___Russi.mp4,636,5263.533,5265.333,1.8,Anchor Studio,94.0,"Anchor Studio: stable=0.83, symmetry=0.92, centered=True, faces=1, face_area=0.0176"
BRICS_Roundtable_Live__Power_Shift_Or_Political_Posturing__China___India___Russi.mp4,637,5265.4,5266.467,1.067,B-Roll,70.0,"B-Roll: motion=0.0350, edge=0.1381, face_area=0.0000, symmetry=0.95"
BRICS_Roundtable_Live__Power_Shift_Or_Political_Posturing__China___India___Russi.mp4,638,5266.533,5270.6,4.067,Title Card,78.0,"Title Card: headline=0.5120, textcov=0.7112, stability=0.82"
BRICS_Roundtable_Live__Power_Shift_Or_Political_Posturing__China___India___Russi.mp4,639,5270.667,5282.4,11.733,Anchor Studio,84.0,"Anchor Studio: stable=0.75, symmetry=0.96, centered=True, faces=1, face_area=0.0079"
BRICS_Roundtable_Live__Power_Shift_Or_Political_Posturing__China___India___Russi.mp4,640,5282.467,5287.267,4.8,Title Card,78.0,"Title Card: headline=0.7340, textcov=0.8213, stability=0.88"
BRICS_Roundtable_Live__Power_Shift_Or_Political_Posturing__China___India___Russi.mp4,641,5287.333,5296.267,8.934,Anchor Studio,82.0,"Anchor Studio: stable=0.86, symmetry=0.76, centered=True, faces=1, face_area=0.0241"
BRICS_Roundtable_Live__Power_Shift_Or_Political_Posturing__China___India___Russi.mp4,642,5296.333,5314.267,17.934,Anchor Studio,82.0,"Anchor Studio: stable=0.83, symmetry=0.77, centered=True, faces=1, face_area=0.0230"
BRICS_Roundtable_Live__Power_Shift_Or_Political_Posturing__China___India___Russi.mp4,643,5314.333,5316.467,2.134,Anchor Studio,82.0,"Anchor Studio: stable=0.77, symmetry=0.74, centered=True, faces=1, face_area=0.0382"
BRICS_Roundtable_Live__Power_Shift_Or_Political_Posturing__China___India___Russi.mp4,644,5316.533,5321.467,4.934,Anchor Studio,94.0,"Anchor Studio: stable=0.83, symmetry=0.90, centered=True, faces=1, face_area=0.0310"
BRICS_Roundtable_Live__Power_Shift_Or_Political_Posturing__China___India___Russi.mp4,645,5321.533,5330.733,9.2,Title Card,78.0,"Title Card: headline=0.6171, textcov=0.8862, stability=0.89"
BRICS_Roundtable_Live__Power_Shift_Or_Political_Posturing__China___India___Russi.mp4,646,5330.8,5391.333,60.533,Anchor Studio,94.0,"Anchor Studio: stable=0.86, symmetry=0.94, centered=True, faces=2, face_area=0.0545"
BRICS_Roundtable_Live__Power_Shift_Or_Political_Posturing__China___India___Russi.mp4,647,5391.4,5393.867,2.467,B-Roll,70.0,"B-Roll: motion=0.0321, edge=0.1279, face_area=0.0000, symmetry=0.91"
BRICS_Roundtable_Live__Power_Shift_Or_Political_Posturing__China___India___Russi.mp4,648,5393.933,5404.4,10.467,Title Card,78.0,"Title Card: headline=0.8592, textcov=0.8762, stability=0.91"
BRICS_Roundtable_Live__Power_Shift_Or_Political_Posturing__China___India___Russi.mp4,649,5404.467,5428.067,23.6,Anchor Studio,94.0,"Anchor Studio: stable=0.84, symmetry=0.92, centered=True, faces=1, face_area=0.0506"
BRICS_Roundtable_Live__Power_Shift_Or_Political_Posturing__China___India___Russi.mp4,650,5428.133,5433.8,5.667,Title Card,78.0,"Title Card: headline=0.8227, textcov=0.9573, stability=0.83"
BRICS_Roundtable_Live__Power_Shift_Or_Political_Posturing__China___India___Russi.mp4,651,5433.867,5458.6,24.733,Anchor Studio,94.0,"Anchor Studio: stable=0.85, symmetry=0.92, centered=True, faces=1, face_area=0.0505"
BRICS_Roundtable_Live__Power_Shift_Or_Political_Posturing__China___India___Russi.mp4,652,5458.667,5463.0,4.333,Title Card,78.0,"Title Card: headline=0.8743, textcov=0.9060, stability=0.81"
BRICS_Roundtable_Live__Power_Shift_Or_Political_Posturing__China___India___Russi.mp4,653,5463.067,5477.6,14.533,Anchor Studio,94.0,"Anchor Studio: stable=0.80, symmetry=0.94, centered=True, faces=1, face_area=0.0114"
BRICS_Roundtable_Live__Power_Shift_Or_Political_Posturing__China___India___Russi.mp4,654,5477.667,5503.667,26.0,Anchor Studio,94.0,"Anchor Studio: stable=0.78, symmetry=0.95, centered=True, faces=2, face_area=0.0173"
BRICS_Roundtable_Live__Power_Shift_Or_Political_Posturing__China___India___Russi.mp4,655,5503.733,5512.467,8.734,Anchor Studio,94.0,"Anchor Studio: stable=0.88, symmetry=0.94, centered=True, faces=1, face_area=0.0310"
BRICS_Roundtable_Live__Power_Shift_Or_Political_Posturing__China___India___Russi.mp4,656,5512.533,5518.8,6.267,Title Card,78.0,"Title Card: headline=0.9732, textcov=0.9990, stability=0.89"
BRICS_Roundtable_Live__Power_Shift_Or_Political_Posturing__China___India___Russi.mp4,657,5518.867,5521.8,2.933,Title Card,68.0,"Title Card: headline=0.4603, textcov=0.7200, stability=0.76"
BRICS_Roundtable_Live__Power_Shift_Or_Political_Posturing__China___India___Russi.mp4,658,5521.867,5536.6,14.733,Anchor Studio,84.0,"Anchor Studio: stable=0.86, symmetry=0.95, centered=True, faces=1, face_area=0.0079"
BRICS_Roundtable_Live__Power_Shift_Or_Political_Posturing__China___India___Russi.mp4,659,5536.667,5539.0,2.333,Anchor Studio,84.0,"Anchor Studio: stable=0.63, symmetry=0.95, centered=True, faces=1, face_area=0.0148"
BRICS_Roundtable_Live__Power_Shift_Or_Political_Posturing__China___India___Russi.mp4,660,5539.067,5540.533,1.466,Anchor Studio,94.0,"Anchor Studio: stable=0.77, symmetry=0.92, centered=True, faces=1, face_area=0.0254"
BRICS_Roundtable_Live__Power_Shift_Or_Political_Posturing__China___India___Russi.mp4,661,5540.6,5556.8,16.2,Anchor Studio,84.0,"Anchor Studio: stable=0.74, symmetry=0.96, centered=True, faces=1, face_area=0.0122"
BRICS_Roundtable_Live__Power_Shift_Or_Political_Posturing__China___India___Russi.mp4,662,5556.867,5557.467,0.6,B-Roll,70.0,"B-Roll: motion=0.0541, edge=0.1147, face_area=0.0000, symmetry=0.89"
BRICS_Roundtable_Live__Power_Shift_Or_Political_Posturing__China___India___Russi.mp4,663,5557.533,5572.2,14.667,Anchor Studio,84.0,"Anchor Studio: stable=0.85, symmetry=0.96, centered=True, faces=1, face_area=0.0028"
BRICS_Roundtable_Live__Power_Shift_Or_Political_Posturing__China___India___Russi.mp4,664,5572.267,5582.8,10.533,Anchor Studio,84.0,"Anchor Studio: stable=0.81, symmetry=0.95, centered=True, faces=1, face_area=0.0009"
BRICS_Roundtable_Live__Power_Shift_Or_Political_Posturing__China___India___Russi.mp4,665,5582.867,5591.467,8.6,Title Card,78.0,"Title Card: headline=1.0407, textcov=1.0590, stability=0.91"
BRICS_Roundtable_Live__Power_Shift_Or_Political_Posturing__China___India___Russi.mp4,666,5591.533,5597.267,5.734,Anchor Studio,74.0,"Anchor Studio: stable=0.62, symmetry=0.94, centered=True, faces=1, face_area=0.0016"
BRICS_Roundtable_Live__Power_Shift_Or_Political_Posturing__China___India___Russi.mp4,667,5597.333,5601.4,4.067,Title Card,78.0,"Title Card: headline=1.0389, textcov=1.1482, stability=0.89"
BRICS_Roundtable_Live__Power_Shift_Or_Political_Posturing__China___India___Russi.mp4,668,5601.467,5624.067,22.6,Anchor Studio,94.0,"Anchor Studio: stable=0.81, symmetry=0.86, centered=True, faces=2, face_area=0.0261"
BRICS_Roundtable_Live__Power_Shift_Or_Political_Posturing__China___India___Russi.mp4,669,5624.133,5637.0,12.867,Anchor Studio,94.0,"Anchor Studio: stable=0.86, symmetry=0.95, centered=True, faces=1, face_area=0.0147"
BRICS_Roundtable_Live__Power_Shift_Or_Political_Posturing__China___India___Russi.mp4,670,5637.067,5638.867,1.8,Anchor Studio,94.0,"Anchor Studio: stable=0.77, symmetry=0.95, centered=True, faces=1, face_area=0.0377"
BRICS_Roundtable_Live__Power_Shift_Or_Political_Posturing__China___India___Russi.mp4,671,5638.933,5653.8,14.867,Anchor Studio,94.0,"Anchor Studio: stable=0.85, symmetry=0.95, centered=True, faces=1, face_area=0.0130"
BRICS_Roundtable_Live__Power_Shift_Or_Political_Posturing__China___India___Russi.mp4,672,5653.867,5663.333,9.466,Anchor Studio,94.0,"Anchor Studio: stable=0.77, symmetry=0.95, centered=True, faces=2, face_area=0.0353"
BRICS_Roundtable_Live__Power_Shift_Or_Political_Posturing__China___India___Russi.mp4,673,5663.4,5667.067,3.667,Title Card,78.0,"Title Card: headline=0.6613, textcov=0.8584, stability=0.85"
BRICS_Roundtable_Live__Power_Shift_Or_Political_Posturing__China___India___Russi.mp4,674,5667.133,5680.0,12.867,Anchor Studio,84.0,"Anchor Studio: stable=0.84, symmetry=0.95, centered=True, faces=1, face_area=0.0082"
BRICS_Roundtable_Live__Power_Shift_Or_Political_Posturing__China___India___Russi.mp4,675,5680.067,5699.467,19.4,Anchor Studio,94.0,"Anchor Studio: stable=0.83, symmetry=0.93, centered=True, faces=1, face_area=0.0138"
BRICS_Roundtable_Live__Power_Shift_Or_Political_Posturing__China___India___Russi.mp4,676,5699.533,5733.533,34.0,Anchor Studio,94.0,"Anchor Studio: stable=0.80, symmetry=0.92, centered=True, faces=1, face_area=0.0163"
BRICS_Roundtable_Live__Power_Shift_Or_Political_Posturing__China___India___Russi.mp4,677,5733.6,5746.467,12.867,Anchor Studio,94.0,"Anchor Studio: stable=0.85, symmetry=0.93, centered=True, faces=2, face_area=0.0246"
BRICS_Roundtable_Live__Power_Shift_Or_Political_Posturing__China___India___Russi.mp4,678,5746.533,5750.867,4.334,Anchor Studio,94.0,"Anchor Studio: stable=0.82, symmetry=0.87, centered=True, faces=1, face_area=0.0313"
BRICS_Roundtable_Live__Power_Shift_Or_Political_Posturing__China___India___Russi.mp4,679,5750.933,5764.133,13.2,Title Card,78.0,"Title Card: headline=0.9690, textcov=1.0452, stability=0.87"
BRICS_Roundtable_Live__Power_Shift_Or_Political_Posturing__China___India___Russi.mp4,680,5764.2,5777.333,13.133,Anchor Studio,94.0,"Anchor Studio: stable=0.77, symmetry=0.93, centered=True, faces=2, face_area=0.0278"
BRICS_Roundtable_Live__Power_Shift_Or_Political_Posturing__China___India___Russi.mp4,681,5777.4,5779.267,1.867,Title Card,68.0,"Title Card: headline=1.0956, textcov=1.1719, stability=0.76"
BRICS_Roundtable_Live__Power_Shift_Or_Political_Posturing__China___India___Russi.mp4,682,5779.333,5783.0,3.667,Title Card,78.0,"Title Card: headline=1.0354, textcov=1.0580, stability=0.90"
BRICS_Roundtable_Live__Power_Shift_Or_Political_Posturing__China___India___Russi.mp4,683,5783.067,5791.333,8.266,Anchor Studio,94.0,"Anchor Studio: stable=0.77, symmetry=0.88, centered=True, faces=1, face_area=0.0267"
BRICS_Roundtable_Live__Power_Shift_Or_Political_Posturing__China___India___Russi.mp4,684,5791.4,5796.0,4.6,Title Card,78.0,"Title Card: headline=0.9302, textcov=0.9655, stability=0.89"
BRICS_Roundtable_Live__Power_Shift_Or_Political_Posturing__China___India___Russi.mp4,685,5796.067,5815.067,19.0,Anchor Studio,94.0,"Anchor Studio: stable=0.78, symmetry=0.94, centered=True, faces=2, face_area=0.0122"
BRICS_Roundtable_Live__Power_Shift_Or_Political_Posturing__China___India___Russi.mp4,686,5815.133,5826.867,11.734,Anchor Studio,84.0,"Anchor Studio: stable=0.81, symmetry=0.94, centered=True, faces=1, face_area=0.0040"
BRICS_Roundtable_Live__Power_Shift_Or_Political_Posturing__China___India___Russi.mp4,687,5826.933,5834.267,7.334,Anchor Studio,74.0,"Anchor Studio: stable=0.75, symmetry=0.92, centered=True, faces=1, face_area=0.0062"
BRICS_Roundtable_Live__Power_Shift_Or_Political_Posturing__China___India___Russi.mp4,688,5834.333,5835.4,1.067,Title Card,78.0,"Title Card: headline=1.1768, textcov=1.2096, stability=0.91"
BRICS_Roundtable_Live__Power_Shift_Or_Political_Posturing__China___India___Russi.mp4,689,5835.467,5843.267,7.8,Anchor Studio,82.0,"Anchor Studio: stable=0.80, symmetry=0.78, centered=True, faces=2, face_area=0.0592"
BRICS_Roundtable_Live__Power_Shift_Or_Political_Posturing__China___India___Russi.mp4,690,5843.333,5858.2,14.867,Anchor Studio,94.0,"Anchor Studio: stable=0.85, symmetry=0.91, centered=True, faces=2, face_area=0.0127"
BRICS_Roundtable_Live__Power_Shift_Or_Political_Posturing__China___India___Russi.mp4,691,5858.267,5864.867,6.6,Title Card,78.0,"Title Card: headline=0.8892, textcov=0.9199, stability=0.84"
BRICS_Roundtable_Live__Power_Shift_Or_Political_Posturing__China___India___Russi.mp4,692,5864.933,5869.267,4.334,Anchor Studio,82.0,"Anchor Studio: stable=0.86, symmetry=0.78, centered=True, faces=2, face_area=0.0935"
BRICS_Roundtable_Live__Power_Shift_Or_Political_Posturing__China___India___Russi.mp4,693,5869.333,5871.0,1.667,Anchor Studio,84.0,"Anchor Studio: stable=0.76, symmetry=0.90, centered=True, faces=1, face_area=0.0068"
BRICS_Roundtable_Live__Power_Shift_Or_Political_Posturing__China___India___Russi.mp4,694,5871.067,5875.0,3.933,Title Card,78.0,"Title Card: headline=0.6242, textcov=0.9114, stability=0.85"
BRICS_Roundtable_Live__Power_Shift_Or_Political_Posturing__China___India___Russi.mp4,695,5875.067,5880.333,5.266,Anchor Studio,74.0,"Anchor Studio: stable=0.70, symmetry=0.90, centered=True, faces=1, face_area=0.0005"
BRICS_Roundtable_Live__Power_Shift_Or_Political_Posturing__China___India___Russi.mp4,696,5880.4,5889.267,8.867,Title Card,78.0,"Title Card: headline=0.7191, textcov=0.9197, stability=0.86"
BRICS_Roundtable_Live__Power_Shift_Or_Political_Posturing__China___India___Russi.mp4,697,5889.333,5906.0,16.667,Title Card,78.0,"Title Card: headline=0.9583, textcov=0.9841, stability=0.90"
BRICS_Roundtable_Live__Power_Shift_Or_Political_Posturing__China___India___Russi.mp4,698,5906.067,5909.267,3.2,Anchor Studio,84.0,"Anchor Studio: stable=0.86, symmetry=0.98, centered=True, faces=1, face_area=0.0019"
BRICS_Roundtable_Live__Power_Shift_Or_Political_Posturing__China___India___Russi.mp4,699,5909.333,5924.2,14.867,Anchor Studio,84.0,"Anchor Studio: stable=0.84, symmetry=0.92, centered=True, faces=1, face_area=0.0086"
BRICS_Roundtable_Live__Power_Shift_Or_Political_Posturing__China___India___Russi.mp4,700,5924.267,5933.2,8.933,Title Card,78.0,"Title Card: headline=0.6085, textcov=0.8550, stability=0.81"
BRICS_Roundtable_Live__Power_Shift_Or_Political_Posturing__China___India___Russi.mp4,701,5933.267,5944.2,10.933,Anchor Studio,84.0,"Anchor Studio: stable=0.74, symmetry=0.95, centered=True, faces=1, face_area=0.0180"
BRICS_Roundtable_Live__Power_Shift_Or_Political_Posturing__China___India___Russi.mp4,702,5944.267,5953.267,9.0,Title Card,78.0,"Title Card: headline=1.0085, textcov=1.0335, stability=0.88"
BRICS_Roundtable_Live__Power_Shift_Or_Political_Posturing__China___India___Russi.mp4,703,5953.333,5978.267,24.934,Anchor Studio,82.0,"Anchor Studio: stable=0.85, symmetry=0.76, centered=True, faces=1, face_area=0.0177"
BRICS_Roundtable_Live__Power_Shift_Or_Political_Posturing__China___India___Russi.mp4,704,5978.333,5987.933,9.6,Title Card,78.0,"Title Card: headline=0.5828, textcov=0.8197, stability=0.84"
BRICS_Roundtable_Live__Power_Shift_Or_Political_Posturing__China___India___Russi.mp4,705,5988.0,5995.933,7.933,Anchor Studio,84.0,"Anchor Studio: stable=0.69, symmetry=0.97, centered=True, faces=1, face_area=0.0180"
BRICS_Roundtable_Live__Power_Shift_Or_Political_Posturing__China___India___Russi.mp4,706,5996.0,5999.067,3.067,Anchor Studio,84.0,"Anchor Studio: stable=0.85, symmetry=0.91, centered=True, faces=1, face_area=0.0018"
BRICS_Roundtable_Live__Power_Shift_Or_Political_Posturing__China___India___Russi.mp4,707,5999.133,6001.2,2.067,B-Roll,70.0,"B-Roll: motion=0.0251, edge=0.1383, face_area=0.0020, symmetry=0.88"
BRICS_Roundtable_Live__Power_Shift_Or_Political_Posturing__China___India___Russi.mp4,708,6001.267,6016.333,15.066,Anchor Studio,82.0,"Anchor Studio: stable=0.84, symmetry=0.78, centered=True, faces=1, face_area=0.0323"
BRICS_Roundtable_Live__Power_Shift_Or_Political_Posturing__China___India___Russi.mp4,709,6016.4,6020.667,4.267,Title Card,78.0,"Title Card: headline=0.8883, textcov=1.0332, stability=0.85"
BRICS_Roundtable_Live__Power_Shift_Or_Political_Posturing__China___India___Russi.mp4,710,6020.733,6023.4,2.667,Title Card,78.0,"Title Card: headline=0.8914, textcov=1.0259, stability=0.84"
BRICS_Roundtable_Live__Power_Shift_Or_Political_Posturing__China___India___Russi.mp4,711,6023.467,6033.4,9.933,Anchor Studio,82.0,"Anchor Studio: stable=0.85, symmetry=0.77, centered=True, faces=1, face_area=0.0287"
BRICS_Roundtable_Live__Power_Shift_Or_Political_Posturing__China___India___Russi.mp4,712,6033.467,6036.467,3.0,Title Card,78.0,"Title Card: headline=0.9957, textcov=1.0607, stability=0.82"
BRICS_Roundtable_Live__Power_Shift_Or_Political_Posturing__China___India___Russi.mp4,713,6036.533,6039.267,2.734,B-Roll,70.0,"B-Roll: motion=0.0268, edge=0.1543, face_area=0.0035, symmetry=0.96"
BRICS_Roundtable_Live__Power_Shift_Or_Political_Posturing__China___India___Russi.mp4,714,6039.333,6050.267,10.934,Anchor Studio,84.0,"Anchor Studio: stable=0.82, symmetry=0.96, centered=True, faces=2, face_area=0.0067"
BRICS_Roundtable_Live__Power_Shift_Or_Political_Posturing__China___India___Russi.mp4,715,6050.333,6054.133,3.8,Title Card,78.0,"Title Card: headline=0.8504, textcov=0.9603, stability=0.83"
BRICS_Roundtable_Live__Power_Shift_Or_Political_Posturing__China___India___Russi.mp4,716,6054.2,6060.133,5.933,Title Card,78.0,"Title Card: headline=0.9643, textcov=0.9958, stability=0.84"
BRICS_Roundtable_Live__Power_Shift_Or_Political_Posturing__China___India___Russi.mp4,717,6060.2,6084.0,23.8,Anchor Studio,94.0,"Anchor Studio: stable=0.85, symmetry=0.96, centered=True, faces=2, face_area=0.0453"
BRICS_Roundtable_Live__Power_Shift_Or_Political_Posturing__China___India___Russi.mp4,718,6084.067,6089.067,5.0,Anchor Studio,94.0,"Anchor Studio: stable=0.85, symmetry=0.94, centered=True, faces=1, face_area=0.0610"
BRICS_Roundtable_Live__Power_Shift_Or_Political_Posturing__China___India___Russi.mp4,719,6089.133,6096.0,6.867,Anchor Studio,72.0,"Anchor Studio: stable=0.79, symmetry=0.92, centered=False, faces=1, face_area=0.0008"
BRICS_Roundtable_Live__Power_Shift_Or_Political_Posturing__China___India___Russi.mp4,720,6096.067,6104.467,8.4,Anchor Studio,94.0,"Anchor Studio: stable=0.83, symmetry=0.95, centered=True, faces=1, face_area=0.0418"
BRICS_Roundtable_Live__Power_Shift_Or_Political_Posturing__China___India___Russi.mp4,721,6104.533,6119.4,14.867,Anchor Studio,94.0,"Anchor Studio: stable=0.87, symmetry=0.97, centered=True, faces=2, face_area=0.0320"
BRICS_Roundtable_Live__Power_Shift_Or_Political_Posturing__China___India___Russi.mp4,722,6119.467,6133.8,14.333,Anchor Studio,94.0,"Anchor Studio: stable=0.82, symmetry=0.95, centered=True, faces=2, face_area=0.0625"
BRICS_Roundtable_Live__Power_Shift_Or_Political_Posturing__China___India___Russi.mp4,723,6133.867,6141.6,7.733,Title Card,78.0,"Title Card: headline=1.0214, textcov=1.0406, stability=0.93"
BRICS_Roundtable_Live__Power_Shift_Or_Political_Posturing__China___India___Russi.mp4,724,6141.667,6152.667,11.0,Anchor Studio,84.0,"Anchor Studio: stable=0.58, symmetry=0.96, centered=True, faces=1, face_area=0.0272"
BRICS_Roundtable_Live__Power_Shift_Or_Political_Posturing__China___India___Russi.mp4,725,6152.733,6153.8,1.067,B-Roll,70.0,"B-Roll: motion=0.0449, edge=0.1531, face_area=0.0000, symmetry=0.97"
BRICS_Roundtable_Live__Power_Shift_Or_Political_Posturing__China___India___Russi.mp4,726,6153.867,6160.733,6.866,Anchor Studio,94.0,"Anchor Studio: stable=0.86, symmetry=0.86, centered=True, faces=1, face_area=0.0653"
BRICS_Roundtable_Live__Power_Shift_Or_Political_Posturing__China___India___Russi.mp4,727,6160.8,6164.2,3.4,Anchor Studio,74.0,"Anchor Studio: stable=0.71, symmetry=0.90, centered=True, faces=1, face_area=0.0017"
BRICS_Roundtable_Live__Power_Shift_Or_Political_Posturing__China___India___Russi.mp4,728,6164.267,6168.333,4.066,Title Card,78.0,"Title Card: headline=0.8542, textcov=0.8960, stability=0.87"
BRICS_Roundtable_Live__Power_Shift_Or_Political_Posturing__China___India___Russi.mp4,729,6168.4,6187.333,18.933,Anchor Studio,94.0,"Anchor Studio: stable=0.86, symmetry=0.88, centered=True, faces=1, face_area=0.0651"
BRICS_Roundtable_Live__Power_Shift_Or_Political_Posturing__China___India___Russi.mp4,730,6187.4,6200.267,12.867,Anchor Studio,94.0,"Anchor Studio: stable=0.88, symmetry=0.95, centered=True, faces=2, face_area=0.0149"
BRICS_Roundtable_Live__Power_Shift_Or_Political_Posturing__China___India___Russi.mp4,731,6200.333,6209.533,9.2,Anchor Studio,84.0,"Anchor Studio: stable=0.81, symmetry=0.92, centered=True, faces=1, face_area=0.0070"
BRICS_Roundtable_Live__Power_Shift_Or_Political_Posturing__China___India___Russi.mp4,732,6209.6,6218.8,9.2,Anchor Studio,84.0,"Anchor Studio: stable=0.81, symmetry=0.95, centered=True, faces=1, face_area=0.0061"
BRICS_Roundtable_Live__Power_Shift_Or_Political_Posturing__China___India___Russi.mp4,733,6218.867,6221.4,2.533,Anchor Studio,94.0,"Anchor Studio: stable=0.78, symmetry=0.96, centered=True, faces=1, face_area=0.0333"
BRICS_Roundtable_Live__Power_Shift_Or_Political_Posturing__China___India___Russi.mp4,734,6221.467,6224.533,3.066,B-Roll,70.0,"B-Roll: motion=0.0268, edge=0.1499, face_area=0.0000, symmetry=0.95"
BRICS_Roundtable_Live__Power_Shift_Or_Political_Posturing__China___India___Russi.mp4,735,6224.6,6229.867,5.267,Title Card,78.0,"Title Card: headline=0.6463, textcov=0.7147, stability=0.85"
BRICS_Roundtable_Live__Power_Shift_Or_Political_Posturing__China___India___Russi.mp4,736,6229.933,6248.333,18.4,Anchor Studio,94.0,"Anchor Studio: stable=0.82, symmetry=0.91, centered=True, faces=1, face_area=0.0303"
BRICS_Roundtable_Live__Power_Shift_Or_Political_Posturing__China___India___Russi.mp4,737,6248.4,6253.933,5.533,Title Card,78.0,"Title Card: headline=0.6294, textcov=0.8103, stability=0.90"
BRICS_Roundtable_Live__Power_Shift_Or_Political_Posturing__China___India___Russi.mp4,738,6254.0,6259.8,5.8,Anchor Studio,94.0,"Anchor Studio: stable=0.83, symmetry=0.87, centered=True, faces=1, face_area=0.0141"
BRICS_Roundtable_Live__Power_Shift_Or_Political_Posturing__China___India___Russi.mp4,739,6259.867,6262.133,2.266,B-Roll,70.0,"B-Roll: motion=0.0310, edge=0.1359, face_area=0.0000, symmetry=0.93"
BRICS_Roundtable_Live__Power_Shift_Or_Political_Posturing__China___India___Russi.mp4,740,6262.2,6270.267,8.067,Title Card,78.0,"Title Card: headline=0.8399, textcov=0.8701, stability=0.88"
BRICS_Roundtable_Live__Power_Shift_Or_Political_Posturing__China___India___Russi.mp4,741,6270.333,6271.667,1.334,Title Card,78.0,"Title Card: headline=0.0936, textcov=0.4503, stability=0.81"
BRICS_Roundtable_Live__Power_Shift_Or_Political_Posturing__China___India___Russi.mp4,742,6271.733,6289.2,17.467,Title Card,78.0,"Title Card: headline=0.7611, textcov=0.8180, stability=0.90"
BRICS_Roundtable_Live__Power_Shift_Or_Political_Posturing__China___India___Russi.mp4,743,6289.267,6297.333,8.066,Anchor Studio,82.0,"Anchor Studio: stable=0.88, symmetry=0.74, centered=True, faces=2, face_area=0.0757"
BRICS_Roundtable_Live__Power_Shift_Or_Political_Posturing__China___India___Russi.mp4,744,6297.4,6298.6,1.2,B-Roll,70.0,"B-Roll: motion=0.0369, edge=0.0779, face_area=0.0047, symmetry=0.94"
BRICS_Roundtable_Live__Power_Shift_Or_Political_Posturing__China___India___Russi.mp4,745,6298.667,6302.267,3.6,Title Card,78.0,"Title Card: headline=0.7166, textcov=0.8611, stability=0.88"
BRICS_Roundtable_Live__Power_Shift_Or_Political_Posturing__China___India___Russi.mp4,746,6302.333,6317.733,15.4,Anchor Studio,84.0,"Anchor Studio: stable=0.74, symmetry=0.88, centered=True, faces=2, face_area=0.0128"
BRICS_Roundtable_Live__Power_Shift_Or_Political_Posturing__China___India___Russi.mp4,747,6317.8,6322.933,5.133,Anchor Studio,82.0,"Anchor Studio: stable=0.89, symmetry=0.75, centered=True, faces=2, face_area=0.1179"
BRICS_Roundtable_Live__Power_Shift_Or_Political_Posturing__China___India___Russi.mp4,748,6323.0,6326.133,3.133,Title Card,78.0,"Title Card: headline=0.8601, textcov=0.9216, stability=0.91"
BRICS_Roundtable_Live__Power_Shift_Or_Political_Posturing__China___India___Russi.mp4,749,6326.2,6342.533,16.333,Anchor Studio,82.0,"Anchor Studio: stable=0.86, symmetry=0.74, centered=True, faces=2, face_area=0.1072"
BRICS_Roundtable_Live__Power_Shift_Or_Political_Posturing__China___India___Russi.mp4,750,6342.6,6345.133,2.533,Title Card,78.0,"Title Card: headline=0.9174, textcov=0.9630, stability=0.92"
BRICS_Roundtable_Live__Power_Shift_Or_Political_Posturing__China___India___Russi.mp4,751,6345.2,6348.6,3.4,Anchor Studio,84.0,"Anchor Studio: stable=0.78, symmetry=0.85, centered=True, faces=1, face_area=0.0087"
BRICS_Roundtable_Live__Power_Shift_Or_Political_Posturing__China___India___Russi.mp4,752,6348.667,6368.333,19.666,Anchor Studio,84.0,"Anchor Studio: stable=0.86, symmetry=0.93, centered=True, faces=1, face_area=0.0046"
BRICS_Roundtable_Live__Power_Shift_Or_Political_Posturing__China___India___Russi.mp4,753,6368.4,6371.533,3.133,Anchor Studio,84.0,"Anchor Studio: stable=0.62, symmetry=0.96, centered=True, faces=1, face_area=0.0240"
BRICS_Roundtable_Live__Power_Shift_Or_Political_Posturing__China___India___Russi.mp4,754,6371.6,6373.6,2.0,Anchor Studio,94.0,"Anchor Studio: stable=0.89, symmetry=0.81, centered=True, faces=1, face_area=0.0267"
BRICS_Roundtable_Live__Power_Shift_Or_Political_Posturing__China___India___Russi.mp4,755,6373.667,6375.133,1.466,Anchor Studio,82.0,"Anchor Studio: stable=0.89, symmetry=0.78, centered=True, faces=1, face_area=0.0253"
BRICS_Roundtable_Live__Power_Shift_Or_Political_Posturing__China___India___Russi.mp4,756,6375.2,6375.867,0.667,Anchor Studio,72.0,"Anchor Studio: stable=0.65, symmetry=0.72, centered=True, faces=1, face_area=0.0395"
BRICS_Roundtable_Live__Power_Shift_Or_Political_Posturing__China___India___Russi.mp4,757,6375.933,6377.467,1.534,Anchor Studio,82.0,"Anchor Studio: stable=0.76, symmetry=0.74, centered=True, faces=1, face_area=0.0445"
BRICS_Roundtable_Live__Power_Shift_Or_Political_Posturing__China___India___Russi.mp4,758,6377.533,6378.667,1.134,B-Roll,70.0,"B-Roll: motion=0.0287, edge=0.1407, face_area=0.0000, symmetry=0.98"
BRICS_Roundtable_Live__Power_Shift_Or_Political_Posturing__China___India___Russi.mp4,759,6378.733,6381.333,2.6,Title Card,78.0,"Title Card: headline=0.7905, textcov=0.9075, stability=0.94"
BRICS_Roundtable_Live__Power_Shift_Or_Political_Posturing__China___India___Russi.mp4,760,6381.4,6382.867,1.467,Title Card,64.0,"Title Card: headline=0.5416, textcov=0.7463, stability=0.74"
BRICS_Roundtable_Live__Power_Shift_Or_Political_Posturing__China___India___Russi.mp4,761,6382.933,6393.867,10.934,Anchor Studio,82.0,"Anchor Studio: stable=0.89, symmetry=0.77, centered=True, faces=1, face_area=0.0259"
BRICS_Roundtable_Live__Power_Shift_Or_Political_Posturing__China___India___Russi.mp4,762,6393.933,6396.667,2.734,Title Card,68.0,"Title Card: headline=0.6961, textcov=0.7848, stability=0.78"
BRICS_Roundtable_Live__Power_Shift_Or_Political_Posturing__China___India___Russi.mp4,763,6396.733,6400.467,3.734,Title Card,78.0,"Title Card: headline=1.1807, textcov=1.2234, stability=0.91"
BRICS_Roundtable_Live__Power_Shift_Or_Political_Posturing__China___India___Russi.mp4,764,6400.533,6402.133,1.6,Title Card,78.0,"Title Card: headline=1.1306, textcov=1.1697, stability=0.92"
BRICS_Roundtable_Live__Power_Shift_Or_Political_Posturing__China___India___Russi.mp4,765,6402.2,6406.333,4.133,Anchor Studio,82.0,"Anchor Studio: stable=0.82, symmetry=0.75, centered=True, faces=1, face_area=0.0111"
BRICS_Roundtable_Live__Power_Shift_Or_Political_Posturing__China___India___Russi.mp4,766,6406.4,6407.4,1.0,Anchor Studio,84.0,"Anchor Studio: stable=0.66, symmetry=0.88, centered=True, faces=1, face_area=0.0261"
BRICS_Roundtable_Live__Power_Shift_Or_Political_Posturing__China___India___Russi.mp4,767,6407.467,6409.733,2.266,B-Roll,70.0,"B-Roll: motion=0.0268, edge=0.1181, face_area=0.0000, symmetry=0.98"
BRICS_Roundtable_Live__Power_Shift_Or_Political_Posturing__China___India___Russi.mp4,768,6409.8,6412.533,2.733,Title Card,78.0,"Title Card: headline=0.6711, textcov=0.7652, stability=0.84"
BRICS_Roundtable_Live__Power_Shift_Or_Political_Posturing__China___India___Russi.mp4,769,6412.6,6420.467,7.867,Anchor Studio,94.0,"Anchor Studio: stable=0.76, symmetry=0.95, centered=True, faces=1, face_area=0.0129"
BRICS_Roundtable_Live__Power_Shift_Or_Political_Posturing__China___India___Russi.mp4,770,6420.533,6421.533,1.0,Anchor Studio,84.0,"Anchor Studio: stable=0.74, symmetry=0.98, centered=True, faces=1, face_area=0.0280"
BRICS_Roundtable_Live__Power_Shift_Or_Political_Posturing__China___India___Russi.mp4,771,6421.6,6431.133,9.533,Title Card,78.0,"Title Card: headline=0.7195, textcov=0.8433, stability=0.81"
BRICS_Roundtable_Live__Power_Shift_Or_Political_Posturing__China___India___Russi.mp4,772,6431.2,6433.067,1.867,Anchor Studio,84.0,"Anchor Studio: stable=0.70, symmetry=0.81, centered=True, faces=1, face_area=0.0257"
BRICS_Roundtable_Live__Power_Shift_Or_Political_Posturing__China___India___Russi.mp4,773,6433.133,6455.267,22.134,Anchor Studio,82.0,"Anchor Studio: stable=0.86, symmetry=0.78, centered=True, faces=1, face_area=0.0214"
BRICS_Roundtable_Live__Power_Shift_Or_Political_Posturing__China___India___Russi.mp4,774,6455.333,6469.0,13.667,Anchor Studio,84.0,"Anchor Studio: stable=0.82, symmetry=0.93, centered=True, faces=1, face_area=0.0008"
BRICS_Roundtable_Live__Power_Shift_Or_Political_Posturing__China___India___Russi.mp4,775,6469.067,6478.8,9.733,Anchor Studio,84.0,"Anchor Studio: stable=0.69, symmetry=0.95, centered=True, faces=1, face_area=0.0129"
BRICS_Roundtable_Live__Power_Shift_Or_Political_Posturing__China___India___Russi.mp4,776,6478.867,6480.4,1.533,Anchor Studio,94.0,"Anchor Studio: stable=0.78, symmetry=0.93, centered=True, faces=1, face_area=0.0197"
BRICS_Roundtable_Live__Power_Shift_Or_Political_Posturing__China___India___Russi.mp4,777,6480.467,6483.8,3.333,Title Card,78.0,"Title Card: headline=0.7609, textcov=0.8694, stability=0.87"
BRICS_Roundtable_Live__Power_Shift_Or_Political_Posturing__China___India___Russi.mp4,778,6483.867,6484.8,0.933,B-Roll,70.0,"B-Roll: motion=0.0310, edge=0.1179, face_area=0.0000, symmetry=0.79"
BRICS_Roundtable_Live__Power_Shift_Or_Political_Posturing__China___India___Russi.mp4,779,6484.867,6492.2,7.333,Anchor Studio,82.0,"Anchor Studio: stable=0.87, symmetry=0.79, centered=True, faces=1, face_area=0.0138"
BRICS_Roundtable_Live__Power_Shift_Or_Political_Posturing__China___India___Russi.mp4,780,6492.267,6493.933,1.666,Title Card,78.0,"Title Card: headline=0.2064, textcov=0.4533, stability=0.86"
BRICS_Roundtable_Live__Power_Shift_Or_Political_Posturing__China___India___Russi.mp4,781,6494.0,6495.6,1.6,Title Card,78.0,"Title Card: headline=1.1111, textcov=1.1633, stability=0.85"
BRICS_Roundtable_Live__Power_Shift_Or_Political_Posturing__China___India___Russi.mp4,782,6495.667,6498.667,3.0,Title Card,78.0,"Title Card: headline=1.0519, textcov=1.1136, stability=0.92"
BRICS_Roundtable_Live__Power_Shift_Or_Political_Posturing__China___India___Russi.mp4,783,6498.733,6516.333,17.6,Anchor Studio,84.0,"Anchor Studio: stable=0.80, symmetry=0.91, centered=True, faces=1, face_area=0.0039"
BRICS_Roundtable_Live__Power_Shift_Or_Political_Posturing__China___India___Russi.mp4,784,6516.4,6518.4,2.0,Anchor Studio,94.0,"Anchor Studio: stable=0.82, symmetry=0.92, centered=True, faces=1, face_area=0.0214"
BRICS_Roundtable_Live__Power_Shift_Or_Political_Posturing__China___India___Russi.mp4,785,6518.467,6519.333,0.866,B-Roll,70.0,"B-Roll: motion=0.0379, edge=0.1387, face_area=0.0000, symmetry=0.96"
BRICS_Roundtable_Live__Power_Shift_Or_Political_Posturing__China___India___Russi.mp4,786,6519.4,6523.667,4.267,Title Card,78.0,"Title Card: headline=0.5246, textcov=0.7128, stability=0.81"
BRICS_Roundtable_Live__Power_Shift_Or_Political_Posturing__China___India___Russi.mp4,787,6523.733,6535.467,11.734,Anchor Studio,84.0,"Anchor Studio: stable=0.75, symmetry=0.96, centered=True, faces=1, face_area=0.0084"
BRICS_Roundtable_Live__Power_Shift_Or_Political_Posturing__China___India___Russi.mp4,788,6535.533,6540.333,4.8,Title Card,78.0,"Title Card: headline=0.7387, textcov=0.8261, stability=0.88"
BRICS_Roundtable_Live__Power_Shift_Or_Political_Posturing__China___India___Russi.mp4,789,6540.4,6567.333,26.933,Anchor Studio,82.0,"Anchor Studio: stable=0.84, symmetry=0.77, centered=True, faces=1, face_area=0.0238"
BRICS_Roundtable_Live__Power_Shift_Or_Political_Posturing__China___India___Russi.mp4,790,6567.4,6569.6,2.2,Anchor Studio,82.0,"Anchor Studio: stable=0.76, symmetry=0.74, centered=True, faces=1, face_area=0.0380"
BRICS_Roundtable_Live__Power_Shift_Or_Political_Posturing__China___India___Russi.mp4,791,6569.667,6574.533,4.866,Anchor Studio,94.0,"Anchor Studio: stable=0.83, symmetry=0.90, centered=True, faces=1, face_area=0.0307"
BRICS_Roundtable_Live__Power_Shift_Or_Political_Posturing__China___India___Russi.mp4,792,6574.6,6583.8,9.2,Title Card,78.0,"Title Card: headline=0.6040, textcov=0.8890, stability=0.89"
BRICS_Roundtable_Live__Power_Shift_Or_Political_Posturing__China___India___Russi.mp4,793,6583.867,6644.4,60.533,Anchor Studio,94.0,"Anchor Studio: stable=0.86, symmetry=0.94, centered=True, faces=2, face_area=0.0542"
BRICS_Roundtable_Live__Power_Shift_Or_Political_Posturing__China___India___Russi.mp4,794,6644.467,6647.0,2.533,B-Roll,70.0,"B-Roll: motion=0.0311, edge=0.1286, face_area=0.0000, symmetry=0.90"
BRICS_Roundtable_Live__Power_Shift_Or_Political_Posturing__China___India___Russi.mp4,795,6647.067,6657.533,10.466,Title Card,78.0,"Title Card: headline=0.8676, textcov=0.8844, stability=0.91"
BRICS_Roundtable_Live__Power_Shift_Or_Political_Posturing__China___India___Russi.mp4,796,6657.6,6681.2,23.6,Anchor Studio,94.0,"Anchor Studio: stable=0.84, symmetry=0.92, centered=True, faces=2, face_area=0.0505"
BRICS_Roundtable_Live__Power_Shift_Or_Political_Posturing__China___India___Russi.mp4,797,6681.267,6686.933,5.666,Title Card,78.0,"Title Card: headline=0.8086, textcov=0.9581, stability=0.84"
BRICS_Roundtable_Live__Power_Shift_Or_Political_Posturing__China___India___Russi.mp4,798,6687.0,6711.733,24.733,Anchor Studio,94.0,"Anchor Studio: stable=0.85, symmetry=0.91, centered=True, faces=1, face_area=0.0504"
BRICS_Roundtable_Live__Power_Shift_Or_Political_Posturing__China___India___Russi.mp4,799,6711.8,6716.067,4.267,Title Card,78.0,"Title Card: headline=0.8706, textcov=0.8970, stability=0.81"
BRICS_Roundtable_Live__Power_Shift_Or_Political_Posturing__China___India___Russi.mp4,800,6716.133,6730.733,14.6,Anchor Studio,94.0,"Anchor Studio: stable=0.80, symmetry=0.95, centered=True, faces=1, face_area=0.0115"
BRICS_Roundtable_Live__Power_Shift_Or_Political_Posturing__China___India___Russi.mp4,801,6730.8,6754.0,23.2,Anchor Studio,94.0,"Anchor Studio: stable=0.79, symmetry=0.95, centered=True, faces=2, face_area=0.0144"
BRICS_Roundtable_Live__Power_Shift_Or_Political_Posturing__China___India___Russi.mp4,802,6754.067,6756.733,2.666,Anchor Studio,84.0,"Anchor Studio: stable=0.66, symmetry=0.96, centered=True, faces=1, face_area=0.0369"
BRICS_Roundtable_Live__Power_Shift_Or_Political_Posturing__China___India___Russi.mp4,803,6756.8,6765.533,8.733,Anchor Studio,94.0,"Anchor Studio: stable=0.88, symmetry=0.94, centered=True, faces=1, face_area=0.0331"
BRICS_Roundtable_Live__Power_Shift_Or_Political_Posturing__China___India___Russi.mp4,804,6765.6,6771.867,6.267,Title Card,78.0,"Title Card: headline=0.9706, textcov=0.9932, stability=0.89"
BRICS_Roundtable_Live__Power_Shift_Or_Political_Posturing__China___India___Russi.mp4,805,6771.933,6773.4,1.467,Title Card,68.0,"Title Card: headline=0.4282, textcov=0.7144, stability=0.76"
BRICS_Roundtable_Live__Power_Shift_Or_Political_Posturing__China___India___Russi.mp4,806,6773.467,6774.933,1.466,Title Card,68.0,"Title Card: headline=0.4902, textcov=0.7332, stability=0.78"
BRICS_Roundtable_Live__Power_Shift_Or_Political_Posturing__China___India___Russi.mp4,807,6775.0,6789.733,14.733,Anchor Studio,84.0,"Anchor Studio: stable=0.86, symmetry=0.95, centered=True, faces=1, face_area=0.0078"
BRICS_Roundtable_Live__Power_Shift_Or_Political_Posturing__China___India___Russi.mp4,808,6789.8,6793.6,3.8,Anchor Studio,84.0,"Anchor Studio: stable=0.69, symmetry=0.94, centered=True, faces=1, face_area=0.0199"
BRICS_Roundtable_Live__Power_Shift_Or_Political_Posturing__China___India___Russi.mp4,809,6793.667,6809.867,16.2,Anchor Studio,84.0,"Anchor Studio: stable=0.74, symmetry=0.96, centered=True, faces=1, face_area=0.0113"
BRICS_Roundtable_Live__Power_Shift_Or_Political_Posturing__China___India___Russi.mp4,810,6809.933,6825.267,15.334,Anchor Studio,84.0,"Anchor Studio: stable=0.83, symmetry=0.96, centered=True, faces=1, face_area=0.0029"
BRICS_Roundtable_Live__Power_Shift_Or_Political_Posturing__China___India___Russi.mp4,811,6825.333,6826.333,1.0,B-Roll,70.0,"B-Roll: motion=0.0472, edge=0.1195, face_area=0.0000, symmetry=0.91"
BRICS_Roundtable_Live__Power_Shift_Or_Political_Posturing__China___India___Russi.mp4,812,6826.4,6828.2,1.8,Anchor Studio,84.0,"Anchor Studio: stable=0.79, symmetry=0.97, centered=True, faces=1, face_area=0.0061"
BRICS_Roundtable_Live__Power_Shift_Or_Political_Posturing__China___India___Russi.mp4,813,6828.267,6835.933,7.666,Title Card,78.0,"Title Card: headline=0.7178, textcov=0.8791, stability=0.85"
BRICS_Roundtable_Live__Power_Shift_Or_Political_Posturing__China___India___Russi.mp4,814,6836.0,6844.6,8.6,Title Card,78.0,"Title Card: headline=1.0803, textcov=1.0986, stability=0.91"
BRICS_Roundtable_Live__Power_Shift_Or_Political_Posturing__China___India___Russi.mp4,815,6844.667,6850.333,5.666,Anchor Studio,74.0,"Anchor Studio: stable=0.62, symmetry=0.94, centered=True, faces=1, face_area=0.0013"
BRICS_Roundtable_Live__Power_Shift_Or_Political_Posturing__China___India___Russi.mp4,816,6850.4,6854.533,4.133,Title Card,78.0,"Title Card: headline=1.0157, textcov=1.1273, stability=0.88"
BRICS_Roundtable_Live__Power_Shift_Or_Political_Posturing__China___India___Russi.mp4,817,6854.6,6877.133,22.533,Anchor Studio,94.0,"Anchor Studio: stable=0.81, symmetry=0.86, centered=True, faces=2, face_area=0.0259"
BRICS_Roundtable_Live__Power_Shift_Or_Political_Posturing__China___India___Russi.mp4,818,6877.2,6890.133,12.933,Anchor Studio,94.0,"Anchor Studio: stable=0.86, symmetry=0.95, centered=True, faces=1, face_area=0.0154"
BRICS_Roundtable_Live__Power_Shift_Or_Political_Posturing__China___India___Russi.mp4,819,6890.2,6892.0,1.8,Anchor Studio,94.0,"Anchor Studio: stable=0.78, symmetry=0.94, centered=True, faces=1, face_area=0.0369"
BRICS_Roundtable_Live__Power_Shift_Or_Political_Posturing__China___India___Russi.mp4,820,6892.067,6906.867,14.8,Anchor Studio,94.0,"Anchor Studio: stable=0.85, symmetry=0.95, centered=True, faces=1, face_area=0.0126"
BRICS_Roundtable_Live__Power_Shift_Or_Political_Posturing__China___India___Russi.mp4,821,6906.933,6916.4,9.467,Anchor Studio,94.0,"Anchor Studio: stable=0.77, symmetry=0.95, centered=True, faces=2, face_area=0.0351"
BRICS_Roundtable_Live__Power_Shift_Or_Political_Posturing__China___India___Russi.mp4,822,6916.467,6920.133,3.666,Title Card,78.0,"Title Card: headline=0.6255, textcov=0.8265, stability=0.85"
BRICS_Roundtable_Live__Power_Shift_Or_Political_Posturing__China___India___Russi.mp4,823,6920.2,6933.067,12.867,Anchor Studio,84.0,"Anchor Studio: stable=0.84, symmetry=0.95, centered=True, faces=2, face_area=0.0091"
BRICS_Roundtable_Live__Power_Shift_Or_Political_Posturing__China___India___Russi.mp4,824,6933.133,6952.6,19.467,Anchor Studio,94.0,"Anchor Studio: stable=0.83, symmetry=0.93, centered=True, faces=2, face_area=0.0147"
BRICS_Roundtable_Live__Power_Shift_Or_Political_Posturing__China___India___Russi.mp4,825,6952.667,6986.6,33.933,Anchor Studio,94.0,"Anchor Studio: stable=0.80, symmetry=0.92, centered=True, faces=1, face_area=0.0162"
BRICS_Roundtable_Live__Power_Shift_Or_Political_Posturing__China___India___Russi.mp4,826,6986.667,6999.533,12.866,Anchor Studio,94.0,"Anchor Studio: stable=0.85, symmetry=0.92, centered=True, faces=2, face_area=0.0251"
BRICS_Roundtable_Live__Power_Shift_Or_Political_Posturing__China___India___Russi.mp4,827,6999.6,7004.0,4.4,Anchor Studio,94.0,"Anchor Studio: stable=0.81, symmetry=0.88, centered=True, faces=1, face_area=0.0329"
BRICS_Roundtable_Live__Power_Shift_Or_Political_Posturing__China___India___Russi.mp4,828,7004.067,7017.2,13.133,Title Card,78.0,"Title Card: headline=0.9502, textcov=1.0343, stability=0.87"
BRICS_Roundtable_Live__Power_Shift_Or_Political_Posturing__China___India___Russi.mp4,829,7017.267,7030.4,13.133,Anchor Studio,94.0,"Anchor Studio: stable=0.78, symmetry=0.93, centered=True, faces=2, face_area=0.0278"
BRICS_Roundtable_Live__Power_Shift_Or_Political_Posturing__China___India___Russi.mp4,830,7030.467,7032.333,1.866,Anchor Studio,84.0,"Anchor Studio: stable=0.76, symmetry=0.95, centered=True, faces=1, face_area=0.0008"
BRICS_Roundtable_Live__Power_Shift_Or_Political_Posturing__China___India___Russi.mp4,831,7032.4,7036.133,3.733,Title Card,78.0,"Title Card: headline=1.0371, textcov=1.0623, stability=0.90"
BRICS_Roundtable_Live__Power_Shift_Or_Political_Posturing__China___India___Russi.mp4,832,7036.2,7044.4,8.2,Anchor Studio,94.0,"Anchor Studio: stable=0.77, symmetry=0.88, centered=True, faces=1, face_area=0.0256"
BRICS_Roundtable_Live__Power_Shift_Or_Political_Posturing__China___India___Russi.mp4,833,7044.467,7049.067,4.6,Title Card,78.0,"Title Card: headline=0.9300, textcov=0.9645, stability=0.89"
BRICS_Roundtable_Live__Power_Shift_Or_Political_Posturing__China___India___Russi.mp4,834,7049.133,7068.133,19.0,Anchor Studio,94.0,"Anchor Studio: stable=0.78, symmetry=0.94, centered=True, faces=1, face_area=0.0118"
BRICS_Roundtable_Live__Power_Shift_Or_Political_Posturing__China___India___Russi.mp4,835,7068.2,7080.0,11.8,Anchor Studio,84.0,"Anchor Studio: stable=0.80, symmetry=0.94, centered=True, faces=1, face_area=0.0020"
BRICS_Roundtable_Live__Power_Shift_Or_Political_Posturing__China___India___Russi.mp4,836,7080.067,7087.333,7.266,Anchor Studio,84.0,"Anchor Studio: stable=0.75, symmetry=0.92, centered=True, faces=1, face_area=0.0049"
BRICS_Roundtable_Live__Power_Shift_Or_Political_Posturing__China___India___Russi.mp4,837,7087.4,7088.467,1.067,Title Card,78.0,"Title Card: headline=1.1210, textcov=1.1728, stability=0.90"
BRICS_Roundtable_Live__Power_Shift_Or_Political_Posturing__China___India___Russi.mp4,838,7088.533,7096.4,7.867,Anchor Studio,82.0,"Anchor Studio: stable=0.80, symmetry=0.78, centered=True, faces=2, face_area=0.0574"
BRICS_Roundtable_Live__Power_Shift_Or_Political_Posturing__China___India___Russi.mp4,839,7096.467,7111.267,14.8,Anchor Studio,94.0,"Anchor Studio: stable=0.85, symmetry=0.91, centered=True, faces=2, face_area=0.0104"
BRICS_Roundtable_Live__Power_Shift_Or_Political_Posturing__China___India___Russi.mp4,840,7111.333,7117.933,6.6,Title Card,78.0,"Title Card: headline=0.9007, textcov=0.9246, stability=0.84"
BRICS_Roundtable_Live__Power_Shift_Or_Political_Posturing__China___India___Russi.mp4,841,7118.0,7122.333,4.333,Anchor Studio,82.0,"Anchor Studio: stable=0.87, symmetry=0.78, centered=True, faces=2, face_area=0.0923"
BRICS_Roundtable_Live__Power_Shift_Or_Political_Posturing__China___India___Russi.mp4,842,7122.4,7128.067,5.667,Anchor Studio,84.0,"Anchor Studio: stable=0.81, symmetry=0.93, centered=True, faces=1, face_area=0.0031"
BRICS_Roundtable_Live__Power_Shift_Or_Political_Posturing__China___India___Russi.mp4,843,7128.133,7133.4,5.267,Anchor Studio,74.0,"Anchor Studio: stable=0.70, symmetry=0.90, centered=True, faces=1, face_area=0.0006"
BRICS_Roundtable_Live__Power_Shift_Or_Political_Posturing__China___India___Russi.mp4,844,7133.467,7142.333,8.866,Anchor Studio,84.0,"Anchor Studio: stable=0.86, symmetry=0.93, centered=True, faces=1, face_area=0.0006"
BRICS_Roundtable_Live__Power_Shift_Or_Political_Posturing__China___India___Russi.mp4,845,7142.4,7159.067,16.667,Title Card,78.0,"Title Card: headline=0.9990, textcov=1.0261, stability=0.90"
BRICS_Roundtable_Live__Power_Shift_Or_Political_Posturing__China___India___Russi.mp4,846,7159.133,7162.333,3.2,Anchor Studio,84.0,"Anchor Studio: stable=0.87, symmetry=0.98, centered=True, faces=1, face_area=0.0006"
BRICS_Roundtable_Live__Power_Shift_Or_Political_Posturing__China___India___Russi.mp4,847,7162.4,7177.267,14.867,Anchor Studio,84.0,"Anchor Studio: stable=0.85, symmetry=0.92, centered=True, faces=1, face_area=0.0087"
BRICS_Roundtable_Live__Power_Shift_Or_Political_Posturing__China___India___Russi.mp4,848,7177.333,7186.267,8.934,Anchor Studio,84.0,"Anchor Studio: stable=0.81, symmetry=0.94, centered=True, faces=1, face_area=0.0009"
BRICS_Roundtable_Live__Power_Shift_Or_Political_Posturing__China___India___Russi.mp4,849,7186.333,7197.333,11.0,Anchor Studio,84.0,"Anchor Studio: stable=0.75, symmetry=0.95, centered=True, faces=1, face_area=0.0186"
BRICS_Roundtable_Live__Power_Shift_Or_Political_Posturing__China___India___Russi.mp4,850,7197.4,7206.4,9.0,Title Card,78.0,"Title Card: headline=0.9922, textcov=1.0197, stability=0.88"
BRICS_Roundtable_Live__Power_Shift_Or_Political_Posturing__China___India___Russi.mp4,851,7206.467,7219.6,13.133,Anchor Studio,82.0,"Anchor Studio: stable=0.85, symmetry=0.75, centered=True, faces=1, face_area=0.0206"
BRICS_Roundtable_Live__Power_Shift_Or_Political_Posturing__China___India___Russi.mp4,852,7219.667,7231.333,11.666,Anchor Studio,82.0,"Anchor Studio: stable=0.84, symmetry=0.77, centered=True, faces=1, face_area=0.0161"
BRICS_Roundtable_Live__Power_Shift_Or_Political_Posturing__China___India___Russi.mp4,853,7231.4,7241.0,9.6,Title Card,78.0,"Title Card: headline=0.5768, textcov=0.8191, stability=0.84"
BRICS_Roundtable_Live__Power_Shift_Or_Political_Posturing__China___India___Russi.mp4,854,7241.067,7249.0,7.933,Anchor Studio,84.0,"Anchor Studio: stable=0.69, symmetry=0.96, centered=True, faces=1, face_area=0.0186"
BRICS_Roundtable_Live__Power_Shift_Or_Political_Posturing__China___India___Russi.mp4,855,7249.067,7252.133,3.066,Anchor Studio,84.0,"Anchor Studio: stable=0.85, symmetry=0.91, centered=True, faces=1, face_area=0.0036"
BRICS_Roundtable_Live__Power_Shift_Or_Political_Posturing__China___India___Russi.mp4,856,7252.2,7254.4,2.2,B-Roll,70.0,"B-Roll: motion=0.0258, edge=0.1372, face_area=0.0042, symmetry=0.87"
BRICS_Roundtable_Live__Power_Shift_Or_Political_Posturing__China___India___Russi.mp4,857,7254.467,7269.4,14.933,Anchor Studio,82.0,"Anchor Studio: stable=0.84, symmetry=0.78, centered=True, faces=1, face_area=0.0319"
BRICS_Roundtable_Live__Power_Shift_Or_Political_Posturing__China___India___Russi.mp4,858,7269.467,7273.733,4.266,Title Card,78.0,"Title Card: headline=0.8610, textcov=1.0100, stability=0.86"
BRICS_Roundtable_Live__Power_Shift_Or_Political_Posturing__China___India___Russi.mp4,859,7273.8,7276.533,2.733,Title Card,78.0,"Title Card: headline=0.8403, textcov=0.9868, stability=0.83"
BRICS_Roundtable_Live__Power_Shift_Or_Political_Posturing__China___India___Russi.mp4,860,7276.6,7286.533,9.933,Anchor Studio,82.0,"Anchor Studio: stable=0.85, symmetry=0.77, centered=True, faces=1, face_area=0.0302"
BRICS_Roundtable_Live__Power_Shift_Or_Political_Posturing__China___India___Russi.mp4,861,7286.6,7289.4,2.8,Title Card,78.0,"Title Card: headline=0.9865, textcov=1.0491, stability=0.83"
BRICS_Roundtable_Live__Power_Shift_Or_Political_Posturing__China___India___Russi.mp4,862,7289.467,7292.4,2.933,B-Roll,70.0,"B-Roll: motion=0.0263, edge=0.1547, face_area=0.0019, symmetry=0.96"
BRICS_Roundtable_Live__Power_Shift_Or_Political_Posturing__China___India___Russi.mp4,863,7292.467,7303.333,10.866,Anchor Studio,84.0,"Anchor Studio: stable=0.82, symmetry=0.96, centered=True, faces=2, face_area=0.0067"
BRICS_Roundtable_Live__Power_Shift_Or_Political_Posturing__China___India___Russi.mp4,864,7303.4,7307.2,3.8,Title Card,78.0,"Title Card: headline=0.8421, textcov=0.9536, stability=0.83"
BRICS_Roundtable_Live__Power_Shift_Or_Political_Posturing__China___India___Russi.mp4,865,7307.267,7313.2,5.933,Title Card,78.0,"Title Card: headline=1.0195, textcov=1.0510, stability=0.84"
BRICS_Roundtable_Live__Power_Shift_Or_Political_Posturing__China___India___Russi.mp4,866,7313.267,7337.133,23.866,Anchor Studio,94.0,"Anchor Studio: stable=0.85, symmetry=0.96, centered=True, faces=2, face_area=0.0452"
BRICS_Roundtable_Live__Power_Shift_Or_Political_Posturing__China___India___Russi.mp4,867,7337.2,7342.133,4.933,Anchor Studio,94.0,"Anchor Studio: stable=0.85, symmetry=0.94, centered=True, faces=1, face_area=0.0611"
BRICS_Roundtable_Live__Power_Shift_Or_Political_Posturing__China___India___Russi.mp4,868,7342.2,7344.333,2.133,B-Roll,70.0,"B-Roll: motion=0.0269, edge=0.1315, face_area=0.0000, symmetry=0.90"
BRICS_Roundtable_Live__Power_Shift_Or_Political_Posturing__China___India___Russi.mp4,869,7344.4,7349.067,4.667,Title Card,78.0,"Title Card: headline=0.6570, textcov=0.9296, stability=0.82"
BRICS_Roundtable_Live__Power_Shift_Or_Political_Posturing__China___India___Russi.mp4,870,7349.133,7357.533,8.4,Anchor Studio,94.0,"Anchor Studio: stable=0.83, symmetry=0.95, centered=True, faces=1, face_area=0.0427"
BRICS_Roundtable_Live__Power_Shift_Or_Political_Posturing__China___India___Russi.mp4,871,7357.6,7372.533,14.933,Anchor Studio,94.0,"Anchor Studio: stable=0.87, symmetry=0.97, centered=True, faces=2, face_area=0.0325"
BRICS_Roundtable_Live__Power_Shift_Or_Political_Posturing__China___India___Russi.mp4,872,7372.6,7386.933,14.333,Anchor Studio,94.0,"Anchor Studio: stable=0.83, symmetry=0.95, centered=True, faces=2, face_area=0.0626"
BRICS_Roundtable_Live__Power_Shift_Or_Political_Posturing__China___India___Russi.mp4,873,7387.0,7394.733,7.733,Title Card,78.0,"Title Card: headline=0.9000, textcov=0.9217, stability=0.93"
BRICS_Roundtable_Live__Power_Shift_Or_Political_Posturing__China___India___Russi.mp4,874,7394.8,7405.733,10.933,Anchor Studio,84.0,"Anchor Studio: stable=0.58, symmetry=0.96, centered=True, faces=1, face_area=0.0275"
BRICS_Roundtable_Live__Power_Shift_Or_Political_Posturing__China___India___Russi.mp4,875,7405.8,7406.933,1.133,B-Roll,70.0,"B-Roll: motion=0.0461, edge=0.1527, face_area=0.0000, symmetry=0.97"
BRICS_Roundtable_Live__Power_Shift_Or_Political_Posturing__China___India___Russi.mp4,876,7407.0,7413.8,6.8,Anchor Studio,94.0,"Anchor Studio: stable=0.86, symmetry=0.86, centered=True, faces=1, face_area=0.0653"
BRICS_Roundtable_Live__Power_Shift_Or_Political_Posturing__China___India___Russi.mp4,877,7413.867,7417.133,3.266,Anchor Studio,74.0,"Anchor Studio: stable=0.71, symmetry=0.89, centered=True, faces=1, face_area=0.0033"
BRICS_Roundtable_Live__Power_Shift_Or_Political_Posturing__China___India___Russi.mp4,878,7417.2,7421.4,4.2,Title Card,78.0,"Title Card: headline=0.8868, textcov=0.9182, stability=0.86"
BRICS_Roundtable_Live__Power_Shift_Or_Political_Posturing__China___India___Russi.mp4,879,7421.467,7440.467,19.0,Anchor Studio,94.0,"Anchor Studio: stable=0.86, symmetry=0.88, centered=True, faces=1, face_area=0.0649"
BRICS_Roundtable_Live__Power_Shift_Or_Political_Posturing__China___India___Russi.mp4,880,7440.533,7453.333,12.8,Anchor Studio,94.0,"Anchor Studio: stable=0.87, symmetry=0.95, centered=True, faces=1, face_area=0.0143"
BRICS_Roundtable_Live__Power_Shift_Or_Political_Posturing__China___India___Russi.mp4,881,7453.4,7462.6,9.2,Anchor Studio,84.0,"Anchor Studio: stable=0.80, symmetry=0.92, centered=True, faces=1, face_area=0.0070"
BRICS_Roundtable_Live__Power_Shift_Or_Political_Posturing__China___India___Russi.mp4,882,7462.667,7471.933,9.266,Anchor Studio,84.0,"Anchor Studio: stable=0.80, symmetry=0.95, centered=True, faces=1, face_area=0.0060"
BRICS_Roundtable_Live__Power_Shift_Or_Political_Posturing__China___India___Russi.mp4,883,7472.0,7474.533,2.533,Anchor Studio,94.0,"Anchor Studio: stable=0.79, symmetry=0.96, centered=True, faces=1, face_area=0.0254"
BRICS_Roundtable_Live__Power_Shift_Or_Political_Posturing__China___India___Russi.mp4,884,7474.6,7477.6,3.0,B-Roll,70.0,"B-Roll: motion=0.0253, edge=0.1499, face_area=0.0000, symmetry=0.96"
BRICS_Roundtable_Live__Power_Shift_Or_Political_Posturing__China___India___Russi.mp4,885,7477.667,7482.933,5.266,Title Card,78.0,"Title Card: headline=0.6520, textcov=0.7214, stability=0.85"
BRICS_Roundtable_Live__Power_Shift_Or_Political_Posturing__China___India___Russi.mp4,886,7483.0,7501.467,18.467,Anchor Studio,94.0,"Anchor Studio: stable=0.82, symmetry=0.91, centered=True, faces=1, face_area=0.0302"
BRICS_Roundtable_Live__Power_Shift_Or_Political_Posturing__China___India___Russi.mp4,887,7501.533,7507.067,5.534,Title Card,78.0,"Title Card: headline=0.6525, textcov=0.8292, stability=0.90"
BRICS_Roundtable_Live__Power_Shift_Or_Political_Posturing__China___India___Russi.mp4,888,7507.133,7512.867,5.734,Anchor Studio,94.0,"Anchor Studio: stable=0.83, symmetry=0.87, centered=True, faces=1, face_area=0.0155"
BRICS_Roundtable_Live__Power_Shift_Or_Political_Posturing__China___India___Russi.mp4,889,7512.933,7515.267,2.334,B-Roll,70.0,"B-Roll: motion=0.0294, edge=0.1370, face_area=0.0000, symmetry=0.93"
BRICS_Roundtable_Live__Power_Shift_Or_Political_Posturing__China___India___Russi.mp4,890,7515.333,7523.333,8.0,Title Card,78.0,"Title Card: headline=0.8321, textcov=0.8613, stability=0.88"
BRICS_Roundtable_Live__Power_Shift_Or_Political_Posturing__China___India___Russi.mp4,891,7523.4,7524.8,1.4,Title Card,78.0,"Title Card: headline=0.0993, textcov=0.4489, stability=0.81"
BRICS_Roundtable_Live__Power_Shift_Or_Political_Posturing__China___India___Russi.mp4,892,7524.867,7542.267,17.4,Title Card,78.0,"Title Card: headline=0.7799, textcov=0.8361, stability=0.90"
BRICS_Roundtable_Live__Power_Shift_Or_Political_Posturing__China___India___Russi.mp4,893,7542.333,7550.467,8.134,Anchor Studio,82.0,"Anchor Studio: stable=0.87, symmetry=0.74, centered=True, faces=2, face_area=0.0757"
BRICS_Roundtable_Live__Power_Shift_Or_Political_Posturing__China___India___Russi.mp4,894,7550.533,7551.667,1.134,Field Report,68.0,"Field Report: motion=0.0354, faces=1, centered=False, symmetry=0.95"
BRICS_Roundtable_Live__Power_Shift_Or_Political_Posturing__China___India___Russi.mp4,895,7551.733,7555.4,3.667,Title Card,78.0,"Title Card: headline=0.7070, textcov=0.8726, stability=0.88"
BRICS_Roundtable_Live__Power_Shift_Or_Political_Posturing__China___India___Russi.mp4,896,7555.467,7570.867,15.4,Anchor Studio,84.0,"Anchor Studio: stable=0.74, symmetry=0.88, centered=True, faces=2, face_area=0.0130"
BRICS_Roundtable_Live__Power_Shift_Or_Political_Posturing__China___India___Russi.mp4,897,7570.933,7576.0,5.067,Anchor Studio,82.0,"Anchor Studio: stable=0.89, symmetry=0.76, centered=True, faces=2, face_area=0.1180"
BRICS_Roundtable_Live__Power_Shift_Or_Political_Posturing__China___India___Russi.mp4,898,7576.067,7579.2,3.133,Title Card,78.0,"Title Card: headline=0.8536, textcov=0.9165, stability=0.91"
BRICS_Roundtable_Live__Power_Shift_Or_Political_Posturing__China___India___Russi.mp4,899,7579.267,7595.667,16.4,Anchor Studio,82.0,"Anchor Studio: stable=0.86, symmetry=0.74, centered=True, faces=2, face_area=0.1055"
BRICS_Roundtable_Live__Power_Shift_Or_Political_Posturing__China___India___Russi.mp4,900,7595.733,7598.267,2.534,Title Card,78.0,"Title Card: headline=0.9058, textcov=0.9516, stability=0.92"
BRICS_Roundtable_Live__Power_Shift_Or_Political_Posturing__China___India___Russi.mp4,901,7598.333,7601.667,3.334,Anchor Studio,84.0,"Anchor Studio: stable=0.78, symmetry=0.85, centered=True, faces=2, face_area=0.0092"
BRICS_Roundtable_Live__Power_Shift_Or_Political_Posturing__China___India___Russi.mp4,902,7601.733,7621.867,20.134,Anchor Studio,84.0,"Anchor Studio: stable=0.85, symmetry=0.94, centered=True, faces=1, face_area=0.0047"
BRICS_Roundtable_Live__Power_Shift_Or_Political_Posturing__China___India___Russi.mp4,903,7621.933,7624.6,2.667,Anchor Studio,84.0,"Anchor Studio: stable=0.67, symmetry=0.96, centered=True, faces=1, face_area=0.0276"
BRICS_Roundtable_Live__Power_Shift_Or_Political_Posturing__China___India___Russi.mp4,904,7624.667,7626.8,2.133,Anchor Studio,94.0,"Anchor Studio: stable=0.88, symmetry=0.81, centered=True, faces=1, face_area=0.0294"
BRICS_Roundtable_Live__Power_Shift_Or_Political_Posturing__China___India___Russi.mp4,905,7626.867,7629.0,2.133,Anchor Studio,82.0,"Anchor Studio: stable=0.81, symmetry=0.76, centered=True, faces=1, face_area=0.0311"
BRICS_Roundtable_Live__Power_Shift_Or_Political_Posturing__China___India___Russi.mp4,906,7629.067,7630.533,1.466,Anchor Studio,82.0,"Anchor Studio: stable=0.76, symmetry=0.74, centered=True, faces=1, face_area=0.0437"
BRICS_Roundtable_Live__Power_Shift_Or_Political_Posturing__China___India___Russi.mp4,907,7630.6,7631.733,1.133,B-Roll,70.0,"B-Roll: motion=0.0293, edge=0.1410, face_area=0.0000, symmetry=0.98"
BRICS_Roundtable_Live__Power_Shift_Or_Political_Posturing__China___India___Russi.mp4,908,7631.8,7635.867,4.067,Anchor Studio,84.0,"Anchor Studio: stable=0.87, symmetry=0.92, centered=True, faces=1, face_area=0.0021"
BRICS_Roundtable_Live__Power_Shift_Or_Political_Posturing__China___India___Russi.mp4,909,7635.933,7640.667,4.734,Anchor Studio,82.0,"Anchor Studio: stable=0.90, symmetry=0.78, centered=True, faces=1, face_area=0.0433"
BRICS_Roundtable_Live__Power_Shift_Or_Political_Posturing__China___India___Russi.mp4,910,7640.733,7646.933,6.2,Anchor Studio,82.0,"Anchor Studio: stable=0.89, symmetry=0.77, centered=True, faces=1, face_area=0.0119"
BRICS_Roundtable_Live__Power_Shift_Or_Political_Posturing__China___India___Russi.mp4,911,7647.0,7649.733,2.733,Anchor Studio,72.0,"Anchor Studio: stable=0.78, symmetry=0.96, centered=False, faces=1, face_area=0.0026"
BRICS_Roundtable_Live__Power_Shift_Or_Political_Posturing__China___India___Russi.mp4,912,7649.8,7653.467,3.667,Title Card,78.0,"Title Card: headline=1.1922, textcov=1.2345, stability=0.91"
BRICS_Roundtable_Live__Power_Shift_Or_Political_Posturing__China___India___Russi.mp4,913,7653.533,7655.267,1.734,Title Card,78.0,"Title Card: headline=1.1297, textcov=1.1726, stability=0.92"
BRICS_Roundtable_Live__Power_Shift_Or_Political_Posturing__China___India___Russi.mp4,914,7655.333,7658.467,3.134,Title Card,78.0,"Title Card: headline=1.0348, textcov=1.2200, stability=0.86"
BRICS_Roundtable_Live__Power_Shift_Or_Political_Posturing__China___India___Russi.mp4,915,7658.533,7659.467,0.934,Anchor Studio,72.0,"Anchor Studio: stable=0.70, symmetry=0.73, centered=True, faces=1, face_area=0.0409"
BRICS_Roundtable_Live__Power_Shift_Or_Political_Posturing__China___India___Russi.mp4,916,7659.533,7660.467,0.934,Anchor Studio,84.0,"Anchor Studio: stable=0.66, symmetry=0.88, centered=True, faces=1, face_area=0.0262"
BRICS_Roundtable_Live__Power_Shift_Or_Political_Posturing__China___India___Russi.mp4,917,7660.533,7662.867,2.334,B-Roll,70.0,"B-Roll: motion=0.0265, edge=0.1179, face_area=0.0000, symmetry=0.98"
BRICS_Roundtable_Live__Power_Shift_Or_Political_Posturing__China___India___Russi.mp4,918,7662.933,7665.6,2.667,Anchor Studio,84.0,"Anchor Studio: stable=0.85, symmetry=0.97, centered=True, faces=1, face_area=0.0014"
BRICS_Roundtable_Live__Power_Shift_Or_Political_Posturing__China___India___Russi.mp4,919,7665.667,7673.533,7.866,Anchor Studio,94.0,"Anchor Studio: stable=0.76, symmetry=0.95, centered=True, faces=1, face_area=0.0107"
BRICS_Roundtable_Live__Power_Shift_Or_Political_Posturing__China___India___Russi.mp4,920,7673.6,7674.6,1.0,Anchor Studio,84.0,"Anchor Studio: stable=0.74, symmetry=0.98, centered=True, faces=1, face_area=0.0277"
BRICS_Roundtable_Live__Power_Shift_Or_Political_Posturing__China___India___Russi.mp4,921,7674.667,7682.0,7.333,Title Card,78.0,"Title Card: headline=0.6473, textcov=0.7707, stability=0.80"
BRICS_Roundtable_Live__Power_Shift_Or_Political_Posturing__China___India___Russi.mp4,922,7682.067,7683.2,1.133,Title Card,78.0,"Title Card: headline=0.6651, textcov=0.8201, stability=0.83"
BRICS_Roundtable_Live__Power_Shift_Or_Political_Posturing__China___India___Russi.mp4,923,7683.267,7686.2,2.933,Anchor Studio,94.0,"Anchor Studio: stable=0.82, symmetry=0.80, centered=True, faces=1, face_area=0.0185"
BRICS_Roundtable_Live__Power_Shift_Or_Political_Posturing__China___India___Russi.mp4,924,7686.267,7696.0,9.733,Anchor Studio,82.0,"Anchor Studio: stable=0.86, symmetry=0.78, centered=True, faces=1, face_area=0.0205"
BRICS_Roundtable_Live__Power_Shift_Or_Political_Posturing__China___India___Russi.mp4,925,7696.067,7706.667,10.6,Anchor Studio,82.0,"Anchor Studio: stable=0.86, symmetry=0.78, centered=True, faces=1, face_area=0.0181"
BRICS_Roundtable_Live__Power_Shift_Or_Political_Posturing__China___India___Russi.mp4,926,7706.733,7722.133,15.4,Anchor Studio,84.0,"Anchor Studio: stable=0.82, symmetry=0.91, centered=True, faces=1, face_area=0.0044"
BRICS_Roundtable_Live__Power_Shift_Or_Political_Posturing__China___India___Russi.mp4,927,7722.2,7733.467,11.267,Anchor Studio,84.0,"Anchor Studio: stable=0.70, symmetry=0.94, centered=True, faces=1, face_area=0.0146"
BRICS_Roundtable_Live__Power_Shift_Or_Political_Posturing__China___India___Russi.mp4,928,7733.533,7736.867,3.334,Title Card,78.0,"Title Card: headline=0.7564, textcov=0.8617, stability=0.87"
BRICS_Roundtable_Live__Power_Shift_Or_Political_Posturing__China___India___Russi.mp4,929,7736.933,7737.667,0.734,B-Roll,70.0,"B-Roll: motion=0.0363, edge=0.1134, face_area=0.0000, symmetry=0.79"
BRICS_Roundtable_Live__Power_Shift_Or_Political_Posturing__China___India___Russi.mp4,930,7737.733,7745.333,7.6,Anchor Studio,82.0,"Anchor Studio: stable=0.87, symmetry=0.79, centered=True, faces=1, face_area=0.0140"
BRICS_Roundtable_Live__Power_Shift_Or_Political_Posturing__China___India___Russi.mp4,931,7745.4,7747.0,1.6,Anchor Studio,84.0,"Anchor Studio: stable=0.87, symmetry=0.98, centered=True, faces=1, face_area=0.0067"
BRICS_Roundtable_Live__Power_Shift_Or_Political_Posturing__China___India___Russi.mp4,932,7747.067,7751.8,4.733,Title Card,78.0,"Title Card: headline=1.0732, textcov=1.1286, stability=0.90"
BRICS_Roundtable_Live__Power_Shift_Or_Political_Posturing__China___India___Russi.mp4,933,7751.867,7753.4,1.533,Title Card,78.0,"Title Card: headline=1.1760, textcov=1.3460, stability=0.84"
BRICS_Roundtable_Live__Power_Shift_Or_Political_Posturing__China___India___Russi.mp4,934,7753.467,7754.467,1.0,Anchor Studio,82.0,"Anchor Studio: stable=0.76, symmetry=0.78, centered=True, faces=1, face_area=0.0271"
BRICS_Roundtable_Live__Power_Shift_Or_Political_Posturing__China___India___Russi.mp4,935,7754.533,7769.667,15.134,Anchor Studio,84.0,"Anchor Studio: stable=0.79, symmetry=0.93, centered=True, faces=1, face_area=0.0024"
BRICS_Roundtable_Live__Power_Shift_Or_Political_Posturing__China___India___Russi.mp4,936,7769.733,7771.533,1.8,Anchor Studio,94.0,"Anchor Studio: stable=0.83, symmetry=0.93, centered=True, faces=1, face_area=0.0212"
BRICS_Roundtable_Live__Power_Shift_Or_Political_Posturing__China___India___Russi.mp4,937,7771.6,7772.667,1.067,B-Roll,70.0,"B-Roll: motion=0.0350, edge=0.1379, face_area=0.0000, symmetry=0.95"
BRICS_Roundtable_Live__Power_Shift_Or_Political_Posturing__China___India___Russi.mp4,938,7772.733,7776.8,4.067,Title Card,78.0,"Title Card: headline=0.4941, textcov=0.7038, stability=0.82"
BRICS_Roundtable_Live__Power_Shift_Or_Political_Posturing__China___India___Russi.mp4,939,7776.867,7788.6,11.733,Anchor Studio,84.0,"Anchor Studio: stable=0.75, symmetry=0.96, centered=True, faces=1, face_area=0.0088"
BRICS_Roundtable_Live__Power_Shift_Or_Political_Posturing__China___India___Russi.mp4,940,7788.667,7793.467,4.8,Title Card,78.0,"Title Card: headline=0.7339, textcov=0.8199, stability=0.88"
BRICS_Roundtable_Live__Power_Shift_Or_Political_Posturing__China___India___Russi.mp4,941,7793.533,7802.467,8.934,Anchor Studio,82.0,"Anchor Studio: stable=0.86, symmetry=0.76, centered=True, faces=1, face_area=0.0246"
BRICS_Roundtable_Live__Power_Shift_Or_Political_Posturing__China___India___Russi.mp4,942,7802.533,7822.667,20.134,Anchor Studio,82.0,"Anchor Studio: stable=0.83, symmetry=0.76, centered=True, faces=1, face_area=0.0251"
BRICS_Roundtable_Live__Power_Shift_Or_Political_Posturing__China___India___Russi.mp4,943,7822.733,7827.667,4.934,Anchor Studio,94.0,"Anchor Studio: stable=0.83, symmetry=0.90, centered=True, faces=1, face_area=0.0304"
BRICS_Roundtable_Live__Power_Shift_Or_Political_Posturing__China___India___Russi.mp4,944,7827.733,7836.933,9.2,Title Card,78.0,"Title Card: headline=0.6151, textcov=0.8932, stability=0.89"
BRICS_Roundtable_Live__Power_Shift_Or_Political_Posturing__China___India___Russi.mp4,945,7837.0,7897.533,60.533,Anchor Studio,94.0,"Anchor Studio: stable=0.86, symmetry=0.94, centered=True, faces=2, face_area=0.0543"
BRICS_Roundtable_Live__Power_Shift_Or_Political_Posturing__China___India___Russi.mp4,946,7897.6,7900.0,2.4,B-Roll,70.0,"B-Roll: motion=0.0324, edge=0.1285, face_area=0.0000, symmetry=0.90"
BRICS_Roundtable_Live__Power_Shift_Or_Political_Posturing__China___India___Russi.mp4,947,7900.067,7910.6,10.533,Title Card,78.0,"Title Card: headline=0.8733, textcov=0.8907, stability=0.91"
BRICS_Roundtable_Live__Power_Shift_Or_Political_Posturing__China___India___Russi.mp4,948,7910.667,7934.267,23.6,Anchor Studio,94.0,"Anchor Studio: stable=0.84, symmetry=0.92, centered=True, faces=1, face_area=0.0508"
BRICS_Roundtable_Live__Power_Shift_Or_Political_Posturing__China___India___Russi.mp4,949,7934.333,7940.0,5.667,Title Card,78.0,"Title Card: headline=0.8160, textcov=0.9537, stability=0.83"
BRICS_Roundtable_Live__Power_Shift_Or_Political_Posturing__China___India___Russi.mp4,950,7940.067,7964.8,24.733,Anchor Studio,94.0,"Anchor Studio: stable=0.85, symmetry=0.92, centered=True, faces=1, face_area=0.0504"
BRICS_Roundtable_Live__Power_Shift_Or_Political_Posturing__China___India___Russi.mp4,951,7964.867,7969.2,4.333,Title Card,78.0,"Title Card: headline=0.8713, textcov=0.9008, stability=0.81"
BRICS_Roundtable_Live__Power_Shift_Or_Political_Posturing__China___India___Russi.mp4,952,7969.267,7983.8,14.533,Anchor Studio,94.0,"Anchor Studio: stable=0.80, symmetry=0.94, centered=True, faces=1, face_area=0.0125"
BRICS_Roundtable_Live__Power_Shift_Or_Political_Posturing__China___India___Russi.mp4,953,7983.867,8009.867,26.0,Anchor Studio,94.0,"Anchor Studio: stable=0.78, symmetry=0.95, centered=True, faces=2, face_area=0.0174"
BRICS_Roundtable_Live__Power_Shift_Or_Political_Posturing__China___India___Russi.mp4,954,8009.933,8018.667,8.734,Anchor Studio,94.0,"Anchor Studio: stable=0.88, symmetry=0.94, centered=True, faces=1, face_area=0.0314"
BRICS_Roundtable_Live__Power_Shift_Or_Political_Posturing__China___India___Russi.mp4,955,8018.733,8025.0,6.267,Title Card,78.0,"Title Card: headline=0.9645, textcov=0.9915, stability=0.89"
BRICS_Roundtable_Live__Power_Shift_Or_Political_Posturing__China___India___Russi.mp4,956,8025.067,8028.0,2.933,Title Card,68.0,"Title Card: headline=0.4407, textcov=0.7187, stability=0.76"
BRICS_Roundtable_Live__Power_Shift_Or_Political_Posturing__China___India___Russi.mp4,957,8028.067,8042.8,14.733,Anchor Studio,84.0,"Anchor Studio: stable=0.86, symmetry=0.95, centered=True, faces=1, face_area=0.0079"
BRICS_Roundtable_Live__Power_Shift_Or_Political_Posturing__China___India___Russi.mp4,958,8042.867,8045.2,2.333,Anchor Studio,84.0,"Anchor Studio: stable=0.63, symmetry=0.95, centered=True, faces=1, face_area=0.0161"
BRICS_Roundtable_Live__Power_Shift_Or_Political_Posturing__China___India___Russi.mp4,959,8045.267,8046.733,1.466,Anchor Studio,94.0,"Anchor Studio: stable=0.77, symmetry=0.92, centered=True, faces=1, face_area=0.0267"
BRICS_Roundtable_Live__Power_Shift_Or_Political_Posturing__China___India___Russi.mp4,960,8046.8,8063.0,16.2,Anchor Studio,84.0,"Anchor Studio: stable=0.74, symmetry=0.96, centered=True, faces=1, face_area=0.0115"
BRICS_Roundtable_Live__Power_Shift_Or_Political_Posturing__China___India___Russi.mp4,961,8063.067,8063.667,0.6,B-Roll,70.0,"B-Roll: motion=0.0541, edge=0.1148, face_area=0.0000, symmetry=0.89"
BRICS_Roundtable_Live__Power_Shift_Or_Political_Posturing__China___India___Russi.mp4,962,8063.733,8078.4,14.667,Anchor Studio,84.0,"Anchor Studio: stable=0.85, symmetry=0.96, centered=True, faces=1, face_area=0.0026"
BRICS_Roundtable_Live__Power_Shift_Or_Political_Posturing__China___India___Russi.mp4,963,8078.467,8089.0,10.533,Anchor Studio,84.0,"Anchor Studio: stable=0.81, symmetry=0.95, centered=True, faces=1, face_area=0.0009"
BRICS_Roundtable_Live__Power_Shift_Or_Political_Posturing__China___India___Russi.mp4,964,8089.067,8097.667,8.6,Title Card,78.0,"Title Card: headline=1.0476, textcov=1.0631, stability=0.91"
BRICS_Roundtable_Live__Power_Shift_Or_Political_Posturing__China___India___Russi.mp4,965,8097.733,8103.467,5.734,Anchor Studio,74.0,"Anchor Studio: stable=0.62, symmetry=0.94, centered=True, faces=1, face_area=0.0013"
BRICS_Roundtable_Live__Power_Shift_Or_Political_Posturing__China___India___Russi.mp4,966,8103.533,8107.6,4.067,Title Card,78.0,"Title Card: headline=0.9968, textcov=1.1065, stability=0.89"
BRICS_Roundtable_Live__Power_Shift_Or_Political_Posturing__China___India___Russi.mp4,967,8107.667,8130.267,22.6,Anchor Studio,94.0,"Anchor Studio: stable=0.81, symmetry=0.86, centered=True, faces=2, face_area=0.0260"
BRICS_Roundtable_Live__Power_Shift_Or_Political_Posturing__China___India___Russi.mp4,968,8130.333,8143.2,12.867,Anchor Studio,94.0,"Anchor Studio: stable=0.86, symmetry=0.95, centered=True, faces=1, face_area=0.0152"
BRICS_Roundtable_Live__Power_Shift_Or_Political_Posturing__China___India___Russi.mp4,969,8143.267,8145.067,1.8,Anchor Studio,94.0,"Anchor Studio: stable=0.77, symmetry=0.94, centered=True, faces=1, face_area=0.0378"
BRICS_Roundtable_Live__Power_Shift_Or_Political_Posturing__China___India___Russi.mp4,970,8145.133,8160.0,14.867,Anchor Studio,94.0,"Anchor Studio: stable=0.85, symmetry=0.95, centered=True, faces=1, face_area=0.0127"
BRICS_Roundtable_Live__Power_Shift_Or_Political_Posturing__China___India___Russi.mp4,971,8160.067,8169.533,9.466,Anchor Studio,94.0,"Anchor Studio: stable=0.77, symmetry=0.94, centered=True, faces=2, face_area=0.0354"
BRICS_Roundtable_Live__Power_Shift_Or_Political_Posturing__China___India___Russi.mp4,972,8169.6,8173.267,3.667,Title Card,78.0,"Title Card: headline=0.6604, textcov=0.8635, stability=0.85"
BRICS_Roundtable_Live__Power_Shift_Or_Political_Posturing__China___India___Russi.mp4,973,8173.333,8186.2,12.867,Anchor Studio,84.0,"Anchor Studio: stable=0.84, symmetry=0.95, centered=True, faces=2, face_area=0.0087"
BRICS_Roundtable_Live__Power_Shift_Or_Political_Posturing__China___India___Russi.mp4,974,8186.267,8205.667,19.4,Anchor Studio,94.0,"Anchor Studio: stable=0.83, symmetry=0.93, centered=True, faces=1, face_area=0.0142"
BRICS_Roundtable_Live__Power_Shift_Or_Political_Posturing__China___India___Russi.mp4,975,8205.733,8239.733,34.0,Anchor Studio,94.0,"Anchor Studio: stable=0.80, symmetry=0.92, centered=True, faces=1, face_area=0.0169"
BRICS_Roundtable_Live__Power_Shift_Or_Political_Posturing__China___India___Russi.mp4,976,8239.8,8252.667,12.867,Anchor Studio,94.0,"Anchor Studio: stable=0.85, symmetry=0.93, centered=True, faces=2, face_area=0.0248"
BRICS_Roundtable_Live__Power_Shift_Or_Political_Posturing__China___India___Russi.mp4,977,8252.733,8257.067,4.334,Anchor Studio,94.0,"Anchor Studio: stable=0.82, symmetry=0.87, centered=True, faces=1, face_area=0.0316"
BRICS_Roundtable_Live__Power_Shift_Or_Political_Posturing__China___India___Russi.mp4,978,8257.133,8270.333,13.2,Title Card,78.0,"Title Card: headline=0.9287, textcov=1.0137, stability=0.87"
BRICS_Roundtable_Live__Power_Shift_Or_Political_Posturing__China___India___Russi.mp4,979,8270.4,8283.533,13.133,Anchor Studio,94.0,"Anchor Studio: stable=0.77, symmetry=0.93, centered=True, faces=2, face_area=0.0280"
BRICS_Roundtable_Live__Power_Shift_Or_Political_Posturing__China___India___Russi.mp4,980,8283.6,8285.467,1.867,Title Card,68.0,"Title Card: headline=1.0959, textcov=1.1606, stability=0.76"
BRICS_Roundtable_Live__Power_Shift_Or_Political_Posturing__China___India___Russi.mp4,981,8285.533,8289.2,3.667,Title Card,78.0,"Title Card: headline=1.0463, textcov=1.0746, stability=0.90"
BRICS_Roundtable_Live__Power_Shift_Or_Political_Posturing__China___India___Russi.mp4,982,8289.267,8297.533,8.266,Anchor Studio,94.0,"Anchor Studio: stable=0.77, symmetry=0.88, centered=True, faces=1, face_area=0.0266"
BRICS_Roundtable_Live__Power_Shift_Or_Political_Posturing__China___India___Russi.mp4,983,8297.6,8302.2,4.6,Title Card,78.0,"Title Card: headline=0.9311, textcov=0.9641, stability=0.89"
BRICS_Roundtable_Live__Power_Shift_Or_Political_Posturing__China___India___Russi.mp4,984,8302.267,8321.267,19.0,Anchor Studio,94.0,"Anchor Studio: stable=0.78, symmetry=0.94, centered=True, faces=1, face_area=0.0117"
BRICS_Roundtable_Live__Power_Shift_Or_Political_Posturing__China___India___Russi.mp4,985,8321.333,8333.067,11.734,Anchor Studio,84.0,"Anchor Studio: stable=0.81, symmetry=0.94, centered=True, faces=1, face_area=0.0036"
BRICS_Roundtable_Live__Power_Shift_Or_Political_Posturing__China___India___Russi.mp4,986,8333.133,8340.467,7.334,Anchor Studio,74.0,"Anchor Studio: stable=0.75, symmetry=0.92, centered=True, faces=1, face_area=0.0054"
BRICS_Roundtable_Live__Power_Shift_Or_Political_Posturing__China___India___Russi.mp4,987,8340.533,8341.6,1.067,Title Card,78.0,"Title Card: headline=1.1587, textcov=1.2002, stability=0.91"
BRICS_Roundtable_Live__Power_Shift_Or_Political_Posturing__China___India___Russi.mp4,988,8341.667,8346.667,5.0,Anchor Studio,94.0,"Anchor Studio: stable=0.81, symmetry=0.80, centered=True, faces=2, face_area=0.0555"
BRICS_Roundtable_Live__Power_Shift_Or_Political_Posturing__China___India___Russi.mp4,989,8346.733,8349.467,2.734,Anchor Studio,82.0,"Anchor Studio: stable=0.78, symmetry=0.74, centered=True, faces=2, face_area=0.0425"
BRICS_Roundtable_Live__Power_Shift_Or_Political_Posturing__China___India___Russi.mp4,990,8349.533,8364.4,14.867,Anchor Studio,94.0,"Anchor Studio: stable=0.85, symmetry=0.91, centered=True, faces=2, face_area=0.0128"
BRICS_Roundtable_Live__Power_Shift_Or_Political_Posturing__China___India___Russi.mp4,991,8364.467,8371.067,6.6,Title Card,78.0,"Title Card: headline=0.9376, textcov=0.9606, stability=0.84"
BRICS_Roundtable_Live__Power_Shift_Or_Political_Posturing__China___India___Russi.mp4,992,8371.133,8375.467,4.334,Anchor Studio,82.0,"Anchor Studio: stable=0.86, symmetry=0.78, centered=True, faces=2, face_area=0.0926"
BRICS_Roundtable_Live__Power_Shift_Or_Political_Posturing__China___India___Russi.mp4,993,8375.533,8377.2,1.667,Anchor Studio,84.0,"Anchor Studio: stable=0.76, symmetry=0.90, centered=True, faces=1, face_area=0.0053"
BRICS_Roundtable_Live__Power_Shift_Or_Political_Posturing__China___India___Russi.mp4,994,8377.267,8381.2,3.933,Title Card,78.0,"Title Card: headline=0.6496, textcov=0.9172, stability=0.85"
BRICS_Roundtable_Live__Power_Shift_Or_Political_Posturing__China___India___Russi.mp4,995,8381.267,8386.533,5.266,Anchor Studio,74.0,"Anchor Studio: stable=0.70, symmetry=0.90, centered=True, faces=1, face_area=0.0011"
BRICS_Roundtable_Live__Power_Shift_Or_Political_Posturing__China___India___Russi.mp4,996,8386.6,8395.4,8.8,Title Card,78.0,"Title Card: headline=0.7283, textcov=0.9249, stability=0.86"
BRICS_Roundtable_Live__Power_Shift_Or_Political_Posturing__China___India___Russi.mp4,997,8395.467,8412.2,16.733,Anchor Studio,84.0,"Anchor Studio: stable=0.90, symmetry=0.97, centered=True, faces=1, face_area=0.0005"
BRICS_Roundtable_Live__Power_Shift_Or_Political_Posturing__China___India___Russi.mp4,998,8412.267,8415.467,3.2,Anchor Studio,84.0,"Anchor Studio: stable=0.86, symmetry=0.98, centered=True, faces=1, face_area=0.0006"
BRICS_Roundtable_Live__Power_Shift_Or_Political_Posturing__China___India___Russi.mp4,999,8415.533,8430.4,14.867,Anchor Studio,84.0,"Anchor Studio: stable=0.84, symmetry=0.92, centered=True, faces=1, face_area=0.0086"
BRICS_Roundtable_Live__Power_Shift_Or_Political_Posturing__China___India___Russi.mp4,1000,8430.467,8439.4,8.933,Title Card,78.0,"Title Card: headline=0.6139, textcov=0.8570, stability=0.81"
BRICS_Roundtable_Live__Power_Shift_Or_Political_Posturing__China___India___Russi.mp4,1001,8439.467,8450.4,10.933,Anchor Studio,84.0,"Anchor Studio: stable=0.74, symmetry=0.95, centered=True, faces=1, face_area=0.0185"
BRICS_Roundtable_Live__Power_Shift_Or_Political_Posturing__China___India___Russi.mp4,1002,8450.467,8459.467,9.0,Title Card,78.0,"Title Card: headline=1.0039, textcov=1.0393, stability=0.88"
BRICS_Roundtable_Live__Power_Shift_Or_Political_Posturing__China___India___Russi.mp4,1003,8459.533,8484.467,24.934,Anchor Studio,82.0,"Anchor Studio: stable=0.85, symmetry=0.76, centered=True, faces=1, face_area=0.0175"
BRICS_Roundtable_Live__Power_Shift_Or_Political_Posturing__China___India___Russi.mp4,1004,8484.533,8494.133,9.6,Title Card,78.0,"Title Card: headline=0.5791, textcov=0.8161, stability=0.84"
BRICS_Roundtable_Live__Power_Shift_Or_Political_Posturing__China___India___Russi.mp4,1005,8494.2,8502.133,7.933,Anchor Studio,84.0,"Anchor Studio: stable=0.69, symmetry=0.97, centered=True, faces=1, face_area=0.0185"
BRICS_Roundtable_Live__Power_Shift_Or_Political_Posturing__China___India___Russi.mp4,1006,8502.2,8505.267,3.067,Anchor Studio,84.0,"Anchor Studio: stable=0.85, symmetry=0.91, centered=True, faces=1, face_area=0.0018"
BRICS_Roundtable_Live__Power_Shift_Or_Political_Posturing__China___India___Russi.mp4,1007,8505.333,8507.4,2.067,B-Roll,70.0,"B-Roll: motion=0.0251, edge=0.1380, face_area=0.0020, symmetry=0.88"
BRICS_Roundtable_Live__Power_Shift_Or_Political_Posturing__China___India___Russi.mp4,1008,8507.467,8522.533,15.066,Anchor Studio,82.0,"Anchor Studio: stable=0.84, symmetry=0.78, centered=True, faces=1, face_area=0.0324"
BRICS_Roundtable_Live__Power_Shift_Or_Political_Posturing__China___India___Russi.mp4,1009,8522.6,8525.0,2.4,Title Card,78.0,"Title Card: headline=1.0110, textcov=1.1452, stability=0.87"
BRICS_Roundtable_Live__Power_Shift_Or_Political_Posturing__China___India___Russi.mp4,1010,8525.067,8526.867,1.8,Title Card,78.0,"Title Card: headline=0.6565, textcov=0.8432, stability=0.81"
BRICS_Roundtable_Live__Power_Shift_Or_Political_Posturing__China___India___Russi.mp4,1011,8526.933,8529.6,2.667,Title Card,78.0,"Title Card: headline=0.8414, textcov=0.9754, stability=0.84"
BRICS_Roundtable_Live__Power_Shift_Or_Political_Posturing__China___India___Russi.mp4,1012,8529.667,8539.6,9.933,Anchor Studio,82.0,"Anchor Studio: stable=0.85, symmetry=0.77, centered=True, faces=2, face_area=0.0291"
BRICS_Roundtable_Live__Power_Shift_Or_Political_Posturing__China___India___Russi.mp4,1013,8539.667,8542.667,3.0,Title Card,78.0,"Title Card: headline=0.9964, textcov=1.0614, stability=0.82"
BRICS_Roundtable_Live__Power_Shift_Or_Political_Posturing__China___India___Russi.mp4,1014,8542.733,8545.467,2.734,B-Roll,70.0,"B-Roll: motion=0.0268, edge=0.1545, face_area=0.0035, symmetry=0.96"
BRICS_Roundtable_Live__Power_Shift_Or_Political_Posturing__China___India___Russi.mp4,1015,8545.533,8556.467,10.934,Anchor Studio,84.0,"Anchor Studio: stable=0.82, symmetry=0.96, centered=True, faces=1, face_area=0.0067"
BRICS_Roundtable_Live__Power_Shift_Or_Political_Posturing__China___India___Russi.mp4,1016,8556.533,8560.4,3.867,Anchor Studio,84.0,"Anchor Studio: stable=0.83, symmetry=0.91, centered=True, faces=1, face_area=0.0028"
BRICS_Roundtable_Live__Power_Shift_Or_Political_Posturing__China___India___Russi.mp4,1017,8560.467,8566.333,5.866,Title Card,78.0,"Title Card: headline=1.0110, textcov=1.0413, stability=0.85"
BRICS_Roundtable_Live__Power_Shift_Or_Political_Posturing__China___India___Russi.mp4,1018,8566.4,8590.2,23.8,Anchor Studio,94.0,"Anchor Studio: stable=0.85, symmetry=0.96, centered=True, faces=1, face_area=0.0449"
BRICS_Roundtable_Live__Power_Shift_Or_Political_Posturing__China___India___Russi.mp4,1019,8590.267,8595.267,5.0,Anchor Studio,94.0,"Anchor Studio: stable=0.85, symmetry=0.94, centered=True, faces=1, face_area=0.0606"
BRICS_Roundtable_Live__Power_Shift_Or_Political_Posturing__China___India___Russi.mp4,1020,8595.333,8602.2,6.867,Anchor Studio,72.0,"Anchor Studio: stable=0.79, symmetry=0.92, centered=False, faces=1, face_area=0.0015"
BRICS_Roundtable_Live__Power_Shift_Or_Political_Posturing__China___India___Russi.mp4,1021,8602.267,8610.667,8.4,Anchor Studio,94.0,"Anchor Studio: stable=0.83, symmetry=0.95, centered=True, faces=1, face_area=0.0410"
BRICS_Roundtable_Live__Power_Shift_Or_Political_Posturing__China___India___Russi.mp4,1022,8610.733,8625.6,14.867,Anchor Studio,94.0,"Anchor Studio: stable=0.87, symmetry=0.97, centered=True, faces=1, face_area=0.0308"
BRICS_Roundtable_Live__Power_Shift_Or_Political_Posturing__China___India___Russi.mp4,1023,8625.667,8640.0,14.333,Anchor Studio,94.0,"Anchor Studio: stable=0.82, symmetry=0.95, centered=True, faces=3, face_area=0.0629"
BRICS_Roundtable_Live__Power_Shift_Or_Political_Posturing__China___India___Russi.mp4,1024,8640.067,8647.8,7.733,Title Card,78.0,"Title Card: headline=0.9001, textcov=0.9186, stability=0.93"
BRICS_Roundtable_Live__Power_Shift_Or_Political_Posturing__China___India___Russi.mp4,1025,8647.867,8658.867,11.0,Anchor Studio,84.0,"Anchor Studio: stable=0.58, symmetry=0.96, centered=True, faces=1, face_area=0.0275"
BRICS_Roundtable_Live__Power_Shift_Or_Political_Posturing__China___India___Russi.mp4,1026,8658.933,8660.0,1.067,B-Roll,70.0,"B-Roll: motion=0.0449, edge=0.1529, face_area=0.0000, symmetry=0.96"
BRICS_Roundtable_Live__Power_Shift_Or_Political_Posturing__China___India___Russi.mp4,1027,8660.067,8666.933,6.866,Anchor Studio,94.0,"Anchor Studio: stable=0.86, symmetry=0.86, centered=True, faces=1, face_area=0.0653"
BRICS_Roundtable_Live__Power_Shift_Or_Political_Posturing__China___India___Russi.mp4,1028,8667.0,8670.4,3.4,Anchor Studio,74.0,"Anchor Studio: stable=0.71, symmetry=0.90, centered=True, faces=1, face_area=0.0017"
BRICS_Roundtable_Live__Power_Shift_Or_Political_Posturing__China___India___Russi.mp4,1029,8670.467,8674.533,4.066,Title Card,78.0,"Title Card: headline=0.8687, textcov=0.8973, stability=0.87"
BRICS_Roundtable_Live__Power_Shift_Or_Political_Posturing__China___India___Russi.mp4,1030,8674.6,8693.533,18.933,Anchor Studio,94.0,"Anchor Studio: stable=0.86, symmetry=0.89, centered=True, faces=1, face_area=0.0650"
BRICS_Roundtable_Live__Power_Shift_Or_Political_Posturing__China___India___Russi.mp4,1031,8693.6,8706.467,12.867,Anchor Studio,94.0,"Anchor Studio: stable=0.88, symmetry=0.95, centered=True, faces=1, face_area=0.0146"
BRICS_Roundtable_Live__Power_Shift_Or_Political_Posturing__China___India___Russi.mp4,1032,8706.533,8715.733,9.2,Anchor Studio,84.0,"Anchor Studio: stable=0.81, symmetry=0.92, centered=True, faces=1, face_area=0.0085"
BRICS_Roundtable_Live__Power_Shift_Or_Political_Posturing__China___India___Russi.mp4,1033,8715.8,8725.0,9.2,Anchor Studio,84.0,"Anchor Studio: stable=0.81, symmetry=0.95, centered=True, faces=1, face_area=0.0057"
BRICS_Roundtable_Live__Power_Shift_Or_Political_Posturing__China___India___Russi.mp4,1034,8725.067,8727.6,2.533,Anchor Studio,94.0,"Anchor Studio: stable=0.78, symmetry=0.97, centered=True, faces=1, face_area=0.0285"
BRICS_Roundtable_Live__Power_Shift_Or_Political_Posturing__China___India___Russi.mp4,1035,8727.667,8730.733,3.066,B-Roll,70.0,"B-Roll: motion=0.0268, edge=0.1505, face_area=0.0000, symmetry=0.95"
BRICS_Roundtable_Live__Power_Shift_Or_Political_Posturing__China___India___Russi.mp4,1036,8730.8,8736.067,5.267,Title Card,78.0,"Title Card: headline=0.6612, textcov=0.7316, stability=0.85"
BRICS_Roundtable_Live__Power_Shift_Or_Political_Posturing__China___India___Russi.mp4,1037,8736.133,8754.533,18.4,Anchor Studio,94.0,"Anchor Studio: stable=0.82, symmetry=0.91, centered=True, faces=1, face_area=0.0305"
BRICS_Roundtable_Live__Power_Shift_Or_Political_Posturing__China___India___Russi.mp4,1038,8754.6,8760.133,5.533,Title Card,78.0,"Title Card: headline=0.6498, textcov=0.8233, stability=0.90"
BRICS_Roundtable_Live__Power_Shift_Or_Political_Posturing__China___India___Russi.mp4,1039,8760.2,8766.0,5.8,Anchor Studio,94.0,"Anchor Studio: stable=0.83, symmetry=0.87, centered=True, faces=1, face_area=0.0148"
BRICS_Roundtable_Live__Power_Shift_Or_Political_Posturing__China___India___Russi.mp4,1040,8766.067,8768.333,2.266,B-Roll,70.0,"B-Roll: motion=0.0309, edge=0.1360, face_area=0.0000, symmetry=0.92"
BRICS_Roundtable_Live__Power_Shift_Or_Political_Posturing__China___India___Russi.mp4,1041,8768.4,8776.467,8.067,Title Card,78.0,"Title Card: headline=0.8777, textcov=0.9088, stability=0.88"
BRICS_Roundtable_Live__Power_Shift_Or_Political_Posturing__China___India___Russi.mp4,1042,8776.533,8777.867,1.334,Title Card,78.0,"Title Card: headline=0.0899, textcov=0.4474, stability=0.81"
BRICS_Roundtable_Live__Power_Shift_Or_Political_Posturing__China___India___Russi.mp4,1043,8777.933,8795.4,17.467,Title Card,78.0,"Title Card: headline=0.7716, textcov=0.8264, stability=0.90"
BRICS_Roundtable_Live__Power_Shift_Or_Political_Posturing__China___India___Russi.mp4,1044,8795.467,8803.533,8.066,Anchor Studio,82.0,"Anchor Studio: stable=0.88, symmetry=0.74, centered=True, faces=2, face_area=0.0750"
BRICS_Roundtable_Live__Power_Shift_Or_Political_Posturing__China___India___Russi.mp4,1045,8803.6,8804.8,1.2,B-Roll,70.0,"B-Roll: motion=0.0371, edge=0.0779, face_area=0.0049, symmetry=0.94"
BRICS_Roundtable_Live__Power_Shift_Or_Political_Posturing__China___India___Russi.mp4,1046,8804.867,8808.467,3.6,Title Card,78.0,"Title Card: headline=0.6357, textcov=0.8005, stability=0.88"
BRICS_Roundtable_Live__Power_Shift_Or_Political_Posturing__China___India___Russi.mp4,1047,8808.533,8823.933,15.4,Anchor Studio,84.0,"Anchor Studio: stable=0.74, symmetry=0.87, centered=True, faces=2, face_area=0.0132"
BRICS_Roundtable_Live__Power_Shift_Or_Political_Posturing__China___India___Russi.mp4,1048,8824.0,8829.133,5.133,Anchor Studio,82.0,"Anchor Studio: stable=0.89, symmetry=0.76, centered=True, faces=2, face_area=0.1176"
BRICS_Roundtable_Live__Power_Shift_Or_Political_Posturing__China___India___Russi.mp4,1049,8829.2,8832.333,3.133,Title Card,78.0,"Title Card: headline=0.8692, textcov=0.9251, stability=0.91"
BRICS_Roundtable_Live__Power_Shift_Or_Political_Posturing__China___India___Russi.mp4,1050,8832.4,8848.733,16.333,Anchor Studio,82.0,"Anchor Studio: stable=0.86, symmetry=0.74, centered=True, faces=2, face_area=0.1075"
BRICS_Roundtable_Live__Power_Shift_Or_Political_Posturing__China___India___Russi.mp4,1051,8848.8,8851.333,2.533,Title Card,78.0,"Title Card: headline=0.9050, textcov=0.9509, stability=0.92"
BRICS_Roundtable_Live__Power_Shift_Or_Political_Posturing__China___India___Russi.mp4,1052,8851.4,8854.8,3.4,Anchor Studio,94.0,"Anchor Studio: stable=0.78, symmetry=0.85, centered=True, faces=1, face_area=0.0106"
BRICS_Roundtable_Live__Power_Shift_Or_Political_Posturing__China___India___Russi.mp4,1053,8854.867,8874.533,19.666,Anchor Studio,84.0,"Anchor Studio: stable=0.86, symmetry=0.93, centered=True, faces=1, face_area=0.0053"
BRICS_Roundtable_Live__Power_Shift_Or_Political_Posturing__China___India___Russi.mp4,1054,8874.6,8877.733,3.133,Anchor Studio,84.0,"Anchor Studio: stable=0.62, symmetry=0.96, centered=True, faces=1, face_area=0.0247"
BRICS_Roundtable_Live__Power_Shift_Or_Political_Posturing__China___India___Russi.mp4,1055,8877.8,8882.133,4.333,Anchor Studio,82.0,"Anchor Studio: stable=0.84, symmetry=0.79, centered=True, faces=1, face_area=0.0294"
BRICS_Roundtable_Live__Power_Shift_Or_Political_Posturing__China___India___Russi.mp4,1056,8882.2,8883.667,1.467,Anchor Studio,82.0,"Anchor Studio: stable=0.77, symmetry=0.74, centered=True, faces=1, face_area=0.0451"
BRICS_Roundtable_Live__Power_Shift_Or_Political_Posturing__China___India___Russi.mp4,1057,8883.733,8884.867,1.134,B-Roll,70.0,"B-Roll: motion=0.0287, edge=0.1405, face_area=0.0000, symmetry=0.98"
BRICS_Roundtable_Live__Power_Shift_Or_Political_Posturing__China___India___Russi.mp4,1058,8884.933,8887.533,2.6,Title Card,78.0,"Title Card: headline=0.7451, textcov=0.8566, stability=0.94"
BRICS_Roundtable_Live__Power_Shift_Or_Political_Posturing__China___India___Russi.mp4,1059,8887.6,8889.0,1.4,Title Card,64.0,"Title Card: headline=0.4736, textcov=0.6783, stability=0.74"
BRICS_Roundtable_Live__Power_Shift_Or_Political_Posturing__China___India___Russi.mp4,1060,8889.067,8900.067,11.0,Anchor Studio,82.0,"Anchor Studio: stable=0.89, symmetry=0.77, centered=True, faces=1, face_area=0.0257"
BRICS_Roundtable_Live__Power_Shift_Or_Political_Posturing__China___India___Russi.mp4,1061,8900.133,8903.2,3.067,Title Card,68.0,"Title Card: headline=0.7328, textcov=0.8160, stability=0.79"
BRICS_Roundtable_Live__Power_Shift_Or_Political_Posturing__China___India___Russi.mp4,1062,8903.267,8908.333,5.066,Title Card,78.0,"Title Card: headline=1.1597, textcov=1.2088, stability=0.91"
BRICS_Roundtable_Live__Power_Shift_Or_Political_Posturing__China___India___Russi.mp4,1063,8908.4,8912.533,4.133,Anchor Studio,82.0,"Anchor Studio: stable=0.82, symmetry=0.75, centered=True, faces=1, face_area=0.0106"
BRICS_Roundtable_Live__Power_Shift_Or_Political_Posturing__China___India___Russi.mp4,1064,8912.6,8913.6,1.0,Anchor Studio,84.0,"Anchor Studio: stable=0.66, symmetry=0.88, centered=True, faces=1, face_area=0.0216"
BRICS_Roundtable_Live__Power_Shift_Or_Political_Posturing__China___India___Russi.mp4,1065,8913.667,8915.933,2.266,B-Roll,70.0,"B-Roll: motion=0.0269, edge=0.1181, face_area=0.0000, symmetry=0.98"
BRICS_Roundtable_Live__Power_Shift_Or_Political_Posturing__China___India___Russi.mp4,1066,8916.0,8918.733,2.733,Title Card,78.0,"Title Card: headline=0.6743, textcov=0.7660, stability=0.84"
BRICS_Roundtable_Live__Power_Shift_Or_Political_Posturing__China___India___Russi.mp4,1067,8918.8,8926.667,7.867,Anchor Studio,94.0,"Anchor Studio: stable=0.76, symmetry=0.95, centered=True, faces=1, face_area=0.0126"
BRICS_Roundtable_Live__Power_Shift_Or_Political_Posturing__China___India___Russi.mp4,1068,8926.733,8927.733,1.0,Anchor Studio,84.0,"Anchor Studio: stable=0.74, symmetry=0.97, centered=True, faces=1, face_area=0.0285"
BRICS_Roundtable_Live__Power_Shift_Or_Political_Posturing__China___India___Russi.mp4,1069,8927.8,8935.067,7.267,Title Card,78.0,"Title Card: headline=0.6456, textcov=0.7686, stability=0.80"
BRICS_Roundtable_Live__Power_Shift_Or_Political_Posturing__China___India___Russi.mp4,1070,8935.133,8937.267,2.134,Title Card,78.0,"Title Card: headline=0.8305, textcov=0.9913, stability=0.86"
BRICS_Roundtable_Live__Power_Shift_Or_Political_Posturing__China___India___Russi.mp4,1071,8937.333,8939.267,1.934,Anchor Studio,84.0,"Anchor Studio: stable=0.70, symmetry=0.81, centered=True, faces=1, face_area=0.0247"
BRICS_Roundtable_Live__Power_Shift_Or_Political_Posturing__China___India___Russi.mp4,1072,8939.333,8961.467,22.134,Anchor Studio,82.0,"Anchor Studio: stable=0.86, symmetry=0.78, centered=True, faces=1, face_area=0.0217"
BRICS_Roundtable_Live__Power_Shift_Or_Political_Posturing__China___India___Russi.mp4,1073,8961.533,8975.2,13.667,Anchor Studio,84.0,"Anchor Studio: stable=0.82, symmetry=0.93, centered=True, faces=1, face_area=0.0008"
BRICS_Roundtable_Live__Power_Shift_Or_Political_Posturing__China___India___Russi.mp4,1074,8975.267,8985.0,9.733,Anchor Studio,84.0,"Anchor Studio: stable=0.69, symmetry=0.95, centered=True, faces=1, face_area=0.0119"
BRICS_Roundtable_Live__Power_Shift_Or_Political_Posturing__China___India___Russi.mp4,1075,8985.067,8986.6,1.533,Anchor Studio,94.0,"Anchor Studio: stable=0.78, symmetry=0.93, centered=True, faces=1, face_area=0.0206"
BRICS_Roundtable_Live__Power_Shift_Or_Political_Posturing__China___India___Russi.mp4,1076,8986.667,8990.0,3.333,Title Card,78.0,"Title Card: headline=0.7319, textcov=0.8439, stability=0.87"
BRICS_Roundtable_Live__Power_Shift_Or_Political_Posturing__China___India___Russi.mp4,1077,8990.067,8991.267,1.2,B-Roll,70.0,"B-Roll: motion=0.0265, edge=0.1213, face_area=0.0000, symmetry=0.79"
BRICS_Roundtable_Live__Power_Shift_Or_Political_Posturing__China___India___Russi.mp4,1078,8991.333,8998.4,7.067,Anchor Studio,82.0,"Anchor Studio: stable=0.86, symmetry=0.79, centered=True, faces=1, face_area=0.0153"
BRICS_Roundtable_Live__Power_Shift_Or_Political_Posturing__China___India___Russi.mp4,1079,8998.467,9000.133,1.666,Title Card,78.0,"Title Card: headline=0.0525, textcov=0.3831, stability=0.86"
BRICS_Roundtable_Live__Power_Shift_Or_Political_Posturing__China___India___Russi.mp4,1080,9000.2,9001.8,1.6,Title Card,78.0,"Title Card: headline=1.0841, textcov=1.1444, stability=0.85"
BRICS_Roundtable_Live__Power_Shift_Or_Political_Posturing__China___India___Russi.mp4,1081,9001.867,9002.6,0.733,Title Card,78.0,"Title Card: headline=0.7289, textcov=0.8343, stability=0.85"
BRICS_Roundtable_Live__Power_Shift_Or_Political_Posturing__China___India___Russi.mp4,1082,9002.667,9004.867,2.2,Title Card,78.0,"Title Card: headline=1.1592, textcov=1.2012, stability=0.94"
BRICS_Roundtable_Live__Power_Shift_Or_Political_Posturing__China___India___Russi.mp4,1083,9004.933,9007.6,2.667,Anchor Studio,82.0,"Anchor Studio: stable=0.81, symmetry=0.80, centered=True, faces=1, face_area=0.0112"
BRICS_Roundtable_Live__Power_Shift_Or_Political_Posturing__China___India___Russi.mp4,1084,9007.667,9022.533,14.866,Anchor Studio,84.0,"Anchor Studio: stable=0.79, symmetry=0.93, centered=True, faces=1, face_area=0.0027"
BRICS_Roundtable_Live__Power_Shift_Or_Political_Posturing__China___India___Russi.mp4,1085,9022.6,9024.6,2.0,Anchor Studio,94.0,"Anchor Studio: stable=0.82, symmetry=0.93, centered=True, faces=1, face_area=0.0218"
BRICS_Roundtable_Live__Power_Shift_Or_Political_Posturing__China___India___Russi.mp4,1086,9024.667,9025.533,0.866,B-Roll,70.0,"B-Roll: motion=0.0380, edge=0.1382, face_area=0.0000, symmetry=0.96"
BRICS_Roundtable_Live__Power_Shift_Or_Political_Posturing__China___India___Russi.mp4,1087,9025.6,9029.867,4.267,Title Card,78.0,"Title Card: headline=0.4943, textcov=0.6993, stability=0.81"
BRICS_Roundtable_Live__Power_Shift_Or_Political_Posturing__China___India___Russi.mp4,1088,9029.933,9041.667,11.734,Anchor Studio,84.0,"Anchor Studio: stable=0.75, symmetry=0.96, centered=True, faces=1, face_area=0.0080"
BRICS_Roundtable_Live__Power_Shift_Or_Political_Posturing__China___India___Russi.mp4,1089,9041.733,9046.533,4.8,Title Card,78.0,"Title Card: headline=0.7356, textcov=0.8231, stability=0.88"
BRICS_Roundtable_Live__Power_Shift_Or_Political_Posturing__China___India___Russi.mp4,1090,9046.6,9075.8,29.2,Anchor Studio,82.0,"Anchor Studio: stable=0.83, symmetry=0.76, centered=True, faces=1, face_area=0.0254"
BRICS_Roundtable_Live__Power_Shift_Or_Political_Posturing__China___India___Russi.mp4,1091,9075.867,9080.733,4.866,Anchor Studio,94.0,"Anchor Studio: stable=0.83, symmetry=0.90, centered=True, faces=1, face_area=0.0309"
BRICS_Roundtable_Live__Power_Shift_Or_Political_Posturing__China___India___Russi.mp4,1092,9080.8,9090.0,9.2,Title Card,78.0,"Title Card: headline=0.6099, textcov=0.8838, stability=0.89"
BRICS_Roundtable_Live__Power_Shift_Or_Political_Posturing__China___India___Russi.mp4,1093,9090.067,9150.6,60.533,Anchor Studio,94.0,"Anchor Studio: stable=0.86, symmetry=0.94, centered=True, faces=2, face_area=0.0542"
BRICS_Roundtable_Live__Power_Shift_Or_Political_Posturing__China___India___Russi.mp4,1094,9150.667,9153.133,2.466,B-Roll,70.0,"B-Roll: motion=0.0315, edge=0.1284, face_area=0.0000, symmetry=0.91"
BRICS_Roundtable_Live__Power_Shift_Or_Political_Posturing__China___India___Russi.mp4,1095,9153.2,9163.733,10.533,Title Card,78.0,"Title Card: headline=0.8602, textcov=0.8760, stability=0.91"
BRICS_Roundtable_Live__Power_Shift_Or_Political_Posturing__China___India___Russi.mp4,1096,9163.8,9187.4,23.6,Anchor Studio,94.0,"Anchor Studio: stable=0.84, symmetry=0.92, centered=True, faces=1, face_area=0.0502"
BRICS_Roundtable_Live__Power_Shift_Or_Political_Posturing__China___India___Russi.mp4,1097,9187.467,9193.133,5.666,Title Card,78.0,"Title Card: headline=0.8509, textcov=0.9853, stability=0.84"
BRICS_Roundtable_Live__Power_Shift_Or_Political_Posturing__China___India___Russi.mp4,1098,9193.2,9217.933,24.733,Anchor Studio,94.0,"Anchor Studio: stable=0.85, symmetry=0.91, centered=True, faces=1, face_area=0.0503"
BRICS_Roundtable_Live__Power_Shift_Or_Political_Posturing__China___India___Russi.mp4,1099,9218.0,9222.267,4.267,Title Card,78.0,"Title Card: headline=0.9193, textcov=0.9467, stability=0.81"
BRICS_Roundtable_Live__Power_Shift_Or_Political_Posturing__China___India___Russi.mp4,1100,9222.333,9236.933,14.6,Anchor Studio,94.0,"Anchor Studio: stable=0.80, symmetry=0.95, centered=True, faces=1, face_area=0.0122"
BRICS_Roundtable_Live__Power_Shift_Or_Political_Posturing__China___India___Russi.mp4,1101,9237.0,9260.2,23.2,Anchor Studio,94.0,"Anchor Studio: stable=0.79, symmetry=0.95, centered=True, faces=2, face_area=0.0147"
BRICS_Roundtable_Live__Power_Shift_Or_Political_Posturing__China___India___Russi.mp4,1102,9260.267,9262.933,2.666,Anchor Studio,84.0,"Anchor Studio: stable=0.66, symmetry=0.96, centered=True, faces=1, face_area=0.0366"
BRICS_Roundtable_Live__Power_Shift_Or_Political_Posturing__China___India___Russi.mp4,1103,9263.0,9271.733,8.733,Anchor Studio,94.0,"Anchor Studio: stable=0.88, symmetry=0.94, centered=True, faces=1, face_area=0.0321"
BRICS_Roundtable_Live__Power_Shift_Or_Political_Posturing__China___India___Russi.mp4,1104,9271.8,9278.133,6.333,Title Card,78.0,"Title Card: headline=0.9660, textcov=0.9906, stability=0.87"
BRICS_Roundtable_Live__Power_Shift_Or_Political_Posturing__China___India___Russi.mp4,1105,9278.2,9279.6,1.4,Title Card,78.0,"Title Card: headline=0.4517, textcov=0.7034, stability=0.84"
BRICS_Roundtable_Live__Power_Shift_Or_Political_Posturing__China___India___Russi.mp4,1106,9279.667,9281.133,1.466,Title Card,68.0,"Title Card: headline=0.3954, textcov=0.6895, stability=0.78"
BRICS_Roundtable_Live__Power_Shift_Or_Political_Posturing__China___India___Russi.mp4,1107,9281.2,9295.933,14.733,Anchor Studio,84.0,"Anchor Studio: stable=0.86, symmetry=0.95, centered=True, faces=1, face_area=0.0078"
BRICS_Roundtable_Live__Power_Shift_Or_Political_Posturing__China___India___Russi.mp4,1108,9296.0,9299.8,3.8,Anchor Studio,84.0,"Anchor Studio: stable=0.69, symmetry=0.94, centered=True, faces=1, face_area=0.0191"
BRICS_Roundtable_Live__Power_Shift_Or_Political_Posturing__China___India___Russi.mp4,1109,9299.867,9316.067,16.2,Anchor Studio,84.0,"Anchor Studio: stable=0.74, symmetry=0.96, centered=True, faces=1, face_area=0.0118"
BRICS_Roundtable_Live__Power_Shift_Or_Political_Posturing__China___India___Russi.mp4,1110,9316.133,9331.467,15.334,Anchor Studio,84.0,"Anchor Studio: stable=0.83, symmetry=0.96, centered=True, faces=1, face_area=0.0025"
BRICS_Roundtable_Live__Power_Shift_Or_Political_Posturing__China___India___Russi.mp4,1111,9331.533,9332.533,1.0,B-Roll,70.0,"B-Roll: motion=0.0472, edge=0.1197, face_area=0.0000, symmetry=0.91"
BRICS_Roundtable_Live__Power_Shift_Or_Political_Posturing__China___India___Russi.mp4,1112,9332.6,9334.4,1.8,Anchor Studio,84.0,"Anchor Studio: stable=0.79, symmetry=0.97, centered=True, faces=1, face_area=0.0061"
BRICS_Roundtable_Live__Power_Shift_Or_Political_Posturing__China___India___Russi.mp4,1113,9334.467,9342.133,7.666,Title Card,78.0,"Title Card: headline=0.7021, textcov=0.8675, stability=0.85"
BRICS_Roundtable_Live__Power_Shift_Or_Political_Posturing__China___India___Russi.mp4,1114,9342.2,9350.8,8.6,Title Card,78.0,"Title Card: headline=1.1235, textcov=1.1406, stability=0.91"
BRICS_Roundtable_Live__Power_Shift_Or_Political_Posturing__China___India___Russi.mp4,1115,9350.867,9356.6,5.733,Anchor Studio,74.0,"Anchor Studio: stable=0.61, symmetry=0.94, centered=True, faces=1, face_area=0.0017"
BRICS_Roundtable_Live__Power_Shift_Or_Political_Posturing__China___India___Russi.mp4,1116,9356.667,9360.733,4.066,Title Card,78.0,"Title Card: headline=1.0405, textcov=1.1483, stability=0.89"
BRICS_Roundtable_Live__Power_Shift_Or_Political_Posturing__China___India___Russi.mp4,1117,9360.8,9383.333,22.533,Anchor Studio,94.0,"Anchor Studio: stable=0.81, symmetry=0.87, centered=True, faces=2, face_area=0.0260"
BRICS_Roundtable_Live__Power_Shift_Or_Political_Posturing__China___India___Russi.mp4,1118,9383.4,9396.333,12.933,Anchor Studio,94.0,"Anchor Studio: stable=0.86, symmetry=0.95, centered=True, faces=1, face_area=0.0153"
BRICS_Roundtable_Live__Power_Shift_Or_Political_Posturing__China___India___Russi.mp4,1119,9396.4,9398.2,1.8,Anchor Studio,94.0,"Anchor Studio: stable=0.78, symmetry=0.94, centered=True, faces=1, face_area=0.0373"
BRICS_Roundtable_Live__Power_Shift_Or_Political_Posturing__China___India___Russi.mp4,1120,9398.267,9413.067,14.8,Anchor Studio,94.0,"Anchor Studio: stable=0.85, symmetry=0.95, centered=True, faces=1, face_area=0.0130"
BRICS_Roundtable_Live__Power_Shift_Or_Political_Posturing__China___India___Russi.mp4,1121,9413.133,9422.6,9.467,Anchor Studio,94.0,"Anchor Studio: stable=0.77, symmetry=0.95, centered=True, faces=2, face_area=0.0363"
BRICS_Roundtable_Live__Power_Shift_Or_Political_Posturing__China___India___Russi.mp4,1122,9422.667,9426.333,3.666,Title Card,78.0,"Title Card: headline=0.6545, textcov=0.8498, stability=0.85"
BRICS_Roundtable_Live__Power_Shift_Or_Political_Posturing__China___India___Russi.mp4,1123,9426.4,9439.267,12.867,Anchor Studio,84.0,"Anchor Studio: stable=0.84, symmetry=0.95, centered=True, faces=2, face_area=0.0087"
BRICS_Roundtable_Live__Power_Shift_Or_Political_Posturing__China___India___Russi.mp4,1124,9439.333,9458.8,19.467,Anchor Studio,94.0,"Anchor Studio: stable=0.83, symmetry=0.93, centered=True, faces=2, face_area=0.0144"
BRICS_Roundtable_Live__Power_Shift_Or_Political_Posturing__China___India___Russi.mp4,1125,9458.867,9492.8,33.933,Anchor Studio,94.0,"Anchor Studio: stable=0.80, symmetry=0.92, centered=True, faces=2, face_area=0.0173"
BRICS_Roundtable_Live__Power_Shift_Or_Political_Posturing__China___India___Russi.mp4,1126,9492.867,9505.733,12.866,Anchor Studio,94.0,"Anchor Studio: stable=0.85, symmetry=0.93, centered=True, faces=2, face_area=0.0244"
BRICS_Roundtable_Live__Power_Shift_Or_Political_Posturing__China___India___Russi.mp4,1127,9505.8,9510.2,4.4,Anchor Studio,94.0,"Anchor Studio: stable=0.81, symmetry=0.87, centered=True, faces=1, face_area=0.0320"
BRICS_Roundtable_Live__Power_Shift_Or_Political_Posturing__China___India___Russi.mp4,1128,9510.267,9523.4,13.133,Title Card,78.0,"Title Card: headline=0.9726, textcov=1.0506, stability=0.87"
BRICS_Roundtable_Live__Power_Shift_Or_Political_Posturing__China___India___Russi.mp4,1129,9523.467,9536.6,13.133,Anchor Studio,94.0,"Anchor Studio: stable=0.78, symmetry=0.93, centered=True, faces=2, face_area=0.0274"
BRICS_Roundtable_Live__Power_Shift_Or_Political_Posturing__China___India___Russi.mp4,1130,9536.667,9538.533,1.866,Title Card,68.0,"Title Card: headline=1.0326, textcov=1.0860, stability=0.76"
BRICS_Roundtable_Live__Power_Shift_Or_Political_Posturing__China___India___Russi.mp4,1131,9538.6,9542.333,3.733,Title Card,78.0,"Title Card: headline=0.9859, textcov=1.0122, stability=0.90"
BRICS_Roundtable_Live__Power_Shift_Or_Political_Posturing__China___India___Russi.mp4,1132,9542.4,9550.6,8.2,Anchor Studio,94.0,"Anchor Studio: stable=0.77, symmetry=0.88, centered=True, faces=1, face_area=0.0255"
BRICS_Roundtable_Live__Power_Shift_Or_Political_Posturing__China___India___Russi.mp4,1133,9550.667,9555.267,4.6,Title Card,78.0,"Title Card: headline=0.9088, textcov=0.9406, stability=0.89"
BRICS_Roundtable_Live__Power_Shift_Or_Political_Posturing__China___India___Russi.mp4,1134,9555.333,9574.333,19.0,Anchor Studio,94.0,"Anchor Studio: stable=0.78, symmetry=0.94, centered=True, faces=1, face_area=0.0115"
BRICS_Roundtable_Live__Power_Shift_Or_Political_Posturing__China___India___Russi.mp4,1135,9574.4,9586.2,11.8,Anchor Studio,84.0,"Anchor Studio: stable=0.80, symmetry=0.94, centered=True, faces=1, face_area=0.0013"
BRICS_Roundtable_Live__Power_Shift_Or_Political_Posturing__China___India___Russi.mp4,1136,9586.267,9593.533,7.266,Anchor Studio,84.0,"Anchor Studio: stable=0.75, symmetry=0.92, centered=True, faces=1, face_area=0.0057"
BRICS_Roundtable_Live__Power_Shift_Or_Political_Posturing__China___India___Russi.mp4,1137,9593.6,9594.667,1.067,Anchor Studio,84.0,"Anchor Studio: stable=0.91, symmetry=0.98, centered=True, faces=1, face_area=0.0074"
BRICS_Roundtable_Live__Power_Shift_Or_Political_Posturing__China___India___Russi.mp4,1138,9594.733,9602.6,7.867,Anchor Studio,82.0,"Anchor Studio: stable=0.80, symmetry=0.78, centered=True, faces=2, face_area=0.0566"
BRICS_Roundtable_Live__Power_Shift_Or_Political_Posturing__China___India___Russi.mp4,1139,9602.667,9617.467,14.8,Anchor Studio,94.0,"Anchor Studio: stable=0.85, symmetry=0.91, centered=True, faces=2, face_area=0.0132"
BRICS_Roundtable_Live__Power_Shift_Or_Political_Posturing__China___India___Russi.mp4,1140,9617.533,9624.133,6.6,Title Card,78.0,"Title Card: headline=0.9047, textcov=0.9326, stability=0.84"
BRICS_Roundtable_Live__Power_Shift_Or_Political_Posturing__China___India___Russi.mp4,1141,9624.2,9628.533,4.333,Anchor Studio,82.0,"Anchor Studio: stable=0.87, symmetry=0.78, centered=True, faces=2, face_area=0.0940"
BRICS_Roundtable_Live__Power_Shift_Or_Political_Posturing__China___India___Russi.mp4,1142,9628.6,9630.267,1.667,Anchor Studio,74.0,"Anchor Studio: stable=0.75, symmetry=0.90, centered=True, faces=1, face_area=0.0061"
BRICS_Roundtable_Live__Power_Shift_Or_Political_Posturing__China___India___Russi.mp4,1143,9630.333,9634.267,3.934,Title Card,78.0,"Title Card: headline=0.6495, textcov=0.9290, stability=0.84"
BRICS_Roundtable_Live__Power_Shift_Or_Political_Posturing__China___India___Russi.mp4,1144,9634.333,9639.6,5.267,Anchor Studio,74.0,"Anchor Studio: stable=0.70, symmetry=0.90, centered=True, faces=1, face_area=0.0006"
BRICS_Roundtable_Live__Power_Shift_Or_Political_Posturing__China___India___Russi.mp4,1145,9639.667,9648.533,8.866,Anchor Studio,84.0,"Anchor Studio: stable=0.86, symmetry=0.93, centered=True, faces=1, face_area=0.0012"
BRICS_Roundtable_Live__Power_Shift_Or_Political_Posturing__China___India___Russi.mp4,1146,9648.6,9665.267,16.667,Title Card,78.0,"Title Card: headline=1.0618, textcov=1.0866, stability=0.90"
BRICS_Roundtable_Live__Power_Shift_Or_Political_Posturing__China___India___Russi.mp4,1147,9665.333,9668.533,3.2,Anchor Studio,84.0,"Anchor Studio: stable=0.87, symmetry=0.98, centered=True, faces=1, face_area=0.0013"
BRICS_Roundtable_Live__Power_Shift_Or_Political_Posturing__China___India___Russi.mp4,1148,9668.6,9683.467,14.867,Anchor Studio,84.0,"Anchor Studio: stable=0.85, symmetry=0.92, centered=True, faces=1, face_area=0.0087"
BRICS_Roundtable_Live__Power_Shift_Or_Political_Posturing__China___India___Russi.mp4,1149,9683.533,9692.467,8.934,Anchor Studio,84.0,"Anchor Studio: stable=0.81, symmetry=0.94, centered=True, faces=1, face_area=0.0002"
BRICS_Roundtable_Live__Power_Shift_Or_Political_Posturing__China___India___Russi.mp4,1150,9692.533,9703.533,11.0,Anchor Studio,84.0,"Anchor Studio: stable=0.75, symmetry=0.95, centered=True, faces=1, face_area=0.0188"
BRICS_Roundtable_Live__Power_Shift_Or_Political_Posturing__China___India___Russi.mp4,1151,9703.6,9712.6,9.0,Title Card,78.0,"Title Card: headline=0.9869, textcov=1.0137, stability=0.88"
BRICS_Roundtable_Live__Power_Shift_Or_Political_Posturing__China___India___Russi.mp4,1152,9712.667,9725.8,13.133,Anchor Studio,82.0,"Anchor Studio: stable=0.85, symmetry=0.76, centered=True, faces=1, face_area=0.0190"
BRICS_Roundtable_Live__Power_Shift_Or_Political_Posturing__China___India___Russi.mp4,1153,9725.867,9737.533,11.666,Anchor Studio,82.0,"Anchor Studio: stable=0.84, symmetry=0.77, centered=True, faces=1, face_area=0.0144"
BRICS_Roundtable_Live__Power_Shift_Or_Political_Posturing__China___India___Russi.mp4,1154,9737.6,9747.2,9.6,Title Card,78.0,"Title Card: headline=0.5837, textcov=0.8199, stability=0.84"
BRICS_Roundtable_Live__Power_Shift_Or_Political_Posturing__China___India___Russi.mp4,1155,9747.267,9755.2,7.933,Anchor Studio,84.0,"Anchor Studio: stable=0.69, symmetry=0.96, centered=True, faces=1, face_area=0.0168"
BRICS_Roundtable_Live__Power_Shift_Or_Political_Posturing__China___India___Russi.mp4,1156,9755.267,9758.333,3.066,Anchor Studio,84.0,"Anchor Studio: stable=0.85, symmetry=0.91, centered=True, faces=1, face_area=0.0019"
BRICS_Roundtable_Live__Power_Shift_Or_Political_Posturing__China___India___Russi.mp4,1157,9758.4,9760.4,2.0,Anchor Studio,74.0,"Anchor Studio: stable=0.74, symmetry=0.88, centered=True, faces=1, face_area=0.0052"
BRICS_Roundtable_Live__Power_Shift_Or_Political_Posturing__China___India___Russi.mp4,1158,9760.467,9775.6,15.133,Anchor Studio,82.0,"Anchor Studio: stable=0.84, symmetry=0.78, centered=True, faces=1, face_area=0.0322"
BRICS_Roundtable_Live__Power_Shift_Or_Political_Posturing__China___India___Russi.mp4,1159,9775.667,9779.933,4.266,Title Card,78.0,"Title Card: headline=0.8685, textcov=1.0140, stability=0.86"
BRICS_Roundtable_Live__Power_Shift_Or_Political_Posturing__China___India___Russi.mp4,1160,9780.0,9782.733,2.733,Title Card,78.0,"Title Card: headline=0.8601, textcov=0.9832, stability=0.83"
BRICS_Roundtable_Live__Power_Shift_Or_Political_Posturing__China___India___Russi.mp4,1161,9782.8,9792.733,9.933,Anchor Studio,82.0,"Anchor Studio: stable=0.85, symmetry=0.77, centered=True, faces=1, face_area=0.0289"
BRICS_Roundtable_Live__Power_Shift_Or_Political_Posturing__China___India___Russi.mp4,1162,9792.8,9795.6,2.8,Title Card,78.0,"Title Card: headline=0.9868, textcov=1.0488, stability=0.83"
BRICS_Roundtable_Live__Power_Shift_Or_Political_Posturing__China___India___Russi.mp4,1163,9795.667,9798.6,2.933,B-Roll,70.0,"B-Roll: motion=0.0263, edge=0.1549, face_area=0.0018, symmetry=0.96"
BRICS_Roundtable_Live__Power_Shift_Or_Political_Posturing__China___India___Russi.mp4,1164,9798.667,9809.533,10.866,Anchor Studio,84.0,"Anchor Studio: stable=0.82, symmetry=0.96, centered=True, faces=1, face_area=0.0069"
BRICS_Roundtable_Live__Power_Shift_Or_Political_Posturing__China___India___Russi.mp4,1165,9809.6,9813.4,3.8,Anchor Studio,84.0,"Anchor Studio: stable=0.83, symmetry=0.91, centered=True, faces=1, face_area=0.0016"
BRICS_Roundtable_Live__Power_Shift_Or_Political_Posturing__China___India___Russi.mp4,1166,9813.467,9819.4,5.933,Title Card,78.0,"Title Card: headline=0.9179, textcov=0.9534, stability=0.84"
BRICS_Roundtable_Live__Power_Shift_Or_Political_Posturing__China___India___Russi.mp4,1167,9819.467,9843.333,23.866,Anchor Studio,94.0,"Anchor Studio: stable=0.85, symmetry=0.96, centered=True, faces=1, face_area=0.0450"
BRICS_Roundtable_Live__Power_Shift_Or_Political_Posturing__China___India___Russi.mp4,1168,9843.4,9848.333,4.933,Anchor Studio,94.0,"Anchor Studio: stable=0.85, symmetry=0.94, centered=True, faces=1, face_area=0.0607"
BRICS_Roundtable_Live__Power_Shift_Or_Political_Posturing__China___India___Russi.mp4,1169,9848.4,9850.4,2.0,B-Roll,70.0,"B-Roll: motion=0.0263, edge=0.1316, face_area=0.0000, symmetry=0.90"
BRICS_Roundtable_Live__Power_Shift_Or_Political_Posturing__China___India___Russi.mp4,1170,9850.467,9855.267,4.8,Title Card,78.0,"Title Card: headline=0.6390, textcov=0.9105, stability=0.82"
BRICS_Roundtable_Live__Power_Shift_Or_Political_Posturing__China___India___Russi.mp4,1171,9855.333,9863.733,8.4,Anchor Studio,94.0,"Anchor Studio: stable=0.83, symmetry=0.95, centered=True, faces=1, face_area=0.0424"
BRICS_Roundtable_Live__Power_Shift_Or_Political_Posturing__China___India___Russi.mp4,1172,9863.8,9878.733,14.933,Anchor Studio,94.0,"Anchor Studio: stable=0.87, symmetry=0.97, centered=True, faces=2, face_area=0.0320"
BRICS_Roundtable_Live__Power_Shift_Or_Political_Posturing__China___India___Russi.mp4,1173,9878.8,9893.133,14.333,Anchor Studio,94.0,"Anchor Studio: stable=0.83, symmetry=0.95, centered=True, faces=1, face_area=0.0619"
BRICS_Roundtable_Live__Power_Shift_Or_Political_Posturing__China___India___Russi.mp4,1174,9893.2,9900.933,7.733,Title Card,78.0,"Title Card: headline=0.9403, textcov=0.9583, stability=0.93"
BRICS_Roundtable_Live__Power_Shift_Or_Political_Posturing__China___India___Russi.mp4,1175,9901.0,9912.0,11.0,Anchor Studio,84.0,"Anchor Studio: stable=0.58, symmetry=0.95, centered=True, faces=1, face_area=0.0277"
BRICS_Roundtable_Live__Power_Shift_Or_Political_Posturing__China___India___Russi.mp4,1176,9912.067,9913.133,1.066,B-Roll,70.0,"B-Roll: motion=0.0455, edge=0.1516, face_area=0.0000, symmetry=0.96"
BRICS_Roundtable_Live__Power_Shift_Or_Political_Posturing__China___India___Russi.mp4,1177,9913.2,9920.0,6.8,Anchor Studio,94.0,"Anchor Studio: stable=0.86, symmetry=0.85, centered=True, faces=1, face_area=0.0653"
BRICS_Roundtable_Live__Power_Shift_Or_Political_Posturing__China___India___Russi.mp4,1178,9920.067,9923.333,3.266,Anchor Studio,74.0,"Anchor Studio: stable=0.72, symmetry=0.90, centered=True, faces=1, face_area=0.0017"
BRICS_Roundtable_Live__Power_Shift_Or_Political_Posturing__China___India___Russi.mp4,1179,9923.4,9927.6,4.2,Title Card,78.0,"Title Card: headline=0.8793, textcov=0.9353, stability=0.86"
BRICS_Roundtable_Live__Power_Shift_Or_Political_Posturing__China___India___Russi.mp4,1180,9927.667,9946.667,19.0,Anchor Studio,94.0,"Anchor Studio: stable=0.86, symmetry=0.88, centered=True, faces=1, face_area=0.0650"
BRICS_Roundtable_Live__Power_Shift_Or_Political_Posturing__China___India___Russi.mp4,1181,9946.733,9959.533,12.8,Anchor Studio,94.0,"Anchor Studio: stable=0.87, symmetry=0.95, centered=True, faces=1, face_area=0.0143"
BRICS_Roundtable_Live__Power_Shift_Or_Political_Posturing__China___India___Russi.mp4,1182,9959.6,9968.8,9.2,Anchor Studio,84.0,"Anchor Studio: stable=0.80, symmetry=0.92, centered=True, faces=1, face_area=0.0080"
BRICS_Roundtable_Live__Power_Shift_Or_Political_Posturing__China___India___Russi.mp4,1183,9968.867,9978.133,9.266,Anchor Studio,84.0,"Anchor Studio: stable=0.80, symmetry=0.95, centered=True, faces=1, face_area=0.0063"
BRICS_Roundtable_Live__Power_Shift_Or_Political_Posturing__China___India___Russi.mp4,1184,9978.2,9980.733,2.533,Anchor Studio,94.0,"Anchor Studio: stable=0.79, symmetry=0.96, centered=True, faces=1, face_area=0.0278"
BRICS_Roundtable_Live__Power_Shift_Or_Political_Posturing__China___India___Russi.mp4,1185,9980.8,9983.8,3.0,B-Roll,70.0,"B-Roll: motion=0.0253, edge=0.1502, face_area=0.0000, symmetry=0.96"
BRICS_Roundtable_Live__Power_Shift_Or_Political_Posturing__China___India___Russi.mp4,1186,9983.867,9989.133,5.266,Title Card,78.0,"Title Card: headline=0.6479, textcov=0.7177, stability=0.85"
BRICS_Roundtable_Live__Power_Shift_Or_Political_Posturing__China___India___Russi.mp4,1187,9989.2,10007.667,18.467,Anchor Studio,94.0,"Anchor Studio: stable=0.82, symmetry=0.91, centered=True, faces=1, face_area=0.0303"
BRICS_Roundtable_Live__Power_Shift_Or_Political_Posturing__China___India___Russi.mp4,1188,10007.733,10013.267,5.534,Title Card,78.0,"Title Card: headline=0.5887, textcov=0.8028, stability=0.90"
BRICS_Roundtable_Live__Power_Shift_Or_Political_Posturing__China___India___Russi.mp4,1189,10013.333,10019.067,5.734,Anchor Studio,94.0,"Anchor Studio: stable=0.83, symmetry=0.87, centered=True, faces=1, face_area=0.0150"
BRICS_Roundtable_Live__Power_Shift_Or_Political_Posturing__China___India___Russi.mp4,1190,10019.133,10021.467,2.334,B-Roll,70.0,"B-Roll: motion=0.0294, edge=0.1368, face_area=0.0000, symmetry=0.93"
BRICS_Roundtable_Live__Power_Shift_Or_Political_Posturing__China___India___Russi.mp4,1191,10021.533,10029.533,8.0,Title Card,78.0,"Title Card: headline=0.8712, textcov=0.8999, stability=0.88"
BRICS_Roundtable_Live__Power_Shift_Or_Political_Posturing__China___India___Russi.mp4,1192,10029.6,10031.0,1.4,Title Card,78.0,"Title Card: headline=0.1006, textcov=0.4563, stability=0.81"
BRICS_Roundtable_Live__Power_Shift_Or_Political_Posturing__China___India___Russi.mp4,1193,10031.067,10048.467,17.4,Title Card,78.0,"Title Card: headline=0.7513, textcov=0.8098, stability=0.90"
BRICS_Roundtable_Live__Power_Shift_Or_Political_Posturing__China___India___Russi.mp4,1194,10048.533,10056.667,8.134,Anchor Studio,82.0,"Anchor Studio: stable=0.87, symmetry=0.74, centered=True, faces=3, face_area=0.0799"
BRICS_Roundtable_Live__Power_Shift_Or_Political_Posturing__China___India___Russi.mp4,1195,10056.733,10057.867,1.134,Field Report,68.0,"Field Report: motion=0.0354, faces=1, centered=False, symmetry=0.95"
BRICS_Roundtable_Live__Power_Shift_Or_Political_Posturing__China___India___Russi.mp4,1196,10057.933,10061.6,3.667,Title Card,78.0,"Title Card: headline=0.6516, textcov=0.8132, stability=0.88"
BRICS_Roundtable_Live__Power_Shift_Or_Political_Posturing__China___India___Russi.mp4,1197,10061.667,10077.067,15.4,Anchor Studio,84.0,"Anchor Studio: stable=0.74, symmetry=0.87, centered=True, faces=2, face_area=0.0133"
BRICS_Roundtable_Live__Power_Shift_Or_Political_Posturing__China___India___Russi.mp4,1198,10077.133,10082.2,5.067,Anchor Studio,82.0,"Anchor Studio: stable=0.89, symmetry=0.76, centered=True, faces=2, face_area=0.1183"
BRICS_Roundtable_Live__Power_Shift_Or_Political_Posturing__China___India___Russi.mp4,1199,10082.267,10085.4,3.133,Title Card,78.0,"Title Card: headline=0.8838, textcov=0.9378, stability=0.91"
BRICS_Roundtable_Live__Power_Shift_Or_Political_Posturing__China___India___Russi.mp4,1200,10085.467,10101.867,16.4,Anchor Studio,82.0,"Anchor Studio: stable=0.86, symmetry=0.74, centered=True, faces=2, face_area=0.1066"
BRICS_Roundtable_Live__Power_Shift_Or_Political_Posturing__China___India___Russi.mp4,1201,10101.933,10104.467,2.534,Title Card,78.0,"Title Card: headline=0.9108, textcov=0.9579, stability=0.92"
BRICS_Roundtable_Live__Power_Shift_Or_Political_Posturing__China___India___Russi.mp4,1202,10104.533,10107.867,3.334,Anchor Studio,84.0,"Anchor Studio: stable=0.78, symmetry=0.85, centered=True, faces=2, face_area=0.0072"
BRICS_Roundtable_Live__Power_Shift_Or_Political_Posturing__China___India___Russi.mp4,1203,10107.933,10128.067,20.134,Anchor Studio,84.0,"Anchor Studio: stable=0.85, symmetry=0.93, centered=True, faces=1, face_area=0.0042"
BRICS_Roundtable_Live__Power_Shift_Or_Political_Posturing__China___India___Russi.mp4,1204,10128.133,10130.8,2.667,Anchor Studio,84.0,"Anchor Studio: stable=0.67, symmetry=0.96, centered=True, faces=1, face_area=0.0291"
BRICS_Roundtable_Live__Power_Shift_Or_Political_Posturing__China___India___Russi.mp4,1205,10130.867,10133.0,2.133,Anchor Studio,94.0,"Anchor Studio: stable=0.88, symmetry=0.81, centered=True, faces=1, face_area=0.0295"
BRICS_Roundtable_Live__Power_Shift_Or_Political_Posturing__China___India___Russi.mp4,1206,10133.067,10135.2,2.133,Anchor Studio,82.0,"Anchor Studio: stable=0.81, symmetry=0.76, centered=True, faces=1, face_area=0.0311"
BRICS_Roundtable_Live__Power_Shift_Or_Political_Posturing__China___India___Russi.mp4,1207,10135.267,10136.733,1.466,Anchor Studio,82.0,"Anchor Studio: stable=0.76, symmetry=0.74, centered=True, faces=1, face_area=0.0438"
BRICS_Roundtable_Live__Power_Shift_Or_Political_Posturing__China___India___Russi.mp4,1208,10136.8,10142.133,5.333,Anchor Studio,84.0,"Anchor Studio: stable=0.83, symmetry=0.93, centered=True, faces=1, face_area=0.0021"
BRICS_Roundtable_Live__Power_Shift_Or_Political_Posturing__China___India___Russi.mp4,1209,10142.2,10153.133,10.933,Anchor Studio,82.0,"Anchor Studio: stable=0.89, symmetry=0.77, centered=True, faces=2, face_area=0.0254"
BRICS_Roundtable_Live__Power_Shift_Or_Political_Posturing__China___India___Russi.mp4,1210,10153.2,10155.933,2.733,Anchor Studio,72.0,"Anchor Studio: stable=0.78, symmetry=0.96, centered=False, faces=1, face_area=0.0054"
BRICS_Roundtable_Live__Power_Shift_Or_Political_Posturing__China___India___Russi.mp4,1211,10156.0,10159.667,3.667,Title Card,78.0,"Title Card: headline=1.1547, textcov=1.2356, stability=0.91"
BRICS_Roundtable_Live__Power_Shift_Or_Political_Posturing__China___India___Russi.mp4,1212,10159.733,10161.467,1.734,Title Card,78.0,"Title Card: headline=1.1311, textcov=1.1740, stability=0.92"
BRICS_Roundtable_Live__Power_Shift_Or_Political_Posturing__China___India___Russi.mp4,1213,10161.533,10164.667,3.134,Title Card,78.0,"Title Card: headline=1.0392, textcov=1.2218, stability=0.86"
BRICS_Roundtable_Live__Power_Shift_Or_Political_Posturing__China___India___Russi.mp4,1214,10164.733,10165.667,0.934,Anchor Studio,72.0,"Anchor Studio: stable=0.70, symmetry=0.72, centered=True, faces=1, face_area=0.0429"
BRICS_Roundtable_Live__Power_Shift_Or_Political_Posturing__China___India___Russi.mp4,1215,10165.733,10166.667,0.934,Anchor Studio,84.0,"Anchor Studio: stable=0.66, symmetry=0.88, centered=True, faces=1, face_area=0.0257"
BRICS_Roundtable_Live__Power_Shift_Or_Political_Posturing__China___India___Russi.mp4,1216,10166.733,10169.067,2.334,B-Roll,70.0,"B-Roll: motion=0.0265, edge=0.1180, face_area=0.0000, symmetry=0.98"
BRICS_Roundtable_Live__Power_Shift_Or_Political_Posturing__China___India___Russi.mp4,1217,10169.133,10171.8,2.667,Title Card,78.0,"Title Card: headline=0.6872, textcov=0.7708, stability=0.85"
BRICS_Roundtable_Live__Power_Shift_Or_Political_Posturing__China___India___Russi.mp4,1218,10171.867,10179.733,7.866,Anchor Studio,94.0,"Anchor Studio: stable=0.76, symmetry=0.95, centered=True, faces=1, face_area=0.0126"
BRICS_Roundtable_Live__Power_Shift_Or_Political_Posturing__China___India___Russi.mp4,1219,10179.8,10180.8,1.0,Anchor Studio,84.0,"Anchor Studio: stable=0.74, symmetry=0.97, centered=True, faces=1, face_area=0.0241"
BRICS_Roundtable_Live__Power_Shift_Or_Political_Posturing__China___India___Russi.mp4,1220,10180.867,10188.2,7.333,Title Card,78.0,"Title Card: headline=0.6362, textcov=0.7623, stability=0.80"
BRICS_Roundtable_Live__Power_Shift_Or_Political_Posturing__China___India___Russi.mp4,1221,10188.267,10190.4,2.133,Title Card,78.0,"Title Card: headline=0.8382, textcov=0.9966, stability=0.86"
BRICS_Roundtable_Live__Power_Shift_Or_Political_Posturing__China___India___Russi.mp4,1222,10190.467,10192.4,1.933,Anchor Studio,94.0,"Anchor Studio: stable=0.78, symmetry=0.81, centered=True, faces=1, face_area=0.0278"
BRICS_Roundtable_Live__Power_Shift_Or_Political_Posturing__China___India___Russi.mp4,1223,10192.467,10212.667,20.2,Anchor Studio,82.0,"Anchor Studio: stable=0.86, symmetry=0.78, centered=True, faces=1, face_area=0.0205"
BRICS_Roundtable_Live__Power_Shift_Or_Political_Posturing__China___India___Russi.mp4,1224,10212.733,10228.333,15.6,Anchor Studio,84.0,"Anchor Studio: stable=0.82, symmetry=0.91, centered=True, faces=1, face_area=0.0042"
BRICS_Roundtable_Live__Power_Shift_Or_Political_Posturing__China___India___Russi.mp4,1225,10228.4,10239.667,11.267,Anchor Studio,84.0,"Anchor Studio: stable=0.70, symmetry=0.95, centered=True, faces=1, face_area=0.0148"
BRICS_Roundtable_Live__Power_Shift_Or_Political_Posturing__China___India___Russi.mp4,1226,10239.733,10243.067,3.334,Title Card,78.0,"Title Card: headline=0.7563, textcov=0.8670, stability=0.87"
BRICS_Roundtable_Live__Power_Shift_Or_Political_Posturing__China___India___Russi.mp4,1227,10243.133,10244.067,0.934,B-Roll,70.0,"B-Roll: motion=0.0321, edge=0.1176, face_area=0.0000, symmetry=0.80"
BRICS_Roundtable_Live__Power_Shift_Or_Political_Posturing__China___India___Russi.mp4,1228,10244.133,10251.533,7.4,Anchor Studio,82.0,"Anchor Studio: stable=0.87, symmetry=0.80, centered=True, faces=1, face_area=0.0146"
BRICS_Roundtable_Live__Power_Shift_Or_Political_Posturing__China___India___Russi.mp4,1229,10251.6,10253.2,1.6,Anchor Studio,84.0,"Anchor Studio: stable=0.87, symmetry=0.98, centered=True, faces=1, face_area=0.0068"
BRICS_Roundtable_Live__Power_Shift_Or_Political_Posturing__China___India___Russi.mp4,1230,10253.267,10258.0,4.733,Title Card,78.0,"Title Card: headline=1.0652, textcov=1.1283, stability=0.90"
BRICS_Roundtable_Live__Power_Shift_Or_Political_Posturing__China___India___Russi.mp4,1231,10258.067,10259.133,1.066,Title Card,78.0,"Title Card: headline=1.1624, textcov=1.3392, stability=0.81"
BRICS_Roundtable_Live__Power_Shift_Or_Political_Posturing__China___India___Russi.mp4,1232,10259.2,10260.667,1.467,Anchor Studio,82.0,"Anchor Studio: stable=0.81, symmetry=0.79, centered=True, faces=1, face_area=0.0206"
BRICS_Roundtable_Live__Power_Shift_Or_Political_Posturing__China___India___Russi.mp4,1233,10260.733,10275.867,15.134,Anchor Studio,84.0,"Anchor Studio: stable=0.79, symmetry=0.93, centered=True, faces=1, face_area=0.0027"
BRICS_Roundtable_Live__Power_Shift_Or_Political_Posturing__China___India___Russi.mp4,1234,10275.933,10277.733,1.8,Anchor Studio,94.0,"Anchor Studio: stable=0.83, symmetry=0.92, centered=True, faces=1, face_area=0.0207"
BRICS_Roundtable_Live__Power_Shift_Or_Political_Posturing__China___India___Russi.mp4,1235,10277.8,10278.867,1.067,B-Roll,70.0,"B-Roll: motion=0.0350, edge=0.1379, face_area=0.0000, symmetry=0.95"
BRICS_Roundtable_Live__Power_Shift_Or_Political_Posturing__China___India___Russi.mp4,1236,10278.933,10283.0,4.067,Title Card,78.0,"Title Card: headline=0.5429, textcov=0.7215, stability=0.82"
BRICS_Roundtable_Live__Power_Shift_Or_Political_Posturing__China___India___Russi.mp4,1237,10283.067,10294.8,11.733,Anchor Studio,84.0,"Anchor Studio: stable=0.75, symmetry=0.96, centered=True, faces=1, face_area=0.0089"
BRICS_Roundtable_Live__Power_Shift_Or_Political_Posturing__China___India___Russi.mp4,1238,10294.867,10299.667,4.8,Title Card,78.0,"Title Card: headline=0.7330, textcov=0.8187, stability=0.88"
BRICS_Roundtable_Live__Power_Shift_Or_Political_Posturing__China___India___Russi.mp4,1239,10299.733,10308.667,8.934,Anchor Studio,82.0,"Anchor Studio: stable=0.86, symmetry=0.76, centered=True, faces=1, face_area=0.0247"
BRICS_Roundtable_Live__Power_Shift_Or_Political_Posturing__China___India___Russi.mp4,1240,10308.733,10326.667,17.934,Anchor Studio,82.0,"Anchor Studio: stable=0.83, symmetry=0.77, centered=True, faces=1, face_area=0.0236"
BRICS_Roundtable_Live__Power_Shift_Or_Political_Posturing__China___India___Russi.mp4,1241,10326.733,10328.867,2.134,Anchor Studio,82.0,"Anchor Studio: stable=0.77, symmetry=0.74, centered=True, faces=1, face_area=0.0386"
BRICS_Roundtable_Live__Power_Shift_Or_Political_Posturing__China___India___Russi.mp4,1242,10328.933,10333.867,4.934,Anchor Studio,94.0,"Anchor Studio: stable=0.83, symmetry=0.90, centered=True, faces=1, face_area=0.0307"
BRICS_Roundtable_Live__Power_Shift_Or_Political_Posturing__China___India___Russi.mp4,1243,10333.933,10343.133,9.2,Title Card,78.0,"Title Card: headline=0.6144, textcov=0.8917, stability=0.89"
BRICS_Roundtable_Live__Power_Shift_Or_Political_Posturing__China___India___Russi.mp4,1244,10343.2,10403.733,60.533,Anchor Studio,94.0,"Anchor Studio: stable=0.86, symmetry=0.94, centered=True, faces=2, face_area=0.0543"
BRICS_Roundtable_Live__Power_Shift_Or_Political_Posturing__China___India___Russi.mp4,1245,10403.8,10406.267,2.467,B-Roll,70.0,"B-Roll: motion=0.0320, edge=0.1289, face_area=0.0000, symmetry=0.91"
BRICS_Roundtable_Live__Power_Shift_Or_Political_Posturing__China___India___Russi.mp4,1246,10406.333,10416.8,10.467,Title Card,78.0,"Title Card: headline=0.8592, textcov=0.8766, stability=0.91"
BRICS_Roundtable_Live__Power_Shift_Or_Political_Posturing__China___India___Russi.mp4,1247,10416.867,10440.467,23.6,Anchor Studio,94.0,"Anchor Studio: stable=0.84, symmetry=0.92, centered=True, faces=1, face_area=0.0506"
BRICS_Roundtable_Live__Power_Shift_Or_Political_Posturing__China___India___Russi.mp4,1248,10440.533,10446.2,5.667,Title Card,78.0,"Title Card: headline=0.8492, textcov=0.9804, stability=0.83"
BRICS_Roundtable_Live__Power_Shift_Or_Political_Posturing__China___India___Russi.mp4,1249,10446.267,10471.0,24.733,Anchor Studio,94.0,"Anchor Studio: stable=0.85, symmetry=0.91, centered=True, faces=1, face_area=0.0505"
BRICS_Roundtable_Live__Power_Shift_Or_Political_Posturing__China___India___Russi.mp4,1250,10471.067,10475.4,4.333,Title Card,78.0,"Title Card: headline=0.8541, textcov=0.8848, stability=0.81"
BRICS_Roundtable_Live__Power_Shift_Or_Political_Posturing__China___India___Russi.mp4,1251,10475.467,10490.0,14.533,Anchor Studio,94.0,"Anchor Studio: stable=0.80, symmetry=0.94, centered=True, faces=1, face_area=0.0120"
BRICS_Roundtable_Live__Power_Shift_Or_Political_Posturing__China___India___Russi.mp4,1252,10490.067,10516.067,26.0,Anchor Studio,94.0,"Anchor Studio: stable=0.78, symmetry=0.95, centered=True, faces=2, face_area=0.0174"
BRICS_Roundtable_Live__Power_Shift_Or_Political_Posturing__China___India___Russi.mp4,1253,10516.133,10524.867,8.734,Anchor Studio,94.0,"Anchor Studio: stable=0.88, symmetry=0.94, centered=True, faces=1, face_area=0.0327"
BRICS_Roundtable_Live__Power_Shift_Or_Political_Posturing__China___India___Russi.mp4,1254,10524.933,10531.2,6.267,Title Card,78.0,"Title Card: headline=0.9676, textcov=0.9940, stability=0.89"
BRICS_Roundtable_Live__Power_Shift_Or_Political_Posturing__China___India___Russi.mp4,1255,10531.267,10534.2,2.933,Title Card,68.0,"Title Card: headline=0.4470, textcov=0.7162, stability=0.76"
BRICS_Roundtable_Live__Power_Shift_Or_Political_Posturing__China___India___Russi.mp4,1256,10534.267,10549.0,14.733,Anchor Studio,84.0,"Anchor Studio: stable=0.86, symmetry=0.95, centered=True, faces=1, face_area=0.0076"
BRICS_Roundtable_Live__Power_Shift_Or_Political_Posturing__China___India___Russi.mp4,1257,10549.067,10551.4,2.333,Anchor Studio,84.0,"Anchor Studio: stable=0.63, symmetry=0.95, centered=True, faces=1, face_area=0.0147"
BRICS_Roundtable_Live__Power_Shift_Or_Political_Posturing__China___India___Russi.mp4,1258,10551.467,10552.933,1.466,Anchor Studio,94.0,"Anchor Studio: stable=0.77, symmetry=0.92, centered=True, faces=1, face_area=0.0270"
BRICS_Roundtable_Live__Power_Shift_Or_Political_Posturing__China___India___Russi.mp4,1259,10553.0,10569.2,16.2,Anchor Studio,84.0,"Anchor Studio: stable=0.74, symmetry=0.96, centered=True, faces=1, face_area=0.0119"
BRICS_Roundtable_Live__Power_Shift_Or_Political_Posturing__China___India___Russi.mp4,1260,10569.267,10569.867,0.6,B-Roll,70.0,"B-Roll: motion=0.0541, edge=0.1152, face_area=0.0000, symmetry=0.89"
BRICS_Roundtable_Live__Power_Shift_Or_Political_Posturing__China___India___Russi.mp4,1261,10569.933,10584.6,14.667,Anchor Studio,84.0,"Anchor Studio: stable=0.85, symmetry=0.96, centered=True, faces=1, face_area=0.0026"
BRICS_Roundtable_Live__Power_Shift_Or_Political_Posturing__China___India___Russi.mp4,1262,10584.667,10595.2,10.533,Anchor Studio,84.0,"Anchor Studio: stable=0.81, symmetry=0.94, centered=True, faces=1, face_area=0.0011"
BRICS_Roundtable_Live__Power_Shift_Or_Political_Posturing__China___India___Russi.mp4,1263,10595.267,10603.867,8.6,Title Card,78.0,"Title Card: headline=1.0803, textcov=1.0971, stability=0.91"
BRICS_Roundtable_Live__Power_Shift_Or_Political_Posturing__China___India___Russi.mp4,1264,10603.933,10609.667,5.734,Anchor Studio,74.0,"Anchor Studio: stable=0.62, symmetry=0.94, centered=True, faces=1, face_area=0.0016"
BRICS_Roundtable_Live__Power_Shift_Or_Political_Posturing__China___India___Russi.mp4,1265,10609.733,10613.8,4.067,Title Card,78.0,"Title Card: headline=1.0092, textcov=1.1165, stability=0.89"
BRICS_Roundtable_Live__Power_Shift_Or_Political_Posturing__China___India___Russi.mp4,1266,10613.867,10636.467,22.6,Anchor Studio,94.0,"Anchor Studio: stable=0.81, symmetry=0.86, centered=True, faces=2, face_area=0.0265"
BRICS_Roundtable_Live__Power_Shift_Or_Political_Posturing__China___India___Russi.mp4,1267,10636.533,10649.4,12.867,Anchor Studio,94.0,"Anchor Studio: stable=0.86, symmetry=0.95, centered=True, faces=1, face_area=0.0155"
BRICS_Roundtable_Live__Power_Shift_Or_Political_Posturing__China___India___Russi.mp4,1268,10649.467,10651.267,1.8,Anchor Studio,94.0,"Anchor Studio: stable=0.77, symmetry=0.95, centered=True, faces=1, face_area=0.0381"
BRICS_Roundtable_Live__Power_Shift_Or_Political_Posturing__China___India___Russi.mp4,1269,10651.333,10666.2,14.867,Anchor Studio,94.0,"Anchor Studio: stable=0.85, symmetry=0.95, centered=True, faces=1, face_area=0.0128"
BRICS_Roundtable_Live__Power_Shift_Or_Political_Posturing__China___India___Russi.mp4,1270,10666.267,10675.733,9.466,Anchor Studio,94.0,"Anchor Studio: stable=0.77, symmetry=0.95, centered=True, faces=2, face_area=0.0353"
BRICS_Roundtable_Live__Power_Shift_Or_Political_Posturing__China___India___Russi.mp4,1271,10675.8,10679.467,3.667,Title Card,78.0,"Title Card: headline=0.6659, textcov=0.8621, stability=0.85"
BRICS_Roundtable_Live__Power_Shift_Or_Political_Posturing__China___India___Russi.mp4,1272,10679.533,10692.4,12.867,Anchor Studio,84.0,"Anchor Studio: stable=0.84, symmetry=0.95, centered=True, faces=1, face_area=0.0085"
BRICS_Roundtable_Live__Power_Shift_Or_Political_Posturing__China___India___Russi.mp4,1273,10692.467,10711.867,19.4,Anchor Studio,94.0,"Anchor Studio: stable=0.83, symmetry=0.93, centered=True, faces=1, face_area=0.0133"
BRICS_Roundtable_Live__Power_Shift_Or_Political_Posturing__China___India___Russi.mp4,1274,10711.933,10745.933,34.0,Anchor Studio,94.0,"Anchor Studio: stable=0.80, symmetry=0.92, centered=True, faces=1, face_area=0.0163"
BRICS_Roundtable_Live__Power_Shift_Or_Political_Posturing__China___India___Russi.mp4,1275,10746.0,10758.867,12.867,Anchor Studio,94.0,"Anchor Studio: stable=0.85, symmetry=0.92, centered=True, faces=2, face_area=0.0244"
BRICS_Roundtable_Live__Power_Shift_Or_Political_Posturing__China___India___Russi.mp4,1276,10758.933,10763.267,4.334,Anchor Studio,94.0,"Anchor Studio: stable=0.82, symmetry=0.87, centered=True, faces=1, face_area=0.0306"
BRICS_Roundtable_Live__Power_Shift_Or_Political_Posturing__China___India___Russi.mp4,1277,10763.333,10776.533,13.2,Title Card,78.0,"Title Card: headline=0.9323, textcov=1.0192, stability=0.87"
BRICS_Roundtable_Live__Power_Shift_Or_Political_Posturing__China___India___Russi.mp4,1278,10776.6,10789.733,13.133,Anchor Studio,94.0,"Anchor Studio: stable=0.77, symmetry=0.93, centered=True, faces=2, face_area=0.0281"
BRICS_Roundtable_Live__Power_Shift_Or_Political_Posturing__China___India___Russi.mp4,1279,10789.8,10791.667,1.867,Title Card,68.0,"Title Card: headline=1.0840, textcov=1.1637, stability=0.76"
BRICS_Roundtable_Live__Power_Shift_Or_Political_Posturing__China___India___Russi.mp4,1280,10791.733,10795.4,3.667,Title Card,78.0,"Title Card: headline=1.0816, textcov=1.1049, stability=0.90"
BRICS_Roundtable_Live__Power_Shift_Or_Political_Posturing__China___India___Russi.mp4,1281,10795.467,10803.733,8.266,Anchor Studio,94.0,"Anchor Studio: stable=0.77, symmetry=0.88, centered=True, faces=1, face_area=0.0271"
BRICS_Roundtable_Live__Power_Shift_Or_Political_Posturing__China___India___Russi.mp4,1282,10803.8,10808.4,4.6,Title Card,78.0,"Title Card: headline=0.9398, textcov=0.9703, stability=0.89"
BRICS_Roundtable_Live__Power_Shift_Or_Political_Posturing__China___India___Russi.mp4,1283,10808.467,10827.467,19.0,Anchor Studio,94.0,"Anchor Studio: stable=0.78, symmetry=0.94, centered=True, faces=2, face_area=0.0124"
BRICS_Roundtable_Live__Power_Shift_Or_Political_Posturing__China___India___Russi.mp4,1284,10827.533,10839.267,11.734,Anchor Studio,84.0,"Anchor Studio: stable=0.81, symmetry=0.94, centered=True, faces=1, face_area=0.0046"
BRICS_Roundtable_Live__Power_Shift_Or_Political_Posturing__China___India___Russi.mp4,1285,10839.333,10846.667,7.334,Anchor Studio,74.0,"Anchor Studio: stable=0.75, symmetry=0.92, centered=True, faces=2, face_area=0.0074"
BRICS_Roundtable_Live__Power_Shift_Or_Political_Posturing__China___India___Russi.mp4,1286,10846.733,10847.8,1.067,Title Card,78.0,"Title Card: headline=1.1583, textcov=1.1976, stability=0.91"
BRICS_Roundtable_Live__Power_Shift_Or_Political_Posturing__China___India___Russi.mp4,1287,10847.867,10851.0,3.133,Anchor Studio,82.0,"Anchor Studio: stable=0.83, symmetry=0.79, centered=True, faces=2, face_area=0.0634"
BRICS_Roundtable_Live__Power_Shift_Or_Political_Posturing__China___India___Russi.mp4,1288,10851.067,10855.667,4.6,Anchor Studio,82.0,"Anchor Studio: stable=0.78, symmetry=0.77, centered=True, faces=2, face_area=0.0441"
BRICS_Roundtable_Live__Power_Shift_Or_Political_Posturing__China___India___Russi.mp4,1289,10855.733,10870.6,14.867,Anchor Studio,94.0,"Anchor Studio: stable=0.85, symmetry=0.91, centered=True, faces=2, face_area=0.0128"
BRICS_Roundtable_Live__Power_Shift_Or_Political_Posturing__China___India___Russi.mp4,1290,10870.667,10877.267,6.6,Title Card,78.0,"Title Card: headline=0.8948, textcov=0.9214, stability=0.84"
BRICS_Roundtable_Live__Power_Shift_Or_Political_Posturing__China___India___Russi.mp4,1291,10877.333,10881.667,4.334,Anchor Studio,82.0,"Anchor Studio: stable=0.86, symmetry=0.78, centered=True, faces=2, face_area=0.0933"
BRICS_Roundtable_Live__Power_Shift_Or_Political_Posturing__China___India___Russi.mp4,1292,10881.733,10883.4,1.667,Anchor Studio,94.0,"Anchor Studio: stable=0.76, symmetry=0.90, centered=True, faces=1, face_area=0.0103"
BRICS_Roundtable_Live__Power_Shift_Or_Political_Posturing__China___India___Russi.mp4,1293,10883.467,10887.4,3.933,Title Card,78.0,"Title Card: headline=0.6412, textcov=0.9107, stability=0.85"
BRICS_Roundtable_Live__Power_Shift_Or_Political_Posturing__China___India___Russi.mp4,1294,10887.467,10892.733,5.266,Anchor Studio,74.0,"Anchor Studio: stable=0.70, symmetry=0.90, centered=True, faces=1, face_area=0.0009"
BRICS_Roundtable_Live__Power_Shift_Or_Political_Posturing__China___India___Russi.mp4,1295,10892.8,10901.6,8.8,Anchor Studio,84.0,"Anchor Studio: stable=0.86, symmetry=0.93, centered=True, faces=1, face_area=0.0006"
BRICS_Roundtable_Live__Power_Shift_Or_Political_Posturing__China___India___Russi.mp4,1296,10901.667,10918.4,16.733,Title Card,78.0,"Title Card: headline=1.0479, textcov=1.0750, stability=0.90"
BRICS_Roundtable_Live__Power_Shift_Or_Political_Posturing__China___India___Russi.mp4,1297,10918.467,10921.667,3.2,Anchor Studio,84.0,"Anchor Studio: stable=0.86, symmetry=0.98, centered=True, faces=1, face_area=0.0025"
BRICS_Roundtable_Live__Power_Shift_Or_Political_Posturing__China___India___Russi.mp4,1298,10921.733,10936.6,14.867,Anchor Studio,84.0,"Anchor Studio: stable=0.84, symmetry=0.92, centered=True, faces=1, face_area=0.0087"
BRICS_Roundtable_Live__Power_Shift_Or_Political_Posturing__China___India___Russi.mp4,1299,10936.667,10945.6,8.933,Title Card,78.0,"Title Card: headline=0.6479, textcov=0.8782, stability=0.81"
BRICS_Roundtable_Live__Power_Shift_Or_Political_Posturing__China___India___Russi.mp4,1300,10945.667,10956.6,10.933,Anchor Studio,84.0,"Anchor Studio: stable=0.74, symmetry=0.95, centered=True, faces=1, face_area=0.0175"
BRICS_Roundtable_Live__Power_Shift_Or_Political_Posturing__China___India___Russi.mp4,1301,10956.667,10965.667,9.0,Title Card,78.0,"Title Card: headline=0.9728, textcov=1.0038, stability=0.88"
BRICS_Roundtable_Live__Power_Shift_Or_Political_Posturing__China___India___Russi.mp4,1302,10965.733,10977.067,11.334,Anchor Studio,82.0,"Anchor Studio: stable=0.86, symmetry=0.76, centered=True, faces=1, face_area=0.0188"
BRICS_Roundtable_Live__Power_Shift_Or_Political_Posturing__China___India___Russi.mp4,1303,10977.133,10990.667,13.534,Anchor Studio,82.0,"Anchor Studio: stable=0.84, symmetry=0.76, centered=True, faces=1, face_area=0.0164"
BRICS_Roundtable_Live__Power_Shift_Or_Political_Posturing__China___India___Russi.mp4,1304,10990.733,11000.333,9.6,Title Card,78.0,"Title Card: headline=0.5669, textcov=0.8162, stability=0.84"
BRICS_Roundtable_Live__Power_Shift_Or_Political_Posturing__China___India___Russi.mp4,1305,11000.4,11008.333,7.933,Anchor Studio,84.0,"Anchor Studio: stable=0.69, symmetry=0.96, centered=True, faces=2, face_area=0.0190"
BRICS_Roundtable_Live__Power_Shift_Or_Political_Posturing__China___India___Russi.mp4,1306,11008.4,11011.467,3.067,Anchor Studio,84.0,"Anchor Studio: stable=0.85, symmetry=0.91, centered=True, faces=1, face_area=0.0018"
BRICS_Roundtable_Live__Power_Shift_Or_Political_Posturing__China___India___Russi.mp4,1307,11011.533,11013.6,2.067,B-Roll,70.0,"B-Roll: motion=0.0251, edge=0.1377, face_area=0.0021, symmetry=0.88"
BRICS_Roundtable_Live__Power_Shift_Or_Political_Posturing__China___India___Russi.mp4,1308,11013.667,11028.733,15.066,Anchor Studio,82.0,"Anchor Studio: stable=0.84, symmetry=0.78, centered=True, faces=1, face_area=0.0330"
BRICS_Roundtable_Live__Power_Shift_Or_Political_Posturing__China___India___Russi.mp4,1309,11028.8,11031.2,2.4,Title Card,78.0,"Title Card: headline=1.0397, textcov=1.1544, stability=0.87"
BRICS_Roundtable_Live__Power_Shift_Or_Political_Posturing__China___India___Russi.mp4,1310,11031.267,11033.067,1.8,Title Card,78.0,"Title Card: headline=0.6719, textcov=0.8678, stability=0.82"
BRICS_Roundtable_Live__Power_Shift_Or_Political_Posturing__China___India___Russi.mp4,1311,11033.133,11035.8,2.667,Title Card,78.0,"Title Card: headline=0.8967, textcov=1.0279, stability=0.84"
BRICS_Roundtable_Live__Power_Shift_Or_Political_Posturing__China___India___Russi.mp4,1312,11035.867,11045.8,9.933,Anchor Studio,82.0,"Anchor Studio: stable=0.85, symmetry=0.77, centered=True, faces=1, face_area=0.0296"
BRICS_Roundtable_Live__Power_Shift_Or_Political_Posturing__China___India___Russi.mp4,1313,11045.867,11048.867,3.0,Title Card,78.0,"Title Card: headline=0.9904, textcov=1.0560, stability=0.82"
BRICS_Roundtable_Live__Power_Shift_Or_Political_Posturing__China___India___Russi.mp4,1314,11048.933,11051.667,2.734,B-Roll,70.0,"B-Roll: motion=0.0269, edge=0.1547, face_area=0.0000, symmetry=0.96"
BRICS_Roundtable_Live__Power_Shift_Or_Political_Posturing__China___India___Russi.mp4,1315,11051.733,11062.667,10.934,Anchor Studio,84.0,"Anchor Studio: stable=0.82, symmetry=0.95, centered=True, faces=1, face_area=0.0064"
BRICS_Roundtable_Live__Power_Shift_Or_Political_Posturing__China___India___Russi.mp4,1316,11062.733,11066.533,3.8,Title Card,78.0,"Title Card: headline=0.8554, textcov=0.9670, stability=0.83"
BRICS_Roundtable_Live__Power_Shift_Or_Political_Posturing__China___India___Russi.mp4,1317,11066.6,11072.533,5.933,Title Card,78.0,"Title Card: headline=0.9438, textcov=0.9712, stability=0.84"
BRICS_Roundtable_Live__Power_Shift_Or_Political_Posturing__China___India___Russi.mp4,1318,11072.6,11096.4,23.8,Anchor Studio,94.0,"Anchor Studio: stable=0.85, symmetry=0.96, centered=True, faces=2, face_area=0.0456"
BRICS_Roundtable_Live__Power_Shift_Or_Political_Posturing__China___India___Russi.mp4,1319,11096.467,11101.467,5.0,Anchor Studio,94.0,"Anchor Studio: stable=0.85, symmetry=0.94, centered=True, faces=1, face_area=0.0607"
BRICS_Roundtable_Live__Power_Shift_Or_Political_Posturing__China___India___Russi.mp4,1320,11101.533,11108.4,6.867,Anchor Studio,72.0,"Anchor Studio: stable=0.79, symmetry=0.92, centered=False, faces=1, face_area=0.0009"
BRICS_Roundtable_Live__Power_Shift_Or_Political_Posturing__China___India___Russi.mp4,1321,11108.467,11116.867,8.4,Anchor Studio,94.0,"Anchor Studio: stable=0.83, symmetry=0.95, centered=True, faces=2, face_area=0.0425"
BRICS_Roundtable_Live__Power_Shift_Or_Political_Posturing__China___India___Russi.mp4,1322,11116.933,11131.8,14.867,Anchor Studio,94.0,"Anchor Studio: stable=0.87, symmetry=0.97, centered=True, faces=2, face_area=0.0313"
BRICS_Roundtable_Live__Power_Shift_Or_Political_Posturing__China___India___Russi.mp4,1323,11131.867,11146.2,14.333,Anchor Studio,94.0,"Anchor Studio: stable=0.82, symmetry=0.95, centered=True, faces=2, face_area=0.0625"
BRICS_Roundtable_Live__Power_Shift_Or_Political_Posturing__China___India___Russi.mp4,1324,11146.267,11154.0,7.733,Title Card,78.0,"Title Card: headline=0.8946, textcov=0.9157, stability=0.93"
BRICS_Roundtable_Live__Power_Shift_Or_Political_Posturing__China___India___Russi.mp4,1325,11154.067,11165.0,10.933,Anchor Studio,84.0,"Anchor Studio: stable=0.58, symmetry=0.96, centered=True, faces=1, face_area=0.0278"
BRICS_Roundtable_Live__Power_Shift_Or_Political_Posturing__China___India___Russi.mp4,1326,11165.067,11166.2,1.133,B-Roll,70.0,"B-Roll: motion=0.0455, edge=0.1532, face_area=0.0000, symmetry=0.96"
BRICS_Roundtable_Live__Power_Shift_Or_Political_Posturing__China___India___Russi.mp4,1327,11166.267,11173.133,6.866,Anchor Studio,94.0,"Anchor Studio: stable=0.86, symmetry=0.86, centered=True, faces=1, face_area=0.0658"
BRICS_Roundtable_Live__Power_Shift_Or_Political_Posturing__China___India___Russi.mp4,1328,11173.2,11176.6,3.4,Anchor Studio,74.0,"Anchor Studio: stable=0.71, symmetry=0.90, centered=True, faces=1, face_area=0.0017"
BRICS_Roundtable_Live__Power_Shift_Or_Political_Posturing__China___India___Russi.mp4,1329,11176.667,11180.733,4.066,Title Card,78.0,"Title Card: headline=0.8398, textcov=0.8655, stability=0.87"
BRICS_Roundtable_Live__Power_Shift_Or_Political_Posturing__China___India___Russi.mp4,1330,11180.8,11199.733,18.933,Anchor Studio,94.0,"Anchor Studio: stable=0.86, symmetry=0.88, centered=True, faces=1, face_area=0.0650"
BRICS_Roundtable_Live__Power_Shift_Or_Political_Posturing__China___India___Russi.mp4,1331,11199.8,11212.667,12.867,Anchor Studio,94.0,"Anchor Studio: stable=0.88, symmetry=0.95, centered=True, faces=1, face_area=0.0143"
BRICS_Roundtable_Live__Power_Shift_Or_Political_Posturing__China___India___Russi.mp4,1332,11212.733,11221.933,9.2,Anchor Studio,84.0,"Anchor Studio: stable=0.81, symmetry=0.92, centered=True, faces=1, face_area=0.0083"
BRICS_Roundtable_Live__Power_Shift_Or_Political_Posturing__China___India___Russi.mp4,1333,11222.0,11231.2,9.2,Anchor Studio,84.0,"Anchor Studio: stable=0.81, symmetry=0.95, centered=True, faces=1, face_area=0.0064"
BRICS_Roundtable_Live__Power_Shift_Or_Political_Posturing__China___India___Russi.mp4,1334,11231.267,11233.8,2.533,Anchor Studio,94.0,"Anchor Studio: stable=0.78, symmetry=0.96, centered=True, faces=1, face_area=0.0315"
BRICS_Roundtable_Live__Power_Shift_Or_Political_Posturing__China___India___Russi.mp4,1335,11233.867,11236.933,3.066,B-Roll,70.0,"B-Roll: motion=0.0268, edge=0.1507, face_area=0.0000, symmetry=0.95"
BRICS_Roundtable_Live__Power_Shift_Or_Political_Posturing__China___India___Russi.mp4,1336,11237.0,11242.267,5.267,Title Card,78.0,"Title Card: headline=0.6538, textcov=0.7229, stability=0.85"
BRICS_Roundtable_Live__Power_Shift_Or_Political_Posturing__China___India___Russi.mp4,1337,11242.333,11260.733,18.4,Anchor Studio,94.0,"Anchor Studio: stable=0.82, symmetry=0.91, centered=True, faces=1, face_area=0.0299"
BRICS_Roundtable_Live__Power_Shift_Or_Political_Posturing__China___India___Russi.mp4,1338,11260.8,11266.333,5.533,Title Card,78.0,"Title Card: headline=0.6914, textcov=0.8255, stability=0.90"
BRICS_Roundtable_Live__Power_Shift_Or_Political_Posturing__China___India___Russi.mp4,1339,11266.4,11272.2,5.8,Anchor Studio,94.0,"Anchor Studio: stable=0.83, symmetry=0.87, centered=True, faces=1, face_area=0.0148"
BRICS_Roundtable_Live__Power_Shift_Or_Political_Posturing__China___India___Russi.mp4,1340,11272.267,11274.533,2.266,B-Roll,70.0,"B-Roll: motion=0.0309, edge=0.1362, face_area=0.0000, symmetry=0.93"
BRICS_Roundtable_Live__Power_Shift_Or_Political_Posturing__China___India___Russi.mp4,1341,11274.6,11282.667,8.067,Title Card,78.0,"Title Card: headline=0.8792, textcov=0.9085, stability=0.88"
BRICS_Roundtable_Live__Power_Shift_Or_Political_Posturing__China___India___Russi.mp4,1342,11282.733,11284.067,1.334,Title Card,78.0,"Title Card: headline=0.0927, textcov=0.4449, stability=0.81"
BRICS_Roundtable_Live__Power_Shift_Or_Political_Posturing__China___India___Russi.mp4,1343,11284.133,11301.6,17.467,Title Card,78.0,"Title Card: headline=0.7549, textcov=0.8126, stability=0.90"
BRICS_Roundtable_Live__Power_Shift_Or_Political_Posturing__China___India___Russi.mp4,1344,11301.667,11309.733,8.066,Anchor Studio,82.0,"Anchor Studio: stable=0.88, symmetry=0.74, centered=True, faces=2, face_area=0.0707"
BRICS_Roundtable_Live__Power_Shift_Or_Political_Posturing__China___India___Russi.mp4,1345,11309.8,11311.0,1.2,B-Roll,70.0,"B-Roll: motion=0.0370, edge=0.0777, face_area=0.0049, symmetry=0.94"
BRICS_Roundtable_Live__Power_Shift_Or_Political_Posturing__China___India___Russi.mp4,1346,11311.067,11314.667,3.6,Title Card,78.0,"Title Card: headline=0.7281, textcov=0.8677, stability=0.88"
BRICS_Roundtable_Live__Power_Shift_Or_Political_Posturing__China___India___Russi.mp4,1347,11314.733,11330.133,15.4,Anchor Studio,84.0,"Anchor Studio: stable=0.74, symmetry=0.88, centered=True, faces=2, face_area=0.0138"
BRICS_Roundtable_Live__Power_Shift_Or_Political_Posturing__China___India___Russi.mp4,1348,11330.2,11335.333,5.133,Anchor Studio,82.0,"Anchor Studio: stable=0.89, symmetry=0.76, centered=True, faces=2, face_area=0.1177"
BRICS_Roundtable_Live__Power_Shift_Or_Political_Posturing__China___India___Russi.mp4,1349,11335.4,11338.533,3.133,Title Card,78.0,"Title Card: headline=0.8672, textcov=0.9276, stability=0.91"
BRICS_Roundtable_Live__Power_Shift_Or_Political_Posturing__China___India___Russi.mp4,1350,11338.6,11354.933,16.333,Anchor Studio,82.0,"Anchor Studio: stable=0.86, symmetry=0.74, centered=True, faces=2, face_area=0.1067"
BRICS_Roundtable_Live__Power_Shift_Or_Political_Posturing__China___India___Russi.mp4,1351,11355.0,11357.533,2.533,Title Card,78.0,"Title Card: headline=0.9097, textcov=0.9538, stability=0.92"
BRICS_Roundtable_Live__Power_Shift_Or_Political_Posturing__China___India___Russi.mp4,1352,11357.6,11361.0,3.4,Anchor Studio,84.0,"Anchor Studio: stable=0.78, symmetry=0.85, centered=True, faces=2, face_area=0.0079"
BRICS_Roundtable_Live__Power_Shift_Or_Political_Posturing__China___India___Russi.mp4,1353,11361.067,11380.733,19.666,Anchor Studio,84.0,"Anchor Studio: stable=0.86, symmetry=0.93, centered=True, faces=1, face_area=0.0042"
BRICS_Roundtable_Live__Power_Shift_Or_Political_Posturing__China___India___Russi.mp4,1354,11380.8,11383.933,3.133,Anchor Studio,84.0,"Anchor Studio: stable=0.62, symmetry=0.96, centered=True, faces=1, face_area=0.0259"
BRICS_Roundtable_Live__Power_Shift_Or_Political_Posturing__China___India___Russi.mp4,1355,11384.0,11387.533,3.533,Anchor Studio,82.0,"Anchor Studio: stable=0.89, symmetry=0.80, centered=True, faces=1, face_area=0.0269"
BRICS_Roundtable_Live__Power_Shift_Or_Political_Posturing__China___India___Russi.mp4,1356,11387.6,11388.333,0.733,Anchor Studio,72.0,"Anchor Studio: stable=0.63, symmetry=0.72, centered=True, faces=1, face_area=0.0399"
BRICS_Roundtable_Live__Power_Shift_Or_Political_Posturing__China___India___Russi.mp4,1357,11388.4,11389.867,1.467,Anchor Studio,82.0,"Anchor Studio: stable=0.77, symmetry=0.74, centered=True, faces=1, face_area=0.0439"
BRICS_Roundtable_Live__Power_Shift_Or_Political_Posturing__China___India___Russi.mp4,1358,11389.933,11393.733,3.8,Title Card,78.0,"Title Card: headline=0.8444, textcov=0.9474, stability=0.87"
BRICS_Roundtable_Live__Power_Shift_Or_Political_Posturing__China___India___Russi.mp4,1359,11393.8,11395.2,1.4,Title Card,64.0,"Title Card: headline=0.4765, textcov=0.6928, stability=0.74"
BRICS_Roundtable_Live__Power_Shift_Or_Political_Posturing__China___India___Russi.mp4,1360,11395.267,11406.267,11.0,Anchor Studio,82.0,"Anchor Studio: stable=0.89, symmetry=0.77, centered=True, faces=2, face_area=0.0261"
BRICS_Roundtable_Live__Power_Shift_Or_Political_Posturing__China___India___Russi.mp4,1361,11406.333,11409.4,3.067,Anchor Studio,72.0,"Anchor Studio: stable=0.79, symmetry=0.96, centered=False, faces=1, face_area=0.0024"
BRICS_Roundtable_Live__Power_Shift_Or_Political_Posturing__China___India___Russi.mp4,1362,11409.467,11412.867,3.4,Title Card,78.0,"Title Card: headline=1.1453, textcov=1.2268, stability=0.91"
BRICS_Roundtable_Live__Power_Shift_Or_Political_Posturing__China___India___Russi.mp4,1363,11412.933,11414.533,1.6,Title Card,78.0,"Title Card: headline=1.1305, textcov=1.1718, stability=0.92"
BRICS_Roundtable_Live__Power_Shift_Or_Political_Posturing__China___India___Russi.mp4,1364,11414.6,11418.733,4.133,Anchor Studio,82.0,"Anchor Studio: stable=0.82, symmetry=0.75, centered=True, faces=1, face_area=0.0107"
BRICS_Roundtable_Live__Power_Shift_Or_Political_Posturing__China___India___Russi.mp4,1365,11418.8,11419.8,1.0,Anchor Studio,84.0,"Anchor Studio: stable=0.66, symmetry=0.88, centered=True, faces=1, face_area=0.0209"
BRICS_Roundtable_Live__Power_Shift_Or_Political_Posturing__China___India___Russi.mp4,1366,11419.867,11422.133,2.266,B-Roll,70.0,"B-Roll: motion=0.0269, edge=0.1186, face_area=0.0000, symmetry=0.98"
BRICS_Roundtable_Live__Power_Shift_Or_Political_Posturing__China___India___Russi.mp4,1367,11422.2,11424.933,2.733,Title Card,78.0,"Title Card: headline=0.6768, textcov=0.7684, stability=0.84"
BRICS_Roundtable_Live__Power_Shift_Or_Political_Posturing__China___India___Russi.mp4,1368,11425.0,11432.867,7.867,Anchor Studio,94.0,"Anchor Studio: stable=0.76, symmetry=0.95, centered=True, faces=1, face_area=0.0116"
BRICS_Roundtable_Live__Power_Shift_Or_Political_Posturing__China___India___Russi.mp4,1369,11432.933,11433.933,1.0,Anchor Studio,84.0,"Anchor Studio: stable=0.74, symmetry=0.97, centered=True, faces=1, face_area=0.0274"
BRICS_Roundtable_Live__Power_Shift_Or_Political_Posturing__China___India___Russi.mp4,1370,11434.0,11441.333,7.333,Title Card,78.0,"Title Card: headline=0.6271, textcov=0.7708, stability=0.80"
BRICS_Roundtable_Live__Power_Shift_Or_Political_Posturing__China___India___Russi.mp4,1371,11441.4,11443.467,2.067,Title Card,78.0,"Title Card: headline=0.8130, textcov=0.9762, stability=0.86"
BRICS_Roundtable_Live__Power_Shift_Or_Political_Posturing__China___India___Russi.mp4,1372,11443.533,11445.467,1.934,Anchor Studio,84.0,"Anchor Studio: stable=0.70, symmetry=0.82, centered=True, faces=1, face_area=0.0261"
BRICS_Roundtable_Live__Power_Shift_Or_Political_Posturing__China___India___Russi.mp4,1373,11445.533,11467.667,22.134,Anchor Studio,82.0,"Anchor Studio: stable=0.86, symmetry=0.78, centered=True, faces=1, face_area=0.0209"
BRICS_Roundtable_Live__Power_Shift_Or_Political_Posturing__China___India___Russi.mp4,1374,11467.733,11481.4,13.667,Anchor Studio,84.0,"Anchor Studio: stable=0.82, symmetry=0.93, centered=True, faces=1, face_area=0.0007"
BRICS_Roundtable_Live__Power_Shift_Or_Political_Posturing__China___India___Russi.mp4,1375,11481.467,11491.2,9.733,Anchor Studio,84.0,"Anchor Studio: stable=0.69, symmetry=0.95, centered=True, faces=1, face_area=0.0138"
BRICS_Roundtable_Live__Power_Shift_Or_Political_Posturing__China___India___Russi.mp4,1376,11491.267,11492.8,1.533,Anchor Studio,94.0,"Anchor Studio: stable=0.78, symmetry=0.93, centered=True, faces=1, face_area=0.0194"
BRICS_Roundtable_Live__Power_Shift_Or_Political_Posturing__China___India___Russi.mp4,1377,11492.867,11496.2,3.333,Title Card,78.0,"Title Card: headline=0.8351, textcov=0.9118, stability=0.87"
BRICS_Roundtable_Live__Power_Shift_Or_Political_Posturing__China___India___Russi.mp4,1378,11496.267,11497.133,0.866,B-Roll,70.0,"B-Roll: motion=0.0323, edge=0.1175, face_area=0.0000, symmetry=0.79"
BRICS_Roundtable_Live__Power_Shift_Or_Political_Posturing__China___India___Russi.mp4,1379,11497.2,11504.6,7.4,Anchor Studio,82.0,"Anchor Studio: stable=0.87, symmetry=0.79, centered=True, faces=1, face_area=0.0141"
BRICS_Roundtable_Live__Power_Shift_Or_Political_Posturing__China___India___Russi.mp4,1380,11504.667,11506.333,1.666,Title Card,78.0,"Title Card: headline=0.0504, textcov=0.3831, stability=0.86"
BRICS_Roundtable_Live__Power_Shift_Or_Political_Posturing__China___India___Russi.mp4,1381,11506.4,11508.0,1.6,Title Card,78.0,"Title Card: headline=1.1157, textcov=1.1609, stability=0.85"
BRICS_Roundtable_Live__Power_Shift_Or_Political_Posturing__China___India___Russi.mp4,1382,11508.067,11508.8,0.733,Title Card,78.0,"Title Card: headline=0.7219, textcov=0.8322, stability=0.85"
BRICS_Roundtable_Live__Power_Shift_Or_Political_Posturing__China___India___Russi.mp4,1383,11508.867,11511.067,2.2,Title Card,78.0,"Title Card: headline=1.1599, textcov=1.1981, stability=0.94"
BRICS_Roundtable_Live__Power_Shift_Or_Political_Posturing__China___India___Russi.mp4,1384,11511.133,11528.733,17.6,Anchor Studio,84.0,"Anchor Studio: stable=0.80, symmetry=0.91, centered=True, faces=1, face_area=0.0041"
BRICS_Roundtable_Live__Power_Shift_Or_Political_Posturing__China___India___Russi.mp4,1385,11528.8,11530.8,2.0,Anchor Studio,94.0,"Anchor Studio: stable=0.82, symmetry=0.92, centered=True, faces=1, face_area=0.0172"
BRICS_Roundtable_Live__Power_Shift_Or_Political_Posturing__China___India___Russi.mp4,1386,11530.867,11531.733,0.866,B-Roll,70.0,"B-Roll: motion=0.0380, edge=0.1380, face_area=0.0000, symmetry=0.95"
BRICS_Roundtable_Live__Power_Shift_Or_Political_Posturing__China___India___Russi.mp4,1387,11531.8,11536.067,4.267,Title Card,78.0,"Title Card: headline=0.5372, textcov=0.7141, stability=0.81"
BRICS_Roundtable_Live__Power_Shift_Or_Political_Posturing__China___India___Russi.mp4,1388,11536.133,11547.867,11.734,Anchor Studio,84.0,"Anchor Studio: stable=0.75, symmetry=0.96, centered=True, faces=1, face_area=0.0085"
BRICS_Roundtable_Live__Power_Shift_Or_Political_Posturing__China___India___Russi.mp4,1389,11547.933,11552.733,4.8,Title Card,78.0,"Title Card: headline=0.7394, textcov=0.8269, stability=0.88"
BRICS_Roundtable_Live__Power_Shift_Or_Political_Posturing__China___India___Russi.mp4,1390,11552.8,11582.0,29.2,Anchor Studio,82.0,"Anchor Studio: stable=0.83, symmetry=0.76, centered=True, faces=1, face_area=0.0256"
BRICS_Roundtable_Live__Power_Shift_Or_Political_Posturing__China___India___Russi.mp4,1391,11582.067,11586.933,4.866,Anchor Studio,94.0,"Anchor Studio: stable=0.83, symmetry=0.90, centered=True, faces=1, face_area=0.0305"
BRICS_Roundtable_Live__Power_Shift_Or_Political_Posturing__China___India___Russi.mp4,1392,11587.0,11596.2,9.2,Title Card,78.0,"Title Card: headline=0.6194, textcov=0.8825, stability=0.89"
BRICS_Roundtable_Live__Power_Shift_Or_Political_Posturing__China___India___Russi.mp4,1393,11596.267,11656.8,60.533,Anchor Studio,94.0,"Anchor Studio: stable=0.86, symmetry=0.94, centered=True, faces=2, face_area=0.0545"
BRICS_Roundtable_Live__Power_Shift_Or_Political_Posturing__China___India___Russi.mp4,1394,11656.867,11659.4,2.533,B-Roll,70.0,"B-Roll: motion=0.0311, edge=0.1286, face_area=0.0000, symmetry=0.90"
BRICS_Roundtable_Live__Power_Shift_Or_Political_Posturing__China___India___Russi.mp4,1395,11659.467,11669.933,10.466,Title Card,78.0,"Title Card: headline=0.9821, textcov=0.9990, stability=0.91"
BRICS_Roundtable_Live__Power_Shift_Or_Political_Posturing__China___India___Russi.mp4,1396,11670.0,11693.6,23.6,Anchor Studio,94.0,"Anchor Studio: stable=0.84, symmetry=0.92, centered=True, faces=2, face_area=0.0509"
BRICS_Roundtable_Live__Power_Shift_Or_Political_Posturing__China___India___Russi.mp4,1397,11693.667,11699.333,5.666,Title Card,78.0,"Title Card: headline=0.8108, textcov=0.9575, stability=0.84"
BRICS_Roundtable_Live__Power_Shift_Or_Political_Posturing__China___India___Russi.mp4,1398,11699.4,11724.133,24.733,Anchor Studio,94.0,"Anchor Studio: stable=0.85, symmetry=0.92, centered=True, faces=1, face_area=0.0505"
BRICS_Roundtable_Live__Power_Shift_Or_Political_Posturing__China___India___Russi.mp4,1399,11724.2,11728.467,4.267,Title Card,78.0,"Title Card: headline=0.8749, textcov=0.9034, stability=0.81"
BRICS_Roundtable_Live__Power_Shift_Or_Political_Posturing__China___India___Russi.mp4,1400,11728.533,11743.133,14.6,Anchor Studio,94.0,"Anchor Studio: stable=0.80, symmetry=0.95, centered=True, faces=1, face_area=0.0115"
BRICS_Roundtable_Live__Power_Shift_Or_Political_Posturing__China___India___Russi.mp4,1401,11743.2,11766.4,23.2,Anchor Studio,94.0,"Anchor Studio: stable=0.79, symmetry=0.95, centered=True, faces=2, face_area=0.0143"
BRICS_Roundtable_Live__Power_Shift_Or_Political_Posturing__China___India___Russi.mp4,1402,11766.467,11769.133,2.666,Anchor Studio,84.0,"Anchor Studio: stable=0.66, symmetry=0.96, centered=True, faces=1, face_area=0.0369"
BRICS_Roundtable_Live__Power_Shift_Or_Political_Posturing__China___India___Russi.mp4,1403,11769.2,11777.933,8.733,Anchor Studio,94.0,"Anchor Studio: stable=0.88, symmetry=0.94, centered=True, faces=1, face_area=0.0322"
BRICS_Roundtable_Live__Power_Shift_Or_Political_Posturing__China___India___Russi.mp4,1404,11778.0,11784.333,6.333,Title Card,78.0,"Title Card: headline=0.9638, textcov=0.9933, stability=0.87"
BRICS_Roundtable_Live__Power_Shift_Or_Political_Posturing__China___India___Russi.mp4,1405,11784.4,11785.8,1.4,Title Card,78.0,"Title Card: headline=0.3634, textcov=0.6741, stability=0.84"
BRICS_Roundtable_Live__Power_Shift_Or_Political_Posturing__China___India___Russi.mp4,1406,11785.867,11787.333,1.466,Title Card,68.0,"Title Card: headline=0.4127, textcov=0.6896, stability=0.78"
BRICS_Roundtable_Live__Power_Shift_Or_Political_Posturing__China___India___Russi.mp4,1407,11787.4,11802.133,14.733,Anchor Studio,84.0,"Anchor Studio: stable=0.86, symmetry=0.95, centered=True, faces=1, face_area=0.0079"
BRICS_Roundtable_Live__Power_Shift_Or_Political_Posturing__China___India___Russi.mp4,1408,11802.2,11806.0,3.8,Anchor Studio,84.0,"Anchor Studio: stable=0.69, symmetry=0.94, centered=True, faces=1, face_area=0.0196"
BRICS_Roundtable_Live__Power_Shift_Or_Political_Posturing__China___India___Russi.mp4,1409,11806.067,11822.267,16.2,Anchor Studio,84.0,"Anchor Studio: stable=0.74, symmetry=0.95, centered=True, faces=1, face_area=0.0117"
BRICS_Roundtable_Live__Power_Shift_Or_Political_Posturing__China___India___Russi.mp4,1410,11822.333,11837.667,15.334,Anchor Studio,84.0,"Anchor Studio: stable=0.83, symmetry=0.96, centered=True, faces=1, face_area=0.0028"
BRICS_Roundtable_Live__Power_Shift_Or_Political_Posturing__China___India___Russi.mp4,1411,11837.733,11838.733,1.0,B-Roll,70.0,"B-Roll: motion=0.0472, edge=0.1203, face_area=0.0000, symmetry=0.91"
BRICS_Roundtable_Live__Power_Shift_Or_Political_Posturing__China___India___Russi.mp4,1412,11838.8,11840.6,1.8,Anchor Studio,84.0,"Anchor Studio: stable=0.79, symmetry=0.97, centered=True, faces=1, face_area=0.0059"
BRICS_Roundtable_Live__Power_Shift_Or_Political_Posturing__China___India___Russi.mp4,1413,11840.667,11848.333,7.666,Title Card,78.0,"Title Card: headline=0.6980, textcov=0.8603, stability=0.85"
BRICS_Roundtable_Live__Power_Shift_Or_Political_Posturing__China___India___Russi.mp4,1414,11848.4,11857.0,8.6,Title Card,78.0,"Title Card: headline=1.0138, textcov=1.0330, stability=0.91"
BRICS_Roundtable_Live__Power_Shift_Or_Political_Posturing__China___India___Russi.mp4,1415,11857.067,11862.733,5.666,Anchor Studio,74.0,"Anchor Studio: stable=0.62, symmetry=0.94, centered=True, faces=1, face_area=0.0016"
BRICS_Roundtable_Live__Power_Shift_Or_Political_Posturing__China___India___Russi.mp4,1416,11862.8,11866.933,4.133,Title Card,78.0,"Title Card: headline=0.9829, textcov=1.0924, stability=0.88"
BRICS_Roundtable_Live__Power_Shift_Or_Political_Posturing__China___India___Russi.mp4,1417,11867.0,11889.533,22.533,Anchor Studio,94.0,"Anchor Studio: stable=0.81, symmetry=0.86, centered=True, faces=2, face_area=0.0253"
BRICS_Roundtable_Live__Power_Shift_Or_Political_Posturing__China___India___Russi.mp4,1418,11889.6,11902.533,12.933,Anchor Studio,94.0,"Anchor Studio: stable=0.86, symmetry=0.95, centered=True, faces=1, face_area=0.0156"
BRICS_Roundtable_Live__Power_Shift_Or_Political_Posturing__China___India___Russi.mp4,1419,11902.6,11904.4,1.8,Anchor Studio,94.0,"Anchor Studio: stable=0.78, symmetry=0.94, centered=True, faces=1, face_area=0.0368"
BRICS_Roundtable_Live__Power_Shift_Or_Political_Posturing__China___India___Russi.mp4,1420,11904.467,11919.267,14.8,Anchor Studio,94.0,"Anchor Studio: stable=0.85, symmetry=0.95, centered=True, faces=1, face_area=0.0130"
BRICS_Roundtable_Live__Power_Shift_Or_Political_Posturing__China___India___Russi.mp4,1421,11919.333,11928.8,9.467,Anchor Studio,94.0,"Anchor Studio: stable=0.77, symmetry=0.95, centered=True, faces=2, face_area=0.0353"
BRICS_Roundtable_Live__Power_Shift_Or_Political_Posturing__China___India___Russi.mp4,1422,11928.867,11932.533,3.666,Title Card,78.0,"Title Card: headline=0.6295, textcov=0.8260, stability=0.85"
BRICS_Roundtable_Live__Power_Shift_Or_Political_Posturing__China___India___Russi.mp4,1423,11932.6,11945.467,12.867,Anchor Studio,84.0,"Anchor Studio: stable=0.84, symmetry=0.95, centered=True, faces=2, face_area=0.0081"
BRICS_Roundtable_Live__Power_Shift_Or_Political_Posturing__China___India___Russi.mp4,1424,11945.533,11965.0,19.467,Anchor Studio,94.0,"Anchor Studio: stable=0.83, symmetry=0.93, centered=True, faces=2, face_area=0.0145"
BRICS_Roundtable_Live__Power_Shift_Or_Political_Posturing__China___India___Russi.mp4,1425,11965.067,11999.0,33.933,Anchor Studio,94.0,"Anchor Studio: stable=0.80, symmetry=0.92, centered=True, faces=2, face_area=0.0165"
BRICS_Roundtable_Live__Power_Shift_Or_Political_Posturing__China___India___Russi.mp4,1426,11999.067,12011.933,12.866,Anchor Studio,94.0,"Anchor Studio: stable=0.85, symmetry=0.92, centered=True, faces=2, face_area=0.0244"
BRICS_Roundtable_Live__Power_Shift_Or_Political_Posturing__China___India___Russi.mp4,1427,12012.0,12016.4,4.4,Anchor Studio,94.0,"Anchor Studio: stable=0.81, symmetry=0.87, centered=True, faces=1, face_area=0.0325"
BRICS_Roundtable_Live__Power_Shift_Or_Political_Posturing__China___India___Russi.mp4,1428,12016.467,12029.6,13.133,Title Card,78.0,"Title Card: headline=0.9262, textcov=1.0111, stability=0.87"
BRICS_Roundtable_Live__Power_Shift_Or_Political_Posturing__China___India___Russi.mp4,1429,12029.667,12042.8,13.133,Anchor Studio,94.0,"Anchor Studio: stable=0.78, symmetry=0.93, centered=True, faces=2, face_area=0.0285"
BRICS_Roundtable_Live__Power_Shift_Or_Political_Posturing__China___India___Russi.mp4,1430,12042.867,12044.733,1.866,Anchor Studio,84.0,"Anchor Studio: stable=0.76, symmetry=0.95, centered=True, faces=1, face_area=0.0008"
BRICS_Roundtable_Live__Power_Shift_Or_Political_Posturing__China___India___Russi.mp4,1431,12044.8,12048.533,3.733,Title Card,78.0,"Title Card: headline=1.0013, textcov=1.0278, stability=0.90"
BRICS_Roundtable_Live__Power_Shift_Or_Political_Posturing__China___India___Russi.mp4,1432,12048.6,12056.8,8.2,Anchor Studio,94.0,"Anchor Studio: stable=0.77, symmetry=0.88, centered=True, faces=1, face_area=0.0263"
BRICS_Roundtable_Live__Power_Shift_Or_Political_Posturing__China___India___Russi.mp4,1433,12056.867,12061.467,4.6,Title Card,78.0,"Title Card: headline=0.9318, textcov=0.9622, stability=0.89"
BRICS_Roundtable_Live__Power_Shift_Or_Political_Posturing__China___India___Russi.mp4,1434,12061.533,12080.533,19.0,Anchor Studio,94.0,"Anchor Studio: stable=0.78, symmetry=0.94, centered=True, faces=1, face_area=0.0120"
BRICS_Roundtable_Live__Power_Shift_Or_Political_Posturing__China___India___Russi.mp4,1435,12080.6,12092.333,11.733,Anchor Studio,84.0,"Anchor Studio: stable=0.81, symmetry=0.94, centered=True, faces=1, face_area=0.0036"
BRICS_Roundtable_Live__Power_Shift_Or_Political_Posturing__China___India___Russi.mp4,1436,12092.4,12099.667,7.267,Anchor Studio,74.0,"Anchor Studio: stable=0.75, symmetry=0.92, centered=True, faces=1, face_area=0.0064"
BRICS_Roundtable_Live__Power_Shift_Or_Political_Posturing__China___India___Russi.mp4,1437,12099.733,12100.867,1.134,Title Card,78.0,"Title Card: headline=0.9271, textcov=0.9841, stability=0.91"
BRICS_Roundtable_Live__Power_Shift_Or_Political_Posturing__China___India___Russi.mp4,1438,12100.933,12104.067,3.134,Anchor Studio,82.0,"Anchor Studio: stable=0.83, symmetry=0.79, centered=True, faces=2, face_area=0.0667"
BRICS_Roundtable_Live__Power_Shift_Or_Political_Posturing__China___India___Russi.mp4,1439,12104.133,12108.733,4.6,Anchor Studio,82.0,"Anchor Studio: stable=0.78, symmetry=0.77, centered=True, faces=2, face_area=0.0399"
BRICS_Roundtable_Live__Power_Shift_Or_Political_Posturing__China___India___Russi.mp4,1440,12108.8,12123.667,14.867,Anchor Studio,94.0,"Anchor Studio: stable=0.85, symmetry=0.91, centered=True, faces=2, face_area=0.0118"
BRICS_Roundtable_Live__Power_Shift_Or_Political_Posturing__China___India___Russi.mp4,1441,12123.733,12130.333,6.6,Title Card,78.0,"Title Card: headline=0.9051, textcov=0.9326, stability=0.84"
BRICS_Roundtable_Live__Power_Shift_Or_Political_Posturing__China___India___Russi.mp4,1442,12130.4,12134.733,4.333,Anchor Studio,82.0,"Anchor Studio: stable=0.86, symmetry=0.78, centered=True, faces=2, face_area=0.0938"
BRICS_Roundtable_Live__Power_Shift_Or_Political_Posturing__China___India___Russi.mp4,1443,12134.8,12136.467,1.667,Anchor Studio,84.0,"Anchor Studio: stable=0.76, symmetry=0.90, centered=True, faces=1, face_area=0.0080"
BRICS_Roundtable_Live__Power_Shift_Or_Political_Posturing__China___India___Russi.mp4,1444,12136.533,12140.467,3.934,Title Card,78.0,"Title Card: headline=0.6328, textcov=0.9140, stability=0.85"
BRICS_Roundtable_Live__Power_Shift_Or_Political_Posturing__China___India___Russi.mp4,1445,12140.533,12145.8,5.267,Anchor Studio,74.0,"Anchor Studio: stable=0.70, symmetry=0.90, centered=True, faces=1, face_area=0.0018"
BRICS_Roundtable_Live__Power_Shift_Or_Political_Posturing__China___India___Russi.mp4,1446,12145.867,12154.667,8.8,Title Card,78.0,"Title Card: headline=0.7251, textcov=0.9285, stability=0.86"
BRICS_Roundtable_Live__Power_Shift_Or_Political_Posturing__China___India___Russi.mp4,1447,12154.733,12171.467,16.734,Title Card,78.0,"Title Card: headline=0.9788, textcov=1.0068, stability=0.90"
BRICS_Roundtable_Live__Power_Shift_Or_Political_Posturing__China___India___Russi.mp4,1448,12171.533,12174.733,3.2,Anchor Studio,84.0,"Anchor Studio: stable=0.86, symmetry=0.98, centered=True, faces=1, face_area=0.0007"
BRICS_Roundtable_Live__Power_Shift_Or_Political_Posturing__China___India___Russi.mp4,1449,12174.8,12189.667,14.867,Anchor Studio,84.0,"Anchor Studio: stable=0.84, symmetry=0.92, centered=True, faces=1, face_area=0.0090"
BRICS_Roundtable_Live__Power_Shift_Or_Political_Posturing__China___India___Russi.mp4,1450,12189.733,12198.667,8.934,Title Card,78.0,"Title Card: headline=0.6110, textcov=0.8517, stability=0.81"
BRICS_Roundtable_Live__Power_Shift_Or_Political_Posturing__China___India___Russi.mp4,1451,12198.733,12209.733,11.0,Anchor Studio,84.0,"Anchor Studio: stable=0.74, symmetry=0.95, centered=True, faces=1, face_area=0.0181"
BRICS_Roundtable_Live__Power_Shift_Or_Political_Posturing__China___India___Russi.mp4,1452,12209.8,12218.733,8.933,Title Card,78.0,"Title Card: headline=0.9505, textcov=0.9816, stability=0.88"
BRICS_Roundtable_Live__Power_Shift_Or_Political_Posturing__China___India___Russi.mp4,1453,12218.8,12243.733,24.933,Anchor Studio,82.0,"Anchor Studio: stable=0.85, symmetry=0.76, centered=True, faces=1, face_area=0.0172"
BRICS_Roundtable_Live__Power_Shift_Or_Political_Posturing__China___India___Russi.mp4,1454,12243.8,12253.4,9.6,Title Card,78.0,"Title Card: headline=0.5739, textcov=0.8196, stability=0.84"
BRICS_Roundtable_Live__Power_Shift_Or_Political_Posturing__China___India___Russi.mp4,1455,12253.467,12261.4,7.933,Anchor Studio,84.0,"Anchor Studio: stable=0.69, symmetry=0.97, centered=True, faces=1, face_area=0.0190"
BRICS_Roundtable_Live__Power_Shift_Or_Political_Posturing__China___India___Russi.mp4,1456,12261.467,12264.533,3.066,Anchor Studio,84.0,"Anchor Studio: stable=0.85, symmetry=0.91, centered=True, faces=1, face_area=0.0018"
BRICS_Roundtable_Live__Power_Shift_Or_Political_Posturing__China___India___Russi.mp4,1457,12264.6,12266.333,1.733,Anchor Studio,72.0,"Anchor Studio: stable=0.76, symmetry=0.91, centered=False, faces=1, face_area=0.0023"
BRICS_Roundtable_Live__Power_Shift_Or_Political_Posturing__China___India___Russi.mp4,1458,12266.4,12281.8,15.4,Anchor Studio,82.0,"Anchor Studio: stable=0.84, symmetry=0.78, centered=True, faces=1, face_area=0.0314"
BRICS_Roundtable_Live__Power_Shift_Or_Political_Posturing__China___India___Russi.mp4,1459,12281.867,12284.267,2.4,Title Card,78.0,"Title Card: headline=1.0626, textcov=1.1561, stability=0.87"
BRICS_Roundtable_Live__Power_Shift_Or_Political_Posturing__China___India___Russi.mp4,1460,12284.333,12286.133,1.8,Title Card,78.0,"Title Card: headline=0.6586, textcov=0.8418, stability=0.81"
BRICS_Roundtable_Live__Power_Shift_Or_Political_Posturing__China___India___Russi.mp4,1461,12286.2,12288.867,2.667,Title Card,78.0,"Title Card: headline=0.8381, textcov=0.9715, stability=0.84"
BRICS_Roundtable_Live__Power_Shift_Or_Political_Posturing__China___India___Russi.mp4,1462,12288.933,12298.867,9.934,Anchor Studio,82.0,"Anchor Studio: stable=0.85, symmetry=0.77, centered=True, faces=1, face_area=0.0295"
BRICS_Roundtable_Live__Power_Shift_Or_Political_Posturing__China___India___Russi.mp4,1463,12298.933,12301.933,3.0,Title Card,78.0,"Title Card: headline=0.9924, textcov=1.0576, stability=0.82"
BRICS_Roundtable_Live__Power_Shift_Or_Political_Posturing__China___India___Russi.mp4,1464,12302.0,12304.733,2.733,B-Roll,70.0,"B-Roll: motion=0.0268, edge=0.1543, face_area=0.0036, symmetry=0.96"
BRICS_Roundtable_Live__Power_Shift_Or_Political_Posturing__China___India___Russi.mp4,1465,12304.8,12315.733,10.933,Anchor Studio,84.0,"Anchor Studio: stable=0.82, symmetry=0.96, centered=True, faces=1, face_area=0.0063"
BRICS_Roundtable_Live__Power_Shift_Or_Political_Posturing__China___India___Russi.mp4,1466,12315.8,12319.6,3.8,Anchor Studio,84.0,"Anchor Studio: stable=0.83, symmetry=0.91, centered=True, faces=1, face_area=0.0014"
BRICS_Roundtable_Live__Power_Shift_Or_Political_Posturing__China___India___Russi.mp4,1467,12319.667,12325.6,5.933,Title Card,78.0,"Title Card: headline=1.0073, textcov=1.0359, stability=0.84"
BRICS_Roundtable_Live__Power_Shift_Or_Political_Posturing__China___India___Russi.mp4,1468,12325.667,12349.467,23.8,Anchor Studio,94.0,"Anchor Studio: stable=0.85, symmetry=0.96, centered=True, faces=1, face_area=0.0448"
BRICS_Roundtable_Live__Power_Shift_Or_Political_Posturing__China___India___Russi.mp4,1469,12349.533,12354.533,5.0,Anchor Studio,94.0,"Anchor Studio: stable=0.85, symmetry=0.94, centered=True, faces=1, face_area=0.0610"
BRICS_Roundtable_Live__Power_Shift_Or_Political_Posturing__China___India___Russi.mp4,1470,12354.6,12361.467,6.867,Anchor Studio,72.0,"Anchor Studio: stable=0.79, symmetry=0.92, centered=False, faces=1, face_area=0.0008"
BRICS_Roundtable_Live__Power_Shift_Or_Political_Posturing__China___India___Russi.mp4,1471,12361.533,12369.933,8.4,Anchor Studio,94.0,"Anchor Studio: stable=0.83, symmetry=0.95, centered=True, faces=1, face_area=0.0408"
BRICS_Roundtable_Live__Power_Shift_Or_Political_Posturing__China___India___Russi.mp4,1472,12370.0,12384.867,14.867,Anchor Studio,94.0,"Anchor Studio: stable=0.87, symmetry=0.97, centered=True, faces=2, face_area=0.0319"
BRICS_Roundtable_Live__Power_Shift_Or_Political_Posturing__China___India___Russi.mp4,1473,12384.933,12399.267,14.334,Anchor Studio,94.0,"Anchor Studio: stable=0.82, symmetry=0.95, centered=True, faces=2, face_area=0.0620"
BRICS_Roundtable_Live__Power_Shift_Or_Political_Posturing__China___India___Russi.mp4,1474,12399.333,12407.067,7.734,Title Card,78.0,"Title Card: headline=0.9416, textcov=0.9624, stability=0.93"
BRICS_Roundtable_Live__Power_Shift_Or_Political_Posturing__China___India___Russi.mp4,1475,12407.133,12418.133,11.0,Anchor Studio,84.0,"Anchor Studio: stable=0.58, symmetry=0.96, centered=True, faces=1, face_area=0.0274"
BRICS_Roundtable_Live__Power_Shift_Or_Political_Posturing__China___India___Russi.mp4,1476,12418.2,12419.267,1.067,B-Roll,70.0,"B-Roll: motion=0.0449, edge=0.1526, face_area=0.0000, symmetry=0.97"
BRICS_Roundtable_Live__Power_Shift_Or_Political_Posturing__China___India___Russi.mp4,1477,12419.333,12426.2,6.867,Anchor Studio,94.0,"Anchor Studio: stable=0.86, symmetry=0.86, centered=True, faces=1, face_area=0.0655"
BRICS_Roundtable_Live__Power_Shift_Or_Political_Posturing__China___India___Russi.mp4,1478,12426.267,12429.667,3.4,B-Roll,70.0,"B-Roll: motion=0.0289, edge=0.1322, face_area=0.0000, symmetry=0.90"
BRICS_Roundtable_Live__Power_Shift_Or_Political_Posturing__China___India___Russi.mp4,1479,12429.733,12433.8,4.067,Title Card,78.0,"Title Card: headline=0.8877, textcov=0.9221, stability=0.87"
BRICS_Roundtable_Live__Power_Shift_Or_Political_Posturing__China___India___Russi.mp4,1480,12433.867,12452.8,18.933,Anchor Studio,94.0,"Anchor Studio: stable=0.86, symmetry=0.88, centered=True, faces=1, face_area=0.0650"
BRICS_Roundtable_Live__Power_Shift_Or_Political_Posturing__China___India___Russi.mp4,1481,12452.867,12465.733,12.866,Anchor Studio,94.0,"Anchor Studio: stable=0.88, symmetry=0.95, centered=True, faces=1, face_area=0.0147"
BRICS_Roundtable_Live__Power_Shift_Or_Political_Posturing__China___India___Russi.mp4,1482,12465.8,12475.0,9.2,Anchor Studio,84.0,"Anchor Studio: stable=0.81, symmetry=0.92, centered=True, faces=1, face_area=0.0073"
BRICS_Roundtable_Live__Power_Shift_Or_Political_Posturing__China___India___Russi.mp4,1483,12475.067,12484.267,9.2,Anchor Studio,84.0,"Anchor Studio: stable=0.81, symmetry=0.95, centered=True, faces=1, face_area=0.0062"
BRICS_Roundtable_Live__Power_Shift_Or_Political_Posturing__China___India___Russi.mp4,1484,12484.333,12486.867,2.534,Anchor Studio,94.0,"Anchor Studio: stable=0.78, symmetry=0.96, centered=True, faces=1, face_area=0.0318"
BRICS_Roundtable_Live__Power_Shift_Or_Political_Posturing__China___India___Russi.mp4,1485,12486.933,12490.0,3.067,B-Roll,70.0,"B-Roll: motion=0.0268, edge=0.1505, face_area=0.0000, symmetry=0.95"
BRICS_Roundtable_Live__Power_Shift_Or_Political_Posturing__China___India___Russi.mp4,1486,12490.067,12495.333,5.266,Title Card,78.0,"Title Card: headline=0.6460, textcov=0.7173, stability=0.85"
BRICS_Roundtable_Live__Power_Shift_Or_Political_Posturing__China___India___Russi.mp4,1487,12495.4,12513.8,18.4,Anchor Studio,94.0,"Anchor Studio: stable=0.82, symmetry=0.91, centered=True, faces=1, face_area=0.0303"
BRICS_Roundtable_Live__Power_Shift_Or_Political_Posturing__China___India___Russi.mp4,1488,12513.867,12519.4,5.533,Title Card,78.0,"Title Card: headline=0.6402, textcov=0.8086, stability=0.90"
BRICS_Roundtable_Live__Power_Shift_Or_Political_Posturing__China___India___Russi.mp4,1489,12519.467,12525.267,5.8,Anchor Studio,94.0,"Anchor Studio: stable=0.83, symmetry=0.87, centered=True, faces=1, face_area=0.0153"
BRICS_Roundtable_Live__Power_Shift_Or_Political_Posturing__China___India___Russi.mp4,1490,12525.333,12527.6,2.267,B-Roll,70.0,"B-Roll: motion=0.0309, edge=0.1363, face_area=0.0000, symmetry=0.93"
BRICS_Roundtable_Live__Power_Shift_Or_Political_Posturing__China___India___Russi.mp4,1491,12527.667,12535.733,8.066,Title Card,78.0,"Title Card: headline=0.8870, textcov=0.9155, stability=0.88"
BRICS_Roundtable_Live__Power_Shift_Or_Political_Posturing__China___India___Russi.mp4,1492,12535.8,12537.133,1.333,Title Card,78.0,"Title Card: headline=0.0926, textcov=0.4459, stability=0.81"
BRICS_Roundtable_Live__Power_Shift_Or_Political_Posturing__China___India___Russi.mp4,1493,12537.2,12554.667,17.467,Title Card,78.0,"Title Card: headline=0.7727, textcov=0.8297, stability=0.90"
BRICS_Roundtable_Live__Power_Shift_Or_Political_Posturing__China___India___Russi.mp4,1494,12554.733,12562.8,8.067,Anchor Studio,82.0,"Anchor Studio: stable=0.88, symmetry=0.74, centered=True, faces=2, face_area=0.0754"
BRICS_Roundtable_Live__Power_Shift_Or_Political_Posturing__China___India___Russi.mp4,1495,12562.867,12564.067,1.2,Field Report,68.0,"Field Report: motion=0.0372, faces=1, centered=False, symmetry=0.94"
BRICS_Roundtable_Live__Power_Shift_Or_Political_Posturing__China___India___Russi.mp4,1496,12564.133,12567.733,3.6,Title Card,78.0,"Title Card: headline=0.7428, textcov=0.8914, stability=0.88"
BRICS_Roundtable_Live__Power_Shift_Or_Political_Posturing__China___India___Russi.mp4,1497,12567.8,12583.2,15.4,Anchor Studio,84.0,"Anchor Studio: stable=0.74, symmetry=0.88, centered=True, faces=2, face_area=0.0132"
BRICS_Roundtable_Live__Power_Shift_Or_Political_Posturing__China___India___Russi.mp4,1498,12583.267,12588.4,5.133,Anchor Studio,82.0,"Anchor Studio: stable=0.89, symmetry=0.76, centered=True, faces=2, face_area=0.1176"
BRICS_Roundtable_Live__Power_Shift_Or_Political_Posturing__China___India___Russi.mp4,1499,12588.467,12591.6,3.133,Title Card,78.0,"Title Card: headline=0.8690, textcov=0.9268, stability=0.91"
BRICS_Roundtable_Live__Power_Shift_Or_Political_Posturing__China___India___Russi.mp4,1500,12591.667,12608.0,16.333,Anchor Studio,82.0,"Anchor Studio: stable=0.86, symmetry=0.74, centered=True, faces=2, face_area=0.1062"
BRICS_Roundtable_Live__Power_Shift_Or_Political_Posturing__China___India___Russi.mp4,1501,12608.067,12610.6,2.533,Title Card,78.0,"Title Card: headline=0.9049, textcov=0.9510, stability=0.92"
BRICS_Roundtable_Live__Power_Shift_Or_Political_Posturing__China___India___Russi.mp4,1502,12610.667,12614.067,3.4,Anchor Studio,84.0,"Anchor Studio: stable=0.78, symmetry=0.85, centered=True, faces=1, face_area=0.0074"
BRICS_Roundtable_Live__Power_Shift_Or_Political_Posturing__China___India___Russi.mp4,1503,12614.133,12633.8,19.667,Anchor Studio,84.0,"Anchor Studio: stable=0.86, symmetry=0.93, centered=True, faces=1, face_area=0.0042"
BRICS_Roundtable_Live__Power_Shift_Or_Political_Posturing__China___India___Russi.mp4,1504,12633.867,12637.0,3.133,Anchor Studio,84.0,"Anchor Studio: stable=0.62, symmetry=0.96, centered=True, faces=1, face_area=0.0238"
BRICS_Roundtable_Live__Power_Shift_Or_Political_Posturing__China___India___Russi.mp4,1505,12637.067,12641.4,4.333,Anchor Studio,82.0,"Anchor Studio: stable=0.84, symmetry=0.78, centered=True, faces=1, face_area=0.0295"
BRICS_Roundtable_Live__Power_Shift_Or_Political_Posturing__China___India___Russi.mp4,1506,12641.467,12642.933,1.466,Anchor Studio,82.0,"Anchor Studio: stable=0.77, symmetry=0.74, centered=True, faces=1, face_area=0.0447"
BRICS_Roundtable_Live__Power_Shift_Or_Political_Posturing__China___India___Russi.mp4,1507,12643.0,12646.8,3.8,Title Card,78.0,"Title Card: headline=0.8281, textcov=0.9369, stability=0.87"
BRICS_Roundtable_Live__Power_Shift_Or_Political_Posturing__China___India___Russi.mp4,1508,12646.867,12648.267,1.4,Title Card,64.0,"Title Card: headline=0.4716, textcov=0.6977, stability=0.74"
BRICS_Roundtable_Live__Power_Shift_Or_Political_Posturing__China___India___Russi.mp4,1509,12648.333,12659.333,11.0,Anchor Studio,82.0,"Anchor Studio: stable=0.89, symmetry=0.77, centered=True, faces=1, face_area=0.0257"
BRICS_Roundtable_Live__Power_Shift_Or_Political_Posturing__China___India___Russi.mp4,1510,12659.4,12662.133,2.733,Anchor Studio,72.0,"Anchor Studio: stable=0.78, symmetry=0.96, centered=False, faces=1, face_area=0.0026"
BRICS_Roundtable_Live__Power_Shift_Or_Political_Posturing__China___India___Russi.mp4,1511,12662.2,12663.4,1.2,Title Card,78.0,"Title Card: headline=1.1968, textcov=1.2301, stability=0.90"
BRICS_Roundtable_Live__Power_Shift_Or_Political_Posturing__China___India___Russi.mp4,1512,12663.467,12665.933,2.466,Title Card,78.0,"Title Card: headline=1.1712, textcov=1.2277, stability=0.91"
BRICS_Roundtable_Live__Power_Shift_Or_Political_Posturing__China___India___Russi.mp4,1513,12666.0,12667.6,1.6,Title Card,78.0,"Title Card: headline=1.1315, textcov=1.1738, stability=0.92"
BRICS_Roundtable_Live__Power_Shift_Or_Political_Posturing__China___India___Russi.mp4,1514,12667.667,12671.8,4.133,Anchor Studio,82.0,"Anchor Studio: stable=0.82, symmetry=0.75, centered=True, faces=1, face_area=0.0111"
BRICS_Roundtable_Live__Power_Shift_Or_Political_Posturing__China___India___Russi.mp4,1515,12671.867,12672.867,1.0,Anchor Studio,84.0,"Anchor Studio: stable=0.66, symmetry=0.88, centered=True, faces=1, face_area=0.0262"
BRICS_Roundtable_Live__Power_Shift_Or_Political_Posturing__China___India___Russi.mp4,1516,12672.933,12675.2,2.267,B-Roll,70.0,"B-Roll: motion=0.0269, edge=0.1180, face_area=0.0000, symmetry=0.98"
BRICS_Roundtable_Live__Power_Shift_Or_Political_Posturing__China___India___Russi.mp4,1517,12675.267,12678.0,2.733,Title Card,78.0,"Title Card: headline=0.6755, textcov=0.7676, stability=0.84"
BRICS_Roundtable_Live__Power_Shift_Or_Political_Posturing__China___India___Russi.mp4,1518,12678.067,12685.933,7.866,Anchor Studio,94.0,"Anchor Studio: stable=0.76, symmetry=0.95, centered=True, faces=1, face_area=0.0120"
BRICS_Roundtable_Live__Power_Shift_Or_Political_Posturing__China___India___Russi.mp4,1519,12686.0,12687.0,1.0,Anchor Studio,84.0,"Anchor Studio: stable=0.74, symmetry=0.97, centered=True, faces=1, face_area=0.0255"
BRICS_Roundtable_Live__Power_Shift_Or_Political_Posturing__China___India___Russi.mp4,1520,12687.067,12696.333,9.266,Title Card,78.0,"Title Card: headline=0.6691, textcov=0.7961, stability=0.81"
BRICS_Roundtable_Live__Power_Shift_Or_Political_Posturing__China___India___Russi.mp4,1521,12696.4,12698.533,2.133,Anchor Studio,84.0,"Anchor Studio: stable=0.73, symmetry=0.81, centered=True, faces=1, face_area=0.0237"
BRICS_Roundtable_Live__Power_Shift_Or_Political_Posturing__China___India___Russi.mp4,1522,12698.6,12718.8,20.2,Anchor Studio,82.0,"Anchor Studio: stable=0.86, symmetry=0.78, centered=True, faces=1, face_area=0.0205"
BRICS_Roundtable_Live__Power_Shift_Or_Political_Posturing__China___India___Russi.mp4,1523,12718.867,12720.733,1.866,Anchor Studio,82.0,"Anchor Studio: stable=0.80, symmetry=0.74, centered=True, faces=1, face_area=0.0277"
BRICS_Roundtable_Live__Power_Shift_Or_Political_Posturing__China___India___Russi.mp4,1524,12720.8,12734.467,13.667,Anchor Studio,84.0,"Anchor Studio: stable=0.82, symmetry=0.93, centered=True, faces=1, face_area=0.0007"
BRICS_Roundtable_Live__Power_Shift_Or_Political_Posturing__China___India___Russi.mp4,1525,12734.533,12744.267,9.734,Anchor Studio,84.0,"Anchor Studio: stable=0.69, symmetry=0.95, centered=True, faces=1, face_area=0.0134"
BRICS_Roundtable_Live__Power_Shift_Or_Political_Posturing__China___India___Russi.mp4,1526,12744.333,12745.867,1.534,Anchor Studio,94.0,"Anchor Studio: stable=0.78, symmetry=0.93, centered=True, faces=1, face_area=0.0219"
BRICS_Roundtable_Live__Power_Shift_Or_Political_Posturing__China___India___Russi.mp4,1527,12745.933,12749.267,3.334,Title Card,78.0,"Title Card: headline=0.7140, textcov=0.8267, stability=0.87"
BRICS_Roundtable_Live__Power_Shift_Or_Political_Posturing__China___India___Russi.mp4,1528,12749.333,12750.2,0.867,B-Roll,70.0,"B-Roll: motion=0.0324, edge=0.1164, face_area=0.0000, symmetry=0.79"
BRICS_Roundtable_Live__Power_Shift_Or_Political_Posturing__China___India___Russi.mp4,1529,12750.267,12757.667,7.4,Anchor Studio,82.0,"Anchor Studio: stable=0.87, symmetry=0.79, centered=True, faces=1, face_area=0.0139"
BRICS_Roundtable_Live__Power_Shift_Or_Political_Posturing__China___India___Russi.mp4,1530,12757.733,12759.4,1.667,Title Card,78.0,"Title Card: headline=0.2044, textcov=0.4594, stability=0.86"
BRICS_Roundtable_Live__Power_Shift_Or_Political_Posturing__China___India___Russi.mp4,1531,12759.467,12761.067,1.6,Title Card,78.0,"Title Card: headline=1.1065, textcov=1.1598, stability=0.85"
BRICS_Roundtable_Live__Power_Shift_Or_Political_Posturing__China___India___Russi.mp4,1532,12761.133,12761.867,0.734,Anchor Studio,84.0,"Anchor Studio: stable=0.85, symmetry=0.99, centered=True, faces=1, face_area=0.0064"
BRICS_Roundtable_Live__Power_Shift_Or_Political_Posturing__China___India___Russi.mp4,1533,12761.933,12764.133,2.2,Title Card,78.0,"Title Card: headline=1.1700, textcov=1.2072, stability=0.94"
BRICS_Roundtable_Live__Power_Shift_Or_Political_Posturing__China___India___Russi.mp4,1534,12764.2,12766.867,2.667,Anchor Studio,82.0,"Anchor Studio: stable=0.81, symmetry=0.79, centered=True, faces=1, face_area=0.0104"
BRICS_Roundtable_Live__Power_Shift_Or_Political_Posturing__China___India___Russi.mp4,1535,12766.933,12781.8,14.867,Anchor Studio,84.0,"Anchor Studio: stable=0.79, symmetry=0.93, centered=True, faces=1, face_area=0.0026"
BRICS_Roundtable_Live__Power_Shift_Or_Political_Posturing__China___India___Russi.mp4,1536,12781.867,12783.867,2.0,Anchor Studio,94.0,"Anchor Studio: stable=0.82, symmetry=0.92, centered=True, faces=1, face_area=0.0178"
BRICS_Roundtable_Live__Power_Shift_Or_Political_Posturing__China___India___Russi.mp4,1537,12783.933,12784.8,0.867,Anchor Studio,74.0,"Anchor Studio: stable=0.62, symmetry=0.95, centered=True, faces=1, face_area=0.0067"
BRICS_Roundtable_Live__Power_Shift_Or_Political_Posturing__China___India___Russi.mp4,1538,12784.867,12789.133,4.266,Title Card,78.0,"Title Card: headline=0.5313, textcov=0.7004, stability=0.81"
BRICS_Roundtable_Live__Power_Shift_Or_Political_Posturing__China___India___Russi.mp4,1539,12789.2,12800.933,11.733,Anchor Studio,84.0,"Anchor Studio: stable=0.75, symmetry=0.96, centered=True, faces=1, face_area=0.0085"
BRICS_Roundtable_Live__Power_Shift_Or_Political_Posturing__China___India___Russi.mp4,1540,12801.0,12805.8,4.8,Title Card,78.0,"Title Card: headline=0.7169, textcov=0.8054, stability=0.88"
BRICS_Roundtable_Live__Power_Shift_Or_Political_Posturing__China___India___Russi.mp4,1541,12805.867,12814.8,8.933,Anchor Studio,82.0,"Anchor Studio: stable=0.86, symmetry=0.76, centered=True, faces=1, face_area=0.0241"
BRICS_Roundtable_Live__Power_Shift_Or_Political_Posturing__China___India___Russi.mp4,1542,12814.867,12832.8,17.933,Anchor Studio,82.0,"Anchor Studio: stable=0.83, symmetry=0.77, centered=True, faces=1, face_area=0.0241"
BRICS_Roundtable_Live__Power_Shift_Or_Political_Posturing__China___India___Russi.mp4,1543,12832.867,12835.067,2.2,Anchor Studio,82.0,"Anchor Studio: stable=0.76, symmetry=0.74, centered=True, faces=1, face_area=0.0375"
BRICS_Roundtable_Live__Power_Shift_Or_Political_Posturing__China___India___Russi.mp4,1544,12835.133,12840.0,4.867,Anchor Studio,94.0,"Anchor Studio: stable=0.83, symmetry=0.90, centered=True, faces=1, face_area=0.0306"
BRICS_Roundtable_Live__Power_Shift_Or_Political_Posturing__China___India___Russi.mp4,1545,12840.067,12849.267,9.2,Title Card,78.0,"Title Card: headline=0.6078, textcov=0.8839, stability=0.89"
BRICS_Roundtable_Live__Power_Shift_Or_Political_Posturing__China___India___Russi.mp4,1546,12849.333,12909.867,60.534,Anchor Studio,94.0,"Anchor Studio: stable=0.86, symmetry=0.94, centered=True, faces=1, face_area=0.0542"
BRICS_Roundtable_Live__Power_Shift_Or_Political_Posturing__China___India___Russi.mp4,1547,12909.933,12912.4,2.467,B-Roll,70.0,"B-Roll: motion=0.0315, edge=0.1286, face_area=0.0000, symmetry=0.90"
BRICS_Roundtable_Live__Power_Shift_Or_Political_Posturing__China___India___Russi.mp4,1548,12912.467,12923.0,10.533,Title Card,78.0,"Title Card: headline=0.8591, textcov=0.8752, stability=0.91"
BRICS_Roundtable_Live__Power_Shift_Or_Political_Posturing__China___India___Russi.mp4,1549,12923.067,12946.667,23.6,Anchor Studio,94.0,"Anchor Studio: stable=0.84, symmetry=0.92, centered=True, faces=1, face_area=0.0506"
BRICS_Roundtable_Live__Power_Shift_Or_Political_Posturing__China___India___Russi.mp4,1550,12946.733,12952.4,5.667,Title Card,78.0,"Title Card: headline=0.8147, textcov=0.9516, stability=0.84"
BRICS_Roundtable_Live__Power_Shift_Or_Political_Posturing__China___India___Russi.mp4,1551,12952.467,12977.2,24.733,Anchor Studio,94.0,"Anchor Studio: stable=0.85, symmetry=0.91, centered=True, faces=1, face_area=0.0502"
BRICS_Roundtable_Live__Power_Shift_Or_Political_Posturing__China___India___Russi.mp4,1552,12977.267,12981.533,4.266,Title Card,78.0,"Title Card: headline=0.8735, textcov=0.9045, stability=0.81"
BRICS_Roundtable_Live__Power_Shift_Or_Political_Posturing__China___India___Russi.mp4,1553,12981.6,12996.2,14.6,Anchor Studio,94.0,"Anchor Studio: stable=0.80, symmetry=0.94, centered=True, faces=1, face_area=0.0126"
BRICS_Roundtable_Live__Power_Shift_Or_Political_Posturing__China___India___Russi.mp4,1554,12996.267,13019.467,23.2,Anchor Studio,94.0,"Anchor Studio: stable=0.79, symmetry=0.95, centered=True, faces=2, face_area=0.0145"
BRICS_Roundtable_Live__Power_Shift_Or_Political_Posturing__China___India___Russi.mp4,1555,13019.533,13022.2,2.667,Anchor Studio,84.0,"Anchor Studio: stable=0.66, symmetry=0.96, centered=True, faces=1, face_area=0.0369"
BRICS_Roundtable_Live__Power_Shift_Or_Political_Posturing__China___India___Russi.mp4,1556,13022.267,13031.0,8.733,Anchor Studio,94.0,"Anchor Studio: stable=0.88, symmetry=0.94, centered=True, faces=1, face_area=0.0315"
BRICS_Roundtable_Live__Power_Shift_Or_Political_Posturing__China___India___Russi.mp4,1557,13031.067,13037.333,6.266,Title Card,78.0,"Title Card: headline=0.9818, textcov=1.0006, stability=0.89"
BRICS_Roundtable_Live__Power_Shift_Or_Political_Posturing__China___India___Russi.mp4,1558,13037.4,13040.4,3.0,Title Card,68.0,"Title Card: headline=0.4598, textcov=0.6984, stability=0.77"
BRICS_Roundtable_Live__Power_Shift_Or_Political_Posturing__China___India___Russi.mp4,1559,13040.467,13055.2,14.733,Anchor Studio,84.0,"Anchor Studio: stable=0.86, symmetry=0.95, centered=True, faces=1, face_area=0.0078"
BRICS_Roundtable_Live__Power_Shift_Or_Political_Posturing__China___India___Russi.mp4,1560,13055.267,13059.067,3.8,Anchor Studio,84.0,"Anchor Studio: stable=0.69, symmetry=0.93, centered=True, faces=1, face_area=0.0194"
BRICS_Roundtable_Live__Power_Shift_Or_Political_Posturing__China___India___Russi.mp4,1561,13059.133,13075.333,16.2,Anchor Studio,84.0,"Anchor Studio: stable=0.74, symmetry=0.96, centered=True, faces=2, face_area=0.0121"
BRICS_Roundtable_Live__Power_Shift_Or_Political_Posturing__China___India___Russi.mp4,1562,13075.4,13090.733,15.333,Anchor Studio,84.0,"Anchor Studio: stable=0.83, symmetry=0.96, centered=True, faces=1, face_area=0.0029"
BRICS_Roundtable_Live__Power_Shift_Or_Political_Posturing__China___India___Russi.mp4,1563,13090.8,13091.8,1.0,B-Roll,70.0,"B-Roll: motion=0.0472, edge=0.1193, face_area=0.0000, symmetry=0.91"
BRICS_Roundtable_Live__Power_Shift_Or_Political_Posturing__China___India___Russi.mp4,1564,13091.867,13093.667,1.8,Anchor Studio,84.0,"Anchor Studio: stable=0.79, symmetry=0.97, centered=True, faces=1, face_area=0.0044"
BRICS_Roundtable_Live__Power_Shift_Or_Political_Posturing__China___India___Russi.mp4,1565,13093.733,13099.933,6.2,Title Card,78.0,"Title Card: headline=0.6577, textcov=0.8124, stability=0.83"
