video_name,shot_id,start_time,end_time,duration,classification,confidence_score,rule_explanation
LIVE___Sensex_Falls_Again__Why_Are_Indian_Markets_Under_Pressure____The_Palki_Sh.mp4,1,0.0,17.2,17.2,Title Card,78.0,"Title Card: headline=0.1585, textcov=0.2259, stability=0.87"
LIVE___Sensex_Falls_Again__Why_Are_Indian_Markets_Under_Pressure____The_Palki_Sh.mp4,2,17.267,19.067,1.8,Anchor Studio,84.0,"Anchor Studio: stable=0.32, symmetry=0.85, centered=True, faces=1, face_area=0.0103"
LIVE___Sensex_Falls_Again__Why_Are_Indian_Markets_Under_Pressure____The_Palki_Sh.mp4,3,19.133,19.667,0.534,Anchor Studio,84.0,"Anchor Studio: stable=0.54, symmetry=0.87, centered=True, faces=2, face_area=0.0581"
LIVE___Sensex_Falls_Again__Why_Are_Indian_Markets_Under_Pressure____The_Palki_Sh.mp4,4,19.733,20.267,0.534,Anchor Studio,72.0,"Anchor Studio: stable=0.72, symmetry=0.94, centered=False, faces=1, face_area=0.0124"
LIVE___Sensex_Falls_Again__Why_Are_Indian_Markets_Under_Pressure____The_Palki_Sh.mp4,5,20.333,21.933,1.6,B-Roll,70.0,"B-Roll: motion=0.0640, edge=0.0270, face_area=0.0000, symmetry=0.72"
LIVE___Sensex_Falls_Again__Why_Are_Indian_Markets_Under_Pressure____The_Palki_Sh.mp4,6,22.0,23.667,1.667,B-Roll,70.0,"B-Roll: motion=0.0568, edge=0.0264, face_area=0.0000, symmetry=0.85"
LIVE___Sensex_Falls_Again__Why_Are_Indian_Markets_Under_Pressure____The_Palki_Sh.mp4,7,23.733,24.467,0.734,B-Roll,70.0,"B-Roll: motion=0.1005, edge=0.0426, face_area=0.0000, symmetry=0.89"
LIVE___Sensex_Falls_Again__Why_Are_Indian_Markets_Under_Pressure____The_Palki_Sh.mp4,8,24.533,25.467,0.934,B-Roll,70.0,"B-Roll: motion=0.0603, edge=0.0635, face_area=0.0000, symmetry=0.89"
LIVE___Sensex_Falls_Again__Why_Are_Indian_Markets_Under_Pressure____The_Palki_Sh.mp4,9,25.533,27.067,1.534,B-Roll,70.0,"B-Roll: motion=0.0473, edge=0.0594, face_area=0.0000, symmetry=0.85"
LIVE___Sensex_Falls_Again__Why_Are_Indian_Markets_Under_Pressure____The_Palki_Sh.mp4,10,27.133,27.667,0.534,B-Roll,70.0,"B-Roll: motion=0.0417, edge=0.0206, face_area=0.0000, symmetry=0.69"
LIVE___Sensex_Falls_Again__Why_Are_Indian_Markets_Under_Pressure____The_Palki_Sh.mp4,11,27.733,28.467,0.734,B-Roll,70.0,"B-Roll: motion=0.0517, edge=0.0375, face_area=0.0000, symmetry=0.93"
LIVE___Sensex_Falls_Again__Why_Are_Indian_Markets_Under_Pressure____The_Palki_Sh.mp4,12,28.533,29.267,0.734,B-Roll,70.0,"B-Roll: motion=0.0623, edge=0.0475, face_area=0.0000, symmetry=0.85"
LIVE___Sensex_Falls_Again__Why_Are_Indian_Markets_Under_Pressure____The_Palki_Sh.mp4,13,29.333,30.267,0.934,B-Roll,70.0,"B-Roll: motion=0.0840, edge=0.0380, face_area=0.0000, symmetry=0.85"
LIVE___Sensex_Falls_Again__Why_Are_Indian_Markets_Under_Pressure____The_Palki_Sh.mp4,14,30.333,31.933,1.6,B-Roll,70.0,"B-Roll: motion=0.0506, edge=0.0372, face_area=0.0000, symmetry=0.82"
LIVE___Sensex_Falls_Again__Why_Are_Indian_Markets_Under_Pressure____The_Palki_Sh.mp4,15,32.0,33.733,1.733,B-Roll,70.0,"B-Roll: motion=0.0389, edge=0.0388, face_area=0.0000, symmetry=0.69"
LIVE___Sensex_Falls_Again__Why_Are_Indian_Markets_Under_Pressure____The_Palki_Sh.mp4,16,33.8,35.333,1.533,B-Roll,70.0,"B-Roll: motion=0.0432, edge=0.0195, face_area=0.0009, symmetry=0.64"
LIVE___Sensex_Falls_Again__Why_Are_Indian_Markets_Under_Pressure____The_Palki_Sh.mp4,17,35.4,36.933,1.533,B-Roll,70.0,"B-Roll: motion=0.0496, edge=0.0218, face_area=0.0000, symmetry=0.82"
LIVE___Sensex_Falls_Again__Why_Are_Indian_Markets_Under_Pressure____The_Palki_Sh.mp4,18,37.0,37.733,0.733,Anchor Studio,74.0,"Anchor Studio: stable=0.52, symmetry=0.87, centered=True, faces=1, face_area=0.0096"
LIVE___Sensex_Falls_Again__Why_Are_Indian_Markets_Under_Pressure____The_Palki_Sh.mp4,19,37.8,38.333,0.533,B-Roll,70.0,"B-Roll: motion=0.0497, edge=0.0500, face_area=0.0000, symmetry=0.94"
LIVE___Sensex_Falls_Again__Why_Are_Indian_Markets_Under_Pressure____The_Palki_Sh.mp4,20,38.4,40.2,1.8,B-Roll,70.0,"B-Roll: motion=0.0522, edge=0.0553, face_area=0.0018, symmetry=0.82"
LIVE___Sensex_Falls_Again__Why_Are_Indian_Markets_Under_Pressure____The_Palki_Sh.mp4,21,40.267,41.867,1.6,Anchor Studio,72.0,"Anchor Studio: stable=0.57, symmetry=0.72, centered=True, faces=1, face_area=0.0103"
LIVE___Sensex_Falls_Again__Why_Are_Indian_Markets_Under_Pressure____The_Palki_Sh.mp4,22,41.933,43.267,1.334,B-Roll,70.0,"B-Roll: motion=0.0371, edge=0.0314, face_area=0.0000, symmetry=0.56"
LIVE___Sensex_Falls_Again__Why_Are_Indian_Markets_Under_Pressure____The_Palki_Sh.mp4,23,43.333,47.733,4.4,Title Card,70.0,"Title Card: headline=0.0554, textcov=0.0939, stability=0.85"
LIVE___Sensex_Falls_Again__Why_Are_Indian_Markets_Under_Pressure____The_Palki_Sh.mp4,24,47.8,90.533,42.733,Anchor Studio,94.0,"Anchor Studio: stable=0.93, symmetry=0.96, centered=True, faces=1, face_area=0.0105"
LIVE___Sensex_Falls_Again__Why_Are_Indian_Markets_Under_Pressure____The_Palki_Sh.mp4,25,90.6,119.333,28.733,Anchor Studio,82.0,"Anchor Studio: stable=0.93, symmetry=0.95, centered=False, faces=1, face_area=0.0210"
LIVE___Sensex_Falls_Again__Why_Are_Indian_Markets_Under_Pressure____The_Palki_Sh.mp4,26,119.4,122.267,2.867,Title Card,78.0,"Title Card: headline=0.4842, textcov=0.6772, stability=0.94"
LIVE___Sensex_Falls_Again__Why_Are_Indian_Markets_Under_Pressure____The_Palki_Sh.mp4,27,122.333,125.467,3.134,B-Roll,70.0,"B-Roll: motion=0.0317, edge=0.0559, face_area=0.0017, symmetry=0.89"
LIVE___Sensex_Falls_Again__Why_Are_Indian_Markets_Under_Pressure____The_Palki_Sh.mp4,28,125.533,139.133,13.6,Anchor Studio,82.0,"Anchor Studio: stable=0.95, symmetry=0.83, centered=False, faces=1, face_area=0.0273"
LIVE___Sensex_Falls_Again__Why_Are_Indian_Markets_Under_Pressure____The_Palki_Sh.mp4,29,139.2,142.733,3.533,Anchor Studio,84.0,"Anchor Studio: stable=0.75, symmetry=0.83, centered=True, faces=2, face_area=0.0260"
LIVE___Sensex_Falls_Again__Why_Are_Indian_Markets_Under_Pressure____The_Palki_Sh.mp4,30,142.8,144.4,1.6,Anchor Studio,82.0,"Anchor Studio: stable=0.92, symmetry=0.84, centered=False, faces=1, face_area=0.0272"
LIVE___Sensex_Falls_Again__Why_Are_Indian_Markets_Under_Pressure____The_Palki_Sh.mp4,31,144.467,152.267,7.8,Anchor Studio,82.0,"Anchor Studio: stable=0.97, symmetry=0.85, centered=False, faces=1, face_area=0.0267"
LIVE___Sensex_Falls_Again__Why_Are_Indian_Markets_Under_Pressure____The_Palki_Sh.mp4,32,152.333,154.133,1.8,Anchor Studio,72.0,"Anchor Studio: stable=0.60, symmetry=0.78, centered=True, faces=2, face_area=0.0112"
LIVE___Sensex_Falls_Again__Why_Are_Indian_Markets_Under_Pressure____The_Palki_Sh.mp4,33,154.2,162.133,7.933,Anchor Studio,94.0,"Anchor Studio: stable=0.88, symmetry=0.90, centered=True, faces=2, face_area=0.0934"
LIVE___Sensex_Falls_Again__Why_Are_Indian_Markets_Under_Pressure____The_Palki_Sh.mp4,34,162.2,164.667,2.467,Anchor Studio,82.0,"Anchor Studio: stable=0.87, symmetry=0.79, centered=True, faces=2, face_area=0.0458"
LIVE___Sensex_Falls_Again__Why_Are_Indian_Markets_Under_Pressure____The_Palki_Sh.mp4,35,164.733,165.933,1.2,Anchor Studio,84.0,"Anchor Studio: stable=0.65, symmetry=0.87, centered=True, faces=2, face_area=0.0349"
LIVE___Sensex_Falls_Again__Why_Are_Indian_Markets_Under_Pressure____The_Palki_Sh.mp4,36,166.0,170.067,4.067,Anchor Studio,82.0,"Anchor Studio: stable=0.78, symmetry=0.83, centered=False, faces=1, face_area=0.0165"
LIVE___Sensex_Falls_Again__Why_Are_Indian_Markets_Under_Pressure____The_Palki_Sh.mp4,37,170.133,179.733,9.6,Title Card,74.0,"Title Card: headline=0.9083, textcov=1.0322, stability=0.87"
LIVE___Sensex_Falls_Again__Why_Are_Indian_Markets_Under_Pressure____The_Palki_Sh.mp4,38,179.8,181.667,1.867,B-Roll,70.0,"B-Roll: motion=0.0386, edge=0.0372, face_area=0.0028, symmetry=0.77"
LIVE___Sensex_Falls_Again__Why_Are_Indian_Markets_Under_Pressure____The_Palki_Sh.mp4,39,181.733,183.0,1.267,Anchor Studio,82.0,"Anchor Studio: stable=0.83, symmetry=0.88, centered=False, faces=1, face_area=0.0271"
LIVE___Sensex_Falls_Again__Why_Are_Indian_Markets_Under_Pressure____The_Palki_Sh.mp4,40,183.067,185.0,1.933,Anchor Studio,82.0,"Anchor Studio: stable=0.95, symmetry=0.97, centered=False, faces=1, face_area=0.0267"
LIVE___Sensex_Falls_Again__Why_Are_Indian_Markets_Under_Pressure____The_Palki_Sh.mp4,41,185.067,188.0,2.933,Anchor Studio,94.0,"Anchor Studio: stable=0.93, symmetry=0.86, centered=True, faces=2, face_area=0.0496"
LIVE___Sensex_Falls_Again__Why_Are_Indian_Markets_Under_Pressure____The_Palki_Sh.mp4,42,188.067,193.0,4.933,Anchor Studio,82.0,"Anchor Studio: stable=0.95, symmetry=0.88, centered=False, faces=1, face_area=0.0267"
LIVE___Sensex_Falls_Again__Why_Are_Indian_Markets_Under_Pressure____The_Palki_Sh.mp4,43,193.067,202.067,9.0,Anchor Studio,94.0,"Anchor Studio: stable=0.90, symmetry=0.87, centered=True, faces=1, face_area=0.0223"
LIVE___Sensex_Falls_Again__Why_Are_Indian_Markets_Under_Pressure____The_Palki_Sh.mp4,44,202.133,219.067,16.934,Title Card,78.0,"Title Card: headline=0.1382, textcov=0.2772, stability=0.87"
LIVE___Sensex_Falls_Again__Why_Are_Indian_Markets_Under_Pressure____The_Palki_Sh.mp4,45,219.133,220.333,1.2,Title Card,68.0,"Title Card: headline=0.4272, textcov=0.6044, stability=0.78"
LIVE___Sensex_Falls_Again__Why_Are_Indian_Markets_Under_Pressure____The_Palki_Sh.mp4,46,220.4,222.333,1.933,Title Card,78.0,"Title Card: headline=0.1144, textcov=0.2434, stability=0.83"
LIVE___Sensex_Falls_Again__Why_Are_Indian_Markets_Under_Pressure____The_Palki_Sh.mp4,47,222.4,223.0,0.6,B-Roll,70.0,"B-Roll: motion=0.0601, edge=0.0776, face_area=0.0000, symmetry=0.34"
LIVE___Sensex_Falls_Again__Why_Are_Indian_Markets_Under_Pressure____The_Palki_Sh.mp4,48,223.067,225.4,2.333,Title Card,78.0,"Title Card: headline=0.3128, textcov=0.4181, stability=0.85"
LIVE___Sensex_Falls_Again__Why_Are_Indian_Markets_Under_Pressure____The_Palki_Sh.mp4,49,225.467,226.467,1.0,B-Roll,70.0,"B-Roll: motion=0.0341, edge=0.0729, face_area=0.0000, symmetry=0.50"
LIVE___Sensex_Falls_Again__Why_Are_Indian_Markets_Under_Pressure____The_Palki_Sh.mp4,50,226.533,227.333,0.8,Title Card,78.0,"Title Card: headline=0.0536, textcov=0.1287, stability=0.84"
LIVE___Sensex_Falls_Again__Why_Are_Indian_Markets_Under_Pressure____The_Palki_Sh.mp4,51,227.4,229.267,1.867,Title Card,78.0,"Title Card: headline=0.3533, textcov=0.4505, stability=0.89"
LIVE___Sensex_Falls_Again__Why_Are_Indian_Markets_Under_Pressure____The_Palki_Sh.mp4,52,229.333,230.533,1.2,B-Roll,70.0,"B-Roll: motion=0.0326, edge=0.0707, face_area=0.0000, symmetry=0.61"
LIVE___Sensex_Falls_Again__Why_Are_Indian_Markets_Under_Pressure____The_Palki_Sh.mp4,53,230.6,231.667,1.067,Anchor Studio,62.0,"Anchor Studio: stable=0.77, symmetry=0.81, centered=False, faces=0, face_area=0.0000"
LIVE___Sensex_Falls_Again__Why_Are_Indian_Markets_Under_Pressure____The_Palki_Sh.mp4,54,231.733,234.333,2.6,Title Card,78.0,"Title Card: headline=0.3991, textcov=0.6253, stability=0.85"
LIVE___Sensex_Falls_Again__Why_Are_Indian_Markets_Under_Pressure____The_Palki_Sh.mp4,55,234.4,235.4,1.0,Title Card,78.0,"Title Card: headline=0.2274, textcov=0.4425, stability=0.84"
LIVE___Sensex_Falls_Again__Why_Are_Indian_Markets_Under_Pressure____The_Palki_Sh.mp4,56,235.467,236.133,0.666,Anchor Studio,62.0,"Anchor Studio: stable=0.85, symmetry=0.88, centered=False, faces=0, face_area=0.0000"
LIVE___Sensex_Falls_Again__Why_Are_Indian_Markets_Under_Pressure____The_Palki_Sh.mp4,57,236.2,237.0,0.8,Title Card,78.0,"Title Card: headline=0.5379, textcov=0.6455, stability=0.84"
LIVE___Sensex_Falls_Again__Why_Are_Indian_Markets_Under_Pressure____The_Palki_Sh.mp4,58,237.067,237.667,0.6,Title Card,78.0,"Title Card: headline=0.6778, textcov=0.6894, stability=0.81"
LIVE___Sensex_Falls_Again__Why_Are_Indian_Markets_Under_Pressure____The_Palki_Sh.mp4,59,237.733,239.467,1.734,B-Roll,70.0,"B-Roll: motion=0.0273, edge=0.0199, face_area=0.0000, symmetry=0.60"
LIVE___Sensex_Falls_Again__Why_Are_Indian_Markets_Under_Pressure____The_Palki_Sh.mp4,60,239.533,241.267,1.734,B-Roll,70.0,"B-Roll: motion=0.0293, edge=0.0362, face_area=0.0000, symmetry=0.85"
LIVE___Sensex_Falls_Again__Why_Are_Indian_Markets_Under_Pressure____The_Palki_Sh.mp4,61,241.333,242.333,1.0,B-Roll,70.0,"B-Roll: motion=0.1295, edge=0.0909, face_area=0.0000, symmetry=0.70"
LIVE___Sensex_Falls_Again__Why_Are_Indian_Markets_Under_Pressure____The_Palki_Sh.mp4,62,242.4,246.733,4.333,B-Roll,70.0,"B-Roll: motion=0.0282, edge=0.0951, face_area=0.0000, symmetry=0.93"
LIVE___Sensex_Falls_Again__Why_Are_Indian_Markets_Under_Pressure____The_Palki_Sh.mp4,63,246.8,251.267,4.467,Title Card,68.0,"Title Card: headline=0.3255, textcov=0.4759, stability=0.80"
LIVE___Sensex_Falls_Again__Why_Are_Indian_Markets_Under_Pressure____The_Palki_Sh.mp4,64,251.333,254.467,3.134,Title Card,78.0,"Title Card: headline=0.3680, textcov=0.4994, stability=0.96"
LIVE___Sensex_Falls_Again__Why_Are_Indian_Markets_Under_Pressure____The_Palki_Sh.mp4,65,254.533,262.8,8.267,Anchor Studio,82.0,"Anchor Studio: stable=0.93, symmetry=0.70, centered=True, faces=1, face_area=0.0271"
LIVE___Sensex_Falls_Again__Why_Are_Indian_Markets_Under_Pressure____The_Palki_Sh.mp4,66,262.867,282.333,19.466,Anchor Studio,94.0,"Anchor Studio: stable=0.95, symmetry=0.84, centered=True, faces=1, face_area=0.0268"
LIVE___Sensex_Falls_Again__Why_Are_Indian_Markets_Under_Pressure____The_Palki_Sh.mp4,67,282.4,284.933,2.533,Anchor Studio,82.0,"Anchor Studio: stable=0.81, symmetry=0.94, centered=False, faces=1, face_area=0.0267"
LIVE___Sensex_Falls_Again__Why_Are_Indian_Markets_Under_Pressure____The_Palki_Sh.mp4,68,285.0,287.933,2.933,Anchor Studio,82.0,"Anchor Studio: stable=0.94, symmetry=0.88, centered=False, faces=1, face_area=0.0272"
LIVE___Sensex_Falls_Again__Why_Are_Indian_Markets_Under_Pressure____The_Palki_Sh.mp4,69,288.0,300.867,12.867,Anchor Studio,94.0,"Anchor Studio: stable=0.85, symmetry=0.88, centered=True, faces=2, face_area=0.0270"
LIVE___Sensex_Falls_Again__Why_Are_Indian_Markets_Under_Pressure____The_Palki_Sh.mp4,70,300.933,338.667,37.734,Anchor Studio,94.0,"Anchor Studio: stable=0.97, symmetry=0.81, centered=True, faces=1, face_area=0.0270"
LIVE___Sensex_Falls_Again__Why_Are_Indian_Markets_Under_Pressure____The_Palki_Sh.mp4,71,338.733,348.333,9.6,Anchor Studio,82.0,"Anchor Studio: stable=0.94, symmetry=0.71, centered=True, faces=2, face_area=0.0272"
LIVE___Sensex_Falls_Again__Why_Are_Indian_Markets_Under_Pressure____The_Palki_Sh.mp4,72,348.4,350.8,2.4,Anchor Studio,82.0,"Anchor Studio: stable=0.81, symmetry=0.88, centered=False, faces=1, face_area=0.0270"
LIVE___Sensex_Falls_Again__Why_Are_Indian_Markets_Under_Pressure____The_Palki_Sh.mp4,73,350.867,355.067,4.2,Anchor Studio,82.0,"Anchor Studio: stable=0.91, symmetry=0.95, centered=False, faces=1, face_area=0.0276"
LIVE___Sensex_Falls_Again__Why_Are_Indian_Markets_Under_Pressure____The_Palki_Sh.mp4,74,355.133,359.333,4.2,Anchor Studio,70.0,"Anchor Studio: stable=0.75, symmetry=0.74, centered=False, faces=1, face_area=0.0274"
LIVE___Sensex_Falls_Again__Why_Are_Indian_Markets_Under_Pressure____The_Palki_Sh.mp4,75,359.4,363.933,4.533,Anchor Studio,82.0,"Anchor Studio: stable=0.85, symmetry=0.85, centered=False, faces=1, face_area=0.0260"
LIVE___Sensex_Falls_Again__Why_Are_Indian_Markets_Under_Pressure____The_Palki_Sh.mp4,76,364.0,372.0,8.0,Field Report,68.0,"Field Report: motion=0.0273, faces=1, centered=False, symmetry=0.72"
LIVE___Sensex_Falls_Again__Why_Are_Indian_Markets_Under_Pressure____The_Palki_Sh.mp4,77,372.067,374.133,2.066,Anchor Studio,82.0,"Anchor Studio: stable=0.93, symmetry=0.83, centered=False, faces=1, face_area=0.0264"
LIVE___Sensex_Falls_Again__Why_Are_Indian_Markets_Under_Pressure____The_Palki_Sh.mp4,78,374.2,376.0,1.8,Anchor Studio,82.0,"Anchor Studio: stable=0.91, symmetry=0.92, centered=False, faces=1, face_area=0.0260"
LIVE___Sensex_Falls_Again__Why_Are_Indian_Markets_Under_Pressure____The_Palki_Sh.mp4,79,376.067,378.6,2.533,Anchor Studio,82.0,"Anchor Studio: stable=0.92, symmetry=0.94, centered=False, faces=1, face_area=0.0262"
LIVE___Sensex_Falls_Again__Why_Are_Indian_Markets_Under_Pressure____The_Palki_Sh.mp4,80,378.667,381.467,2.8,Anchor Studio,82.0,"Anchor Studio: stable=0.89, symmetry=0.92, centered=False, faces=1, face_area=0.0265"
LIVE___Sensex_Falls_Again__Why_Are_Indian_Markets_Under_Pressure____The_Palki_Sh.mp4,81,381.533,385.467,3.934,Field Report,68.0,"Field Report: motion=0.0599, faces=1, centered=False, symmetry=0.76"
LIVE___Sensex_Falls_Again__Why_Are_Indian_Markets_Under_Pressure____The_Palki_Sh.mp4,82,385.533,387.267,1.734,Anchor Studio,82.0,"Anchor Studio: stable=0.86, symmetry=0.87, centered=False, faces=1, face_area=0.0262"
LIVE___Sensex_Falls_Again__Why_Are_Indian_Markets_Under_Pressure____The_Palki_Sh.mp4,83,387.333,388.867,1.534,Field Report,68.0,"Field Report: motion=0.0417, faces=1, centered=False, symmetry=0.79"
LIVE___Sensex_Falls_Again__Why_Are_Indian_Markets_Under_Pressure____The_Palki_Sh.mp4,84,388.933,394.267,5.334,Anchor Studio,82.0,"Anchor Studio: stable=0.86, symmetry=0.94, centered=False, faces=1, face_area=0.0274"
LIVE___Sensex_Falls_Again__Why_Are_Indian_Markets_Under_Pressure____The_Palki_Sh.mp4,85,394.333,397.933,3.6,Anchor Studio,82.0,"Anchor Studio: stable=0.84, symmetry=0.95, centered=False, faces=1, face_area=0.0259"
LIVE___Sensex_Falls_Again__Why_Are_Indian_Markets_Under_Pressure____The_Palki_Sh.mp4,86,398.0,403.867,5.867,Anchor Studio,82.0,"Anchor Studio: stable=0.81, symmetry=0.81, centered=False, faces=1, face_area=0.0265"
LIVE___Sensex_Falls_Again__Why_Are_Indian_Markets_Under_Pressure____The_Palki_Sh.mp4,87,403.933,406.4,2.467,Anchor Studio,82.0,"Anchor Studio: stable=0.84, symmetry=0.93, centered=False, faces=1, face_area=0.0266"
LIVE___Sensex_Falls_Again__Why_Are_Indian_Markets_Under_Pressure____The_Palki_Sh.mp4,88,406.467,407.133,0.666,Anchor Studio,72.0,"Anchor Studio: stable=0.33, symmetry=0.97, centered=False, faces=1, face_area=0.0263"
LIVE___Sensex_Falls_Again__Why_Are_Indian_Markets_Under_Pressure____The_Palki_Sh.mp4,89,407.2,415.733,8.533,Anchor Studio,82.0,"Anchor Studio: stable=0.95, symmetry=0.92, centered=False, faces=1, face_area=0.0270"
LIVE___Sensex_Falls_Again__Why_Are_Indian_Markets_Under_Pressure____The_Palki_Sh.mp4,90,415.8,419.133,3.333,Title Card,78.0,"Title Card: headline=0.3761, textcov=0.4333, stability=0.93"
LIVE___Sensex_Falls_Again__Why_Are_Indian_Markets_Under_Pressure____The_Palki_Sh.mp4,91,419.2,420.667,1.467,B-Roll,70.0,"B-Roll: motion=0.0329, edge=0.0314, face_area=0.0011, symmetry=0.73"
LIVE___Sensex_Falls_Again__Why_Are_Indian_Markets_Under_Pressure____The_Palki_Sh.mp4,92,420.733,433.067,12.334,Anchor Studio,82.0,"Anchor Studio: stable=0.89, symmetry=0.74, centered=True, faces=2, face_area=0.0409"
LIVE___Sensex_Falls_Again__Why_Are_Indian_Markets_Under_Pressure____The_Palki_Sh.mp4,93,433.133,436.2,3.067,Anchor Studio,82.0,"Anchor Studio: stable=0.93, symmetry=0.84, centered=False, faces=1, face_area=0.0264"
LIVE___Sensex_Falls_Again__Why_Are_Indian_Markets_Under_Pressure____The_Palki_Sh.mp4,94,436.267,439.333,3.066,Anchor Studio,82.0,"Anchor Studio: stable=0.94, symmetry=0.90, centered=False, faces=1, face_area=0.0265"
LIVE___Sensex_Falls_Again__Why_Are_Indian_Markets_Under_Pressure____The_Palki_Sh.mp4,95,439.4,443.667,4.267,Field Report,68.0,"Field Report: motion=0.0257, faces=1, centered=False, symmetry=0.69"
LIVE___Sensex_Falls_Again__Why_Are_Indian_Markets_Under_Pressure____The_Palki_Sh.mp4,96,443.733,452.333,8.6,Title Card,74.0,"Title Card: headline=0.7654, textcov=0.7963, stability=0.90"
LIVE___Sensex_Falls_Again__Why_Are_Indian_Markets_Under_Pressure____The_Palki_Sh.mp4,97,452.4,464.733,12.333,Anchor Studio,82.0,"Anchor Studio: stable=0.96, symmetry=0.73, centered=True, faces=1, face_area=0.0267"
LIVE___Sensex_Falls_Again__Why_Are_Indian_Markets_Under_Pressure____The_Palki_Sh.mp4,98,464.8,483.867,19.067,Anchor Studio,94.0,"Anchor Studio: stable=0.97, symmetry=0.94, centered=True, faces=1, face_area=0.0271"
LIVE___Sensex_Falls_Again__Why_Are_Indian_Markets_Under_Pressure____The_Palki_Sh.mp4,99,483.933,488.333,4.4,Title Card,74.0,"Title Card: headline=1.3034, textcov=1.4168, stability=0.83"
LIVE___Sensex_Falls_Again__Why_Are_Indian_Markets_Under_Pressure____The_Palki_Sh.mp4,100,488.4,493.333,4.933,Anchor Studio,82.0,"Anchor Studio: stable=0.90, symmetry=0.86, centered=False, faces=1, face_area=0.0274"
LIVE___Sensex_Falls_Again__Why_Are_Indian_Markets_Under_Pressure____The_Palki_Sh.mp4,101,493.4,494.667,1.267,Title Card,74.0,"Title Card: headline=1.1826, textcov=1.2933, stability=0.86"
LIVE___Sensex_Falls_Again__Why_Are_Indian_Markets_Under_Pressure____The_Palki_Sh.mp4,102,494.733,505.933,11.2,Anchor Studio,82.0,"Anchor Studio: stable=0.96, symmetry=0.70, centered=True, faces=1, face_area=0.0269"
LIVE___Sensex_Falls_Again__Why_Are_Indian_Markets_Under_Pressure____The_Palki_Sh.mp4,103,506.0,512.933,6.933,Anchor Studio,82.0,"Anchor Studio: stable=0.90, symmetry=0.91, centered=False, faces=1, face_area=0.0270"
LIVE___Sensex_Falls_Again__Why_Are_Indian_Markets_Under_Pressure____The_Palki_Sh.mp4,104,513.0,515.933,2.933,Anchor Studio,82.0,"Anchor Studio: stable=0.92, symmetry=0.93, centered=False, faces=1, face_area=0.0271"
LIVE___Sensex_Falls_Again__Why_Are_Indian_Markets_Under_Pressure____The_Palki_Sh.mp4,105,516.0,518.933,2.933,Anchor Studio,82.0,"Anchor Studio: stable=0.93, symmetry=0.85, centered=False, faces=1, face_area=0.0263"
LIVE___Sensex_Falls_Again__Why_Are_Indian_Markets_Under_Pressure____The_Palki_Sh.mp4,106,519.0,521.667,2.667,Anchor Studio,82.0,"Anchor Studio: stable=0.94, symmetry=0.83, centered=False, faces=1, face_area=0.0266"
LIVE___Sensex_Falls_Again__Why_Are_Indian_Markets_Under_Pressure____The_Palki_Sh.mp4,107,521.733,524.533,2.8,Title Card,74.0,"Title Card: headline=0.6748, textcov=0.8819, stability=0.91"
LIVE___Sensex_Falls_Again__Why_Are_Indian_Markets_Under_Pressure____The_Palki_Sh.mp4,108,524.6,529.067,4.467,Title Card,74.0,"Title Card: headline=0.6161, textcov=0.7173, stability=0.86"
LIVE___Sensex_Falls_Again__Why_Are_Indian_Markets_Under_Pressure____The_Palki_Sh.mp4,109,529.133,532.667,3.534,Title Card,74.0,"Title Card: headline=0.6485, textcov=0.8055, stability=0.85"
LIVE___Sensex_Falls_Again__Why_Are_Indian_Markets_Under_Pressure____The_Palki_Sh.mp4,110,532.733,545.2,12.467,Anchor Studio,82.0,"Anchor Studio: stable=0.88, symmetry=0.86, centered=False, faces=2, face_area=0.0277"
LIVE___Sensex_Falls_Again__Why_Are_Indian_Markets_Under_Pressure____The_Palki_Sh.mp4,111,545.267,546.667,1.4,Anchor Studio,82.0,"Anchor Studio: stable=0.92, symmetry=0.87, centered=False, faces=1, face_area=0.0265"
LIVE___Sensex_Falls_Again__Why_Are_Indian_Markets_Under_Pressure____The_Palki_Sh.mp4,112,546.733,548.467,1.734,Anchor Studio,82.0,"Anchor Studio: stable=0.93, symmetry=0.87, centered=False, faces=1, face_area=0.0258"
LIVE___Sensex_Falls_Again__Why_Are_Indian_Markets_Under_Pressure____The_Palki_Sh.mp4,113,548.533,552.667,4.134,Anchor Studio,82.0,"Anchor Studio: stable=0.84, symmetry=0.93, centered=False, faces=1, face_area=0.0259"
LIVE___Sensex_Falls_Again__Why_Are_Indian_Markets_Under_Pressure____The_Palki_Sh.mp4,114,552.733,556.667,3.934,Anchor Studio,82.0,"Anchor Studio: stable=0.92, symmetry=0.84, centered=False, faces=1, face_area=0.0264"
LIVE___Sensex_Falls_Again__Why_Are_Indian_Markets_Under_Pressure____The_Palki_Sh.mp4,115,556.733,564.333,7.6,Anchor Studio,82.0,"Anchor Studio: stable=0.90, symmetry=0.87, centered=False, faces=1, face_area=0.0266"
LIVE___Sensex_Falls_Again__Why_Are_Indian_Markets_Under_Pressure____The_Palki_Sh.mp4,116,564.4,568.467,4.067,Title Card,74.0,"Title Card: headline=1.0057, textcov=1.0373, stability=0.94"
LIVE___Sensex_Falls_Again__Why_Are_Indian_Markets_Under_Pressure____The_Palki_Sh.mp4,117,568.533,572.467,3.934,Field Report,68.0,"Field Report: motion=0.0334, faces=1, centered=False, symmetry=0.73"
LIVE___Sensex_Falls_Again__Why_Are_Indian_Markets_Under_Pressure____The_Palki_Sh.mp4,118,572.533,576.333,3.8,Anchor Studio,72.0,"Anchor Studio: stable=0.68, symmetry=0.94, centered=False, faces=1, face_area=0.0268"
LIVE___Sensex_Falls_Again__Why_Are_Indian_Markets_Under_Pressure____The_Palki_Sh.mp4,119,576.4,581.733,5.333,Anchor Studio,70.0,"Anchor Studio: stable=0.80, symmetry=0.80, centered=False, faces=1, face_area=0.0268"
LIVE___Sensex_Falls_Again__Why_Are_Indian_Markets_Under_Pressure____The_Palki_Sh.mp4,120,581.8,594.733,12.933,Anchor Studio,94.0,"Anchor Studio: stable=0.88, symmetry=0.82, centered=True, faces=2, face_area=0.0310"
LIVE___Sensex_Falls_Again__Why_Are_Indian_Markets_Under_Pressure____The_Palki_Sh.mp4,121,594.8,599.6,4.8,Anchor Studio,82.0,"Anchor Studio: stable=0.90, symmetry=0.81, centered=False, faces=1, face_area=0.0272"
LIVE___Sensex_Falls_Again__Why_Are_Indian_Markets_Under_Pressure____The_Palki_Sh.mp4,122,599.667,601.933,2.266,Title Card,74.0,"Title Card: headline=0.9743, textcov=0.9847, stability=0.94"
LIVE___Sensex_Falls_Again__Why_Are_Indian_Markets_Under_Pressure____The_Palki_Sh.mp4,123,602.0,604.867,2.867,Anchor Studio,82.0,"Anchor Studio: stable=0.93, symmetry=0.93, centered=False, faces=1, face_area=0.0263"
LIVE___Sensex_Falls_Again__Why_Are_Indian_Markets_Under_Pressure____The_Palki_Sh.mp4,124,604.933,607.867,2.934,Anchor Studio,94.0,"Anchor Studio: stable=0.77, symmetry=0.89, centered=True, faces=2, face_area=0.0584"
LIVE___Sensex_Falls_Again__Why_Are_Indian_Markets_Under_Pressure____The_Palki_Sh.mp4,125,607.933,612.533,4.6,Anchor Studio,94.0,"Anchor Studio: stable=0.78, symmetry=0.98, centered=True, faces=2, face_area=0.0278"
LIVE___Sensex_Falls_Again__Why_Are_Indian_Markets_Under_Pressure____The_Palki_Sh.mp4,126,612.6,622.333,9.733,Anchor Studio,94.0,"Anchor Studio: stable=0.84, symmetry=0.95, centered=True, faces=2, face_area=0.0291"
LIVE___Sensex_Falls_Again__Why_Are_Indian_Markets_Under_Pressure____The_Palki_Sh.mp4,127,622.4,626.8,4.4,Anchor Studio,84.0,"Anchor Studio: stable=0.70, symmetry=0.90, centered=True, faces=2, face_area=0.0286"
LIVE___Sensex_Falls_Again__Why_Are_Indian_Markets_Under_Pressure____The_Palki_Sh.mp4,128,626.867,629.8,2.933,Anchor Studio,82.0,"Anchor Studio: stable=0.94, symmetry=0.84, centered=False, faces=1, face_area=0.0271"
LIVE___Sensex_Falls_Again__Why_Are_Indian_Markets_Under_Pressure____The_Palki_Sh.mp4,129,629.867,635.867,6.0,Anchor Studio,82.0,"Anchor Studio: stable=0.76, symmetry=0.82, centered=False, faces=1, face_area=0.0266"
LIVE___Sensex_Falls_Again__Why_Are_Indian_Markets_Under_Pressure____The_Palki_Sh.mp4,130,635.933,638.867,2.934,Anchor Studio,72.0,"Anchor Studio: stable=0.70, symmetry=0.97, centered=False, faces=1, face_area=0.0270"
LIVE___Sensex_Falls_Again__Why_Are_Indian_Markets_Under_Pressure____The_Palki_Sh.mp4,131,638.933,639.667,0.734,Anchor Studio,82.0,"Anchor Studio: stable=0.83, symmetry=0.91, centered=False, faces=1, face_area=0.0263"
LIVE___Sensex_Falls_Again__Why_Are_Indian_Markets_Under_Pressure____The_Palki_Sh.mp4,132,639.733,657.2,17.467,Anchor Studio,94.0,"Anchor Studio: stable=0.96, symmetry=0.81, centered=True, faces=1, face_area=0.0263"
LIVE___Sensex_Falls_Again__Why_Are_Indian_Markets_Under_Pressure____The_Palki_Sh.mp4,133,657.267,662.133,4.866,Anchor Studio,74.0,"Anchor Studio: stable=0.67, symmetry=0.91, centered=True, faces=1, face_area=0.0004"
LIVE___Sensex_Falls_Again__Why_Are_Indian_Markets_Under_Pressure____The_Palki_Sh.mp4,134,662.2,664.667,2.467,Title Card,78.0,"Title Card: headline=0.1807, textcov=0.3038, stability=0.87"
LIVE___Sensex_Falls_Again__Why_Are_Indian_Markets_Under_Pressure____The_Palki_Sh.mp4,135,664.733,665.533,0.8,B-Roll,70.0,"B-Roll: motion=0.0285, edge=0.0504, face_area=0.0000, symmetry=0.87"
LIVE___Sensex_Falls_Again__Why_Are_Indian_Markets_Under_Pressure____The_Palki_Sh.mp4,136,665.6,667.0,1.4,Anchor Studio,94.0,"Anchor Studio: stable=0.79, symmetry=0.82, centered=True, faces=1, face_area=0.0352"
LIVE___Sensex_Falls_Again__Why_Are_Indian_Markets_Under_Pressure____The_Palki_Sh.mp4,137,667.067,668.267,1.2,Anchor Studio,72.0,"Anchor Studio: stable=0.59, symmetry=0.73, centered=True, faces=1, face_area=0.0547"
LIVE___Sensex_Falls_Again__Why_Are_Indian_Markets_Under_Pressure____The_Palki_Sh.mp4,138,668.333,669.6,1.267,Anchor Studio,84.0,"Anchor Studio: stable=0.72, symmetry=0.96, centered=True, faces=2, face_area=0.1289"
LIVE___Sensex_Falls_Again__Why_Are_Indian_Markets_Under_Pressure____The_Palki_Sh.mp4,139,669.667,670.333,0.666,B-Roll,70.0,"B-Roll: motion=0.0260, edge=0.0389, face_area=0.0000, symmetry=0.88"
LIVE___Sensex_Falls_Again__Why_Are_Indian_Markets_Under_Pressure____The_Palki_Sh.mp4,140,670.4,671.333,0.933,B-Roll,70.0,"B-Roll: motion=0.0363, edge=0.0405, face_area=0.0000, symmetry=0.93"
LIVE___Sensex_Falls_Again__Why_Are_Indian_Markets_Under_Pressure____The_Palki_Sh.mp4,141,671.4,672.4,1.0,B-Roll,70.0,"B-Roll: motion=0.0262, edge=0.0752, face_area=0.0000, symmetry=0.97"
LIVE___Sensex_Falls_Again__Why_Are_Indian_Markets_Under_Pressure____The_Palki_Sh.mp4,142,672.467,675.533,3.066,B-Roll,70.0,"B-Roll: motion=0.0292, edge=0.0693, face_area=0.0000, symmetry=0.91"
LIVE___Sensex_Falls_Again__Why_Are_Indian_Markets_Under_Pressure____The_Palki_Sh.mp4,143,675.6,676.533,0.933,Title Card,74.0,"Title Card: headline=0.1049, textcov=0.2490, stability=0.82"
LIVE___Sensex_Falls_Again__Why_Are_Indian_Markets_Under_Pressure____The_Palki_Sh.mp4,144,676.6,677.2,0.6,Title Card,68.0,"Title Card: headline=0.1360, textcov=0.2240, stability=0.77"
LIVE___Sensex_Falls_Again__Why_Are_Indian_Markets_Under_Pressure____The_Palki_Sh.mp4,145,677.267,678.733,1.466,B-Roll,70.0,"B-Roll: motion=0.0327, edge=0.1121, face_area=0.0000, symmetry=0.95"
LIVE___Sensex_Falls_Again__Why_Are_Indian_Markets_Under_Pressure____The_Palki_Sh.mp4,146,678.8,679.733,0.933,B-Roll,70.0,"B-Roll: motion=0.0382, edge=0.1109, face_area=0.0000, symmetry=0.97"
LIVE___Sensex_Falls_Again__Why_Are_Indian_Markets_Under_Pressure____The_Palki_Sh.mp4,147,679.8,684.6,4.8,Anchor Studio,74.0,"Anchor Studio: stable=0.51, symmetry=0.91, centered=True, faces=1, face_area=0.0028"
LIVE___Sensex_Falls_Again__Why_Are_Indian_Markets_Under_Pressure____The_Palki_Sh.mp4,148,684.667,685.4,0.733,Anchor Studio,72.0,"Anchor Studio: stable=0.72, symmetry=0.95, centered=False, faces=1, face_area=0.0231"
LIVE___Sensex_Falls_Again__Why_Are_Indian_Markets_Under_Pressure____The_Palki_Sh.mp4,149,685.467,690.267,4.8,Anchor Studio,94.0,"Anchor Studio: stable=0.91, symmetry=0.97, centered=True, faces=1, face_area=0.0864"
LIVE___Sensex_Falls_Again__Why_Are_Indian_Markets_Under_Pressure____The_Palki_Sh.mp4,150,690.333,703.467,13.134,Anchor Studio,94.0,"Anchor Studio: stable=0.88, symmetry=0.95, centered=True, faces=2, face_area=0.0558"
LIVE___Sensex_Falls_Again__Why_Are_Indian_Markets_Under_Pressure____The_Palki_Sh.mp4,151,703.533,712.933,9.4,Anchor Studio,94.0,"Anchor Studio: stable=0.95, symmetry=0.81, centered=True, faces=1, face_area=0.0279"
LIVE___Sensex_Falls_Again__Why_Are_Indian_Markets_Under_Pressure____The_Palki_Sh.mp4,152,713.0,713.733,0.733,Anchor Studio,82.0,"Anchor Studio: stable=0.87, symmetry=0.98, centered=False, faces=1, face_area=0.0278"
LIVE___Sensex_Falls_Again__Why_Are_Indian_Markets_Under_Pressure____The_Palki_Sh.mp4,153,713.8,715.467,1.667,Title Card,74.0,"Title Card: headline=0.2623, textcov=0.3988, stability=0.89"
LIVE___Sensex_Falls_Again__Why_Are_Indian_Markets_Under_Pressure____The_Palki_Sh.mp4,154,715.533,719.8,4.267,Title Card,74.0,"Title Card: headline=0.2820, textcov=0.5199, stability=0.87"
LIVE___Sensex_Falls_Again__Why_Are_Indian_Markets_Under_Pressure____The_Palki_Sh.mp4,155,719.867,722.333,2.466,Anchor Studio,82.0,"Anchor Studio: stable=0.91, symmetry=0.97, centered=False, faces=1, face_area=0.0281"
LIVE___Sensex_Falls_Again__Why_Are_Indian_Markets_Under_Pressure____The_Palki_Sh.mp4,156,722.4,725.667,3.267,Title Card,74.0,"Title Card: headline=0.3210, textcov=0.4903, stability=0.87"
LIVE___Sensex_Falls_Again__Why_Are_Indian_Markets_Under_Pressure____The_Palki_Sh.mp4,157,725.733,727.6,1.867,Anchor Studio,82.0,"Anchor Studio: stable=0.82, symmetry=0.95, centered=False, faces=1, face_area=0.0275"
LIVE___Sensex_Falls_Again__Why_Are_Indian_Markets_Under_Pressure____The_Palki_Sh.mp4,158,727.667,728.533,0.866,Anchor Studio,82.0,"Anchor Studio: stable=0.81, symmetry=0.94, centered=False, faces=1, face_area=0.0279"
LIVE___Sensex_Falls_Again__Why_Are_Indian_Markets_Under_Pressure____The_Palki_Sh.mp4,159,728.6,729.733,1.133,Anchor Studio,70.0,"Anchor Studio: stable=0.77, symmetry=0.79, centered=False, faces=1, face_area=0.0280"
LIVE___Sensex_Falls_Again__Why_Are_Indian_Markets_Under_Pressure____The_Palki_Sh.mp4,160,729.8,730.467,0.667,Anchor Studio,82.0,"Anchor Studio: stable=0.95, symmetry=0.82, centered=False, faces=1, face_area=0.0279"
LIVE___Sensex_Falls_Again__Why_Are_Indian_Markets_Under_Pressure____The_Palki_Sh.mp4,161,730.533,733.267,2.734,Title Card,74.0,"Title Card: headline=0.5713, textcov=0.6986, stability=0.84"
LIVE___Sensex_Falls_Again__Why_Are_Indian_Markets_Under_Pressure____The_Palki_Sh.mp4,162,733.333,738.667,5.334,Title Card,74.0,"Title Card: headline=0.7102, textcov=0.7807, stability=0.88"
LIVE___Sensex_Falls_Again__Why_Are_Indian_Markets_Under_Pressure____The_Palki_Sh.mp4,163,738.733,740.867,2.134,Anchor Studio,82.0,"Anchor Studio: stable=0.90, symmetry=0.93, centered=False, faces=1, face_area=0.0282"
LIVE___Sensex_Falls_Again__Why_Are_Indian_Markets_Under_Pressure____The_Palki_Sh.mp4,164,740.933,744.467,3.534,Title Card,74.0,"Title Card: headline=0.4312, textcov=0.5345, stability=0.89"
LIVE___Sensex_Falls_Again__Why_Are_Indian_Markets_Under_Pressure____The_Palki_Sh.mp4,165,744.533,745.533,1.0,Title Card,74.0,"Title Card: headline=0.4425, textcov=0.4947, stability=0.90"
LIVE___Sensex_Falls_Again__Why_Are_Indian_Markets_Under_Pressure____The_Palki_Sh.mp4,166,745.6,746.733,1.133,Title Card,74.0,"Title Card: headline=0.4287, textcov=0.5265, stability=0.93"
LIVE___Sensex_Falls_Again__Why_Are_Indian_Markets_Under_Pressure____The_Palki_Sh.mp4,167,746.8,747.933,1.133,Title Card,74.0,"Title Card: headline=0.4557, textcov=0.5918, stability=0.93"
LIVE___Sensex_Falls_Again__Why_Are_Indian_Markets_Under_Pressure____The_Palki_Sh.mp4,168,748.0,754.0,6.0,Anchor Studio,82.0,"Anchor Studio: stable=0.91, symmetry=0.66, centered=True, faces=2, face_area=0.0290"
LIVE___Sensex_Falls_Again__Why_Are_Indian_Markets_Under_Pressure____The_Palki_Sh.mp4,169,754.067,755.867,1.8,Title Card,74.0,"Title Card: headline=0.3876, textcov=0.4923, stability=0.82"
LIVE___Sensex_Falls_Again__Why_Are_Indian_Markets_Under_Pressure____The_Palki_Sh.mp4,170,755.933,759.0,3.067,Title Card,74.0,"Title Card: headline=0.3355, textcov=0.4699, stability=0.85"
LIVE___Sensex_Falls_Again__Why_Are_Indian_Markets_Under_Pressure____The_Palki_Sh.mp4,171,759.067,761.333,2.266,Title Card,74.0,"Title Card: headline=0.5980, textcov=0.7517, stability=0.92"
LIVE___Sensex_Falls_Again__Why_Are_Indian_Markets_Under_Pressure____The_Palki_Sh.mp4,172,761.4,764.333,2.933,Title Card,74.0,"Title Card: headline=0.8585, textcov=0.8876, stability=0.94"
LIVE___Sensex_Falls_Again__Why_Are_Indian_Markets_Under_Pressure____The_Palki_Sh.mp4,173,764.4,768.0,3.6,Title Card,74.0,"Title Card: headline=0.5079, textcov=0.5845, stability=0.93"
LIVE___Sensex_Falls_Again__Why_Are_Indian_Markets_Under_Pressure____The_Palki_Sh.mp4,174,768.067,769.8,1.733,Anchor Studio,82.0,"Anchor Studio: stable=0.86, symmetry=0.68, centered=True, faces=2, face_area=0.0343"
LIVE___Sensex_Falls_Again__Why_Are_Indian_Markets_Under_Pressure____The_Palki_Sh.mp4,175,769.867,775.867,6.0,Anchor Studio,82.0,"Anchor Studio: stable=0.84, symmetry=0.93, centered=False, faces=1, face_area=0.0274"
LIVE___Sensex_Falls_Again__Why_Are_Indian_Markets_Under_Pressure____The_Palki_Sh.mp4,176,775.933,779.867,3.934,Anchor Studio,82.0,"Anchor Studio: stable=0.82, symmetry=0.82, centered=False, faces=1, face_area=0.0278"
LIVE___Sensex_Falls_Again__Why_Are_Indian_Markets_Under_Pressure____The_Palki_Sh.mp4,177,779.933,780.867,0.934,Anchor Studio,82.0,"Anchor Studio: stable=0.88, symmetry=0.94, centered=False, faces=1, face_area=0.0279"
LIVE___Sensex_Falls_Again__Why_Are_Indian_Markets_Under_Pressure____The_Palki_Sh.mp4,178,780.933,783.4,2.467,Anchor Studio,82.0,"Anchor Studio: stable=0.92, symmetry=0.75, centered=True, faces=2, face_area=0.0402"
LIVE___Sensex_Falls_Again__Why_Are_Indian_Markets_Under_Pressure____The_Palki_Sh.mp4,179,783.467,785.533,2.066,Anchor Studio,82.0,"Anchor Studio: stable=0.93, symmetry=0.97, centered=False, faces=1, face_area=0.0274"
LIVE___Sensex_Falls_Again__Why_Are_Indian_Markets_Under_Pressure____The_Palki_Sh.mp4,180,785.6,790.067,4.467,Anchor Studio,94.0,"Anchor Studio: stable=0.92, symmetry=0.88, centered=True, faces=2, face_area=0.0543"
LIVE___Sensex_Falls_Again__Why_Are_Indian_Markets_Under_Pressure____The_Palki_Sh.mp4,181,790.133,792.067,1.934,Title Card,74.0,"Title Card: headline=0.6855, textcov=0.6956, stability=0.88"
LIVE___Sensex_Falls_Again__Why_Are_Indian_Markets_Under_Pressure____The_Palki_Sh.mp4,182,792.133,799.4,7.267,Title Card,74.0,"Title Card: headline=0.6523, textcov=0.7729, stability=0.95"
LIVE___Sensex_Falls_Again__Why_Are_Indian_Markets_Under_Pressure____The_Palki_Sh.mp4,183,799.467,803.4,3.933,Anchor Studio,82.0,"Anchor Studio: stable=0.81, symmetry=0.95, centered=False, faces=1, face_area=0.0275"
LIVE___Sensex_Falls_Again__Why_Are_Indian_Markets_Under_Pressure____The_Palki_Sh.mp4,184,803.467,805.867,2.4,Anchor Studio,72.0,"Anchor Studio: stable=0.67, symmetry=0.94, centered=False, faces=1, face_area=0.0275"
LIVE___Sensex_Falls_Again__Why_Are_Indian_Markets_Under_Pressure____The_Palki_Sh.mp4,185,805.933,806.533,0.6,Anchor Studio,72.0,"Anchor Studio: stable=0.71, symmetry=0.86, centered=False, faces=1, face_area=0.0272"
LIVE___Sensex_Falls_Again__Why_Are_Indian_Markets_Under_Pressure____The_Palki_Sh.mp4,186,806.6,808.533,1.933,Anchor Studio,72.0,"Anchor Studio: stable=0.52, symmetry=0.91, centered=False, faces=1, face_area=0.0274"
LIVE___Sensex_Falls_Again__Why_Are_Indian_Markets_Under_Pressure____The_Palki_Sh.mp4,187,808.6,809.467,0.867,Anchor Studio,84.0,"Anchor Studio: stable=0.72, symmetry=0.93, centered=True, faces=2, face_area=0.0339"
LIVE___Sensex_Falls_Again__Why_Are_Indian_Markets_Under_Pressure____The_Palki_Sh.mp4,188,809.533,814.667,5.134,Anchor Studio,82.0,"Anchor Studio: stable=0.93, symmetry=0.94, centered=False, faces=1, face_area=0.0276"
LIVE___Sensex_Falls_Again__Why_Are_Indian_Markets_Under_Pressure____The_Palki_Sh.mp4,189,814.733,819.467,4.734,Anchor Studio,82.0,"Anchor Studio: stable=0.91, symmetry=0.91, centered=False, faces=1, face_area=0.0276"
LIVE___Sensex_Falls_Again__Why_Are_Indian_Markets_Under_Pressure____The_Palki_Sh.mp4,190,819.533,831.667,12.134,Anchor Studio,82.0,"Anchor Studio: stable=0.88, symmetry=0.88, centered=False, faces=1, face_area=0.0271"
LIVE___Sensex_Falls_Again__Why_Are_Indian_Markets_Under_Pressure____The_Palki_Sh.mp4,191,831.733,843.467,11.734,Title Card,74.0,"Title Card: headline=0.9549, textcov=1.0037, stability=0.88"
LIVE___Sensex_Falls_Again__Why_Are_Indian_Markets_Under_Pressure____The_Palki_Sh.mp4,192,843.533,854.333,10.8,Anchor Studio,82.0,"Anchor Studio: stable=0.92, symmetry=0.87, centered=False, faces=1, face_area=0.0278"
LIVE___Sensex_Falls_Again__Why_Are_Indian_Markets_Under_Pressure____The_Palki_Sh.mp4,193,854.4,859.333,4.933,Anchor Studio,82.0,"Anchor Studio: stable=0.87, symmetry=0.99, centered=False, faces=1, face_area=0.0277"
LIVE___Sensex_Falls_Again__Why_Are_Indian_Markets_Under_Pressure____The_Palki_Sh.mp4,194,859.4,863.8,4.4,Title Card,74.0,"Title Card: headline=0.4703, textcov=0.5284, stability=0.90"
LIVE___Sensex_Falls_Again__Why_Are_Indian_Markets_Under_Pressure____The_Palki_Sh.mp4,195,863.867,865.933,2.066,Field Report,68.0,"Field Report: motion=0.0354, faces=2, centered=False, symmetry=0.64"
LIVE___Sensex_Falls_Again__Why_Are_Indian_Markets_Under_Pressure____The_Palki_Sh.mp4,196,866.0,870.467,4.467,Title Card,74.0,"Title Card: headline=0.3709, textcov=0.4918, stability=0.87"
LIVE___Sensex_Falls_Again__Why_Are_Indian_Markets_Under_Pressure____The_Palki_Sh.mp4,197,870.533,874.733,4.2,Title Card,74.0,"Title Card: headline=0.3754, textcov=0.4209, stability=0.92"
LIVE___Sensex_Falls_Again__Why_Are_Indian_Markets_Under_Pressure____The_Palki_Sh.mp4,198,874.8,879.067,4.267,Title Card,74.0,"Title Card: headline=0.6662, textcov=0.7733, stability=0.84"
LIVE___Sensex_Falls_Again__Why_Are_Indian_Markets_Under_Pressure____The_Palki_Sh.mp4,199,879.133,884.733,5.6,Title Card,74.0,"Title Card: headline=0.5947, textcov=0.7836, stability=0.94"
LIVE___Sensex_Falls_Again__Why_Are_Indian_Markets_Under_Pressure____The_Palki_Sh.mp4,200,884.8,888.333,3.533,Title Card,74.0,"Title Card: headline=0.7740, textcov=0.9644, stability=0.93"
LIVE___Sensex_Falls_Again__Why_Are_Indian_Markets_Under_Pressure____The_Palki_Sh.mp4,201,888.4,895.4,7.0,Title Card,74.0,"Title Card: headline=0.9706, textcov=0.9856, stability=0.84"
LIVE___Sensex_Falls_Again__Why_Are_Indian_Markets_Under_Pressure____The_Palki_Sh.mp4,202,895.467,897.333,1.866,Title Card,74.0,"Title Card: headline=0.7757, textcov=0.8435, stability=0.88"
LIVE___Sensex_Falls_Again__Why_Are_Indian_Markets_Under_Pressure____The_Palki_Sh.mp4,203,897.4,903.733,6.333,Title Card,74.0,"Title Card: headline=0.6398, textcov=0.7640, stability=0.93"
LIVE___Sensex_Falls_Again__Why_Are_Indian_Markets_Under_Pressure____The_Palki_Sh.mp4,204,903.8,906.6,2.8,Title Card,74.0,"Title Card: headline=0.3584, textcov=0.5427, stability=0.88"
LIVE___Sensex_Falls_Again__Why_Are_Indian_Markets_Under_Pressure____The_Palki_Sh.mp4,205,906.667,908.2,1.533,Title Card,74.0,"Title Card: headline=0.4475, textcov=0.5872, stability=0.83"
LIVE___Sensex_Falls_Again__Why_Are_Indian_Markets_Under_Pressure____The_Palki_Sh.mp4,206,908.267,910.867,2.6,Title Card,74.0,"Title Card: headline=0.3835, textcov=0.5360, stability=0.89"
LIVE___Sensex_Falls_Again__Why_Are_Indian_Markets_Under_Pressure____The_Palki_Sh.mp4,207,910.933,914.467,3.534,Anchor Studio,82.0,"Anchor Studio: stable=0.79, symmetry=0.96, centered=False, faces=1, face_area=0.0278"
LIVE___Sensex_Falls_Again__Why_Are_Indian_Markets_Under_Pressure____The_Palki_Sh.mp4,208,914.533,916.2,1.667,Anchor Studio,82.0,"Anchor Studio: stable=0.83, symmetry=0.98, centered=False, faces=1, face_area=0.0281"
LIVE___Sensex_Falls_Again__Why_Are_Indian_Markets_Under_Pressure____The_Palki_Sh.mp4,209,916.267,923.533,7.266,Anchor Studio,94.0,"Anchor Studio: stable=0.90, symmetry=0.89, centered=True, faces=2, face_area=0.0276"
LIVE___Sensex_Falls_Again__Why_Are_Indian_Markets_Under_Pressure____The_Palki_Sh.mp4,210,923.6,930.267,6.667,Anchor Studio,94.0,"Anchor Studio: stable=0.91, symmetry=0.80, centered=True, faces=2, face_area=0.0283"
LIVE___Sensex_Falls_Again__Why_Are_Indian_Markets_Under_Pressure____The_Palki_Sh.mp4,211,930.333,932.267,1.934,Title Card,74.0,"Title Card: headline=0.3713, textcov=0.5091, stability=0.88"
LIVE___Sensex_Falls_Again__Why_Are_Indian_Markets_Under_Pressure____The_Palki_Sh.mp4,212,932.333,954.733,22.4,Anchor Studio,82.0,"Anchor Studio: stable=0.88, symmetry=0.90, centered=False, faces=1, face_area=0.0273"
LIVE___Sensex_Falls_Again__Why_Are_Indian_Markets_Under_Pressure____The_Palki_Sh.mp4,213,954.8,959.733,4.933,Anchor Studio,82.0,"Anchor Studio: stable=0.91, symmetry=0.96, centered=False, faces=1, face_area=0.0277"
LIVE___Sensex_Falls_Again__Why_Are_Indian_Markets_Under_Pressure____The_Palki_Sh.mp4,214,959.8,964.733,4.933,Title Card,74.0,"Title Card: headline=0.5701, textcov=0.6268, stability=0.93"
LIVE___Sensex_Falls_Again__Why_Are_Indian_Markets_Under_Pressure____The_Palki_Sh.mp4,215,964.8,974.333,9.533,Title Card,74.0,"Title Card: headline=0.6122, textcov=0.6538, stability=0.95"
LIVE___Sensex_Falls_Again__Why_Are_Indian_Markets_Under_Pressure____The_Palki_Sh.mp4,216,974.4,980.733,6.333,Title Card,74.0,"Title Card: headline=0.5490, textcov=0.6475, stability=0.93"
LIVE___Sensex_Falls_Again__Why_Are_Indian_Markets_Under_Pressure____The_Palki_Sh.mp4,217,980.8,988.533,7.733,Anchor Studio,94.0,"Anchor Studio: stable=0.93, symmetry=0.94, centered=True, faces=2, face_area=0.0728"
LIVE___Sensex_Falls_Again__Why_Are_Indian_Markets_Under_Pressure____The_Palki_Sh.mp4,218,988.6,1027.267,38.667,Anchor Studio,82.0,"Anchor Studio: stable=0.96, symmetry=0.79, centered=True, faces=1, face_area=0.0252"
LIVE___Sensex_Falls_Again__Why_Are_Indian_Markets_Under_Pressure____The_Palki_Sh.mp4,219,1027.333,1028.533,1.2,Anchor Studio,94.0,"Anchor Studio: stable=0.93, symmetry=0.90, centered=True, faces=4, face_area=0.1054"
LIVE___Sensex_Falls_Again__Why_Are_Indian_Markets_Under_Pressure____The_Palki_Sh.mp4,220,1028.6,1029.6,1.0,B-Roll,70.0,"B-Roll: motion=0.0450, edge=0.2043, face_area=0.0000, symmetry=0.96"
LIVE___Sensex_Falls_Again__Why_Are_Indian_Markets_Under_Pressure____The_Palki_Sh.mp4,221,1029.667,1032.533,2.866,B-Roll,70.0,"B-Roll: motion=0.0315, edge=0.1409, face_area=0.0000, symmetry=0.96"
LIVE___Sensex_Falls_Again__Why_Are_Indian_Markets_Under_Pressure____The_Palki_Sh.mp4,222,1032.6,1033.133,0.533,B-Roll,70.0,"B-Roll: motion=0.0788, edge=0.1929, face_area=0.0000, symmetry=0.98"
LIVE___Sensex_Falls_Again__Why_Are_Indian_Markets_Under_Pressure____The_Palki_Sh.mp4,223,1033.2,1033.733,0.533,B-Roll,70.0,"B-Roll: motion=0.0494, edge=0.1019, face_area=0.0000, symmetry=0.95"
LIVE___Sensex_Falls_Again__Why_Are_Indian_Markets_Under_Pressure____The_Palki_Sh.mp4,224,1033.8,1034.333,0.533,B-Roll,70.0,"B-Roll: motion=0.0624, edge=0.1415, face_area=0.0000, symmetry=0.86"
LIVE___Sensex_Falls_Again__Why_Are_Indian_Markets_Under_Pressure____The_Palki_Sh.mp4,225,1034.4,1034.933,0.533,B-Roll,70.0,"B-Roll: motion=0.0439, edge=0.1070, face_area=0.0000, symmetry=0.92"
LIVE___Sensex_Falls_Again__Why_Are_Indian_Markets_Under_Pressure____The_Palki_Sh.mp4,226,1035.0,1035.533,0.533,B-Roll,70.0,"B-Roll: motion=0.0392, edge=0.0567, face_area=0.0025, symmetry=0.79"
LIVE___Sensex_Falls_Again__Why_Are_Indian_Markets_Under_Pressure____The_Palki_Sh.mp4,227,1035.6,1036.133,0.533,B-Roll,70.0,"B-Roll: motion=0.0728, edge=0.0774, face_area=0.0000, symmetry=0.95"
LIVE___Sensex_Falls_Again__Why_Are_Indian_Markets_Under_Pressure____The_Palki_Sh.mp4,228,1036.2,1036.8,0.6,B-Roll,70.0,"B-Roll: motion=0.0721, edge=0.1183, face_area=0.0000, symmetry=0.96"
LIVE___Sensex_Falls_Again__Why_Are_Indian_Markets_Under_Pressure____The_Palki_Sh.mp4,229,1036.867,1037.733,0.866,Anchor Studio,84.0,"Anchor Studio: stable=0.00, symmetry=0.91, centered=True, faces=3, face_area=0.0256"
LIVE___Sensex_Falls_Again__Why_Are_Indian_Markets_Under_Pressure____The_Palki_Sh.mp4,230,1037.8,1038.467,0.667,B-Roll,70.0,"B-Roll: motion=0.1021, edge=0.1163, face_area=0.0000, symmetry=0.95"
LIVE___Sensex_Falls_Again__Why_Are_Indian_Markets_Under_Pressure____The_Palki_Sh.mp4,231,1038.533,1039.133,0.6,B-Roll,70.0,"B-Roll: motion=0.1013, edge=0.1972, face_area=0.0000, symmetry=0.96"
LIVE___Sensex_Falls_Again__Why_Are_Indian_Markets_Under_Pressure____The_Palki_Sh.mp4,232,1039.2,1039.933,0.733,B-Roll,70.0,"B-Roll: motion=0.0688, edge=0.2217, face_area=0.0000, symmetry=0.96"
LIVE___Sensex_Falls_Again__Why_Are_Indian_Markets_Under_Pressure____The_Palki_Sh.mp4,233,1040.0,1040.667,0.667,B-Roll,70.0,"B-Roll: motion=0.0383, edge=0.0792, face_area=0.0000, symmetry=0.88"
LIVE___Sensex_Falls_Again__Why_Are_Indian_Markets_Under_Pressure____The_Palki_Sh.mp4,234,1040.733,1041.733,1.0,B-Roll,70.0,"B-Roll: motion=0.1056, edge=0.0742, face_area=0.0000, symmetry=0.93"
LIVE___Sensex_Falls_Again__Why_Are_Indian_Markets_Under_Pressure____The_Palki_Sh.mp4,235,1041.8,1042.667,0.867,B-Roll,70.0,"B-Roll: motion=0.0420, edge=0.0539, face_area=0.0000, symmetry=0.73"
LIVE___Sensex_Falls_Again__Why_Are_Indian_Markets_Under_Pressure____The_Palki_Sh.mp4,236,1042.733,1043.533,0.8,B-Roll,70.0,"B-Roll: motion=0.0859, edge=0.1164, face_area=0.0000, symmetry=0.88"
LIVE___Sensex_Falls_Again__Why_Are_Indian_Markets_Under_Pressure____The_Palki_Sh.mp4,237,1043.6,1044.667,1.067,B-Roll,70.0,"B-Roll: motion=0.0329, edge=0.0570, face_area=0.0000, symmetry=0.90"
LIVE___Sensex_Falls_Again__Why_Are_Indian_Markets_Under_Pressure____The_Palki_Sh.mp4,238,1044.733,1045.467,0.734,Anchor Studio,62.0,"Anchor Studio: stable=0.85, symmetry=0.96, centered=False, faces=0, face_area=0.0000"
LIVE___Sensex_Falls_Again__Why_Are_Indian_Markets_Under_Pressure____The_Palki_Sh.mp4,239,1045.533,1046.333,0.8,Anchor Studio,62.0,"Anchor Studio: stable=0.81, symmetry=0.83, centered=False, faces=0, face_area=0.0000"
LIVE___Sensex_Falls_Again__Why_Are_Indian_Markets_Under_Pressure____The_Palki_Sh.mp4,240,1046.4,1047.333,0.933,B-Roll,70.0,"B-Roll: motion=0.0486, edge=0.0957, face_area=0.0000, symmetry=0.89"
LIVE___Sensex_Falls_Again__Why_Are_Indian_Markets_Under_Pressure____The_Palki_Sh.mp4,241,1047.4,1048.933,1.533,B-Roll,70.0,"B-Roll: motion=0.0334, edge=0.0665, face_area=0.0000, symmetry=0.94"
LIVE___Sensex_Falls_Again__Why_Are_Indian_Markets_Under_Pressure____The_Palki_Sh.mp4,242,1049.0,1049.8,0.8,B-Roll,70.0,"B-Roll: motion=0.0266, edge=0.1086, face_area=0.0000, symmetry=0.78"
LIVE___Sensex_Falls_Again__Why_Are_Indian_Markets_Under_Pressure____The_Palki_Sh.mp4,243,1049.867,1050.933,1.066,B-Roll,70.0,"B-Roll: motion=0.0437, edge=0.1951, face_area=0.0000, symmetry=0.93"
LIVE___Sensex_Falls_Again__Why_Are_Indian_Markets_Under_Pressure____The_Palki_Sh.mp4,244,1051.0,1052.6,1.6,B-Roll,70.0,"B-Roll: motion=0.0696, edge=0.0909, face_area=0.0000, symmetry=0.84"
LIVE___Sensex_Falls_Again__Why_Are_Indian_Markets_Under_Pressure____The_Palki_Sh.mp4,245,1052.667,1053.933,1.266,B-Roll,70.0,"B-Roll: motion=0.0500, edge=0.0603, face_area=0.0000, symmetry=0.80"
LIVE___Sensex_Falls_Again__Why_Are_Indian_Markets_Under_Pressure____The_Palki_Sh.mp4,246,1054.0,1054.733,0.733,Title Card,68.0,"Title Card: headline=0.1971, textcov=0.2721, stability=0.80"
LIVE___Sensex_Falls_Again__Why_Are_Indian_Markets_Under_Pressure____The_Palki_Sh.mp4,247,1054.8,1055.667,0.867,B-Roll,70.0,"B-Roll: motion=0.0387, edge=0.0770, face_area=0.0000, symmetry=0.73"
LIVE___Sensex_Falls_Again__Why_Are_Indian_Markets_Under_Pressure____The_Palki_Sh.mp4,248,1055.733,1056.733,1.0,Title Card,78.0,"Title Card: headline=0.1737, textcov=0.4143, stability=0.81"
LIVE___Sensex_Falls_Again__Why_Are_Indian_Markets_Under_Pressure____The_Palki_Sh.mp4,249,1056.8,1066.333,9.533,Anchor Studio,84.0,"Anchor Studio: stable=0.64, symmetry=0.98, centered=True, faces=1, face_area=0.0903"
LIVE___Sensex_Falls_Again__Why_Are_Indian_Markets_Under_Pressure____The_Palki_Sh.mp4,250,1066.4,1079.933,13.533,Anchor Studio,82.0,"Anchor Studio: stable=0.89, symmetry=0.97, centered=False, faces=1, face_area=0.0450"
LIVE___Sensex_Falls_Again__Why_Are_Indian_Markets_Under_Pressure____The_Palki_Sh.mp4,251,1080.0,1080.867,0.867,Anchor Studio,84.0,"Anchor Studio: stable=0.75, symmetry=0.91, centered=True, faces=1, face_area=0.0261"
LIVE___Sensex_Falls_Again__Why_Are_Indian_Markets_Under_Pressure____The_Palki_Sh.mp4,252,1080.933,1092.333,11.4,Anchor Studio,94.0,"Anchor Studio: stable=0.96, symmetry=0.87, centered=True, faces=2, face_area=0.0278"
LIVE___Sensex_Falls_Again__Why_Are_Indian_Markets_Under_Pressure____The_Palki_Sh.mp4,253,1092.4,1097.533,5.133,Anchor Studio,82.0,"Anchor Studio: stable=0.82, symmetry=0.87, centered=False, faces=1, face_area=0.0273"
LIVE___Sensex_Falls_Again__Why_Are_Indian_Markets_Under_Pressure____The_Palki_Sh.mp4,254,1097.6,1098.533,0.933,Anchor Studio,72.0,"Anchor Studio: stable=0.64, symmetry=0.97, centered=False, faces=1, face_area=0.0274"
LIVE___Sensex_Falls_Again__Why_Are_Indian_Markets_Under_Pressure____The_Palki_Sh.mp4,255,1098.6,1100.267,1.667,Anchor Studio,84.0,"Anchor Studio: stable=0.47, symmetry=0.84, centered=True, faces=3, face_area=0.0383"
LIVE___Sensex_Falls_Again__Why_Are_Indian_Markets_Under_Pressure____The_Palki_Sh.mp4,256,1100.333,1104.867,4.534,Anchor Studio,84.0,"Anchor Studio: stable=0.34, symmetry=0.93, centered=True, faces=2, face_area=0.0306"
LIVE___Sensex_Falls_Again__Why_Are_Indian_Markets_Under_Pressure____The_Palki_Sh.mp4,257,1104.933,1107.133,2.2,Anchor Studio,72.0,"Anchor Studio: stable=0.46, symmetry=0.83, centered=False, faces=2, face_area=0.0284"
LIVE___Sensex_Falls_Again__Why_Are_Indian_Markets_Under_Pressure____The_Palki_Sh.mp4,258,1107.2,1108.867,1.667,Anchor Studio,82.0,"Anchor Studio: stable=0.88, symmetry=0.83, centered=False, faces=1, face_area=0.0279"
LIVE___Sensex_Falls_Again__Why_Are_Indian_Markets_Under_Pressure____The_Palki_Sh.mp4,259,1108.933,1114.867,5.934,Field Report,68.0,"Field Report: motion=0.0434, faces=1, centered=False, symmetry=0.78"
LIVE___Sensex_Falls_Again__Why_Are_Indian_Markets_Under_Pressure____The_Palki_Sh.mp4,260,1114.933,1117.2,2.267,Anchor Studio,72.0,"Anchor Studio: stable=0.63, symmetry=0.98, centered=False, faces=1, face_area=0.0276"
LIVE___Sensex_Falls_Again__Why_Are_Indian_Markets_Under_Pressure____The_Palki_Sh.mp4,261,1117.267,1119.267,2.0,Anchor Studio,82.0,"Anchor Studio: stable=0.86, symmetry=0.98, centered=False, faces=1, face_area=0.0274"
LIVE___Sensex_Falls_Again__Why_Are_Indian_Markets_Under_Pressure____The_Palki_Sh.mp4,262,1119.333,1121.533,2.2,Anchor Studio,82.0,"Anchor Studio: stable=0.88, symmetry=0.99, centered=False, faces=1, face_area=0.0278"
LIVE___Sensex_Falls_Again__Why_Are_Indian_Markets_Under_Pressure____The_Palki_Sh.mp4,263,1121.6,1124.067,2.467,Anchor Studio,82.0,"Anchor Studio: stable=0.83, symmetry=0.97, centered=False, faces=1, face_area=0.0274"
LIVE___Sensex_Falls_Again__Why_Are_Indian_Markets_Under_Pressure____The_Palki_Sh.mp4,264,1124.133,1126.733,2.6,Anchor Studio,94.0,"Anchor Studio: stable=0.83, symmetry=0.89, centered=True, faces=2, face_area=0.0276"
LIVE___Sensex_Falls_Again__Why_Are_Indian_Markets_Under_Pressure____The_Palki_Sh.mp4,265,1126.8,1130.933,4.133,Anchor Studio,82.0,"Anchor Studio: stable=0.88, symmetry=0.96, centered=False, faces=1, face_area=0.0271"
LIVE___Sensex_Falls_Again__Why_Are_Indian_Markets_Under_Pressure____The_Palki_Sh.mp4,266,1131.0,1136.267,5.267,Anchor Studio,82.0,"Anchor Studio: stable=0.81, symmetry=0.89, centered=False, faces=2, face_area=0.0320"
LIVE___Sensex_Falls_Again__Why_Are_Indian_Markets_Under_Pressure____The_Palki_Sh.mp4,267,1136.333,1136.867,0.534,Anchor Studio,82.0,"Anchor Studio: stable=0.87, symmetry=0.93, centered=False, faces=1, face_area=0.0266"
LIVE___Sensex_Falls_Again__Why_Are_Indian_Markets_Under_Pressure____The_Palki_Sh.mp4,268,1136.933,1138.067,1.134,Anchor Studio,82.0,"Anchor Studio: stable=0.87, symmetry=0.83, centered=False, faces=1, face_area=0.0273"
LIVE___Sensex_Falls_Again__Why_Are_Indian_Markets_Under_Pressure____The_Palki_Sh.mp4,269,1138.133,1140.467,2.334,Anchor Studio,72.0,"Anchor Studio: stable=0.49, symmetry=0.81, centered=False, faces=1, face_area=0.0267"
LIVE___Sensex_Falls_Again__Why_Are_Indian_Markets_Under_Pressure____The_Palki_Sh.mp4,270,1140.533,1146.267,5.734,Anchor Studio,94.0,"Anchor Studio: stable=0.77, symmetry=0.88, centered=True, faces=2, face_area=0.0387"
LIVE___Sensex_Falls_Again__Why_Are_Indian_Markets_Under_Pressure____The_Palki_Sh.mp4,271,1146.333,1147.533,1.2,Anchor Studio,82.0,"Anchor Studio: stable=0.76, symmetry=0.85, centered=False, faces=1, face_area=0.0270"
LIVE___Sensex_Falls_Again__Why_Are_Indian_Markets_Under_Pressure____The_Palki_Sh.mp4,272,1147.6,1154.667,7.067,Anchor Studio,82.0,"Anchor Studio: stable=0.85, symmetry=0.85, centered=False, faces=1, face_area=0.0276"
LIVE___Sensex_Falls_Again__Why_Are_Indian_Markets_Under_Pressure____The_Palki_Sh.mp4,273,1154.733,1158.867,4.134,Anchor Studio,94.0,"Anchor Studio: stable=0.82, symmetry=0.97, centered=True, faces=2, face_area=0.0369"
LIVE___Sensex_Falls_Again__Why_Are_Indian_Markets_Under_Pressure____The_Palki_Sh.mp4,274,1158.933,1162.133,3.2,Anchor Studio,82.0,"Anchor Studio: stable=0.89, symmetry=0.97, centered=False, faces=2, face_area=0.0279"
LIVE___Sensex_Falls_Again__Why_Are_Indian_Markets_Under_Pressure____The_Palki_Sh.mp4,275,1162.2,1166.0,3.8,Anchor Studio,82.0,"Anchor Studio: stable=0.78, symmetry=0.85, centered=False, faces=1, face_area=0.0271"
LIVE___Sensex_Falls_Again__Why_Are_Indian_Markets_Under_Pressure____The_Palki_Sh.mp4,276,1166.067,1169.333,3.266,Anchor Studio,84.0,"Anchor Studio: stable=0.59, symmetry=0.85, centered=True, faces=2, face_area=0.0275"
LIVE___Sensex_Falls_Again__Why_Are_Indian_Markets_Under_Pressure____The_Palki_Sh.mp4,277,1169.4,1190.333,20.933,Anchor Studio,94.0,"Anchor Studio: stable=0.92, symmetry=0.97, centered=True, faces=1, face_area=0.0968"
LIVE___Sensex_Falls_Again__Why_Are_Indian_Markets_Under_Pressure____The_Palki_Sh.mp4,278,1190.4,1201.133,10.733,Anchor Studio,94.0,"Anchor Studio: stable=0.84, symmetry=0.91, centered=True, faces=2, face_area=0.0275"
LIVE___Sensex_Falls_Again__Why_Are_Indian_Markets_Under_Pressure____The_Palki_Sh.mp4,279,1201.2,1205.267,4.067,Anchor Studio,82.0,"Anchor Studio: stable=0.82, symmetry=0.64, centered=True, faces=2, face_area=0.0284"
LIVE___Sensex_Falls_Again__Why_Are_Indian_Markets_Under_Pressure____The_Palki_Sh.mp4,280,1205.333,1208.267,2.934,Title Card,74.0,"Title Card: headline=0.6620, textcov=0.8119, stability=0.86"
LIVE___Sensex_Falls_Again__Why_Are_Indian_Markets_Under_Pressure____The_Palki_Sh.mp4,281,1208.333,1211.267,2.934,Anchor Studio,82.0,"Anchor Studio: stable=0.94, symmetry=0.84, centered=False, faces=1, face_area=0.0269"
LIVE___Sensex_Falls_Again__Why_Are_Indian_Markets_Under_Pressure____The_Palki_Sh.mp4,282,1211.333,1215.067,3.734,Anchor Studio,82.0,"Anchor Studio: stable=0.93, symmetry=0.89, centered=False, faces=1, face_area=0.0270"
LIVE___Sensex_Falls_Again__Why_Are_Indian_Markets_Under_Pressure____The_Palki_Sh.mp4,283,1215.133,1220.267,5.134,Anchor Studio,94.0,"Anchor Studio: stable=0.89, symmetry=0.81, centered=True, faces=2, face_area=0.0617"
LIVE___Sensex_Falls_Again__Why_Are_Indian_Markets_Under_Pressure____The_Palki_Sh.mp4,284,1220.333,1223.867,3.534,Anchor Studio,94.0,"Anchor Studio: stable=0.75, symmetry=0.95, centered=True, faces=2, face_area=0.0353"
LIVE___Sensex_Falls_Again__Why_Are_Indian_Markets_Under_Pressure____The_Palki_Sh.mp4,285,1223.933,1225.333,1.4,Anchor Studio,84.0,"Anchor Studio: stable=0.69, symmetry=0.92, centered=True, faces=2, face_area=0.0372"
LIVE___Sensex_Falls_Again__Why_Are_Indian_Markets_Under_Pressure____The_Palki_Sh.mp4,286,1225.4,1228.867,3.467,Anchor Studio,82.0,"Anchor Studio: stable=0.88, symmetry=0.87, centered=False, faces=1, face_area=0.0274"
LIVE___Sensex_Falls_Again__Why_Are_Indian_Markets_Under_Pressure____The_Palki_Sh.mp4,287,1228.933,1229.933,1.0,Anchor Studio,82.0,"Anchor Studio: stable=0.90, symmetry=0.99, centered=False, faces=1, face_area=0.0274"
LIVE___Sensex_Falls_Again__Why_Are_Indian_Markets_Under_Pressure____The_Palki_Sh.mp4,288,1230.0,1232.667,2.667,Anchor Studio,82.0,"Anchor Studio: stable=0.89, symmetry=0.93, centered=False, faces=1, face_area=0.0272"
LIVE___Sensex_Falls_Again__Why_Are_Indian_Markets_Under_Pressure____The_Palki_Sh.mp4,289,1232.733,1234.867,2.134,Anchor Studio,82.0,"Anchor Studio: stable=0.76, symmetry=0.95, centered=False, faces=1, face_area=0.0277"
LIVE___Sensex_Falls_Again__Why_Are_Indian_Markets_Under_Pressure____The_Palki_Sh.mp4,290,1234.933,1237.267,2.334,Anchor Studio,72.0,"Anchor Studio: stable=0.61, symmetry=0.86, centered=False, faces=1, face_area=0.0273"
LIVE___Sensex_Falls_Again__Why_Are_Indian_Markets_Under_Pressure____The_Palki_Sh.mp4,291,1237.333,1239.867,2.534,Title Card,74.0,"Title Card: headline=0.3072, textcov=0.5392, stability=0.88"
LIVE___Sensex_Falls_Again__Why_Are_Indian_Markets_Under_Pressure____The_Palki_Sh.mp4,292,1239.933,1250.133,10.2,Anchor Studio,82.0,"Anchor Studio: stable=0.81, symmetry=0.86, centered=False, faces=1, face_area=0.0275"
LIVE___Sensex_Falls_Again__Why_Are_Indian_Markets_Under_Pressure____The_Palki_Sh.mp4,293,1250.2,1254.133,3.933,Anchor Studio,82.0,"Anchor Studio: stable=0.79, symmetry=0.97, centered=False, faces=1, face_area=0.0271"
LIVE___Sensex_Falls_Again__Why_Are_Indian_Markets_Under_Pressure____The_Palki_Sh.mp4,294,1254.2,1268.667,14.467,Anchor Studio,94.0,"Anchor Studio: stable=0.96, symmetry=0.86, centered=True, faces=1, face_area=0.0271"
LIVE___Sensex_Falls_Again__Why_Are_Indian_Markets_Under_Pressure____The_Palki_Sh.mp4,295,1268.733,1269.467,0.734,Title Card,68.0,"Title Card: headline=0.3090, textcov=0.4316, stability=0.78"
LIVE___Sensex_Falls_Again__Why_Are_Indian_Markets_Under_Pressure____The_Palki_Sh.mp4,296,1269.533,1291.667,22.134,Anchor Studio,82.0,"Anchor Studio: stable=0.95, symmetry=0.79, centered=True, faces=1, face_area=0.0609"
LIVE___Sensex_Falls_Again__Why_Are_Indian_Markets_Under_Pressure____The_Palki_Sh.mp4,297,1291.733,1292.867,1.134,Anchor Studio,62.0,"Anchor Studio: stable=0.93, symmetry=0.99, centered=False, faces=0, face_area=0.0000"
LIVE___Sensex_Falls_Again__Why_Are_Indian_Markets_Under_Pressure____The_Palki_Sh.mp4,298,1292.933,1301.333,8.4,Anchor Studio,94.0,"Anchor Studio: stable=0.96, symmetry=0.89, centered=True, faces=1, face_area=0.0276"
LIVE___Sensex_Falls_Again__Why_Are_Indian_Markets_Under_Pressure____The_Palki_Sh.mp4,299,1301.4,1345.733,44.333,Anchor Studio,84.0,"Anchor Studio: stable=0.91, symmetry=0.92, centered=True, faces=2, face_area=0.0025"
LIVE___Sensex_Falls_Again__Why_Are_Indian_Markets_Under_Pressure____The_Palki_Sh.mp4,300,1345.8,1347.267,1.467,Anchor Studio,94.0,"Anchor Studio: stable=0.91, symmetry=0.94, centered=True, faces=2, face_area=0.0660"
LIVE___Sensex_Falls_Again__Why_Are_Indian_Markets_Under_Pressure____The_Palki_Sh.mp4,301,1347.333,1355.8,8.467,Anchor Studio,94.0,"Anchor Studio: stable=0.86, symmetry=0.83, centered=True, faces=2, face_area=0.0277"
LIVE___Sensex_Falls_Again__Why_Are_Indian_Markets_Under_Pressure____The_Palki_Sh.mp4,302,1355.867,1361.067,5.2,Anchor Studio,94.0,"Anchor Studio: stable=0.95, symmetry=0.90, centered=True, faces=1, face_area=0.0274"
LIVE___Sensex_Falls_Again__Why_Are_Indian_Markets_Under_Pressure____The_Palki_Sh.mp4,303,1361.133,1366.4,5.267,Anchor Studio,74.0,"Anchor Studio: stable=0.28, symmetry=0.86, centered=True, faces=1, face_area=0.0003"
LIVE___Sensex_Falls_Again__Why_Are_Indian_Markets_Under_Pressure____The_Palki_Sh.mp4,304,1366.467,1367.933,1.466,B-Roll,70.0,"B-Roll: motion=0.0288, edge=0.1587, face_area=0.0000, symmetry=0.67"
LIVE___Sensex_Falls_Again__Why_Are_Indian_Markets_Under_Pressure____The_Palki_Sh.mp4,305,1368.0,1369.333,1.333,Title Card,68.0,"Title Card: headline=0.0677, textcov=0.1951, stability=0.76"
LIVE___Sensex_Falls_Again__Why_Are_Indian_Markets_Under_Pressure____The_Palki_Sh.mp4,306,1369.4,1370.933,1.533,Anchor Studio,62.0,"Anchor Studio: stable=0.85, symmetry=0.97, centered=False, faces=0, face_area=0.0000"
LIVE___Sensex_Falls_Again__Why_Are_Indian_Markets_Under_Pressure____The_Palki_Sh.mp4,307,1371.0,1371.667,0.667,B-Roll,70.0,"B-Roll: motion=0.0521, edge=0.0956, face_area=0.0000, symmetry=0.93"
LIVE___Sensex_Falls_Again__Why_Are_Indian_Markets_Under_Pressure____The_Palki_Sh.mp4,308,1371.733,1373.133,1.4,B-Roll,70.0,"B-Roll: motion=0.0340, edge=0.0339, face_area=0.0000, symmetry=0.58"
LIVE___Sensex_Falls_Again__Why_Are_Indian_Markets_Under_Pressure____The_Palki_Sh.mp4,309,1373.2,1374.133,0.933,B-Roll,70.0,"B-Roll: motion=0.0485, edge=0.0860, face_area=0.0000, symmetry=0.95"
LIVE___Sensex_Falls_Again__Why_Are_Indian_Markets_Under_Pressure____The_Palki_Sh.mp4,310,1374.2,1375.067,0.867,Title Card,68.0,"Title Card: headline=0.1771, textcov=0.3450, stability=0.76"
LIVE___Sensex_Falls_Again__Why_Are_Indian_Markets_Under_Pressure____The_Palki_Sh.mp4,311,1375.133,1375.933,0.8,B-Roll,70.0,"B-Roll: motion=0.0252, edge=0.0860, face_area=0.0000, symmetry=0.90"
LIVE___Sensex_Falls_Again__Why_Are_Indian_Markets_Under_Pressure____The_Palki_Sh.mp4,312,1376.0,1376.867,0.867,Anchor Studio,62.0,"Anchor Studio: stable=0.77, symmetry=0.99, centered=False, faces=0, face_area=0.0000"
LIVE___Sensex_Falls_Again__Why_Are_Indian_Markets_Under_Pressure____The_Palki_Sh.mp4,313,1376.933,1378.067,1.134,B-Roll,70.0,"B-Roll: motion=0.0486, edge=0.1789, face_area=0.0000, symmetry=0.97"
LIVE___Sensex_Falls_Again__Why_Are_Indian_Markets_Under_Pressure____The_Palki_Sh.mp4,314,1378.133,1379.933,1.8,Anchor Studio,74.0,"Anchor Studio: stable=0.69, symmetry=0.93, centered=True, faces=1, face_area=0.0078"
LIVE___Sensex_Falls_Again__Why_Are_Indian_Markets_Under_Pressure____The_Palki_Sh.mp4,315,1380.0,1383.2,3.2,Title Card,78.0,"Title Card: headline=0.1473, textcov=0.2847, stability=0.82"
LIVE___Sensex_Falls_Again__Why_Are_Indian_Markets_Under_Pressure____The_Palki_Sh.mp4,316,1383.267,1388.133,4.866,Anchor Studio,84.0,"Anchor Studio: stable=0.70, symmetry=0.96, centered=True, faces=1, face_area=0.0146"
LIVE___Sensex_Falls_Again__Why_Are_Indian_Markets_Under_Pressure____The_Palki_Sh.mp4,317,1388.2,1391.267,3.067,Anchor Studio,82.0,"Anchor Studio: stable=0.78, symmetry=0.75, centered=True, faces=2, face_area=0.1211"
LIVE___Sensex_Falls_Again__Why_Are_Indian_Markets_Under_Pressure____The_Palki_Sh.mp4,318,1391.333,1392.067,0.734,B-Roll,70.0,"B-Roll: motion=0.0276, edge=0.0546, face_area=0.0000, symmetry=0.92"
LIVE___Sensex_Falls_Again__Why_Are_Indian_Markets_Under_Pressure____The_Palki_Sh.mp4,319,1392.133,1393.4,1.267,Anchor Studio,72.0,"Anchor Studio: stable=0.82, symmetry=0.87, centered=False, faces=1, face_area=0.0040"
LIVE___Sensex_Falls_Again__Why_Are_Indian_Markets_Under_Pressure____The_Palki_Sh.mp4,320,1393.467,1394.4,0.933,Anchor Studio,62.0,"Anchor Studio: stable=0.85, symmetry=0.97, centered=False, faces=0, face_area=0.0000"
LIVE___Sensex_Falls_Again__Why_Are_Indian_Markets_Under_Pressure____The_Palki_Sh.mp4,321,1394.467,1401.6,7.133,Title Card,78.0,"Title Card: headline=0.2933, textcov=0.4970, stability=0.80"
LIVE___Sensex_Falls_Again__Why_Are_Indian_Markets_Under_Pressure____The_Palki_Sh.mp4,322,1401.667,1420.067,18.4,Title Card,78.0,"Title Card: headline=0.5393, textcov=0.7070, stability=0.90"
LIVE___Sensex_Falls_Again__Why_Are_Indian_Markets_Under_Pressure____The_Palki_Sh.mp4,323,1420.133,1436.2,16.067,Anchor Studio,82.0,"Anchor Studio: stable=0.95, symmetry=0.78, centered=True, faces=1, face_area=0.0279"
LIVE___Sensex_Falls_Again__Why_Are_Indian_Markets_Under_Pressure____The_Palki_Sh.mp4,324,1436.267,1438.133,1.866,Anchor Studio,82.0,"Anchor Studio: stable=0.81, symmetry=0.81, centered=False, faces=1, face_area=0.0282"
LIVE___Sensex_Falls_Again__Why_Are_Indian_Markets_Under_Pressure____The_Palki_Sh.mp4,325,1438.2,1448.2,10.0,Anchor Studio,82.0,"Anchor Studio: stable=0.92, symmetry=0.84, centered=False, faces=1, face_area=0.0278"
LIVE___Sensex_Falls_Again__Why_Are_Indian_Markets_Under_Pressure____The_Palki_Sh.mp4,326,1448.267,1449.667,1.4,Anchor Studio,82.0,"Anchor Studio: stable=0.86, symmetry=0.94, centered=False, faces=1, face_area=0.0275"
LIVE___Sensex_Falls_Again__Why_Are_Indian_Markets_Under_Pressure____The_Palki_Sh.mp4,327,1449.733,1451.333,1.6,Anchor Studio,82.0,"Anchor Studio: stable=0.80, symmetry=0.88, centered=False, faces=1, face_area=0.0276"
LIVE___Sensex_Falls_Again__Why_Are_Indian_Markets_Under_Pressure____The_Palki_Sh.mp4,328,1451.4,1459.8,8.4,Anchor Studio,82.0,"Anchor Studio: stable=0.87, symmetry=0.91, centered=False, faces=1, face_area=0.0280"
LIVE___Sensex_Falls_Again__Why_Are_Indian_Markets_Under_Pressure____The_Palki_Sh.mp4,329,1459.867,1461.133,1.266,Anchor Studio,82.0,"Anchor Studio: stable=0.80, symmetry=0.88, centered=False, faces=1, face_area=0.0279"
LIVE___Sensex_Falls_Again__Why_Are_Indian_Markets_Under_Pressure____The_Palki_Sh.mp4,330,1461.2,1465.867,4.667,Anchor Studio,82.0,"Anchor Studio: stable=0.86, symmetry=0.94, centered=False, faces=1, face_area=0.0277"
LIVE___Sensex_Falls_Again__Why_Are_Indian_Markets_Under_Pressure____The_Palki_Sh.mp4,331,1465.933,1483.2,17.267,Anchor Studio,82.0,"Anchor Studio: stable=0.96, symmetry=0.77, centered=True, faces=1, face_area=0.0279"
LIVE___Sensex_Falls_Again__Why_Are_Indian_Markets_Under_Pressure____The_Palki_Sh.mp4,332,1483.267,1497.267,14.0,Title Card,74.0,"Title Card: headline=0.9923, textcov=1.0409, stability=0.87"
LIVE___Sensex_Falls_Again__Why_Are_Indian_Markets_Under_Pressure____The_Palki_Sh.mp4,333,1497.333,1524.267,26.934,Title Card,78.0,"Title Card: headline=0.1722, textcov=0.4613, stability=0.96"
LIVE___Sensex_Falls_Again__Why_Are_Indian_Markets_Under_Pressure____The_Palki_Sh.mp4,334,1524.333,1532.733,8.4,Anchor Studio,94.0,"Anchor Studio: stable=0.96, symmetry=0.82, centered=True, faces=1, face_area=0.0280"
LIVE___Sensex_Falls_Again__Why_Are_Indian_Markets_Under_Pressure____The_Palki_Sh.mp4,335,1532.8,1546.667,13.867,Anchor Studio,94.0,"Anchor Studio: stable=0.95, symmetry=0.94, centered=True, faces=2, face_area=0.0411"
LIVE___Sensex_Falls_Again__Why_Are_Indian_Markets_Under_Pressure____The_Palki_Sh.mp4,336,1546.733,1555.067,8.334,Anchor Studio,94.0,"Anchor Studio: stable=0.93, symmetry=0.81, centered=True, faces=1, face_area=0.0263"
LIVE___Sensex_Falls_Again__Why_Are_Indian_Markets_Under_Pressure____The_Palki_Sh.mp4,337,1555.133,1557.667,2.534,Field Report,68.0,"Field Report: motion=0.0380, faces=1, centered=False, symmetry=0.64"
LIVE___Sensex_Falls_Again__Why_Are_Indian_Markets_Under_Pressure____The_Palki_Sh.mp4,338,1557.733,1560.267,2.534,Anchor Studio,82.0,"Anchor Studio: stable=0.91, symmetry=0.80, centered=False, faces=1, face_area=0.0281"
LIVE___Sensex_Falls_Again__Why_Are_Indian_Markets_Under_Pressure____The_Palki_Sh.mp4,339,1560.333,1562.6,2.267,Anchor Studio,82.0,"Anchor Studio: stable=0.92, symmetry=0.89, centered=False, faces=1, face_area=0.0278"
LIVE___Sensex_Falls_Again__Why_Are_Indian_Markets_Under_Pressure____The_Palki_Sh.mp4,340,1562.667,1568.867,6.2,Title Card,74.0,"Title Card: headline=0.5278, textcov=0.6212, stability=0.92"
LIVE___Sensex_Falls_Again__Why_Are_Indian_Markets_Under_Pressure____The_Palki_Sh.mp4,341,1568.933,1573.867,4.934,Title Card,74.0,"Title Card: headline=0.5307, textcov=0.6127, stability=0.94"
LIVE___Sensex_Falls_Again__Why_Are_Indian_Markets_Under_Pressure____The_Palki_Sh.mp4,342,1573.933,1576.867,2.934,Title Card,74.0,"Title Card: headline=0.5293, textcov=0.5911, stability=0.97"
LIVE___Sensex_Falls_Again__Why_Are_Indian_Markets_Under_Pressure____The_Palki_Sh.mp4,343,1576.933,1579.733,2.8,Anchor Studio,84.0,"Anchor Studio: stable=0.61, symmetry=0.94, centered=True, faces=2, face_area=0.0298"
LIVE___Sensex_Falls_Again__Why_Are_Indian_Markets_Under_Pressure____The_Palki_Sh.mp4,344,1579.8,1582.067,2.267,Anchor Studio,82.0,"Anchor Studio: stable=0.77, symmetry=0.98, centered=False, faces=1, face_area=0.0278"
LIVE___Sensex_Falls_Again__Why_Are_Indian_Markets_Under_Pressure____The_Palki_Sh.mp4,345,1582.133,1585.533,3.4,Title Card,74.0,"Title Card: headline=0.5396, textcov=0.6413, stability=0.94"
LIVE___Sensex_Falls_Again__Why_Are_Indian_Markets_Under_Pressure____The_Palki_Sh.mp4,346,1585.6,1588.467,2.867,Title Card,74.0,"Title Card: headline=0.5322, textcov=0.6044, stability=0.93"
LIVE___Sensex_Falls_Again__Why_Are_Indian_Markets_Under_Pressure____The_Palki_Sh.mp4,347,1588.533,1590.067,1.534,Title Card,74.0,"Title Card: headline=0.5272, textcov=0.5956, stability=0.93"
LIVE___Sensex_Falls_Again__Why_Are_Indian_Markets_Under_Pressure____The_Palki_Sh.mp4,348,1590.133,1596.933,6.8,Title Card,74.0,"Title Card: headline=0.2602, textcov=0.4122, stability=0.96"
LIVE___Sensex_Falls_Again__Why_Are_Indian_Markets_Under_Pressure____The_Palki_Sh.mp4,349,1597.0,1600.067,3.067,Anchor Studio,72.0,"Anchor Studio: stable=0.60, symmetry=0.83, centered=False, faces=1, face_area=0.0273"
LIVE___Sensex_Falls_Again__Why_Are_Indian_Markets_Under_Pressure____The_Palki_Sh.mp4,350,1600.133,1604.333,4.2,Anchor Studio,72.0,"Anchor Studio: stable=0.72, symmetry=0.96, centered=False, faces=1, face_area=0.0269"
LIVE___Sensex_Falls_Again__Why_Are_Indian_Markets_Under_Pressure____The_Palki_Sh.mp4,351,1604.4,1607.933,3.533,Anchor Studio,94.0,"Anchor Studio: stable=0.85, symmetry=0.86, centered=True, faces=2, face_area=0.0384"
LIVE___Sensex_Falls_Again__Why_Are_Indian_Markets_Under_Pressure____The_Palki_Sh.mp4,352,1608.0,1613.533,5.533,Anchor Studio,82.0,"Anchor Studio: stable=0.86, symmetry=0.80, centered=False, faces=1, face_area=0.0279"
LIVE___Sensex_Falls_Again__Why_Are_Indian_Markets_Under_Pressure____The_Palki_Sh.mp4,353,1613.6,1621.133,7.533,Anchor Studio,82.0,"Anchor Studio: stable=0.95, symmetry=0.74, centered=True, faces=2, face_area=0.0359"
LIVE___Sensex_Falls_Again__Why_Are_Indian_Markets_Under_Pressure____The_Palki_Sh.mp4,354,1621.2,1631.667,10.467,Title Card,78.0,"Title Card: headline=0.3623, textcov=0.5670, stability=0.93"
LIVE___Sensex_Falls_Again__Why_Are_Indian_Markets_Under_Pressure____The_Palki_Sh.mp4,355,1631.733,1640.067,8.334,Anchor Studio,94.0,"Anchor Studio: stable=0.88, symmetry=0.88, centered=True, faces=2, face_area=0.0312"
LIVE___Sensex_Falls_Again__Why_Are_Indian_Markets_Under_Pressure____The_Palki_Sh.mp4,356,1640.133,1648.4,8.267,Anchor Studio,84.0,"Anchor Studio: stable=0.85, symmetry=0.93, centered=True, faces=1, face_area=0.0004"
LIVE___Sensex_Falls_Again__Why_Are_Indian_Markets_Under_Pressure____The_Palki_Sh.mp4,357,1648.467,1660.467,12.0,Anchor Studio,82.0,"Anchor Studio: stable=0.96, symmetry=0.76, centered=True, faces=1, face_area=0.0280"
LIVE___Sensex_Falls_Again__Why_Are_Indian_Markets_Under_Pressure____The_Palki_Sh.mp4,358,1660.533,1674.867,14.334,Anchor Studio,94.0,"Anchor Studio: stable=0.93, symmetry=0.93, centered=True, faces=2, face_area=0.0199"
LIVE___Sensex_Falls_Again__Why_Are_Indian_Markets_Under_Pressure____The_Palki_Sh.mp4,359,1674.933,1696.867,21.934,Anchor Studio,82.0,"Anchor Studio: stable=0.96, symmetry=0.80, centered=True, faces=1, face_area=0.0824"
LIVE___Sensex_Falls_Again__Why_Are_Indian_Markets_Under_Pressure____The_Palki_Sh.mp4,360,1696.933,1698.867,1.934,Anchor Studio,82.0,"Anchor Studio: stable=0.82, symmetry=0.88, centered=False, faces=1, face_area=0.0268"
LIVE___Sensex_Falls_Again__Why_Are_Indian_Markets_Under_Pressure____The_Palki_Sh.mp4,361,1698.933,1701.733,2.8,Anchor Studio,82.0,"Anchor Studio: stable=0.92, symmetry=0.95, centered=False, faces=1, face_area=0.0273"
LIVE___Sensex_Falls_Again__Why_Are_Indian_Markets_Under_Pressure____The_Palki_Sh.mp4,362,1701.8,1705.533,3.733,Anchor Studio,82.0,"Anchor Studio: stable=0.96, symmetry=0.91, centered=False, faces=1, face_area=0.0265"
LIVE___Sensex_Falls_Again__Why_Are_Indian_Markets_Under_Pressure____The_Palki_Sh.mp4,363,1705.6,1711.733,6.133,Anchor Studio,82.0,"Anchor Studio: stable=0.94, symmetry=0.98, centered=False, faces=1, face_area=0.0277"
LIVE___Sensex_Falls_Again__Why_Are_Indian_Markets_Under_Pressure____The_Palki_Sh.mp4,364,1711.8,1712.933,1.133,Anchor Studio,94.0,"Anchor Studio: stable=0.88, symmetry=0.97, centered=True, faces=2, face_area=0.1336"
LIVE___Sensex_Falls_Again__Why_Are_Indian_Markets_Under_Pressure____The_Palki_Sh.mp4,365,1713.0,1714.533,1.533,Anchor Studio,82.0,"Anchor Studio: stable=0.83, symmetry=0.95, centered=False, faces=1, face_area=0.0266"
LIVE___Sensex_Falls_Again__Why_Are_Indian_Markets_Under_Pressure____The_Palki_Sh.mp4,366,1714.6,1716.533,1.933,Anchor Studio,82.0,"Anchor Studio: stable=0.97, symmetry=0.94, centered=False, faces=1, face_area=0.0278"
LIVE___Sensex_Falls_Again__Why_Are_Indian_Markets_Under_Pressure____The_Palki_Sh.mp4,367,1716.6,1736.0,19.4,Title Card,78.0,"Title Card: headline=0.4806, textcov=0.5313, stability=0.97"
LIVE___Sensex_Falls_Again__Why_Are_Indian_Markets_Under_Pressure____The_Palki_Sh.mp4,368,1736.067,1747.333,11.266,Anchor Studio,82.0,"Anchor Studio: stable=0.94, symmetry=0.88, centered=False, faces=1, face_area=0.0280"
LIVE___Sensex_Falls_Again__Why_Are_Indian_Markets_Under_Pressure____The_Palki_Sh.mp4,369,1747.4,1755.133,7.733,Anchor Studio,82.0,"Anchor Studio: stable=0.80, symmetry=0.97, centered=False, faces=2, face_area=0.0285"
LIVE___Sensex_Falls_Again__Why_Are_Indian_Markets_Under_Pressure____The_Palki_Sh.mp4,370,1755.2,1756.067,0.867,Anchor Studio,82.0,"Anchor Studio: stable=0.86, symmetry=0.81, centered=False, faces=1, face_area=0.0294"
LIVE___Sensex_Falls_Again__Why_Are_Indian_Markets_Under_Pressure____The_Palki_Sh.mp4,371,1756.133,1774.867,18.734,Anchor Studio,82.0,"Anchor Studio: stable=0.97, symmetry=0.74, centered=True, faces=1, face_area=0.0280"
LIVE___Sensex_Falls_Again__Why_Are_Indian_Markets_Under_Pressure____The_Palki_Sh.mp4,372,1774.933,1778.533,3.6,Anchor Studio,82.0,"Anchor Studio: stable=0.89, symmetry=0.98, centered=False, faces=2, face_area=0.1126"
LIVE___Sensex_Falls_Again__Why_Are_Indian_Markets_Under_Pressure____The_Palki_Sh.mp4,373,1778.6,1783.533,4.933,Anchor Studio,94.0,"Anchor Studio: stable=0.95, symmetry=0.82, centered=True, faces=3, face_area=0.1079"
LIVE___Sensex_Falls_Again__Why_Are_Indian_Markets_Under_Pressure____The_Palki_Sh.mp4,374,1783.6,1786.533,2.933,Anchor Studio,82.0,"Anchor Studio: stable=0.93, symmetry=0.85, centered=False, faces=1, face_area=0.0276"
LIVE___Sensex_Falls_Again__Why_Are_Indian_Markets_Under_Pressure____The_Palki_Sh.mp4,375,1786.6,1792.2,5.6,Anchor Studio,82.0,"Anchor Studio: stable=0.90, symmetry=0.76, centered=True, faces=2, face_area=0.0413"
LIVE___Sensex_Falls_Again__Why_Are_Indian_Markets_Under_Pressure____The_Palki_Sh.mp4,376,1792.267,1797.6,5.333,Anchor Studio,72.0,"Anchor Studio: stable=0.61, symmetry=0.92, centered=False, faces=1, face_area=0.0277"
LIVE___Sensex_Falls_Again__Why_Are_Indian_Markets_Under_Pressure____The_Palki_Sh.mp4,377,1797.667,1799.467,1.8,Title Card,74.0,"Title Card: headline=0.6838, textcov=0.7750, stability=0.90"
LIVE___Sensex_Falls_Again__Why_Are_Indian_Markets_Under_Pressure____The_Palki_Sh.mp4,378,1799.533,1803.667,4.134,Anchor Studio,94.0,"Anchor Studio: stable=0.80, symmetry=0.94, centered=True, faces=2, face_area=0.0922"
LIVE___Sensex_Falls_Again__Why_Are_Indian_Markets_Under_Pressure____The_Palki_Sh.mp4,379,1803.733,1806.533,2.8,Anchor Studio,72.0,"Anchor Studio: stable=0.71, symmetry=0.97, centered=False, faces=1, face_area=0.0277"
LIVE___Sensex_Falls_Again__Why_Are_Indian_Markets_Under_Pressure____The_Palki_Sh.mp4,380,1806.6,1824.8,18.2,Anchor Studio,94.0,"Anchor Studio: stable=0.93, symmetry=0.83, centered=True, faces=2, face_area=0.0214"
LIVE___Sensex_Falls_Again__Why_Are_Indian_Markets_Under_Pressure____The_Palki_Sh.mp4,381,1824.867,1847.267,22.4,Anchor Studio,82.0,"Anchor Studio: stable=0.90, symmetry=0.96, centered=False, faces=2, face_area=0.1190"
LIVE___Sensex_Falls_Again__Why_Are_Indian_Markets_Under_Pressure____The_Palki_Sh.mp4,382,1847.333,1862.067,14.734,Anchor Studio,94.0,"Anchor Studio: stable=0.95, symmetry=0.99, centered=True, faces=1, face_area=0.0269"
LIVE___Sensex_Falls_Again__Why_Are_Indian_Markets_Under_Pressure____The_Palki_Sh.mp4,383,1862.133,1863.0,0.867,Field Report,68.0,"Field Report: motion=0.0334, faces=1, centered=False, symmetry=0.74"
LIVE___Sensex_Falls_Again__Why_Are_Indian_Markets_Under_Pressure____The_Palki_Sh.mp4,384,1863.067,1864.667,1.6,Title Card,74.0,"Title Card: headline=0.8539, textcov=0.9340, stability=0.82"
LIVE___Sensex_Falls_Again__Why_Are_Indian_Markets_Under_Pressure____The_Palki_Sh.mp4,385,1864.733,1868.267,3.534,Anchor Studio,82.0,"Anchor Studio: stable=0.89, symmetry=0.84, centered=False, faces=1, face_area=0.0271"
LIVE___Sensex_Falls_Again__Why_Are_Indian_Markets_Under_Pressure____The_Palki_Sh.mp4,386,1868.333,1870.933,2.6,Anchor Studio,82.0,"Anchor Studio: stable=0.92, symmetry=0.90, centered=False, faces=1, face_area=0.0270"
LIVE___Sensex_Falls_Again__Why_Are_Indian_Markets_Under_Pressure____The_Palki_Sh.mp4,387,1871.0,1873.333,2.333,Anchor Studio,82.0,"Anchor Studio: stable=0.94, symmetry=0.94, centered=False, faces=1, face_area=0.0275"
LIVE___Sensex_Falls_Again__Why_Are_Indian_Markets_Under_Pressure____The_Palki_Sh.mp4,388,1873.4,1878.667,5.267,Anchor Studio,82.0,"Anchor Studio: stable=0.93, symmetry=0.90, centered=False, faces=1, face_area=0.0268"
LIVE___Sensex_Falls_Again__Why_Are_Indian_Markets_Under_Pressure____The_Palki_Sh.mp4,389,1878.733,1882.133,3.4,Field Report,68.0,"Field Report: motion=0.0275, faces=1, centered=False, symmetry=0.79"
LIVE___Sensex_Falls_Again__Why_Are_Indian_Markets_Under_Pressure____The_Palki_Sh.mp4,390,1882.2,1882.8,0.6,Anchor Studio,82.0,"Anchor Studio: stable=0.80, symmetry=0.95, centered=False, faces=1, face_area=0.0269"
LIVE___Sensex_Falls_Again__Why_Are_Indian_Markets_Under_Pressure____The_Palki_Sh.mp4,391,1882.867,1883.533,0.666,Anchor Studio,82.0,"Anchor Studio: stable=0.91, symmetry=0.92, centered=False, faces=1, face_area=0.0260"
LIVE___Sensex_Falls_Again__Why_Are_Indian_Markets_Under_Pressure____The_Palki_Sh.mp4,392,1883.6,1885.4,1.8,Title Card,74.0,"Title Card: headline=0.3684, textcov=0.5896, stability=0.83"
LIVE___Sensex_Falls_Again__Why_Are_Indian_Markets_Under_Pressure____The_Palki_Sh.mp4,393,1885.467,1886.933,1.466,Anchor Studio,82.0,"Anchor Studio: stable=0.78, symmetry=0.95, centered=False, faces=1, face_area=0.0264"
LIVE___Sensex_Falls_Again__Why_Are_Indian_Markets_Under_Pressure____The_Palki_Sh.mp4,394,1887.0,1888.933,1.933,Title Card,74.0,"Title Card: headline=0.3539, textcov=0.5261, stability=0.87"
LIVE___Sensex_Falls_Again__Why_Are_Indian_Markets_Under_Pressure____The_Palki_Sh.mp4,395,1889.0,1891.667,2.667,Title Card,74.0,"Title Card: headline=0.8220, textcov=1.0070, stability=0.83"
LIVE___Sensex_Falls_Again__Why_Are_Indian_Markets_Under_Pressure____The_Palki_Sh.mp4,396,1891.733,1892.867,1.134,Anchor Studio,72.0,"Anchor Studio: stable=0.73, symmetry=0.83, centered=False, faces=1, face_area=0.0275"
LIVE___Sensex_Falls_Again__Why_Are_Indian_Markets_Under_Pressure____The_Palki_Sh.mp4,397,1892.933,1897.067,4.134,Anchor Studio,94.0,"Anchor Studio: stable=0.79, symmetry=0.87, centered=True, faces=2, face_area=0.0281"
LIVE___Sensex_Falls_Again__Why_Are_Indian_Markets_Under_Pressure____The_Palki_Sh.mp4,398,1897.133,1899.133,2.0,Anchor Studio,82.0,"Anchor Studio: stable=0.88, symmetry=0.96, centered=False, faces=1, face_area=0.0270"
LIVE___Sensex_Falls_Again__Why_Are_Indian_Markets_Under_Pressure____The_Palki_Sh.mp4,399,1899.2,1900.533,1.333,Anchor Studio,82.0,"Anchor Studio: stable=0.89, symmetry=0.97, centered=False, faces=1, face_area=0.0265"
LIVE___Sensex_Falls_Again__Why_Are_Indian_Markets_Under_Pressure____The_Palki_Sh.mp4,400,1900.6,1901.533,0.933,Anchor Studio,82.0,"Anchor Studio: stable=0.89, symmetry=0.98, centered=False, faces=1, face_area=0.0274"
LIVE___Sensex_Falls_Again__Why_Are_Indian_Markets_Under_Pressure____The_Palki_Sh.mp4,401,1901.6,1906.133,4.533,Anchor Studio,82.0,"Anchor Studio: stable=0.87, symmetry=0.92, centered=False, faces=1, face_area=0.0270"
LIVE___Sensex_Falls_Again__Why_Are_Indian_Markets_Under_Pressure____The_Palki_Sh.mp4,402,1906.2,1907.133,0.933,Anchor Studio,82.0,"Anchor Studio: stable=0.92, symmetry=0.96, centered=False, faces=1, face_area=0.0280"
LIVE___Sensex_Falls_Again__Why_Are_Indian_Markets_Under_Pressure____The_Palki_Sh.mp4,403,1907.2,1924.067,16.867,Anchor Studio,84.0,"Anchor Studio: stable=0.93, symmetry=0.88, centered=True, faces=1, face_area=0.0086"
LIVE___Sensex_Falls_Again__Why_Are_Indian_Markets_Under_Pressure____The_Palki_Sh.mp4,404,1924.133,1935.733,11.6,Anchor Studio,94.0,"Anchor Studio: stable=0.97, symmetry=0.95, centered=True, faces=1, face_area=0.0273"
LIVE___Sensex_Falls_Again__Why_Are_Indian_Markets_Under_Pressure____The_Palki_Sh.mp4,405,1935.8,1938.467,2.667,Field Report,68.0,"Field Report: motion=0.0277, faces=1, centered=False, symmetry=0.59"
LIVE___Sensex_Falls_Again__Why_Are_Indian_Markets_Under_Pressure____The_Palki_Sh.mp4,406,1938.533,1940.067,1.534,Title Card,74.0,"Title Card: headline=0.1230, textcov=0.3870, stability=0.88"
LIVE___Sensex_Falls_Again__Why_Are_Indian_Markets_Under_Pressure____The_Palki_Sh.mp4,407,1940.133,1941.133,1.0,Title Card,74.0,"Title Card: headline=0.1669, textcov=0.4281, stability=0.89"
LIVE___Sensex_Falls_Again__Why_Are_Indian_Markets_Under_Pressure____The_Palki_Sh.mp4,408,1941.2,1941.733,0.533,Title Card,74.0,"Title Card: headline=0.2344, textcov=0.4508, stability=0.84"
LIVE___Sensex_Falls_Again__Why_Are_Indian_Markets_Under_Pressure____The_Palki_Sh.mp4,409,1941.8,1942.4,0.6,Title Card,74.0,"Title Card: headline=0.2500, textcov=0.4712, stability=0.85"
LIVE___Sensex_Falls_Again__Why_Are_Indian_Markets_Under_Pressure____The_Palki_Sh.mp4,410,1942.467,1943.2,0.733,Title Card,74.0,"Title Card: headline=0.1466, textcov=0.4116, stability=0.83"
LIVE___Sensex_Falls_Again__Why_Are_Indian_Markets_Under_Pressure____The_Palki_Sh.mp4,411,1943.267,1946.133,2.866,Anchor Studio,70.0,"Anchor Studio: stable=0.77, symmetry=0.76, centered=False, faces=1, face_area=0.0265"
LIVE___Sensex_Falls_Again__Why_Are_Indian_Markets_Under_Pressure____The_Palki_Sh.mp4,412,1946.2,1949.667,3.467,Anchor Studio,72.0,"Anchor Studio: stable=0.65, symmetry=0.95, centered=False, faces=1, face_area=0.0264"
LIVE___Sensex_Falls_Again__Why_Are_Indian_Markets_Under_Pressure____The_Palki_Sh.mp4,413,1949.733,1950.667,0.934,Field Report,68.0,"Field Report: motion=0.0360, faces=1, centered=False, symmetry=0.72"
LIVE___Sensex_Falls_Again__Why_Are_Indian_Markets_Under_Pressure____The_Palki_Sh.mp4,414,1950.733,1954.8,4.067,Title Card,74.0,"Title Card: headline=0.2421, textcov=0.4523, stability=0.90"
LIVE___Sensex_Falls_Again__Why_Are_Indian_Markets_Under_Pressure____The_Palki_Sh.mp4,415,1954.867,1961.0,6.133,Title Card,74.0,"Title Card: headline=0.2271, textcov=0.4562, stability=0.92"
LIVE___Sensex_Falls_Again__Why_Are_Indian_Markets_Under_Pressure____The_Palki_Sh.mp4,416,1961.067,1964.267,3.2,Title Card,74.0,"Title Card: headline=0.2407, textcov=0.3991, stability=0.91"
LIVE___Sensex_Falls_Again__Why_Are_Indian_Markets_Under_Pressure____The_Palki_Sh.mp4,417,1964.333,1967.667,3.334,Anchor Studio,82.0,"Anchor Studio: stable=0.96, symmetry=0.85, centered=False, faces=1, face_area=0.0266"
LIVE___Sensex_Falls_Again__Why_Are_Indian_Markets_Under_Pressure____The_Palki_Sh.mp4,418,1967.733,1972.067,4.334,Title Card,74.0,"Title Card: headline=0.1477, textcov=0.3617, stability=0.94"
LIVE___Sensex_Falls_Again__Why_Are_Indian_Markets_Under_Pressure____The_Palki_Sh.mp4,419,1972.133,1973.667,1.534,Title Card,74.0,"Title Card: headline=0.1838, textcov=0.4582, stability=0.92"
LIVE___Sensex_Falls_Again__Why_Are_Indian_Markets_Under_Pressure____The_Palki_Sh.mp4,420,1973.733,1980.0,6.267,Title Card,74.0,"Title Card: headline=0.2420, textcov=0.4324, stability=0.90"
LIVE___Sensex_Falls_Again__Why_Are_Indian_Markets_Under_Pressure____The_Palki_Sh.mp4,421,1980.067,1982.267,2.2,Anchor Studio,82.0,"Anchor Studio: stable=0.92, symmetry=0.82, centered=False, faces=1, face_area=0.0275"
LIVE___Sensex_Falls_Again__Why_Are_Indian_Markets_Under_Pressure____The_Palki_Sh.mp4,422,1982.333,1983.667,1.334,Title Card,74.0,"Title Card: headline=0.1909, textcov=0.3678, stability=0.84"
LIVE___Sensex_Falls_Again__Why_Are_Indian_Markets_Under_Pressure____The_Palki_Sh.mp4,423,1983.733,1986.067,2.334,Anchor Studio,72.0,"Anchor Studio: stable=0.48, symmetry=0.93, centered=False, faces=1, face_area=0.0268"
LIVE___Sensex_Falls_Again__Why_Are_Indian_Markets_Under_Pressure____The_Palki_Sh.mp4,424,1986.133,1988.267,2.134,Anchor Studio,82.0,"Anchor Studio: stable=0.90, symmetry=0.97, centered=False, faces=1, face_area=0.0278"
LIVE___Sensex_Falls_Again__Why_Are_Indian_Markets_Under_Pressure____The_Palki_Sh.mp4,425,1988.333,1992.067,3.734,Anchor Studio,82.0,"Anchor Studio: stable=0.84, symmetry=0.96, centered=False, faces=1, face_area=0.0272"
LIVE___Sensex_Falls_Again__Why_Are_Indian_Markets_Under_Pressure____The_Palki_Sh.mp4,426,1992.133,1993.933,1.8,Title Card,74.0,"Title Card: headline=0.1992, textcov=0.4256, stability=0.89"
LIVE___Sensex_Falls_Again__Why_Are_Indian_Markets_Under_Pressure____The_Palki_Sh.mp4,427,1994.0,1995.667,1.667,Anchor Studio,82.0,"Anchor Studio: stable=0.86, symmetry=0.86, centered=False, faces=1, face_area=0.0267"
LIVE___Sensex_Falls_Again__Why_Are_Indian_Markets_Under_Pressure____The_Palki_Sh.mp4,428,1995.733,1997.267,1.534,Anchor Studio,72.0,"Anchor Studio: stable=0.62, symmetry=0.89, centered=False, faces=1, face_area=0.0266"
LIVE___Sensex_Falls_Again__Why_Are_Indian_Markets_Under_Pressure____The_Palki_Sh.mp4,429,1997.333,1998.933,1.6,Anchor Studio,82.0,"Anchor Studio: stable=0.88, symmetry=0.93, centered=False, faces=2, face_area=0.0309"
LIVE___Sensex_Falls_Again__Why_Are_Indian_Markets_Under_Pressure____The_Palki_Sh.mp4,430,1999.0,2001.867,2.867,Anchor Studio,94.0,"Anchor Studio: stable=0.94, symmetry=0.98, centered=True, faces=2, face_area=0.0565"
LIVE___Sensex_Falls_Again__Why_Are_Indian_Markets_Under_Pressure____The_Palki_Sh.mp4,431,2001.933,2004.333,2.4,Anchor Studio,82.0,"Anchor Studio: stable=0.91, symmetry=0.96, centered=False, faces=1, face_area=0.0262"
LIVE___Sensex_Falls_Again__Why_Are_Indian_Markets_Under_Pressure____The_Palki_Sh.mp4,432,2004.4,2005.667,1.267,Anchor Studio,82.0,"Anchor Studio: stable=0.86, symmetry=0.91, centered=False, faces=1, face_area=0.0258"
LIVE___Sensex_Falls_Again__Why_Are_Indian_Markets_Under_Pressure____The_Palki_Sh.mp4,433,2005.733,2011.133,5.4,Anchor Studio,94.0,"Anchor Studio: stable=0.90, symmetry=0.97, centered=True, faces=1, face_area=0.0266"
LIVE___Sensex_Falls_Again__Why_Are_Indian_Markets_Under_Pressure____The_Palki_Sh.mp4,434,2011.2,2015.267,4.067,Anchor Studio,94.0,"Anchor Studio: stable=0.90, symmetry=0.85, centered=True, faces=2, face_area=0.0313"
LIVE___Sensex_Falls_Again__Why_Are_Indian_Markets_Under_Pressure____The_Palki_Sh.mp4,435,2015.333,2018.667,3.334,Title Card,74.0,"Title Card: headline=0.2170, textcov=0.4104, stability=0.96"
LIVE___Sensex_Falls_Again__Why_Are_Indian_Markets_Under_Pressure____The_Palki_Sh.mp4,436,2018.733,2023.2,4.467,Anchor Studio,82.0,"Anchor Studio: stable=0.86, symmetry=0.57, centered=True, faces=2, face_area=0.0353"
LIVE___Sensex_Falls_Again__Why_Are_Indian_Markets_Under_Pressure____The_Palki_Sh.mp4,437,2023.267,2026.133,2.866,Title Card,74.0,"Title Card: headline=0.2227, textcov=0.4220, stability=0.91"
LIVE___Sensex_Falls_Again__Why_Are_Indian_Markets_Under_Pressure____The_Palki_Sh.mp4,438,2026.2,2028.133,1.933,Anchor Studio,82.0,"Anchor Studio: stable=0.76, symmetry=0.88, centered=False, faces=1, face_area=0.0265"
LIVE___Sensex_Falls_Again__Why_Are_Indian_Markets_Under_Pressure____The_Palki_Sh.mp4,439,2028.2,2031.533,3.333,Anchor Studio,82.0,"Anchor Studio: stable=0.82, symmetry=0.90, centered=False, faces=1, face_area=0.0268"
LIVE___Sensex_Falls_Again__Why_Are_Indian_Markets_Under_Pressure____The_Palki_Sh.mp4,440,2031.6,2042.867,11.267,Anchor Studio,82.0,"Anchor Studio: stable=0.92, symmetry=0.93, centered=False, faces=1, face_area=0.0273"
LIVE___Sensex_Falls_Again__Why_Are_Indian_Markets_Under_Pressure____The_Palki_Sh.mp4,441,2042.933,2068.067,25.134,Anchor Studio,94.0,"Anchor Studio: stable=0.96, symmetry=0.98, centered=True, faces=2, face_area=0.0269"
LIVE___Sensex_Falls_Again__Why_Are_Indian_Markets_Under_Pressure____The_Palki_Sh.mp4,442,2068.133,2069.733,1.6,Anchor Studio,82.0,"Anchor Studio: stable=0.92, symmetry=0.87, centered=False, faces=1, face_area=0.0278"
LIVE___Sensex_Falls_Again__Why_Are_Indian_Markets_Under_Pressure____The_Palki_Sh.mp4,443,2069.8,2070.933,1.133,Anchor Studio,82.0,"Anchor Studio: stable=0.82, symmetry=0.92, centered=False, faces=1, face_area=0.0276"
LIVE___Sensex_Falls_Again__Why_Are_Indian_Markets_Under_Pressure____The_Palki_Sh.mp4,444,2071.0,2074.533,3.533,Anchor Studio,82.0,"Anchor Studio: stable=0.84, symmetry=0.98, centered=False, faces=1, face_area=0.0271"
LIVE___Sensex_Falls_Again__Why_Are_Indian_Markets_Under_Pressure____The_Palki_Sh.mp4,445,2074.6,2077.6,3.0,Anchor Studio,72.0,"Anchor Studio: stable=0.64, symmetry=0.95, centered=False, faces=1, face_area=0.0262"
LIVE___Sensex_Falls_Again__Why_Are_Indian_Markets_Under_Pressure____The_Palki_Sh.mp4,446,2077.667,2081.867,4.2,Anchor Studio,72.0,"Anchor Studio: stable=0.73, symmetry=0.81, centered=False, faces=1, face_area=0.0269"
LIVE___Sensex_Falls_Again__Why_Are_Indian_Markets_Under_Pressure____The_Palki_Sh.mp4,447,2081.933,2086.2,4.267,Anchor Studio,82.0,"Anchor Studio: stable=0.75, symmetry=0.96, centered=False, faces=1, face_area=0.0264"
LIVE___Sensex_Falls_Again__Why_Are_Indian_Markets_Under_Pressure____The_Palki_Sh.mp4,448,2086.267,2089.667,3.4,Anchor Studio,82.0,"Anchor Studio: stable=0.81, symmetry=0.94, centered=False, faces=1, face_area=0.0277"
LIVE___Sensex_Falls_Again__Why_Are_Indian_Markets_Under_Pressure____The_Palki_Sh.mp4,449,2089.733,2103.667,13.934,Anchor Studio,94.0,"Anchor Studio: stable=0.94, symmetry=0.96, centered=True, faces=1, face_area=0.0270"
LIVE___Sensex_Falls_Again__Why_Are_Indian_Markets_Under_Pressure____The_Palki_Sh.mp4,450,2103.733,2104.4,0.667,Anchor Studio,82.0,"Anchor Studio: stable=0.78, symmetry=0.99, centered=False, faces=1, face_area=0.0268"
LIVE___Sensex_Falls_Again__Why_Are_Indian_Markets_Under_Pressure____The_Palki_Sh.mp4,451,2104.467,2105.8,1.333,Anchor Studio,94.0,"Anchor Studio: stable=0.80, symmetry=0.95, centered=True, faces=2, face_area=0.0369"
LIVE___Sensex_Falls_Again__Why_Are_Indian_Markets_Under_Pressure____The_Palki_Sh.mp4,452,2105.867,2108.467,2.6,Anchor Studio,82.0,"Anchor Studio: stable=0.85, symmetry=0.96, centered=False, faces=1, face_area=0.0269"
LIVE___Sensex_Falls_Again__Why_Are_Indian_Markets_Under_Pressure____The_Palki_Sh.mp4,453,2108.533,2111.467,2.934,Title Card,74.0,"Title Card: headline=0.1726, textcov=0.3839, stability=0.93"
LIVE___Sensex_Falls_Again__Why_Are_Indian_Markets_Under_Pressure____The_Palki_Sh.mp4,454,2111.533,2113.933,2.4,Title Card,74.0,"Title Card: headline=0.2889, textcov=0.4639, stability=0.88"
LIVE___Sensex_Falls_Again__Why_Are_Indian_Markets_Under_Pressure____The_Palki_Sh.mp4,455,2114.0,2118.333,4.333,Anchor Studio,84.0,"Anchor Studio: stable=0.74, symmetry=0.89, centered=True, faces=2, face_area=0.0277"
LIVE___Sensex_Falls_Again__Why_Are_Indian_Markets_Under_Pressure____The_Palki_Sh.mp4,456,2118.4,2120.933,2.533,Title Card,74.0,"Title Card: headline=0.1807, textcov=0.4007, stability=0.91"
LIVE___Sensex_Falls_Again__Why_Are_Indian_Markets_Under_Pressure____The_Palki_Sh.mp4,457,2121.0,2125.667,4.667,Anchor Studio,82.0,"Anchor Studio: stable=0.86, symmetry=0.98, centered=False, faces=2, face_area=0.0286"
LIVE___Sensex_Falls_Again__Why_Are_Indian_Markets_Under_Pressure____The_Palki_Sh.mp4,458,2125.733,2128.067,2.334,Anchor Studio,82.0,"Anchor Studio: stable=0.93, symmetry=0.88, centered=False, faces=1, face_area=0.0276"
LIVE___Sensex_Falls_Again__Why_Are_Indian_Markets_Under_Pressure____The_Palki_Sh.mp4,459,2128.133,2129.8,1.667,Anchor Studio,82.0,"Anchor Studio: stable=0.88, symmetry=0.95, centered=False, faces=1, face_area=0.0277"
LIVE___Sensex_Falls_Again__Why_Are_Indian_Markets_Under_Pressure____The_Palki_Sh.mp4,460,2129.867,2133.2,3.333,Anchor Studio,82.0,"Anchor Studio: stable=0.86, symmetry=0.88, centered=False, faces=1, face_area=0.0269"
LIVE___Sensex_Falls_Again__Why_Are_Indian_Markets_Under_Pressure____The_Palki_Sh.mp4,461,2133.267,2135.467,2.2,Anchor Studio,82.0,"Anchor Studio: stable=0.88, symmetry=0.87, centered=False, faces=1, face_area=0.0274"
LIVE___Sensex_Falls_Again__Why_Are_Indian_Markets_Under_Pressure____The_Palki_Sh.mp4,462,2135.533,2139.267,3.734,Anchor Studio,82.0,"Anchor Studio: stable=0.88, symmetry=0.98, centered=False, faces=1, face_area=0.0268"
LIVE___Sensex_Falls_Again__Why_Are_Indian_Markets_Under_Pressure____The_Palki_Sh.mp4,463,2139.333,2142.067,2.734,Anchor Studio,82.0,"Anchor Studio: stable=0.88, symmetry=0.90, centered=False, faces=1, face_area=0.0267"
LIVE___Sensex_Falls_Again__Why_Are_Indian_Markets_Under_Pressure____The_Palki_Sh.mp4,464,2142.133,2145.133,3.0,Title Card,74.0,"Title Card: headline=0.1781, textcov=0.5701, stability=0.93"
LIVE___Sensex_Falls_Again__Why_Are_Indian_Markets_Under_Pressure____The_Palki_Sh.mp4,465,2145.2,2146.133,0.933,Anchor Studio,72.0,"Anchor Studio: stable=0.69, symmetry=0.77, centered=True, faces=2, face_area=0.0281"
LIVE___Sensex_Falls_Again__Why_Are_Indian_Markets_Under_Pressure____The_Palki_Sh.mp4,466,2146.2,2190.867,44.667,Anchor Studio,84.0,"Anchor Studio: stable=0.89, symmetry=0.91, centered=True, faces=1, face_area=0.0062"
LIVE___Sensex_Falls_Again__Why_Are_Indian_Markets_Under_Pressure____The_Palki_Sh.mp4,467,2190.933,2192.667,1.734,B-Roll,70.0,"B-Roll: motion=0.0266, edge=0.1447, face_area=0.0000, symmetry=0.92"
LIVE___Sensex_Falls_Again__Why_Are_Indian_Markets_Under_Pressure____The_Palki_Sh.mp4,468,2192.733,2195.867,3.134,B-Roll,70.0,"B-Roll: motion=0.0276, edge=0.1212, face_area=0.0000, symmetry=0.77"
LIVE___Sensex_Falls_Again__Why_Are_Indian_Markets_Under_Pressure____The_Palki_Sh.mp4,469,2195.933,2197.267,1.334,B-Roll,70.0,"B-Roll: motion=0.0334, edge=0.0519, face_area=0.0000, symmetry=0.73"
LIVE___Sensex_Falls_Again__Why_Are_Indian_Markets_Under_Pressure____The_Palki_Sh.mp4,470,2197.333,2202.867,5.534,B-Roll,70.0,"B-Roll: motion=0.0457, edge=0.0930, face_area=0.0000, symmetry=0.87"
LIVE___Sensex_Falls_Again__Why_Are_Indian_Markets_Under_Pressure____The_Palki_Sh.mp4,471,2202.933,2206.533,3.6,Anchor Studio,84.0,"Anchor Studio: stable=0.80, symmetry=0.93, centered=True, faces=1, face_area=0.0047"
LIVE___Sensex_Falls_Again__Why_Are_Indian_Markets_Under_Pressure____The_Palki_Sh.mp4,472,2206.6,2210.867,4.267,B-Roll,70.0,"B-Roll: motion=0.0284, edge=0.1404, face_area=0.0000, symmetry=0.98"
LIVE___Sensex_Falls_Again__Why_Are_Indian_Markets_Under_Pressure____The_Palki_Sh.mp4,473,2210.933,2213.6,2.667,Anchor Studio,72.0,"Anchor Studio: stable=0.70, symmetry=0.95, centered=False, faces=1, face_area=0.0199"
LIVE___Sensex_Falls_Again__Why_Are_Indian_Markets_Under_Pressure____The_Palki_Sh.mp4,474,2213.667,2218.267,4.6,B-Roll,70.0,"B-Roll: motion=0.0807, edge=0.1538, face_area=0.0000, symmetry=0.89"
LIVE___Sensex_Falls_Again__Why_Are_Indian_Markets_Under_Pressure____The_Palki_Sh.mp4,475,2218.333,2218.933,0.6,Anchor Studio,84.0,"Anchor Studio: stable=0.47, symmetry=0.91, centered=True, faces=1, face_area=0.0286"
LIVE___Sensex_Falls_Again__Why_Are_Indian_Markets_Under_Pressure____The_Palki_Sh.mp4,476,2219.0,2220.733,1.733,Title Card,68.0,"Title Card: headline=0.2561, textcov=0.4083, stability=0.79"
LIVE___Sensex_Falls_Again__Why_Are_Indian_Markets_Under_Pressure____The_Palki_Sh.mp4,477,2220.8,2223.467,2.667,Title Card,78.0,"Title Card: headline=0.3528, textcov=0.4681, stability=0.81"
LIVE___Sensex_Falls_Again__Why_Are_Indian_Markets_Under_Pressure____The_Palki_Sh.mp4,478,2223.533,2224.333,0.8,Anchor Studio,94.0,"Anchor Studio: stable=0.79, symmetry=0.85, centered=True, faces=1, face_area=0.0156"
LIVE___Sensex_Falls_Again__Why_Are_Indian_Markets_Under_Pressure____The_Palki_Sh.mp4,479,2224.4,2229.867,5.467,Anchor Studio,84.0,"Anchor Studio: stable=0.81, symmetry=0.89, centered=True, faces=1, face_area=0.0042"
LIVE___Sensex_Falls_Again__Why_Are_Indian_Markets_Under_Pressure____The_Palki_Sh.mp4,480,2229.933,2230.533,0.6,Title Card,68.0,"Title Card: headline=0.4331, textcov=0.5705, stability=0.79"
LIVE___Sensex_Falls_Again__Why_Are_Indian_Markets_Under_Pressure____The_Palki_Sh.mp4,481,2230.6,2234.467,3.867,Title Card,78.0,"Title Card: headline=0.4746, textcov=0.5882, stability=0.81"
LIVE___Sensex_Falls_Again__Why_Are_Indian_Markets_Under_Pressure____The_Palki_Sh.mp4,482,2234.533,2239.467,4.934,B-Roll,70.0,"B-Roll: motion=0.0316, edge=0.0839, face_area=0.0000, symmetry=0.88"
LIVE___Sensex_Falls_Again__Why_Are_Indian_Markets_Under_Pressure____The_Palki_Sh.mp4,483,2239.533,2240.533,1.0,Title Card,78.0,"Title Card: headline=0.6967, textcov=0.7100, stability=0.82"
LIVE___Sensex_Falls_Again__Why_Are_Indian_Markets_Under_Pressure____The_Palki_Sh.mp4,484,2240.6,2245.133,4.533,Anchor Studio,82.0,"Anchor Studio: stable=0.87, symmetry=0.77, centered=True, faces=1, face_area=0.0166"
LIVE___Sensex_Falls_Again__Why_Are_Indian_Markets_Under_Pressure____The_Palki_Sh.mp4,485,2245.2,2249.067,3.867,Title Card,78.0,"Title Card: headline=0.9809, textcov=1.0757, stability=0.89"
LIVE___Sensex_Falls_Again__Why_Are_Indian_Markets_Under_Pressure____The_Palki_Sh.mp4,486,2249.133,2260.733,11.6,Title Card,78.0,"Title Card: headline=0.1262, textcov=0.3480, stability=0.81"
LIVE___Sensex_Falls_Again__Why_Are_Indian_Markets_Under_Pressure____The_Palki_Sh.mp4,487,2260.8,2262.8,2.0,B-Roll,70.0,"B-Roll: motion=0.0289, edge=0.1086, face_area=0.0000, symmetry=0.95"
LIVE___Sensex_Falls_Again__Why_Are_Indian_Markets_Under_Pressure____The_Palki_Sh.mp4,488,2262.867,2265.067,2.2,Title Card,78.0,"Title Card: headline=0.1672, textcov=0.7217, stability=0.90"
LIVE___Sensex_Falls_Again__Why_Are_Indian_Markets_Under_Pressure____The_Palki_Sh.mp4,489,2265.133,2267.867,2.734,Title Card,68.0,"Title Card: headline=0.7312, textcov=0.9564, stability=0.80"
LIVE___Sensex_Falls_Again__Why_Are_Indian_Markets_Under_Pressure____The_Palki_Sh.mp4,490,2267.933,2270.2,2.267,Title Card,74.0,"Title Card: headline=0.4252, textcov=0.6307, stability=0.82"
LIVE___Sensex_Falls_Again__Why_Are_Indian_Markets_Under_Pressure____The_Palki_Sh.mp4,491,2270.267,2273.267,3.0,Anchor Studio,62.0,"Anchor Studio: stable=0.87, symmetry=0.96, centered=False, faces=0, face_area=0.0000"
LIVE___Sensex_Falls_Again__Why_Are_Indian_Markets_Under_Pressure____The_Palki_Sh.mp4,492,2273.333,2278.867,5.534,B-Roll,70.0,"B-Roll: motion=0.0541, edge=0.1079, face_area=0.0012, symmetry=0.94"
LIVE___Sensex_Falls_Again__Why_Are_Indian_Markets_Under_Pressure____The_Palki_Sh.mp4,493,2278.933,2281.733,2.8,Title Card,78.0,"Title Card: headline=0.3205, textcov=0.6284, stability=0.85"
LIVE___Sensex_Falls_Again__Why_Are_Indian_Markets_Under_Pressure____The_Palki_Sh.mp4,494,2281.8,2290.467,8.667,B-Roll,70.0,"B-Roll: motion=0.0410, edge=0.0815, face_area=0.0014, symmetry=0.90"
LIVE___Sensex_Falls_Again__Why_Are_Indian_Markets_Under_Pressure____The_Palki_Sh.mp4,495,2290.533,2291.133,0.6,B-Roll,70.0,"B-Roll: motion=0.0262, edge=0.1372, face_area=0.0000, symmetry=0.84"
LIVE___Sensex_Falls_Again__Why_Are_Indian_Markets_Under_Pressure____The_Palki_Sh.mp4,496,2291.2,2294.467,3.267,Title Card,78.0,"Title Card: headline=0.7889, textcov=1.0248, stability=0.91"
LIVE___Sensex_Falls_Again__Why_Are_Indian_Markets_Under_Pressure____The_Palki_Sh.mp4,497,2294.533,2296.733,2.2,Title Card,78.0,"Title Card: headline=0.3271, textcov=0.6360, stability=0.90"
LIVE___Sensex_Falls_Again__Why_Are_Indian_Markets_Under_Pressure____The_Palki_Sh.mp4,498,2296.8,2297.467,0.667,B-Roll,70.0,"B-Roll: motion=0.0459, edge=0.0688, face_area=0.0000, symmetry=0.80"
LIVE___Sensex_Falls_Again__Why_Are_Indian_Markets_Under_Pressure____The_Palki_Sh.mp4,499,2297.533,2299.067,1.534,Anchor Studio,74.0,"Anchor Studio: stable=0.75, symmetry=0.82, centered=True, faces=1, face_area=0.0065"
LIVE___Sensex_Falls_Again__Why_Are_Indian_Markets_Under_Pressure____The_Palki_Sh.mp4,500,2299.133,2299.667,0.534,B-Roll,70.0,"B-Roll: motion=0.0482, edge=0.0434, face_area=0.0000, symmetry=0.81"
LIVE___Sensex_Falls_Again__Why_Are_Indian_Markets_Under_Pressure____The_Palki_Sh.mp4,501,2299.733,2300.867,1.134,Title Card,78.0,"Title Card: headline=0.3772, textcov=0.4758, stability=0.84"
LIVE___Sensex_Falls_Again__Why_Are_Indian_Markets_Under_Pressure____The_Palki_Sh.mp4,502,2300.933,2304.333,3.4,Title Card,68.0,"Title Card: headline=0.0333, textcov=0.2469, stability=0.78"
LIVE___Sensex_Falls_Again__Why_Are_Indian_Markets_Under_Pressure____The_Palki_Sh.mp4,503,2304.4,2306.2,1.8,B-Roll,62.0,"B-Roll: motion=0.0249, edge=0.0842, face_area=0.0000, symmetry=0.69"
LIVE___Sensex_Falls_Again__Why_Are_Indian_Markets_Under_Pressure____The_Palki_Sh.mp4,504,2306.267,2308.0,1.733,B-Roll,70.0,"B-Roll: motion=0.0376, edge=0.0769, face_area=0.0000, symmetry=0.85"
LIVE___Sensex_Falls_Again__Why_Are_Indian_Markets_Under_Pressure____The_Palki_Sh.mp4,505,2308.067,2308.6,0.533,Title Card,78.0,"Title Card: headline=0.1229, textcov=0.4609, stability=0.89"
LIVE___Sensex_Falls_Again__Why_Are_Indian_Markets_Under_Pressure____The_Palki_Sh.mp4,506,2308.667,2311.333,2.666,Anchor Studio,62.0,"Anchor Studio: stable=0.84, symmetry=0.89, centered=False, faces=0, face_area=0.0000"
LIVE___Sensex_Falls_Again__Why_Are_Indian_Markets_Under_Pressure____The_Palki_Sh.mp4,507,2311.4,2312.867,1.467,B-Roll,70.0,"B-Roll: motion=0.0266, edge=0.0895, face_area=0.0009, symmetry=0.95"
LIVE___Sensex_Falls_Again__Why_Are_Indian_Markets_Under_Pressure____The_Palki_Sh.mp4,508,2312.933,2316.4,3.467,B-Roll,62.0,"B-Roll: motion=0.0128, edge=0.0399, face_area=0.0000, symmetry=0.67"
LIVE___Sensex_Falls_Again__Why_Are_Indian_Markets_Under_Pressure____The_Palki_Sh.mp4,509,2316.467,2318.467,2.0,Title Card,78.0,"Title Card: headline=0.9626, textcov=1.0984, stability=0.87"
LIVE___Sensex_Falls_Again__Why_Are_Indian_Markets_Under_Pressure____The_Palki_Sh.mp4,510,2318.533,2320.467,1.934,B-Roll,70.0,"B-Roll: motion=0.0307, edge=0.2044, face_area=0.0000, symmetry=0.89"
LIVE___Sensex_Falls_Again__Why_Are_Indian_Markets_Under_Pressure____The_Palki_Sh.mp4,511,2320.533,2322.067,1.534,B-Roll,70.0,"B-Roll: motion=0.0393, edge=0.0927, face_area=0.0000, symmetry=0.92"
LIVE___Sensex_Falls_Again__Why_Are_Indian_Markets_Under_Pressure____The_Palki_Sh.mp4,512,2322.133,2326.067,3.934,Anchor Studio,94.0,"Anchor Studio: stable=0.88, symmetry=0.81, centered=True, faces=1, face_area=0.0306"
LIVE___Sensex_Falls_Again__Why_Are_Indian_Markets_Under_Pressure____The_Palki_Sh.mp4,513,2326.133,2329.267,3.134,B-Roll,70.0,"B-Roll: motion=0.0420, edge=0.0862, face_area=0.0000, symmetry=0.79"
LIVE___Sensex_Falls_Again__Why_Are_Indian_Markets_Under_Pressure____The_Palki_Sh.mp4,514,2329.333,2332.0,2.667,Title Card,74.0,"Title Card: headline=0.4824, textcov=0.8091, stability=0.90"
LIVE___Sensex_Falls_Again__Why_Are_Indian_Markets_Under_Pressure____The_Palki_Sh.mp4,515,2332.067,2350.467,18.4,Title Card,78.0,"Title Card: headline=0.4651, textcov=0.5257, stability=0.82"
LIVE___Sensex_Falls_Again__Why_Are_Indian_Markets_Under_Pressure____The_Palki_Sh.mp4,516,2350.533,2351.067,0.534,B-Roll,70.0,"B-Roll: motion=0.0735, edge=0.0590, face_area=0.0000, symmetry=0.88"
LIVE___Sensex_Falls_Again__Why_Are_Indian_Markets_Under_Pressure____The_Palki_Sh.mp4,517,2351.133,2352.667,1.534,B-Roll,70.0,"B-Roll: motion=0.0503, edge=0.0600, face_area=0.0000, symmetry=0.89"
LIVE___Sensex_Falls_Again__Why_Are_Indian_Markets_Under_Pressure____The_Palki_Sh.mp4,518,2352.733,2353.267,0.534,Anchor Studio,62.0,"Anchor Studio: stable=0.79, symmetry=0.90, centered=False, faces=0, face_area=0.0000"
LIVE___Sensex_Falls_Again__Why_Are_Indian_Markets_Under_Pressure____The_Palki_Sh.mp4,519,2353.333,2354.267,0.934,B-Roll,70.0,"B-Roll: motion=0.1027, edge=0.0367, face_area=0.0000, symmetry=0.84"
LIVE___Sensex_Falls_Again__Why_Are_Indian_Markets_Under_Pressure____The_Palki_Sh.mp4,520,2354.333,2356.933,2.6,B-Roll,70.0,"B-Roll: motion=0.0273, edge=0.0500, face_area=0.0000, symmetry=0.92"
LIVE___Sensex_Falls_Again__Why_Are_Indian_Markets_Under_Pressure____The_Palki_Sh.mp4,521,2357.0,2358.667,1.667,B-Roll,70.0,"B-Roll: motion=0.0631, edge=0.0720, face_area=0.0000, symmetry=0.61"
LIVE___Sensex_Falls_Again__Why_Are_Indian_Markets_Under_Pressure____The_Palki_Sh.mp4,522,2358.733,2360.333,1.6,B-Roll,70.0,"B-Roll: motion=0.0959, edge=0.0945, face_area=0.0000, symmetry=0.77"
LIVE___Sensex_Falls_Again__Why_Are_Indian_Markets_Under_Pressure____The_Palki_Sh.mp4,523,2360.4,2362.4,2.0,B-Roll,70.0,"B-Roll: motion=0.0574, edge=0.1944, face_area=0.0000, symmetry=0.96"
LIVE___Sensex_Falls_Again__Why_Are_Indian_Markets_Under_Pressure____The_Palki_Sh.mp4,524,2362.467,2368.133,5.666,Anchor Studio,84.0,"Anchor Studio: stable=0.82, symmetry=0.94, centered=True, faces=1, face_area=0.0053"
LIVE___Sensex_Falls_Again__Why_Are_Indian_Markets_Under_Pressure____The_Palki_Sh.mp4,525,2368.2,2370.333,2.133,B-Roll,70.0,"B-Roll: motion=0.0301, edge=0.0533, face_area=0.0000, symmetry=0.73"
LIVE___Sensex_Falls_Again__Why_Are_Indian_Markets_Under_Pressure____The_Palki_Sh.mp4,526,2370.4,2373.133,2.733,B-Roll,62.0,"B-Roll: motion=0.0146, edge=0.0431, face_area=0.0000, symmetry=0.56"
LIVE___Sensex_Falls_Again__Why_Are_Indian_Markets_Under_Pressure____The_Palki_Sh.mp4,527,2373.2,2377.133,3.933,B-Roll,70.0,"B-Roll: motion=0.0261, edge=0.0440, face_area=0.0000, symmetry=0.92"
LIVE___Sensex_Falls_Again__Why_Are_Indian_Markets_Under_Pressure____The_Palki_Sh.mp4,528,2377.2,2380.733,3.533,Title Card,68.0,"Title Card: headline=0.2213, textcov=0.2927, stability=0.76"
LIVE___Sensex_Falls_Again__Why_Are_Indian_Markets_Under_Pressure____The_Palki_Sh.mp4,529,2380.8,2391.133,10.333,Title Card,78.0,"Title Card: headline=0.3593, textcov=0.4993, stability=0.86"
LIVE___Sensex_Falls_Again__Why_Are_Indian_Markets_Under_Pressure____The_Palki_Sh.mp4,530,2391.2,2398.533,7.333,Anchor Studio,94.0,"Anchor Studio: stable=0.93, symmetry=0.88, centered=True, faces=2, face_area=0.0270"
LIVE___Sensex_Falls_Again__Why_Are_Indian_Markets_Under_Pressure____The_Palki_Sh.mp4,531,2398.6,2408.2,9.6,Anchor Studio,94.0,"Anchor Studio: stable=0.81, symmetry=0.94, centered=True, faces=2, face_area=0.0273"
LIVE___Sensex_Falls_Again__Why_Are_Indian_Markets_Under_Pressure____The_Palki_Sh.mp4,532,2408.267,2419.333,11.066,Anchor Studio,94.0,"Anchor Studio: stable=0.85, symmetry=0.93, centered=True, faces=2, face_area=0.0327"
LIVE___Sensex_Falls_Again__Why_Are_Indian_Markets_Under_Pressure____The_Palki_Sh.mp4,533,2419.4,2421.733,2.333,Title Card,78.0,"Title Card: headline=0.1510, textcov=0.3826, stability=0.85"
LIVE___Sensex_Falls_Again__Why_Are_Indian_Markets_Under_Pressure____The_Palki_Sh.mp4,534,2421.8,2424.533,2.733,Title Card,78.0,"Title Card: headline=0.1525, textcov=0.3519, stability=0.84"
LIVE___Sensex_Falls_Again__Why_Are_Indian_Markets_Under_Pressure____The_Palki_Sh.mp4,535,2424.6,2426.733,2.133,B-Roll,70.0,"B-Roll: motion=0.0316, edge=0.1402, face_area=0.0000, symmetry=0.85"
LIVE___Sensex_Falls_Again__Why_Are_Indian_Markets_Under_Pressure____The_Palki_Sh.mp4,536,2426.8,2432.467,5.667,Title Card,78.0,"Title Card: headline=0.4206, textcov=0.5378, stability=0.89"
LIVE___Sensex_Falls_Again__Why_Are_Indian_Markets_Under_Pressure____The_Palki_Sh.mp4,537,2432.533,2441.867,9.334,Anchor Studio,94.0,"Anchor Studio: stable=0.88, symmetry=0.88, centered=True, faces=1, face_area=0.0241"
LIVE___Sensex_Falls_Again__Why_Are_Indian_Markets_Under_Pressure____The_Palki_Sh.mp4,538,2441.933,2448.867,6.934,Anchor Studio,82.0,"Anchor Studio: stable=0.92, symmetry=0.85, centered=False, faces=1, face_area=0.0274"
LIVE___Sensex_Falls_Again__Why_Are_Indian_Markets_Under_Pressure____The_Palki_Sh.mp4,539,2448.933,2479.267,30.334,Anchor Studio,94.0,"Anchor Studio: stable=0.83, symmetry=0.96, centered=True, faces=2, face_area=0.0287"
LIVE___Sensex_Falls_Again__Why_Are_Indian_Markets_Under_Pressure____The_Palki_Sh.mp4,540,2479.333,2484.067,4.734,Anchor Studio,94.0,"Anchor Studio: stable=0.92, symmetry=0.95, centered=True, faces=1, face_area=0.0666"
LIVE___Sensex_Falls_Again__Why_Are_Indian_Markets_Under_Pressure____The_Palki_Sh.mp4,541,2484.133,2486.533,2.4,Anchor Studio,94.0,"Anchor Studio: stable=0.92, symmetry=0.93, centered=True, faces=1, face_area=0.0750"
LIVE___Sensex_Falls_Again__Why_Are_Indian_Markets_Under_Pressure____The_Palki_Sh.mp4,542,2486.6,2487.133,0.533,Anchor Studio,94.0,"Anchor Studio: stable=0.94, symmetry=0.95, centered=True, faces=1, face_area=0.0765"
LIVE___Sensex_Falls_Again__Why_Are_Indian_Markets_Under_Pressure____The_Palki_Sh.mp4,543,2487.2,2489.067,1.867,Title Card,68.0,"Title Card: headline=0.3436, textcov=0.5083, stability=0.76"
LIVE___Sensex_Falls_Again__Why_Are_Indian_Markets_Under_Pressure____The_Palki_Sh.mp4,544,2489.133,2493.533,4.4,B-Roll,70.0,"B-Roll: motion=0.0498, edge=0.1724, face_area=0.0000, symmetry=0.94"
LIVE___Sensex_Falls_Again__Why_Are_Indian_Markets_Under_Pressure____The_Palki_Sh.mp4,545,2493.6,2496.067,2.467,Anchor Studio,72.0,"Anchor Studio: stable=0.72, symmetry=0.96, centered=False, faces=1, face_area=0.0274"
LIVE___Sensex_Falls_Again__Why_Are_Indian_Markets_Under_Pressure____The_Palki_Sh.mp4,546,2496.133,2503.467,7.334,Anchor Studio,82.0,"Anchor Studio: stable=0.76, symmetry=0.94, centered=False, faces=1, face_area=0.0265"
LIVE___Sensex_Falls_Again__Why_Are_Indian_Markets_Under_Pressure____The_Palki_Sh.mp4,547,2503.533,2506.733,3.2,Anchor Studio,82.0,"Anchor Studio: stable=0.87, symmetry=0.97, centered=False, faces=2, face_area=0.0299"
LIVE___Sensex_Falls_Again__Why_Are_Indian_Markets_Under_Pressure____The_Palki_Sh.mp4,548,2506.8,2517.933,11.133,Anchor Studio,94.0,"Anchor Studio: stable=0.94, symmetry=0.89, centered=True, faces=1, face_area=0.0262"
LIVE___Sensex_Falls_Again__Why_Are_Indian_Markets_Under_Pressure____The_Palki_Sh.mp4,549,2518.0,2569.467,51.467,Anchor Studio,82.0,"Anchor Studio: stable=0.97, symmetry=0.80, centered=True, faces=2, face_area=0.0268"
LIVE___Sensex_Falls_Again__Why_Are_Indian_Markets_Under_Pressure____The_Palki_Sh.mp4,550,2569.533,2571.467,1.934,Anchor Studio,82.0,"Anchor Studio: stable=0.79, symmetry=0.96, centered=False, faces=1, face_area=0.0267"
LIVE___Sensex_Falls_Again__Why_Are_Indian_Markets_Under_Pressure____The_Palki_Sh.mp4,551,2571.533,2573.867,2.334,Title Card,74.0,"Title Card: headline=0.7444, textcov=0.7832, stability=0.84"
LIVE___Sensex_Falls_Again__Why_Are_Indian_Markets_Under_Pressure____The_Palki_Sh.mp4,552,2573.933,2578.667,4.734,Anchor Studio,82.0,"Anchor Studio: stable=0.84, symmetry=0.82, centered=False, faces=1, face_area=0.0267"
LIVE___Sensex_Falls_Again__Why_Are_Indian_Markets_Under_Pressure____The_Palki_Sh.mp4,553,2578.733,2581.267,2.534,Anchor Studio,72.0,"Anchor Studio: stable=0.54, symmetry=0.83, centered=False, faces=1, face_area=0.0269"
LIVE___Sensex_Falls_Again__Why_Are_Indian_Markets_Under_Pressure____The_Palki_Sh.mp4,554,2581.333,2587.333,6.0,Anchor Studio,84.0,"Anchor Studio: stable=0.67, symmetry=0.87, centered=True, faces=2, face_area=0.0277"
LIVE___Sensex_Falls_Again__Why_Are_Indian_Markets_Under_Pressure____The_Palki_Sh.mp4,555,2587.4,2589.533,2.133,Anchor Studio,72.0,"Anchor Studio: stable=0.70, symmetry=0.85, centered=False, faces=1, face_area=0.0269"
LIVE___Sensex_Falls_Again__Why_Are_Indian_Markets_Under_Pressure____The_Palki_Sh.mp4,556,2589.6,2590.6,1.0,Anchor Studio,72.0,"Anchor Studio: stable=0.52, symmetry=0.94, centered=False, faces=1, face_area=0.0276"
LIVE___Sensex_Falls_Again__Why_Are_Indian_Markets_Under_Pressure____The_Palki_Sh.mp4,557,2590.667,2592.333,1.666,Title Card,74.0,"Title Card: headline=0.5955, textcov=0.6381, stability=0.85"
LIVE___Sensex_Falls_Again__Why_Are_Indian_Markets_Under_Pressure____The_Palki_Sh.mp4,558,2592.4,2593.933,1.533,Anchor Studio,72.0,"Anchor Studio: stable=0.61, symmetry=0.94, centered=False, faces=1, face_area=0.0265"
LIVE___Sensex_Falls_Again__Why_Are_Indian_Markets_Under_Pressure____The_Palki_Sh.mp4,559,2594.0,2598.533,4.533,Anchor Studio,94.0,"Anchor Studio: stable=0.91, symmetry=0.94, centered=True, faces=2, face_area=0.0522"
LIVE___Sensex_Falls_Again__Why_Are_Indian_Markets_Under_Pressure____The_Palki_Sh.mp4,560,2598.6,2601.0,2.4,Anchor Studio,82.0,"Anchor Studio: stable=0.90, symmetry=0.91, centered=False, faces=1, face_area=0.0270"
LIVE___Sensex_Falls_Again__Why_Are_Indian_Markets_Under_Pressure____The_Palki_Sh.mp4,561,2601.067,2605.267,4.2,Anchor Studio,82.0,"Anchor Studio: stable=0.93, symmetry=0.97, centered=False, faces=1, face_area=0.0267"
LIVE___Sensex_Falls_Again__Why_Are_Indian_Markets_Under_Pressure____The_Palki_Sh.mp4,562,2605.333,2606.733,1.4,Anchor Studio,72.0,"Anchor Studio: stable=0.69, symmetry=0.84, centered=False, faces=1, face_area=0.0267"
LIVE___Sensex_Falls_Again__Why_Are_Indian_Markets_Under_Pressure____The_Palki_Sh.mp4,563,2606.8,2607.6,0.8,Anchor Studio,82.0,"Anchor Studio: stable=0.94, symmetry=0.92, centered=False, faces=1, face_area=0.0272"
LIVE___Sensex_Falls_Again__Why_Are_Indian_Markets_Under_Pressure____The_Palki_Sh.mp4,564,2607.667,2608.667,1.0,Anchor Studio,72.0,"Anchor Studio: stable=0.45, symmetry=0.82, centered=False, faces=1, face_area=0.0264"
LIVE___Sensex_Falls_Again__Why_Are_Indian_Markets_Under_Pressure____The_Palki_Sh.mp4,565,2608.733,2615.133,6.4,Anchor Studio,82.0,"Anchor Studio: stable=0.77, symmetry=0.89, centered=False, faces=1, face_area=0.0265"
LIVE___Sensex_Falls_Again__Why_Are_Indian_Markets_Under_Pressure____The_Palki_Sh.mp4,566,2615.2,2617.6,2.4,Title Card,74.0,"Title Card: headline=0.8455, textcov=1.0027, stability=0.92"
LIVE___Sensex_Falls_Again__Why_Are_Indian_Markets_Under_Pressure____The_Palki_Sh.mp4,567,2617.667,2620.267,2.6,Anchor Studio,82.0,"Anchor Studio: stable=0.94, symmetry=0.86, centered=False, faces=1, face_area=0.0271"
LIVE___Sensex_Falls_Again__Why_Are_Indian_Markets_Under_Pressure____The_Palki_Sh.mp4,568,2620.333,2623.533,3.2,Anchor Studio,82.0,"Anchor Studio: stable=0.92, symmetry=0.97, centered=False, faces=1, face_area=0.0266"
LIVE___Sensex_Falls_Again__Why_Are_Indian_Markets_Under_Pressure____The_Palki_Sh.mp4,569,2623.6,2639.067,15.467,Anchor Studio,82.0,"Anchor Studio: stable=0.76, symmetry=0.89, centered=False, faces=1, face_area=0.0269"
LIVE___Sensex_Falls_Again__Why_Are_Indian_Markets_Under_Pressure____The_Palki_Sh.mp4,570,2639.133,2642.133,3.0,Anchor Studio,82.0,"Anchor Studio: stable=0.94, symmetry=0.99, centered=False, faces=1, face_area=0.0261"
LIVE___Sensex_Falls_Again__Why_Are_Indian_Markets_Under_Pressure____The_Palki_Sh.mp4,571,2642.2,2652.067,9.867,Anchor Studio,82.0,"Anchor Studio: stable=0.97, symmetry=0.97, centered=False, faces=1, face_area=0.0262"
LIVE___Sensex_Falls_Again__Why_Are_Indian_Markets_Under_Pressure____The_Palki_Sh.mp4,572,2652.133,2656.667,4.534,Anchor Studio,72.0,"Anchor Studio: stable=0.71, symmetry=0.74, centered=True, faces=2, face_area=0.0271"
LIVE___Sensex_Falls_Again__Why_Are_Indian_Markets_Under_Pressure____The_Palki_Sh.mp4,573,2656.733,2662.067,5.334,Anchor Studio,82.0,"Anchor Studio: stable=0.84, symmetry=0.92, centered=False, faces=1, face_area=0.0268"
LIVE___Sensex_Falls_Again__Why_Are_Indian_Markets_Under_Pressure____The_Palki_Sh.mp4,574,2662.133,2673.067,10.934,Title Card,74.0,"Title Card: headline=0.8330, textcov=0.8493, stability=0.86"
LIVE___Sensex_Falls_Again__Why_Are_Indian_Markets_Under_Pressure____The_Palki_Sh.mp4,575,2673.133,2677.0,3.867,Anchor Studio,72.0,"Anchor Studio: stable=0.68, symmetry=0.87, centered=False, faces=1, face_area=0.0260"
LIVE___Sensex_Falls_Again__Why_Are_Indian_Markets_Under_Pressure____The_Palki_Sh.mp4,576,2677.067,2679.2,2.133,Anchor Studio,82.0,"Anchor Studio: stable=0.88, symmetry=0.99, centered=False, faces=1, face_area=0.0262"
LIVE___Sensex_Falls_Again__Why_Are_Indian_Markets_Under_Pressure____The_Palki_Sh.mp4,577,2679.267,2681.6,2.333,Anchor Studio,82.0,"Anchor Studio: stable=0.76, symmetry=0.95, centered=False, faces=1, face_area=0.0269"
LIVE___Sensex_Falls_Again__Why_Are_Indian_Markets_Under_Pressure____The_Palki_Sh.mp4,578,2681.667,2689.267,7.6,Field Report,68.0,"Field Report: motion=0.0315, faces=1, centered=False, symmetry=0.67"
LIVE___Sensex_Falls_Again__Why_Are_Indian_Markets_Under_Pressure____The_Palki_Sh.mp4,579,2689.333,2710.467,21.134,Anchor Studio,94.0,"Anchor Studio: stable=0.98, symmetry=0.93, centered=True, faces=1, face_area=0.0266"
LIVE___Sensex_Falls_Again__Why_Are_Indian_Markets_Under_Pressure____The_Palki_Sh.mp4,580,2710.533,2751.6,41.067,Anchor Studio,84.0,"Anchor Studio: stable=0.89, symmetry=0.90, centered=True, faces=1, face_area=0.0040"
LIVE___Sensex_Falls_Again__Why_Are_Indian_Markets_Under_Pressure____The_Palki_Sh.mp4,581,2751.667,2760.267,8.6,Anchor Studio,62.0,"Anchor Studio: stable=0.89, symmetry=0.91, centered=False, faces=0, face_area=0.0000"
LIVE___Sensex_Falls_Again__Why_Are_Indian_Markets_Under_Pressure____The_Palki_Sh.mp4,582,2760.333,2763.333,3.0,Title Card,78.0,"Title Card: headline=0.0348, textcov=0.1816, stability=0.84"
LIVE___Sensex_Falls_Again__Why_Are_Indian_Markets_Under_Pressure____The_Palki_Sh.mp4,583,2763.4,2768.333,4.933,Title Card,68.0,"Title Card: headline=0.0901, textcov=0.2956, stability=0.80"
LIVE___Sensex_Falls_Again__Why_Are_Indian_Markets_Under_Pressure____The_Palki_Sh.mp4,584,2768.4,2770.667,2.267,B-Roll,70.0,"B-Roll: motion=0.0261, edge=0.0728, face_area=0.0000, symmetry=0.83"
LIVE___Sensex_Falls_Again__Why_Are_Indian_Markets_Under_Pressure____The_Palki_Sh.mp4,585,2770.733,2777.733,7.0,Anchor Studio,74.0,"Anchor Studio: stable=0.72, symmetry=0.95, centered=True, faces=1, face_area=0.0004"
LIVE___Sensex_Falls_Again__Why_Are_Indian_Markets_Under_Pressure____The_Palki_Sh.mp4,586,2777.8,2782.6,4.8,Anchor Studio,62.0,"Anchor Studio: stable=0.94, symmetry=0.90, centered=False, faces=0, face_area=0.0000"
LIVE___Sensex_Falls_Again__Why_Are_Indian_Markets_Under_Pressure____The_Palki_Sh.mp4,587,2782.667,2788.267,5.6,Title Card,78.0,"Title Card: headline=0.2733, textcov=0.3592, stability=0.89"
LIVE___Sensex_Falls_Again__Why_Are_Indian_Markets_Under_Pressure____The_Palki_Sh.mp4,588,2788.333,2792.667,4.334,B-Roll,62.0,"B-Roll: motion=0.0113, edge=0.0261, face_area=0.0000, symmetry=0.71"
LIVE___Sensex_Falls_Again__Why_Are_Indian_Markets_Under_Pressure____The_Palki_Sh.mp4,589,2792.733,2794.533,1.8,B-Roll,70.0,"B-Roll: motion=0.0477, edge=0.0365, face_area=0.0000, symmetry=0.88"
LIVE___Sensex_Falls_Again__Why_Are_Indian_Markets_Under_Pressure____The_Palki_Sh.mp4,590,2794.6,2797.8,3.2,B-Roll,62.0,"B-Roll: motion=0.0097, edge=0.0338, face_area=0.0000, symmetry=0.75"
LIVE___Sensex_Falls_Again__Why_Are_Indian_Markets_Under_Pressure____The_Palki_Sh.mp4,591,2797.867,2801.267,3.4,Title Card,78.0,"Title Card: headline=0.5673, textcov=0.7005, stability=0.88"
LIVE___Sensex_Falls_Again__Why_Are_Indian_Markets_Under_Pressure____The_Palki_Sh.mp4,592,2801.333,2802.8,1.467,Anchor Studio,62.0,"Anchor Studio: stable=0.83, symmetry=0.98, centered=False, faces=0, face_area=0.0000"
LIVE___Sensex_Falls_Again__Why_Are_Indian_Markets_Under_Pressure____The_Palki_Sh.mp4,593,2802.867,2803.867,1.0,Anchor Studio,62.0,"Anchor Studio: stable=0.83, symmetry=0.92, centered=False, faces=0, face_area=0.0000"
LIVE___Sensex_Falls_Again__Why_Are_Indian_Markets_Under_Pressure____The_Palki_Sh.mp4,594,2803.933,2805.0,1.067,Anchor Studio,62.0,"Anchor Studio: stable=0.97, symmetry=0.98, centered=False, faces=0, face_area=0.0000"
LIVE___Sensex_Falls_Again__Why_Are_Indian_Markets_Under_Pressure____The_Palki_Sh.mp4,595,2805.067,2808.267,3.2,B-Roll,70.0,"B-Roll: motion=0.0444, edge=0.0329, face_area=0.0000, symmetry=0.62"
LIVE___Sensex_Falls_Again__Why_Are_Indian_Markets_Under_Pressure____The_Palki_Sh.mp4,596,2808.333,2810.667,2.334,Title Card,68.0,"Title Card: headline=0.5574, textcov=0.6777, stability=0.76"
LIVE___Sensex_Falls_Again__Why_Are_Indian_Markets_Under_Pressure____The_Palki_Sh.mp4,597,2810.733,2816.8,6.067,B-Roll,70.0,"B-Roll: motion=0.0304, edge=0.1013, face_area=0.0000, symmetry=0.90"
LIVE___Sensex_Falls_Again__Why_Are_Indian_Markets_Under_Pressure____The_Palki_Sh.mp4,598,2816.867,2817.933,1.066,B-Roll,70.0,"B-Roll: motion=0.0298, edge=0.0616, face_area=0.0000, symmetry=0.85"
LIVE___Sensex_Falls_Again__Why_Are_Indian_Markets_Under_Pressure____The_Palki_Sh.mp4,599,2818.0,2822.133,4.133,Anchor Studio,62.0,"Anchor Studio: stable=0.89, symmetry=0.96, centered=False, faces=0, face_area=0.0000"
LIVE___Sensex_Falls_Again__Why_Are_Indian_Markets_Under_Pressure____The_Palki_Sh.mp4,600,2822.2,2832.267,10.067,Title Card,78.0,"Title Card: headline=0.5575, textcov=0.6872, stability=0.95"
LIVE___Sensex_Falls_Again__Why_Are_Indian_Markets_Under_Pressure____The_Palki_Sh.mp4,601,2832.333,2842.133,9.8,Anchor Studio,84.0,"Anchor Studio: stable=0.89, symmetry=0.95, centered=True, faces=1, face_area=0.0002"
LIVE___Sensex_Falls_Again__Why_Are_Indian_Markets_Under_Pressure____The_Palki_Sh.mp4,602,2842.2,2845.8,3.6,Anchor Studio,72.0,"Anchor Studio: stable=0.89, symmetry=0.30, centered=True, faces=1, face_area=0.0034"
LIVE___Sensex_Falls_Again__Why_Are_Indian_Markets_Under_Pressure____The_Palki_Sh.mp4,603,2845.867,2850.933,5.066,B-Roll,70.0,"B-Roll: motion=0.0323, edge=0.1038, face_area=0.0000, symmetry=0.90"
LIVE___Sensex_Falls_Again__Why_Are_Indian_Markets_Under_Pressure____The_Palki_Sh.mp4,604,2851.0,2855.467,4.467,B-Roll,70.0,"B-Roll: motion=0.0317, edge=0.0916, face_area=0.0000, symmetry=0.91"
LIVE___Sensex_Falls_Again__Why_Are_Indian_Markets_Under_Pressure____The_Palki_Sh.mp4,605,2855.533,2858.533,3.0,Anchor Studio,62.0,"Anchor Studio: stable=0.95, symmetry=0.87, centered=False, faces=0, face_area=0.0000"
LIVE___Sensex_Falls_Again__Why_Are_Indian_Markets_Under_Pressure____The_Palki_Sh.mp4,606,2858.6,2861.267,2.667,B-Roll,62.0,"B-Roll: motion=0.0099, edge=0.0709, face_area=0.0000, symmetry=0.58"
LIVE___Sensex_Falls_Again__Why_Are_Indian_Markets_Under_Pressure____The_Palki_Sh.mp4,607,2861.333,2866.0,4.667,Anchor Studio,62.0,"Anchor Studio: stable=0.96, symmetry=0.97, centered=False, faces=0, face_area=0.0000"
LIVE___Sensex_Falls_Again__Why_Are_Indian_Markets_Under_Pressure____The_Palki_Sh.mp4,608,2866.067,2872.267,6.2,Anchor Studio,62.0,"Anchor Studio: stable=0.81, symmetry=0.81, centered=False, faces=0, face_area=0.0000"
LIVE___Sensex_Falls_Again__Why_Are_Indian_Markets_Under_Pressure____The_Palki_Sh.mp4,609,2872.333,2876.333,4.0,B-Roll,70.0,"B-Roll: motion=0.0267, edge=0.0278, face_area=0.0000, symmetry=0.91"
LIVE___Sensex_Falls_Again__Why_Are_Indian_Markets_Under_Pressure____The_Palki_Sh.mp4,610,2876.4,2877.733,1.333,B-Roll,62.0,"B-Roll: motion=0.0241, edge=0.0460, face_area=0.0000, symmetry=0.66"
LIVE___Sensex_Falls_Again__Why_Are_Indian_Markets_Under_Pressure____The_Palki_Sh.mp4,611,2877.8,2878.667,0.867,Title Card,78.0,"Title Card: headline=0.0626, textcov=0.2442, stability=0.82"
LIVE___Sensex_Falls_Again__Why_Are_Indian_Markets_Under_Pressure____The_Palki_Sh.mp4,612,2878.733,2879.333,0.6,B-Roll,70.0,"B-Roll: motion=0.0561, edge=0.0459, face_area=0.0000, symmetry=0.59"
LIVE___Sensex_Falls_Again__Why_Are_Indian_Markets_Under_Pressure____The_Palki_Sh.mp4,613,2879.4,2880.333,0.933,B-Roll,70.0,"B-Roll: motion=0.0340, edge=0.0486, face_area=0.0000, symmetry=0.70"
LIVE___Sensex_Falls_Again__Why_Are_Indian_Markets_Under_Pressure____The_Palki_Sh.mp4,614,2880.4,2885.267,4.867,B-Roll,62.0,"B-Roll: motion=0.0249, edge=0.0359, face_area=0.0000, symmetry=0.77"
LIVE___Sensex_Falls_Again__Why_Are_Indian_Markets_Under_Pressure____The_Palki_Sh.mp4,615,2885.333,2887.133,1.8,B-Roll,70.0,"B-Roll: motion=0.0336, edge=0.0311, face_area=0.0000, symmetry=0.38"
LIVE___Sensex_Falls_Again__Why_Are_Indian_Markets_Under_Pressure____The_Palki_Sh.mp4,616,2887.2,2896.467,9.267,B-Roll,70.0,"B-Roll: motion=0.0321, edge=0.0345, face_area=0.0000, symmetry=0.65"
LIVE___Sensex_Falls_Again__Why_Are_Indian_Markets_Under_Pressure____The_Palki_Sh.mp4,617,2896.533,2900.067,3.534,Title Card,78.0,"Title Card: headline=0.1328, textcov=0.2331, stability=0.85"
LIVE___Sensex_Falls_Again__Why_Are_Indian_Markets_Under_Pressure____The_Palki_Sh.mp4,618,2900.133,2909.867,9.734,Title Card,78.0,"Title Card: headline=0.1586, textcov=0.3538, stability=0.92"
LIVE___Sensex_Falls_Again__Why_Are_Indian_Markets_Under_Pressure____The_Palki_Sh.mp4,619,2909.933,2915.267,5.334,Title Card,78.0,"Title Card: headline=0.4501, textcov=0.5527, stability=0.94"
LIVE___Sensex_Falls_Again__Why_Are_Indian_Markets_Under_Pressure____The_Palki_Sh.mp4,620,2915.333,2919.8,4.467,Title Card,78.0,"Title Card: headline=0.0268, textcov=0.1636, stability=0.90"
LIVE___Sensex_Falls_Again__Why_Are_Indian_Markets_Under_Pressure____The_Palki_Sh.mp4,621,2919.867,2921.2,1.333,B-Roll,70.0,"B-Roll: motion=0.0380, edge=0.0344, face_area=0.0000, symmetry=0.85"
LIVE___Sensex_Falls_Again__Why_Are_Indian_Markets_Under_Pressure____The_Palki_Sh.mp4,622,2921.267,2924.467,3.2,B-Roll,70.0,"B-Roll: motion=0.0339, edge=0.0674, face_area=0.0000, symmetry=0.89"
LIVE___Sensex_Falls_Again__Why_Are_Indian_Markets_Under_Pressure____The_Palki_Sh.mp4,623,2924.533,2929.467,4.934,Anchor Studio,84.0,"Anchor Studio: stable=0.66, symmetry=0.82, centered=True, faces=1, face_area=0.0201"
LIVE___Sensex_Falls_Again__Why_Are_Indian_Markets_Under_Pressure____The_Palki_Sh.mp4,624,2929.533,2932.867,3.334,Title Card,78.0,"Title Card: headline=0.1967, textcov=0.3196, stability=0.82"
LIVE___Sensex_Falls_Again__Why_Are_Indian_Markets_Under_Pressure____The_Palki_Sh.mp4,625,2932.933,2933.467,0.534,B-Roll,70.0,"B-Roll: motion=0.0581, edge=0.0438, face_area=0.0000, symmetry=0.58"
LIVE___Sensex_Falls_Again__Why_Are_Indian_Markets_Under_Pressure____The_Palki_Sh.mp4,626,2933.533,2934.467,0.934,B-Roll,70.0,"B-Roll: motion=0.0335, edge=0.0459, face_area=0.0000, symmetry=0.69"
LIVE___Sensex_Falls_Again__Why_Are_Indian_Markets_Under_Pressure____The_Palki_Sh.mp4,627,2934.533,2942.067,7.534,B-Roll,70.0,"B-Roll: motion=0.0255, edge=0.0409, face_area=0.0000, symmetry=0.75"
LIVE___Sensex_Falls_Again__Why_Are_Indian_Markets_Under_Pressure____The_Palki_Sh.mp4,628,2942.133,2948.0,5.867,Title Card,78.0,"Title Card: headline=0.3644, textcov=0.5753, stability=0.81"
LIVE___Sensex_Falls_Again__Why_Are_Indian_Markets_Under_Pressure____The_Palki_Sh.mp4,629,2948.067,2955.867,7.8,Title Card,78.0,"Title Card: headline=0.3971, textcov=0.5351, stability=0.92"
LIVE___Sensex_Falls_Again__Why_Are_Indian_Markets_Under_Pressure____The_Palki_Sh.mp4,630,2955.933,2961.667,5.734,Anchor Studio,84.0,"Anchor Studio: stable=0.94, symmetry=0.98, centered=True, faces=1, face_area=0.0003"
LIVE___Sensex_Falls_Again__Why_Are_Indian_Markets_Under_Pressure____The_Palki_Sh.mp4,631,2961.733,2971.133,9.4,Anchor Studio,94.0,"Anchor Studio: stable=0.95, symmetry=0.98, centered=True, faces=1, face_area=0.0268"
LIVE___Sensex_Falls_Again__Why_Are_Indian_Markets_Under_Pressure____The_Palki_Sh.mp4,632,2971.2,2976.067,4.867,Anchor Studio,72.0,"Anchor Studio: stable=0.67, symmetry=0.80, centered=True, faces=2, face_area=0.0270"
LIVE___Sensex_Falls_Again__Why_Are_Indian_Markets_Under_Pressure____The_Palki_Sh.mp4,633,2976.133,2986.267,10.134,Anchor Studio,94.0,"Anchor Studio: stable=0.77, symmetry=0.86, centered=True, faces=4, face_area=0.0386"
LIVE___Sensex_Falls_Again__Why_Are_Indian_Markets_Under_Pressure____The_Palki_Sh.mp4,634,2986.333,2992.4,6.067,Anchor Studio,94.0,"Anchor Studio: stable=0.95, symmetry=0.85, centered=True, faces=3, face_area=0.0916"
LIVE___Sensex_Falls_Again__Why_Are_Indian_Markets_Under_Pressure____The_Palki_Sh.mp4,635,2992.467,2996.0,3.533,Anchor Studio,94.0,"Anchor Studio: stable=0.89, symmetry=0.95, centered=True, faces=4, face_area=0.0462"
LIVE___Sensex_Falls_Again__Why_Are_Indian_Markets_Under_Pressure____The_Palki_Sh.mp4,636,2996.067,2998.267,2.2,Anchor Studio,94.0,"Anchor Studio: stable=0.94, symmetry=0.98, centered=True, faces=3, face_area=0.0558"
LIVE___Sensex_Falls_Again__Why_Are_Indian_Markets_Under_Pressure____The_Palki_Sh.mp4,637,2998.333,2999.8,1.467,Anchor Studio,94.0,"Anchor Studio: stable=0.94, symmetry=0.99, centered=True, faces=3, face_area=0.0531"
LIVE___Sensex_Falls_Again__Why_Are_Indian_Markets_Under_Pressure____The_Palki_Sh.mp4,638,2999.867,3004.8,4.933,Anchor Studio,94.0,"Anchor Studio: stable=0.93, symmetry=0.97, centered=True, faces=2, face_area=0.0306"
LIVE___Sensex_Falls_Again__Why_Are_Indian_Markets_Under_Pressure____The_Palki_Sh.mp4,639,3004.867,3005.533,0.666,Anchor Studio,82.0,"Anchor Studio: stable=0.81, symmetry=0.96, centered=False, faces=1, face_area=0.0281"
LIVE___Sensex_Falls_Again__Why_Are_Indian_Markets_Under_Pressure____The_Palki_Sh.mp4,640,3005.6,3014.067,8.467,Anchor Studio,94.0,"Anchor Studio: stable=0.85, symmetry=0.84, centered=True, faces=2, face_area=0.0340"
LIVE___Sensex_Falls_Again__Why_Are_Indian_Markets_Under_Pressure____The_Palki_Sh.mp4,641,3014.133,3035.133,21.0,Anchor Studio,94.0,"Anchor Studio: stable=0.92, symmetry=0.90, centered=True, faces=1, face_area=0.0788"
LIVE___Sensex_Falls_Again__Why_Are_Indian_Markets_Under_Pressure____The_Palki_Sh.mp4,642,3035.2,3044.333,9.133,Anchor Studio,94.0,"Anchor Studio: stable=0.76, symmetry=0.91, centered=True, faces=2, face_area=0.0266"
LIVE___Sensex_Falls_Again__Why_Are_Indian_Markets_Under_Pressure____The_Palki_Sh.mp4,643,3044.4,3053.733,9.333,Anchor Studio,94.0,"Anchor Studio: stable=0.78, symmetry=0.90, centered=True, faces=2, face_area=0.0367"
LIVE___Sensex_Falls_Again__Why_Are_Indian_Markets_Under_Pressure____The_Palki_Sh.mp4,644,3053.8,3058.267,4.467,Anchor Studio,72.0,"Anchor Studio: stable=0.76, symmetry=0.96, centered=False, faces=1, face_area=0.0003"
LIVE___Sensex_Falls_Again__Why_Are_Indian_Markets_Under_Pressure____The_Palki_Sh.mp4,645,3058.333,3063.133,4.8,Anchor Studio,94.0,"Anchor Studio: stable=0.78, symmetry=0.90, centered=True, faces=2, face_area=0.0360"
LIVE___Sensex_Falls_Again__Why_Are_Indian_Markets_Under_Pressure____The_Palki_Sh.mp4,646,3063.2,3066.8,3.6,B-Roll,70.0,"B-Roll: motion=0.0761, edge=0.1056, face_area=0.0000, symmetry=0.85"
LIVE___Sensex_Falls_Again__Why_Are_Indian_Markets_Under_Pressure____The_Palki_Sh.mp4,647,3066.867,3068.867,2.0,B-Roll,70.0,"B-Roll: motion=0.0290, edge=0.1366, face_area=0.0010, symmetry=0.65"
LIVE___Sensex_Falls_Again__Why_Are_Indian_Markets_Under_Pressure____The_Palki_Sh.mp4,648,3068.933,3082.867,13.934,Anchor Studio,94.0,"Anchor Studio: stable=0.97, symmetry=0.98, centered=True, faces=2, face_area=0.0272"
LIVE___Sensex_Falls_Again__Why_Are_Indian_Markets_Under_Pressure____The_Palki_Sh.mp4,649,3082.933,3095.067,12.134,Anchor Studio,82.0,"Anchor Studio: stable=0.96, symmetry=0.90, centered=False, faces=1, face_area=0.0272"
LIVE___Sensex_Falls_Again__Why_Are_Indian_Markets_Under_Pressure____The_Palki_Sh.mp4,650,3095.133,3124.133,29.0,Anchor Studio,82.0,"Anchor Studio: stable=0.94, symmetry=0.98, centered=False, faces=1, face_area=0.0195"
LIVE___Sensex_Falls_Again__Why_Are_Indian_Markets_Under_Pressure____The_Palki_Sh.mp4,651,3124.2,3135.4,11.2,Anchor Studio,94.0,"Anchor Studio: stable=0.96, symmetry=0.98, centered=True, faces=1, face_area=0.0266"
LIVE___Sensex_Falls_Again__Why_Are_Indian_Markets_Under_Pressure____The_Palki_Sh.mp4,652,3135.467,3137.933,2.466,Anchor Studio,72.0,"Anchor Studio: stable=0.71, symmetry=0.86, centered=False, faces=1, face_area=0.0271"
LIVE___Sensex_Falls_Again__Why_Are_Indian_Markets_Under_Pressure____The_Palki_Sh.mp4,653,3138.0,3141.067,3.067,Anchor Studio,82.0,"Anchor Studio: stable=0.78, symmetry=0.96, centered=False, faces=1, face_area=0.0272"
LIVE___Sensex_Falls_Again__Why_Are_Indian_Markets_Under_Pressure____The_Palki_Sh.mp4,654,3141.133,3143.333,2.2,Anchor Studio,72.0,"Anchor Studio: stable=0.74, symmetry=0.95, centered=False, faces=1, face_area=0.0279"
LIVE___Sensex_Falls_Again__Why_Are_Indian_Markets_Under_Pressure____The_Palki_Sh.mp4,655,3143.4,3144.133,0.733,Anchor Studio,82.0,"Anchor Studio: stable=0.77, symmetry=0.98, centered=False, faces=1, face_area=0.0269"
LIVE___Sensex_Falls_Again__Why_Are_Indian_Markets_Under_Pressure____The_Palki_Sh.mp4,656,3144.2,3146.933,2.733,Anchor Studio,72.0,"Anchor Studio: stable=0.74, symmetry=0.91, centered=False, faces=1, face_area=0.0268"
LIVE___Sensex_Falls_Again__Why_Are_Indian_Markets_Under_Pressure____The_Palki_Sh.mp4,657,3147.0,3149.267,2.267,Title Card,74.0,"Title Card: headline=0.9526, textcov=0.9738, stability=0.91"
LIVE___Sensex_Falls_Again__Why_Are_Indian_Markets_Under_Pressure____The_Palki_Sh.mp4,658,3149.333,3151.2,1.867,Anchor Studio,82.0,"Anchor Studio: stable=0.80, symmetry=0.90, centered=False, faces=1, face_area=0.0262"
LIVE___Sensex_Falls_Again__Why_Are_Indian_Markets_Under_Pressure____The_Palki_Sh.mp4,659,3151.267,3152.867,1.6,Anchor Studio,82.0,"Anchor Studio: stable=0.84, symmetry=0.92, centered=False, faces=1, face_area=0.0265"
LIVE___Sensex_Falls_Again__Why_Are_Indian_Markets_Under_Pressure____The_Palki_Sh.mp4,660,3152.933,3153.867,0.934,Anchor Studio,84.0,"Anchor Studio: stable=0.66, symmetry=0.85, centered=True, faces=2, face_area=0.0384"
LIVE___Sensex_Falls_Again__Why_Are_Indian_Markets_Under_Pressure____The_Palki_Sh.mp4,661,3153.933,3156.8,2.867,Anchor Studio,82.0,"Anchor Studio: stable=0.94, symmetry=0.83, centered=False, faces=1, face_area=0.0263"
LIVE___Sensex_Falls_Again__Why_Are_Indian_Markets_Under_Pressure____The_Palki_Sh.mp4,662,3156.867,3165.533,8.666,Anchor Studio,82.0,"Anchor Studio: stable=0.88, symmetry=0.89, centered=False, faces=1, face_area=0.0265"
LIVE___Sensex_Falls_Again__Why_Are_Indian_Markets_Under_Pressure____The_Palki_Sh.mp4,663,3165.6,3166.4,0.8,Anchor Studio,82.0,"Anchor Studio: stable=0.89, symmetry=0.91, centered=False, faces=1, face_area=0.0271"
LIVE___Sensex_Falls_Again__Why_Are_Indian_Markets_Under_Pressure____The_Palki_Sh.mp4,664,3166.467,3173.733,7.266,Title Card,74.0,"Title Card: headline=0.8751, textcov=0.9622, stability=0.86"
LIVE___Sensex_Falls_Again__Why_Are_Indian_Markets_Under_Pressure____The_Palki_Sh.mp4,665,3173.8,3177.733,3.933,Anchor Studio,82.0,"Anchor Studio: stable=0.90, symmetry=0.94, centered=False, faces=1, face_area=0.0261"
LIVE___Sensex_Falls_Again__Why_Are_Indian_Markets_Under_Pressure____The_Palki_Sh.mp4,666,3177.8,3180.933,3.133,Anchor Studio,82.0,"Anchor Studio: stable=0.93, symmetry=0.98, centered=False, faces=1, face_area=0.0265"
LIVE___Sensex_Falls_Again__Why_Are_Indian_Markets_Under_Pressure____The_Palki_Sh.mp4,667,3181.0,3183.867,2.867,Anchor Studio,82.0,"Anchor Studio: stable=0.92, symmetry=0.88, centered=False, faces=1, face_area=0.0260"
LIVE___Sensex_Falls_Again__Why_Are_Indian_Markets_Under_Pressure____The_Palki_Sh.mp4,668,3183.933,3186.067,2.134,Anchor Studio,82.0,"Anchor Studio: stable=0.90, symmetry=0.88, centered=False, faces=1, face_area=0.0272"
LIVE___Sensex_Falls_Again__Why_Are_Indian_Markets_Under_Pressure____The_Palki_Sh.mp4,669,3186.133,3188.533,2.4,Anchor Studio,82.0,"Anchor Studio: stable=0.92, symmetry=0.93, centered=False, faces=1, face_area=0.0268"
LIVE___Sensex_Falls_Again__Why_Are_Indian_Markets_Under_Pressure____The_Palki_Sh.mp4,670,3188.6,3190.867,2.267,Anchor Studio,82.0,"Anchor Studio: stable=0.91, symmetry=0.98, centered=False, faces=1, face_area=0.0265"
LIVE___Sensex_Falls_Again__Why_Are_Indian_Markets_Under_Pressure____The_Palki_Sh.mp4,671,3190.933,3193.133,2.2,Title Card,74.0,"Title Card: headline=0.4310, textcov=0.6101, stability=0.85"
LIVE___Sensex_Falls_Again__Why_Are_Indian_Markets_Under_Pressure____The_Palki_Sh.mp4,672,3193.2,3195.467,2.267,Anchor Studio,82.0,"Anchor Studio: stable=0.88, symmetry=0.86, centered=False, faces=1, face_area=0.0261"
LIVE___Sensex_Falls_Again__Why_Are_Indian_Markets_Under_Pressure____The_Palki_Sh.mp4,673,3195.533,3197.933,2.4,Anchor Studio,82.0,"Anchor Studio: stable=0.89, symmetry=0.92, centered=False, faces=1, face_area=0.0269"
LIVE___Sensex_Falls_Again__Why_Are_Indian_Markets_Under_Pressure____The_Palki_Sh.mp4,674,3198.0,3199.0,1.0,Anchor Studio,82.0,"Anchor Studio: stable=0.81, symmetry=0.88, centered=False, faces=1, face_area=0.0270"
LIVE___Sensex_Falls_Again__Why_Are_Indian_Markets_Under_Pressure____The_Palki_Sh.mp4,675,3199.067,3204.0,4.933,Title Card,74.0,"Title Card: headline=0.6067, textcov=0.7188, stability=0.82"
LIVE___Sensex_Falls_Again__Why_Are_Indian_Markets_Under_Pressure____The_Palki_Sh.mp4,676,3204.067,3206.333,2.266,Anchor Studio,82.0,"Anchor Studio: stable=0.90, symmetry=0.87, centered=False, faces=1, face_area=0.0263"
LIVE___Sensex_Falls_Again__Why_Are_Indian_Markets_Under_Pressure____The_Palki_Sh.mp4,677,3206.4,3221.533,15.133,Anchor Studio,82.0,"Anchor Studio: stable=0.85, symmetry=0.88, centered=False, faces=1, face_area=0.0263"
LIVE___Sensex_Falls_Again__Why_Are_Indian_Markets_Under_Pressure____The_Palki_Sh.mp4,678,3221.6,3223.133,1.533,Anchor Studio,82.0,"Anchor Studio: stable=0.91, symmetry=0.98, centered=False, faces=1, face_area=0.0267"
LIVE___Sensex_Falls_Again__Why_Are_Indian_Markets_Under_Pressure____The_Palki_Sh.mp4,679,3223.2,3227.333,4.133,Anchor Studio,82.0,"Anchor Studio: stable=0.88, symmetry=0.92, centered=False, faces=1, face_area=0.0269"
LIVE___Sensex_Falls_Again__Why_Are_Indian_Markets_Under_Pressure____The_Palki_Sh.mp4,680,3227.4,3230.0,2.6,Title Card,74.0,"Title Card: headline=0.8746, textcov=1.0781, stability=0.94"
LIVE___Sensex_Falls_Again__Why_Are_Indian_Markets_Under_Pressure____The_Palki_Sh.mp4,681,3230.067,3231.333,1.266,Anchor Studio,82.0,"Anchor Studio: stable=0.86, symmetry=0.81, centered=False, faces=1, face_area=0.0259"
LIVE___Sensex_Falls_Again__Why_Are_Indian_Markets_Under_Pressure____The_Palki_Sh.mp4,682,3231.4,3232.2,0.8,Anchor Studio,82.0,"Anchor Studio: stable=0.94, symmetry=0.84, centered=False, faces=1, face_area=0.0281"
LIVE___Sensex_Falls_Again__Why_Are_Indian_Markets_Under_Pressure____The_Palki_Sh.mp4,683,3232.267,3234.333,2.066,Anchor Studio,82.0,"Anchor Studio: stable=0.91, symmetry=0.73, centered=True, faces=2, face_area=0.0298"
LIVE___Sensex_Falls_Again__Why_Are_Indian_Markets_Under_Pressure____The_Palki_Sh.mp4,684,3234.4,3236.533,2.133,Anchor Studio,82.0,"Anchor Studio: stable=0.92, symmetry=0.84, centered=False, faces=1, face_area=0.0263"
LIVE___Sensex_Falls_Again__Why_Are_Indian_Markets_Under_Pressure____The_Palki_Sh.mp4,685,3236.6,3238.867,2.267,Anchor Studio,82.0,"Anchor Studio: stable=0.82, symmetry=0.94, centered=False, faces=1, face_area=0.0268"
LIVE___Sensex_Falls_Again__Why_Are_Indian_Markets_Under_Pressure____The_Palki_Sh.mp4,686,3238.933,3244.2,5.267,Anchor Studio,94.0,"Anchor Studio: stable=0.83, symmetry=0.93, centered=True, faces=2, face_area=0.0289"
LIVE___Sensex_Falls_Again__Why_Are_Indian_Markets_Under_Pressure____The_Palki_Sh.mp4,687,3244.267,3249.733,5.466,Anchor Studio,94.0,"Anchor Studio: stable=0.87, symmetry=0.86, centered=True, faces=2, face_area=0.0416"
LIVE___Sensex_Falls_Again__Why_Are_Indian_Markets_Under_Pressure____The_Palki_Sh.mp4,688,3249.8,3254.2,4.4,Title Card,74.0,"Title Card: headline=0.3881, textcov=0.5486, stability=0.92"
LIVE___Sensex_Falls_Again__Why_Are_Indian_Markets_Under_Pressure____The_Palki_Sh.mp4,689,3254.267,3256.467,2.2,Anchor Studio,82.0,"Anchor Studio: stable=0.90, symmetry=0.96, centered=False, faces=1, face_area=0.0266"
LIVE___Sensex_Falls_Again__Why_Are_Indian_Markets_Under_Pressure____The_Palki_Sh.mp4,690,3256.533,3269.733,13.2,Anchor Studio,94.0,"Anchor Studio: stable=0.97, symmetry=0.95, centered=True, faces=1, face_area=0.0270"
LIVE___Sensex_Falls_Again__Why_Are_Indian_Markets_Under_Pressure____The_Palki_Sh.mp4,691,3269.8,3275.533,5.733,Anchor Studio,74.0,"Anchor Studio: stable=0.61, symmetry=0.90, centered=True, faces=1, face_area=0.0003"
LIVE___Sensex_Falls_Again__Why_Are_Indian_Markets_Under_Pressure____The_Palki_Sh.mp4,692,3275.6,3292.0,16.4,Anchor Studio,94.0,"Anchor Studio: stable=0.97, symmetry=0.89, centered=True, faces=1, face_area=0.0270"
LIVE___Sensex_Falls_Again__Why_Are_Indian_Markets_Under_Pressure____The_Palki_Sh.mp4,693,3292.067,3361.533,69.466,Anchor Studio,84.0,"Anchor Studio: stable=0.88, symmetry=0.86, centered=True, faces=1, face_area=0.0078"
LIVE___Sensex_Falls_Again__Why_Are_Indian_Markets_Under_Pressure____The_Palki_Sh.mp4,694,3361.6,3388.667,27.067,Anchor Studio,82.0,"Anchor Studio: stable=0.92, symmetry=0.80, centered=True, faces=1, face_area=0.0243"
LIVE___Sensex_Falls_Again__Why_Are_Indian_Markets_Under_Pressure____The_Palki_Sh.mp4,695,3388.733,3390.8,2.067,Title Card,78.0,"Title Card: headline=0.4874, textcov=0.5685, stability=0.95"
LIVE___Sensex_Falls_Again__Why_Are_Indian_Markets_Under_Pressure____The_Palki_Sh.mp4,696,3390.867,3396.933,6.066,Anchor Studio,84.0,"Anchor Studio: stable=0.77, symmetry=0.91, centered=True, faces=2, face_area=0.0011"
LIVE___Sensex_Falls_Again__Why_Are_Indian_Markets_Under_Pressure____The_Palki_Sh.mp4,697,3397.0,3399.867,2.867,Anchor Studio,84.0,"Anchor Studio: stable=0.05, symmetry=0.91, centered=True, faces=1, face_area=0.0251"
LIVE___Sensex_Falls_Again__Why_Are_Indian_Markets_Under_Pressure____The_Palki_Sh.mp4,698,3399.933,3401.333,1.4,Anchor Studio,94.0,"Anchor Studio: stable=0.82, symmetry=0.88, centered=True, faces=1, face_area=0.0148"
LIVE___Sensex_Falls_Again__Why_Are_Indian_Markets_Under_Pressure____The_Palki_Sh.mp4,699,3401.4,3403.333,1.933,Title Card,78.0,"Title Card: headline=0.5659, textcov=0.7677, stability=0.89"
LIVE___Sensex_Falls_Again__Why_Are_Indian_Markets_Under_Pressure____The_Palki_Sh.mp4,700,3403.4,3406.533,3.133,Title Card,78.0,"Title Card: headline=0.8177, textcov=0.9278, stability=0.83"
LIVE___Sensex_Falls_Again__Why_Are_Indian_Markets_Under_Pressure____The_Palki_Sh.mp4,701,3406.6,3412.067,5.467,Title Card,70.0,"Title Card: headline=0.1169, textcov=0.2001, stability=0.83"
LIVE___Sensex_Falls_Again__Why_Are_Indian_Markets_Under_Pressure____The_Palki_Sh.mp4,702,3412.133,3414.667,2.534,Anchor Studio,84.0,"Anchor Studio: stable=0.82, symmetry=0.99, centered=True, faces=1, face_area=0.0005"
LIVE___Sensex_Falls_Again__Why_Are_Indian_Markets_Under_Pressure____The_Palki_Sh.mp4,703,3414.733,3420.933,6.2,B-Roll,62.0,"B-Roll: motion=0.0118, edge=0.0590, face_area=0.0000, symmetry=0.68"
LIVE___Sensex_Falls_Again__Why_Are_Indian_Markets_Under_Pressure____The_Palki_Sh.mp4,704,3421.0,3424.667,3.667,Anchor Studio,94.0,"Anchor Studio: stable=0.82, symmetry=0.98, centered=True, faces=1, face_area=0.0342"
LIVE___Sensex_Falls_Again__Why_Are_Indian_Markets_Under_Pressure____The_Palki_Sh.mp4,705,3424.733,3426.6,1.867,B-Roll,70.0,"B-Roll: motion=0.0273, edge=0.0721, face_area=0.0000, symmetry=0.70"
LIVE___Sensex_Falls_Again__Why_Are_Indian_Markets_Under_Pressure____The_Palki_Sh.mp4,706,3426.667,3429.2,2.533,Title Card,78.0,"Title Card: headline=0.4375, textcov=0.7381, stability=0.86"
LIVE___Sensex_Falls_Again__Why_Are_Indian_Markets_Under_Pressure____The_Palki_Sh.mp4,707,3429.267,3432.133,2.866,Title Card,68.0,"Title Card: headline=0.0862, textcov=0.2414, stability=0.76"
LIVE___Sensex_Falls_Again__Why_Are_Indian_Markets_Under_Pressure____The_Palki_Sh.mp4,708,3432.2,3434.667,2.467,Title Card,68.0,"Title Card: headline=0.2058, textcov=0.2994, stability=0.77"
LIVE___Sensex_Falls_Again__Why_Are_Indian_Markets_Under_Pressure____The_Palki_Sh.mp4,709,3434.733,3436.6,1.867,Title Card,78.0,"Title Card: headline=0.8164, textcov=0.9812, stability=0.85"
LIVE___Sensex_Falls_Again__Why_Are_Indian_Markets_Under_Pressure____The_Palki_Sh.mp4,710,3436.667,3441.2,4.533,Title Card,68.0,"Title Card: headline=0.7853, textcov=0.8473, stability=0.77"
LIVE___Sensex_Falls_Again__Why_Are_Indian_Markets_Under_Pressure____The_Palki_Sh.mp4,711,3441.267,3442.4,1.133,B-Roll,70.0,"B-Roll: motion=0.0374, edge=0.1713, face_area=0.0000, symmetry=0.92"
LIVE___Sensex_Falls_Again__Why_Are_Indian_Markets_Under_Pressure____The_Palki_Sh.mp4,712,3442.467,3445.067,2.6,Title Card,78.0,"Title Card: headline=0.8603, textcov=1.0092, stability=0.82"
LIVE___Sensex_Falls_Again__Why_Are_Indian_Markets_Under_Pressure____The_Palki_Sh.mp4,713,3445.133,3445.8,0.667,B-Roll,70.0,"B-Roll: motion=0.0540, edge=0.1336, face_area=0.0000, symmetry=0.96"
LIVE___Sensex_Falls_Again__Why_Are_Indian_Markets_Under_Pressure____The_Palki_Sh.mp4,714,3445.867,3447.333,1.466,B-Roll,70.0,"B-Roll: motion=0.0418, edge=0.1401, face_area=0.0000, symmetry=0.96"
LIVE___Sensex_Falls_Again__Why_Are_Indian_Markets_Under_Pressure____The_Palki_Sh.mp4,715,3447.4,3448.733,1.333,B-Roll,70.0,"B-Roll: motion=0.0394, edge=0.1421, face_area=0.0000, symmetry=0.91"
LIVE___Sensex_Falls_Again__Why_Are_Indian_Markets_Under_Pressure____The_Palki_Sh.mp4,716,3448.8,3452.133,3.333,Title Card,78.0,"Title Card: headline=0.2929, textcov=0.5467, stability=0.91"
LIVE___Sensex_Falls_Again__Why_Are_Indian_Markets_Under_Pressure____The_Palki_Sh.mp4,717,3452.2,3455.533,3.333,Anchor Studio,94.0,"Anchor Studio: stable=0.79, symmetry=0.87, centered=True, faces=1, face_area=0.0136"
LIVE___Sensex_Falls_Again__Why_Are_Indian_Markets_Under_Pressure____The_Palki_Sh.mp4,718,3455.6,3457.933,2.333,Title Card,68.0,"Title Card: headline=0.3590, textcov=0.5943, stability=0.76"
LIVE___Sensex_Falls_Again__Why_Are_Indian_Markets_Under_Pressure____The_Palki_Sh.mp4,719,3458.0,3459.6,1.6,Title Card,78.0,"Title Card: headline=0.6911, textcov=0.8096, stability=0.85"
LIVE___Sensex_Falls_Again__Why_Are_Indian_Markets_Under_Pressure____The_Palki_Sh.mp4,720,3459.667,3460.8,1.133,Title Card,78.0,"Title Card: headline=0.6637, textcov=0.7660, stability=0.93"
LIVE___Sensex_Falls_Again__Why_Are_Indian_Markets_Under_Pressure____The_Palki_Sh.mp4,721,3460.867,3462.867,2.0,Title Card,64.0,"Title Card: headline=0.3105, textcov=0.4829, stability=0.63"
LIVE___Sensex_Falls_Again__Why_Are_Indian_Markets_Under_Pressure____The_Palki_Sh.mp4,722,3462.933,3463.467,0.534,Anchor Studio,84.0,"Anchor Studio: stable=0.53, symmetry=0.88, centered=True, faces=2, face_area=0.0578"
LIVE___Sensex_Falls_Again__Why_Are_Indian_Markets_Under_Pressure____The_Palki_Sh.mp4,723,3463.533,3464.067,0.534,Anchor Studio,84.0,"Anchor Studio: stable=0.73, symmetry=0.93, centered=True, faces=1, face_area=0.0221"
LIVE___Sensex_Falls_Again__Why_Are_Indian_Markets_Under_Pressure____The_Palki_Sh.mp4,724,3464.133,3465.733,1.6,B-Roll,70.0,"B-Roll: motion=0.0648, edge=0.0269, face_area=0.0000, symmetry=0.71"
LIVE___Sensex_Falls_Again__Why_Are_Indian_Markets_Under_Pressure____The_Palki_Sh.mp4,725,3465.8,3467.667,1.867,B-Roll,70.0,"B-Roll: motion=0.0616, edge=0.0267, face_area=0.0000, symmetry=0.85"
LIVE___Sensex_Falls_Again__Why_Are_Indian_Markets_Under_Pressure____The_Palki_Sh.mp4,726,3467.733,3468.267,0.534,B-Roll,70.0,"B-Roll: motion=0.0892, edge=0.0464, face_area=0.0000, symmetry=0.91"
LIVE___Sensex_Falls_Again__Why_Are_Indian_Markets_Under_Pressure____The_Palki_Sh.mp4,727,3468.333,3469.267,0.934,B-Roll,70.0,"B-Roll: motion=0.0604, edge=0.0639, face_area=0.0000, symmetry=0.89"
LIVE___Sensex_Falls_Again__Why_Are_Indian_Markets_Under_Pressure____The_Palki_Sh.mp4,728,3469.333,3470.867,1.534,B-Roll,70.0,"B-Roll: motion=0.0459, edge=0.0578, face_area=0.0000, symmetry=0.87"
LIVE___Sensex_Falls_Again__Why_Are_Indian_Markets_Under_Pressure____The_Palki_Sh.mp4,729,3470.933,3472.267,1.334,B-Roll,70.0,"B-Roll: motion=0.0474, edge=0.0330, face_area=0.0000, symmetry=0.83"
LIVE___Sensex_Falls_Again__Why_Are_Indian_Markets_Under_Pressure____The_Palki_Sh.mp4,730,3472.333,3473.067,0.734,B-Roll,70.0,"B-Roll: motion=0.0627, edge=0.0500, face_area=0.0000, symmetry=0.85"
LIVE___Sensex_Falls_Again__Why_Are_Indian_Markets_Under_Pressure____The_Palki_Sh.mp4,731,3473.133,3474.067,0.934,B-Roll,70.0,"B-Roll: motion=0.0593, edge=0.0412, face_area=0.0000, symmetry=0.87"
LIVE___Sensex_Falls_Again__Why_Are_Indian_Markets_Under_Pressure____The_Palki_Sh.mp4,732,3474.133,3475.733,1.6,B-Roll,70.0,"B-Roll: motion=0.0515, edge=0.0367, face_area=0.0000, symmetry=0.79"
LIVE___Sensex_Falls_Again__Why_Are_Indian_Markets_Under_Pressure____The_Palki_Sh.mp4,733,3475.8,3477.267,1.467,B-Roll,70.0,"B-Roll: motion=0.0337, edge=0.0485, face_area=0.0000, symmetry=0.62"
LIVE___Sensex_Falls_Again__Why_Are_Indian_Markets_Under_Pressure____The_Palki_Sh.mp4,734,3477.333,3478.133,0.8,B-Roll,70.0,"B-Roll: motion=0.0411, edge=0.0109, face_area=0.0000, symmetry=0.59"
LIVE___Sensex_Falls_Again__Why_Are_Indian_Markets_Under_Pressure____The_Palki_Sh.mp4,735,3478.2,3479.133,0.933,B-Roll,70.0,"B-Roll: motion=0.0502, edge=0.0233, face_area=0.0000, symmetry=0.73"
LIVE___Sensex_Falls_Again__Why_Are_Indian_Markets_Under_Pressure____The_Palki_Sh.mp4,736,3479.2,3480.733,1.533,B-Roll,70.0,"B-Roll: motion=0.0395, edge=0.0224, face_area=0.0000, symmetry=0.84"
LIVE___Sensex_Falls_Again__Why_Are_Indian_Markets_Under_Pressure____The_Palki_Sh.mp4,737,3480.8,3481.333,0.533,B-Roll,70.0,"B-Roll: motion=0.0483, edge=0.0290, face_area=0.0000, symmetry=0.83"
LIVE___Sensex_Falls_Again__Why_Are_Indian_Markets_Under_Pressure____The_Palki_Sh.mp4,738,3481.4,3482.133,0.733,B-Roll,70.0,"B-Roll: motion=0.0501, edge=0.0459, face_area=0.0000, symmetry=0.94"
LIVE___Sensex_Falls_Again__Why_Are_Indian_Markets_Under_Pressure____The_Palki_Sh.mp4,739,3482.2,3484.0,1.8,B-Roll,70.0,"B-Roll: motion=0.0516, edge=0.0564, face_area=0.0000, symmetry=0.82"
LIVE___Sensex_Falls_Again__Why_Are_Indian_Markets_Under_Pressure____The_Palki_Sh.mp4,740,3484.067,3485.0,0.933,Anchor Studio,62.0,"Anchor Studio: stable=0.55, symmetry=0.75, centered=True, faces=1, face_area=0.0082"
LIVE___Sensex_Falls_Again__Why_Are_Indian_Markets_Under_Pressure____The_Palki_Sh.mp4,741,3485.067,3485.667,0.6,B-Roll,70.0,"B-Roll: motion=0.0389, edge=0.0295, face_area=0.0000, symmetry=0.71"
LIVE___Sensex_Falls_Again__Why_Are_Indian_Markets_Under_Pressure____The_Palki_Sh.mp4,742,3485.733,3487.067,1.334,B-Roll,70.0,"B-Roll: motion=0.0345, edge=0.0322, face_area=0.0000, symmetry=0.56"
LIVE___Sensex_Falls_Again__Why_Are_Indian_Markets_Under_Pressure____The_Palki_Sh.mp4,743,3487.133,3493.533,6.4,Anchor Studio,84.0,"Anchor Studio: stable=0.93, symmetry=0.90, centered=True, faces=1, face_area=0.0014"
LIVE___Sensex_Falls_Again__Why_Are_Indian_Markets_Under_Pressure____The_Palki_Sh.mp4,744,3493.6,3495.0,1.4,Anchor Studio,62.0,"Anchor Studio: stable=0.94, symmetry=0.90, centered=False, faces=0, face_area=0.0000"
LIVE___Sensex_Falls_Again__Why_Are_Indian_Markets_Under_Pressure____The_Palki_Sh.mp4,745,3495.067,3499.067,4.0,Title Card,78.0,"Title Card: headline=0.2619, textcov=0.3782, stability=0.86"
LIVE___Sensex_Falls_Again__Why_Are_Indian_Markets_Under_Pressure____The_Palki_Sh.mp4,746,3499.133,3500.933,1.8,Anchor Studio,74.0,"Anchor Studio: stable=0.27, symmetry=0.86, centered=True, faces=1, face_area=0.0054"
LIVE___Sensex_Falls_Again__Why_Are_Indian_Markets_Under_Pressure____The_Palki_Sh.mp4,747,3501.0,3501.533,0.533,Anchor Studio,84.0,"Anchor Studio: stable=0.55, symmetry=0.85, centered=True, faces=2, face_area=0.0648"
LIVE___Sensex_Falls_Again__Why_Are_Indian_Markets_Under_Pressure____The_Palki_Sh.mp4,748,3501.6,3502.133,0.533,Anchor Studio,72.0,"Anchor Studio: stable=0.72, symmetry=0.95, centered=False, faces=1, face_area=0.0184"
LIVE___Sensex_Falls_Again__Why_Are_Indian_Markets_Under_Pressure____The_Palki_Sh.mp4,749,3502.2,3503.8,1.6,B-Roll,70.0,"B-Roll: motion=0.0647, edge=0.0263, face_area=0.0000, symmetry=0.72"
LIVE___Sensex_Falls_Again__Why_Are_Indian_Markets_Under_Pressure____The_Palki_Sh.mp4,750,3503.867,3505.533,1.666,B-Roll,70.0,"B-Roll: motion=0.0533, edge=0.0265, face_area=0.0000, symmetry=0.86"
LIVE___Sensex_Falls_Again__Why_Are_Indian_Markets_Under_Pressure____The_Palki_Sh.mp4,751,3505.6,3507.333,1.733,B-Roll,70.0,"B-Roll: motion=0.0789, edge=0.0542, face_area=0.0000, symmetry=0.89"
LIVE___Sensex_Falls_Again__Why_Are_Indian_Markets_Under_Pressure____The_Palki_Sh.mp4,752,3507.4,3508.667,1.267,B-Roll,70.0,"B-Roll: motion=0.0336, edge=0.0656, face_area=0.0000, symmetry=0.87"
LIVE___Sensex_Falls_Again__Why_Are_Indian_Markets_Under_Pressure____The_Palki_Sh.mp4,753,3508.733,3509.533,0.8,B-Roll,70.0,"B-Roll: motion=0.0587, edge=0.0155, face_area=0.0000, symmetry=0.69"
LIVE___Sensex_Falls_Again__Why_Are_Indian_Markets_Under_Pressure____The_Palki_Sh.mp4,754,3509.6,3510.667,1.067,B-Roll,70.0,"B-Roll: motion=0.0625, edge=0.0400, face_area=0.0000, symmetry=0.90"
LIVE___Sensex_Falls_Again__Why_Are_Indian_Markets_Under_Pressure____The_Palki_Sh.mp4,755,3510.733,3512.067,1.334,B-Roll,70.0,"B-Roll: motion=0.0579, edge=0.0426, face_area=0.0000, symmetry=0.88"
LIVE___Sensex_Falls_Again__Why_Are_Indian_Markets_Under_Pressure____The_Palki_Sh.mp4,756,3512.133,3513.867,1.734,B-Roll,70.0,"B-Roll: motion=0.0529, edge=0.0346, face_area=0.0000, symmetry=0.80"
LIVE___Sensex_Falls_Again__Why_Are_Indian_Markets_Under_Pressure____The_Palki_Sh.mp4,757,3513.933,3515.333,1.4,B-Roll,70.0,"B-Roll: motion=0.0331, edge=0.0405, face_area=0.0012, symmetry=0.70"
LIVE___Sensex_Falls_Again__Why_Are_Indian_Markets_Under_Pressure____The_Palki_Sh.mp4,758,3515.4,3516.2,0.8,B-Roll,70.0,"B-Roll: motion=0.0410, edge=0.0103, face_area=0.0000, symmetry=0.63"
LIVE___Sensex_Falls_Again__Why_Are_Indian_Markets_Under_Pressure____The_Palki_Sh.mp4,759,3516.267,3517.0,0.733,B-Roll,70.0,"B-Roll: motion=0.0423, edge=0.0211, face_area=0.0000, symmetry=0.73"
LIVE___Sensex_Falls_Again__Why_Are_Indian_Markets_Under_Pressure____The_Palki_Sh.mp4,760,3517.067,3518.867,1.8,B-Roll,70.0,"B-Roll: motion=0.0576, edge=0.0222, face_area=0.0000, symmetry=0.81"
LIVE___Sensex_Falls_Again__Why_Are_Indian_Markets_Under_Pressure____The_Palki_Sh.mp4,761,3518.933,3519.467,0.534,B-Roll,70.0,"B-Roll: motion=0.0453, edge=0.0274, face_area=0.0000, symmetry=0.82"
LIVE___Sensex_Falls_Again__Why_Are_Indian_Markets_Under_Pressure____The_Palki_Sh.mp4,762,3519.533,3520.533,1.0,Anchor Studio,74.0,"Anchor Studio: stable=0.39, symmetry=0.91, centered=True, faces=1, face_area=0.0056"
LIVE___Sensex_Falls_Again__Why_Are_Indian_Markets_Under_Pressure____The_Palki_Sh.mp4,763,3520.6,3522.333,1.733,B-Roll,70.0,"B-Roll: motion=0.0468, edge=0.0471, face_area=0.0000, symmetry=0.74"
LIVE___Sensex_Falls_Again__Why_Are_Indian_Markets_Under_Pressure____The_Palki_Sh.mp4,764,3522.4,3523.067,0.667,Anchor Studio,84.0,"Anchor Studio: stable=0.66, symmetry=0.81, centered=True, faces=1, face_area=0.0219"
LIVE___Sensex_Falls_Again__Why_Are_Indian_Markets_Under_Pressure____The_Palki_Sh.mp4,765,3523.133,3523.733,0.6,Field Report,68.0,"Field Report: motion=0.0385, faces=1, centered=True, symmetry=0.68"
LIVE___Sensex_Falls_Again__Why_Are_Indian_Markets_Under_Pressure____The_Palki_Sh.mp4,766,3523.8,3525.133,1.333,B-Roll,70.0,"B-Roll: motion=0.0369, edge=0.0320, face_area=0.0000, symmetry=0.55"
LIVE___Sensex_Falls_Again__Why_Are_Indian_Markets_Under_Pressure____The_Palki_Sh.mp4,767,3525.2,3529.6,4.4,Title Card,70.0,"Title Card: headline=0.0455, textcov=0.0875, stability=0.84"
LIVE___Sensex_Falls_Again__Why_Are_Indian_Markets_Under_Pressure____The_Palki_Sh.mp4,768,3529.667,3545.867,16.2,Title Card,78.0,"Title Card: headline=0.5124, textcov=0.6713, stability=0.95"
