shot_id,start_time,end_time,duration,avg_hue,avg_saturation,avg_brightness,visual_stability_score,avg_edge_density,avg_text_coverage,avg_headline_text,avg_lower_third_text
1,0.0,0.8,0.8,0.0,0.0,94.11,0.679,0.1414,0.8026,0.5249,0.1292
2,0.867,4.333,3.466,0.0,0.0,96.73,0.88,0.1013,0.4,0.0691,0.0622
3,4.4,5.333,0.933,0.0,0.0,137.5,0.0,0.0361,0.0095,0.0,0.0
4,5.4,6.467,1.067,0.0,0.0,141.13,0.0,0.0251,0.0935,0.0,0.0
5,6.533,8.6,2.067,0.0,0.0,118.08,0.396,0.0545,0.2705,0.1543,0.0031
6,8.667,11.667,3.0,0.0,0.0,118.27,0.843,0.0872,0.2813,0.053,0.0797
7,11.733,14.533,2.8,0.0,0.0,97.73,0.887,0.0786,0.4482,0.2161,0.0107
8,14.6,15.2,0.6,0.0,0.0,93.5,0.639,0.1739,1.173,0.9088,0.0029
9,15.267,18.2,2.933,0.0,0.0,110.0,0.643,0.1378,0.8828,0.4966,0.1348
10,18.267,21.133,2.866,0.0,0.0,108.4,0.698,0.1022,0.5913,0.1878,0.1753
11,21.2,22.933,1.733,0.0,0.0,120.6,0.644,0.1096,0.9486,0.7087,0.0021
12,23.0,23.933,0.933,0.0,0.0,142.93,0.0,0.0372,0.0132,0.0,0.0
13,24.0,25.067,1.067,0.0,0.0,136.82,0.0,0.0258,0.0854,0.0,0.0
14,25.133,26.067,0.934,0.0,0.0,68.84,0.349,0.0257,0.0541,0.0167,0.0
15,26.133,30.867,4.734,0.0,0.0,128.12,0.426,0.0908,0.5288,0.2514,0.1024
16,30.933,34.267,3.334,0.0,0.0,103.25,0.861,0.116,0.4278,0.2221,0.0759
17,34.333,36.267,1.934,0.0,0.0,163.94,0.65,0.1205,0.8367,0.5888,0.056
18,36.333,41.867,5.534,0.0,0.0,141.26,0.692,0.1188,0.5618,0.2692,0.1057
19,41.933,42.867,0.934,0.0,0.0,145.02,0.0,0.0375,0.0128,0.0,0.0
20,42.933,43.933,1.0,0.0,0.0,140.74,0.0,0.0249,0.0831,0.0,0.0
21,44.0,45.4,1.4,0.0,0.0,89.69,0.247,0.0436,0.1117,0.057,0.0015
22,45.467,48.733,3.266,0.0,0.0,120.14,0.79,0.1465,0.7709,0.533,0.0705
23,48.8,52.067,3.267,0.0,0.0,90.21,0.56,0.1236,0.7424,0.3632,0.1445
24,52.133,55.6,3.467,0.0,0.0,90.1,0.78,0.0598,0.1696,0.0,0.0612
25,55.667,56.267,0.6,0.0,0.0,96.47,0.568,0.1274,0.6664,0.4525,0.0904
26,56.333,57.2,0.867,0.0,0.0,120.5,0.699,0.1529,0.7346,0.4902,0.064
27,57.267,58.2,0.933,0.0,0.0,141.25,0.0,0.0374,0.0142,0.0,0.0
28,58.267,59.933,1.666,0.0,0.0,113.99,0.0,0.0268,0.0774,0.0,0.0
29,60.0,62.133,2.133,0.0,0.0,144.09,0.527,0.0681,0.2507,0.1706,0.0183
30,62.2,65.6,3.4,0.0,0.0,113.82,0.909,0.0731,0.1643,0.0237,0.0891
31,65.667,69.0,3.333,0.0,0.0,133.6,0.789,0.1365,0.7074,0.4377,0.0154
32,69.067,70.8,1.733,0.0,0.0,134.08,0.857,0.1689,0.5927,0.3009,0.0825
33,70.867,72.733,1.866,0.0,0.0,103.67,0.877,0.1415,0.4579,0.199,0.0644
34,72.8,73.733,0.933,0.0,0.0,137.83,0.0,0.0375,0.0115,0.0,0.0
35,73.8,74.867,1.067,0.0,0.0,141.44,0.0,0.0257,0.0937,0.0,0.0
36,74.933,77.667,2.734,0.0,0.0,100.88,0.442,0.0741,0.3176,0.1352,0.0318
37,77.733,79.467,1.734,0.0,0.0,115.06,0.808,0.115,0.5968,0.3121,0.0811
38,79.533,84.467,4.934,0.0,0.0,99.32,0.522,0.093,0.4716,0.2666,0.0864
39,84.533,86.2,1.667,0.0,0.0,89.98,0.837,0.0843,0.3975,0.1791,0.0837
40,86.267,90.667,4.4,0.0,0.0,139.36,0.756,0.0922,0.6518,0.4475,0.0741
41,90.733,93.067,2.334,0.0,0.0,99.75,0.767,0.1083,0.7234,0.4447,0.0955
42,93.133,94.267,1.134,0.0,0.0,120.75,0.827,0.1172,0.6775,0.4373,0.0781
43,94.333,96.533,2.2,0.0,0.0,113.54,0.771,0.1124,0.5824,0.3027,0.0749
44,96.6,98.333,1.733,0.0,0.0,115.41,0.82,0.1162,0.5924,0.2959,0.0787
45,98.4,101.2,2.8,0.0,0.0,81.28,0.347,0.08,0.322,0.1112,0.0911
46,101.267,101.933,0.666,0.0,0.0,186.43,0.0,0.0591,0.0648,0.0051,0.0223
47,102.0,103.067,1.067,0.0,0.0,142.19,0.0,0.0233,0.0917,0.0,0.0
48,103.133,104.133,1.0,0.0,0.0,58.24,0.865,0.0208,0.0403,0.0,0.0
49,104.2,104.867,0.667,0.0,0.0,51.63,0.941,0.0182,0.0412,0.0,0.0
50,104.933,144.733,39.8,0.0,0.0,82.51,0.778,0.1328,1.0052,0.9089,0.0112
51,144.8,151.267,6.467,0.0,0.0,87.39,0.656,0.1511,1.2185,1.1353,0.0
52,151.333,157.0,5.667,0.0,0.0,85.72,0.648,0.1552,1.1877,1.1408,0.0001
53,157.067,160.067,3.0,0.0,0.0,92.03,0.88,0.1681,1.3023,1.2564,0.0
54,160.133,160.667,0.534,0.0,0.0,104.69,0.53,0.1321,1.2103,1.1939,0.001
55,160.733,173.533,12.8,0.0,0.0,95.4,0.775,0.157,1.3048,1.1978,0.0061
56,173.6,179.867,6.267,0.0,0.0,94.29,0.824,0.1638,1.3545,1.2583,0.0001
57,179.933,181.0,1.067,0.0,0.0,63.94,0.0,0.0762,0.3249,0.2664,0.0
58,181.067,183.133,2.066,0.0,0.0,95.74,0.891,0.124,0.9139,0.8681,0.0
59,183.2,243.467,60.267,0.0,0.0,105.42,0.81,0.1239,0.8964,0.8018,0.0001
60,243.533,244.333,0.8,0.0,0.0,97.69,0.729,0.1571,1.2053,1.09,0.0
61,244.4,245.667,1.267,0.0,0.0,75.06,0.479,0.1137,0.9623,0.8646,0.0
62,245.733,247.133,1.4,0.0,0.0,99.53,0.692,0.1724,1.2328,1.1655,0.0
63,247.2,249.267,2.067,0.0,0.0,96.83,0.614,0.2002,1.037,1.009,0.0
64,249.333,258.067,8.734,0.0,0.0,79.0,0.74,0.1431,1.0043,0.8397,0.0001
65,258.133,258.867,0.734,0.0,0.0,119.1,0.355,0.1536,1.1248,1.0902,0.0
66,258.933,260.933,2.0,0.0,0.0,103.72,0.518,0.1696,1.1765,1.1059,0.0
67,261.0,261.933,0.933,0.0,0.0,96.58,0.491,0.1373,1.0165,0.8729,0.0
68,262.0,263.533,1.533,0.0,0.0,96.93,0.806,0.1699,1.2536,1.1352,0.0
69,263.6,265.867,2.267,0.0,0.0,91.13,0.545,0.1534,0.9157,0.845,0.0003
70,265.933,268.467,2.534,0.0,0.0,97.82,0.526,0.2022,0.8819,0.8483,0.0
71,268.533,277.667,9.134,0.0,0.0,80.41,0.71,0.1339,1.0466,0.889,0.0
72,277.733,279.933,2.2,0.0,0.0,103.61,0.746,0.1755,1.1841,1.1468,0.0
73,280.0,281.933,1.933,0.0,0.0,99.81,0.437,0.1503,0.9965,0.8571,0.0004
74,282.0,283.733,1.733,0.0,0.0,101.56,0.546,0.1654,1.1566,1.0872,0.0
75,283.8,284.8,1.0,0.0,0.0,68.37,0.786,0.1129,0.9605,0.8604,0.0
76,284.867,288.067,3.2,0.0,0.0,97.72,0.656,0.1773,1.1116,1.0366,0.0
77,288.133,306.333,18.2,0.0,0.0,84.33,0.773,0.1379,0.9844,0.8108,0.0001
78,306.4,313.333,6.933,0.0,0.0,88.24,0.774,0.1391,1.0665,0.9974,0.0001
79,313.4,315.467,2.067,0.0,0.0,92.46,0.677,0.1349,0.9714,0.872,0.0003
80,315.533,322.333,6.8,0.0,0.0,91.57,0.846,0.1546,1.1189,0.938,0.0
81,322.4,358.533,36.133,0.0,0.0,94.49,0.767,0.1485,1.0164,0.8336,0.0001
82,358.6,362.6,4.0,0.0,0.0,102.36,0.668,0.1634,1.1449,1.0776,0.0016
83,362.667,363.533,0.866,0.0,0.0,101.4,0.503,0.1603,0.7912,0.7091,0.0
84,363.6,371.333,7.733,0.0,0.0,105.27,0.669,0.1708,1.306,1.221,0.0002
85,371.4,373.267,1.867,0.0,0.0,98.92,0.475,0.1538,1.1182,0.9717,0.0002
86,373.333,374.133,0.8,0.0,0.0,95.19,0.524,0.1629,1.2544,1.1688,0.0
87,374.2,377.933,3.733,0.0,0.0,89.19,0.659,0.1621,1.2499,1.1746,0.0
88,378.0,387.333,9.333,0.0,0.0,87.87,0.665,0.1573,1.2163,1.1543,0.0001
89,387.4,394.267,6.867,0.0,0.0,94.43,0.723,0.1524,1.0809,0.8279,0.0009
90,394.333,402.533,8.2,0.0,0.0,103.6,0.838,0.1849,1.2207,1.1242,0.0
91,402.6,410.067,7.467,0.0,0.0,101.93,0.755,0.169,1.2507,1.1832,0.0001
92,410.133,418.667,8.534,0.0,0.0,98.66,0.788,0.1645,1.3231,1.2575,0.0
93,418.733,421.4,2.667,0.0,0.0,99.12,0.0,0.0508,0.1968,0.1086,0.0008
94,421.467,423.067,1.6,0.0,0.0,71.16,0.758,0.0512,0.2253,0.2054,0.0
95,423.133,425.267,2.134,0.0,0.0,77.24,0.909,0.0996,0.8511,0.784,0.0024
96,425.333,428.733,3.4,0.0,0.0,97.59,0.476,0.0826,0.6943,0.6208,0.0002
97,428.8,470.8,42.0,0.0,0.0,93.88,0.644,0.1374,0.6661,0.5514,0.0394
98,470.867,503.867,33.0,0.0,0.0,95.07,0.735,0.1494,0.6855,0.5439,0.044
99,503.933,551.933,48.0,0.0,0.0,96.33,0.728,0.1527,0.6958,0.5646,0.048
100,552.0,573.267,21.267,0.0,0.0,94.94,0.73,0.1371,0.6527,0.4893,0.0458
101,573.333,577.933,4.6,0.0,0.0,78.69,0.902,0.0879,0.7855,0.6361,0.0348
102,578.0,587.933,9.933,0.0,0.0,86.27,0.868,0.1027,0.7743,0.7026,0.0001
103,588.0,620.333,32.333,0.0,0.0,115.81,0.877,0.1092,0.4149,0.3141,0.0117
104,620.4,621.333,0.933,0.0,0.0,104.77,0.676,0.1004,0.9355,0.8675,0.0379
105,621.4,631.733,10.333,0.0,0.0,106.51,0.451,0.086,0.5979,0.4241,0.0655
106,631.8,633.533,1.733,0.0,0.0,70.78,0.752,0.0471,0.2005,0.1144,0.0
107,633.6,640.467,6.867,0.0,0.0,84.58,0.763,0.0971,0.7035,0.5632,0.0193
108,640.533,647.133,6.6,0.0,0.0,80.87,0.867,0.1304,0.7399,0.5567,0.0187
109,647.2,657.267,10.067,0.0,0.0,83.06,0.881,0.1176,0.9569,0.816,0.0081
110,657.333,657.933,0.6,0.0,0.0,79.61,0.651,0.1445,0.8424,0.7939,0.0077
111,658.0,663.533,5.533,0.0,0.0,76.31,0.853,0.1382,0.7857,0.6548,0.0783
112,663.6,684.867,21.267,0.0,0.0,76.27,0.83,0.1058,0.5046,0.3355,0.0305
113,684.933,702.533,17.6,0.0,0.0,69.09,0.706,0.1283,0.6851,0.5538,0.0083
114,702.6,715.333,12.733,0.0,0.0,132.82,0.865,0.1305,0.6516,0.416,0.1236
115,715.4,716.467,1.067,0.0,0.0,99.97,0.605,0.1191,1.0047,0.9016,0.0028
116,716.533,720.4,3.867,0.0,0.0,88.1,0.81,0.1147,0.8602,0.7593,0.0002
117,720.467,731.067,10.6,0.0,0.0,110.13,0.881,0.1085,0.5078,0.3174,0.0416
118,731.133,738.733,7.6,0.0,0.0,102.45,0.826,0.1229,1.0317,0.9405,0.0052
119,738.8,741.467,2.667,0.0,0.0,80.11,0.859,0.1285,0.8976,0.7293,0.0031
120,741.533,743.467,1.934,0.0,0.0,64.64,0.604,0.1397,0.7097,0.4528,0.0132
121,743.533,755.0,11.467,0.0,0.0,69.54,0.818,0.1033,0.4348,0.2277,0.0657
122,755.067,759.933,4.866,0.0,0.0,76.0,0.748,0.08,0.7733,0.6904,0.0134
123,760.0,761.067,1.067,0.0,0.0,72.3,0.0,0.0488,0.1555,0.0661,0.0006
124,761.133,766.0,4.867,0.0,0.0,78.84,0.645,0.1269,1.1746,1.1149,0.0
125,766.067,775.333,9.266,0.0,0.0,82.8,0.68,0.1327,1.0976,1.035,0.0
126,775.4,777.6,2.2,0.0,0.0,75.69,0.684,0.1304,1.0388,0.9844,0.0003
127,777.667,785.467,7.8,0.0,0.0,85.31,0.683,0.1389,1.2012,1.1489,0.0
128,785.533,787.0,1.467,0.0,0.0,91.47,0.425,0.1317,0.8116,0.7378,0.0
129,787.067,791.667,4.6,0.0,0.0,87.89,0.643,0.1421,0.8604,0.826,0.0001
130,791.733,793.933,2.2,0.0,0.0,91.86,0.59,0.1477,0.8226,0.7854,0.0
131,794.0,796.133,2.133,0.0,0.0,88.42,0.57,0.1465,0.8634,0.7861,0.0
132,796.2,799.667,3.467,0.0,0.0,92.39,0.662,0.163,0.9818,0.9104,0.0
133,799.733,800.933,1.2,0.0,0.0,96.89,0.649,0.1603,0.9294,0.8772,0.0
134,801.0,802.533,1.533,0.0,0.0,86.25,0.749,0.1449,0.8039,0.7781,0.0
135,802.6,809.533,6.933,0.0,0.0,86.07,0.689,0.1494,0.8768,0.8161,0.0002
136,809.6,810.533,0.933,0.0,0.0,90.07,0.692,0.1555,0.7909,0.7045,0.0
137,810.6,815.333,4.733,0.0,0.0,84.11,0.782,0.1498,0.8862,0.8379,0.0
138,815.4,815.933,0.533,0.0,0.0,83.79,0.844,0.1507,0.939,0.8656,0.0
139,816.0,818.667,2.667,0.0,0.0,87.02,0.821,0.1486,0.934,0.8429,0.0
140,818.733,824.267,5.534,0.0,0.0,109.59,0.673,0.141,0.9067,0.8515,0.0001
141,824.333,825.667,1.334,0.0,0.0,88.12,0.623,0.1419,0.9452,0.8303,0.0005
142,825.733,828.533,2.8,0.0,0.0,84.53,0.697,0.1526,0.8871,0.7658,0.0
143,828.6,830.0,1.4,0.0,0.0,84.65,0.92,0.1757,0.9622,0.8899,0.0
144,830.067,831.933,1.866,0.0,0.0,82.06,0.836,0.158,0.9631,0.9205,0.0
145,832.0,832.6,0.6,0.0,0.0,83.56,0.791,0.1571,0.976,0.9357,0.0
146,832.667,835.133,2.466,0.0,0.0,94.32,0.634,0.1542,0.8398,0.7884,0.0002
147,835.2,837.533,2.333,0.0,0.0,94.71,0.46,0.1477,0.8345,0.7607,0.0
148,837.6,840.467,2.867,0.0,0.0,91.27,0.647,0.1546,0.9966,0.9122,0.0
149,840.533,841.6,1.067,0.0,0.0,84.26,0.616,0.126,0.7468,0.6305,0.0005
150,841.667,842.733,1.066,0.0,0.0,68.96,0.0,0.0652,0.2424,0.1036,0.0
151,842.8,844.133,1.333,0.0,0.0,88.85,0.303,0.1235,0.8356,0.7069,0.0
152,844.2,847.933,3.733,0.0,0.0,88.39,0.785,0.1584,0.9723,0.9431,0.0
153,848.0,848.533,0.533,0.0,0.0,75.3,0.776,0.1352,0.9646,0.9019,0.0
154,848.6,851.2,2.6,0.0,0.0,90.38,0.656,0.1245,0.9126,0.8431,0.0
155,851.267,854.267,3.0,0.0,0.0,88.09,0.573,0.1361,0.8984,0.8288,0.0
156,854.333,856.8,2.467,0.0,0.0,84.85,0.729,0.1452,1.0364,0.9945,0.0
157,856.867,857.933,1.066,0.0,0.0,98.07,0.356,0.1249,0.923,0.85,0.0005
158,858.0,860.267,2.267,0.0,0.0,96.93,0.486,0.1334,0.8852,0.8331,0.0
159,860.333,865.267,4.934,0.0,0.0,70.06,0.861,0.1286,0.9801,0.9524,0.0
160,865.333,866.733,1.4,0.0,0.0,92.68,0.405,0.123,0.8966,0.8774,0.0
161,866.8,867.933,1.133,0.0,0.0,69.42,0.0,0.0691,0.277,0.1371,0.0002
162,868.0,869.733,1.733,0.0,0.0,97.06,0.395,0.1239,0.9818,0.9331,0.0
163,869.8,874.2,4.4,0.0,0.0,82.23,0.627,0.1345,0.9462,0.8743,0.0002
164,874.267,882.867,8.6,0.0,0.0,101.94,0.682,0.1656,1.0741,1.0219,0.0
165,882.933,885.733,2.8,0.0,0.0,100.74,0.599,0.1576,0.9815,0.8216,0.0
166,885.8,889.733,3.933,0.0,0.0,103.4,0.637,0.1667,1.104,1.0559,0.0002
167,889.8,891.733,1.933,0.0,0.0,78.78,0.096,0.1005,0.5432,0.4506,0.0
168,891.8,899.067,7.267,0.0,0.0,84.2,0.775,0.1485,1.2798,1.1988,0.0001
169,899.133,902.133,3.0,0.0,0.0,90.38,0.201,0.116,0.8854,0.7931,0.0
170,902.2,905.667,3.467,0.0,0.0,105.25,0.415,0.1448,1.09,0.9841,0.0002
171,905.733,906.267,0.534,0.0,0.0,97.89,0.392,0.1323,0.6793,0.5033,0.0004
172,906.333,913.0,6.667,0.0,0.0,92.85,0.456,0.148,1.1702,1.0463,0.0
173,913.067,915.067,2.0,0.0,0.0,94.31,0.433,0.1458,0.9787,0.8676,0.0004
174,915.133,925.267,10.134,0.0,0.0,90.64,0.553,0.139,1.0306,0.9231,0.0001
175,925.333,930.133,4.8,0.0,0.0,82.96,0.796,0.1536,1.2748,1.2123,0.0
176,930.2,931.067,0.867,0.0,0.0,94.41,0.425,0.109,0.5441,0.3734,0.0009
177,931.133,936.133,5.0,0.0,0.0,92.67,0.656,0.1429,1.1736,1.1154,0.0
178,936.2,938.133,1.933,0.0,0.0,88.8,0.551,0.13,0.8513,0.6917,0.0003
179,938.2,939.333,1.133,0.0,0.0,88.99,0.419,0.1315,0.6504,0.4338,0.0001
180,939.4,940.467,1.067,0.0,0.0,96.76,0.524,0.1439,1.0876,1.0175,0.0
181,940.533,941.267,0.734,0.0,0.0,103.03,0.745,0.1583,1.334,1.2808,0.0
182,941.333,946.333,5.0,0.0,0.0,75.13,0.841,0.1354,1.103,1.0674,0.0
183,946.4,947.133,0.733,0.0,0.0,94.97,0.291,0.1022,0.6744,0.6076,0.0002
184,947.2,950.067,2.867,0.0,0.0,80.52,0.476,0.1267,0.8386,0.7065,0.0
185,950.133,951.2,1.067,0.0,0.0,98.96,0.694,0.1358,1.1556,1.1072,0.0
186,951.267,954.067,2.8,0.0,0.0,84.07,0.565,0.1398,1.0081,0.938,0.0025
187,954.133,955.667,1.534,0.0,0.0,91.99,0.505,0.1395,0.7611,0.6976,0.0
188,955.733,959.933,4.2,0.0,0.0,106.23,0.71,0.1816,0.9689,0.9292,0.0
189,960.0,963.533,3.533,0.0,0.0,98.45,0.712,0.1681,0.9265,0.8542,0.0003
190,963.6,968.933,5.333,0.0,0.0,97.72,0.558,0.1513,0.8681,0.7987,0.0047
191,969.0,970.667,1.667,0.0,0.0,105.57,0.415,0.1284,0.7959,0.6983,0.0043
192,970.733,973.333,2.6,0.0,0.0,89.47,0.655,0.1482,0.9498,0.8697,0.0
193,973.4,979.333,5.933,0.0,0.0,92.56,0.824,0.171,1.0559,1.0196,0.0
194,979.4,980.467,1.067,0.0,0.0,99.53,0.416,0.1424,0.7368,0.6812,0.0001
195,980.533,982.133,1.6,0.0,0.0,86.31,0.685,0.1455,0.7882,0.7044,0.0002
196,982.2,983.267,1.067,0.0,0.0,90.35,0.748,0.1554,0.8952,0.8157,0.0
197,983.333,984.133,0.8,0.0,0.0,87.43,0.913,0.1645,0.9466,0.8642,0.0
198,984.2,986.467,2.267,0.0,0.0,92.79,0.692,0.1489,0.8217,0.7081,0.0119
199,986.533,988.333,1.8,0.0,0.0,96.77,0.708,0.1578,0.8224,0.7076,0.0001
200,988.4,994.0,5.6,0.0,0.0,114.43,0.766,0.1575,0.9832,0.9356,0.0
201,994.067,996.133,2.066,0.0,0.0,87.97,0.729,0.1548,0.9254,0.7853,0.0004
202,996.2,997.467,1.267,0.0,0.0,91.39,0.628,0.1622,0.8248,0.6678,0.0
203,997.533,998.333,0.8,0.0,0.0,95.99,0.704,0.1757,0.9915,0.9411,0.0
204,998.4,999.733,1.333,0.0,0.0,94.44,0.91,0.1888,1.0683,1.0214,0.0
205,999.8,1001.933,2.133,0.0,0.0,87.23,0.879,0.1667,0.9631,0.9502,0.0
206,1002.0,1003.133,1.133,0.0,0.0,90.02,0.818,0.1694,1.048,1.0154,0.0
207,1003.2,1005.133,1.933,0.0,0.0,95.43,0.545,0.1559,0.8889,0.8251,0.0029
208,1005.2,1006.533,1.333,0.0,0.0,83.61,0.644,0.148,0.7938,0.7086,0.0
209,1006.6,1007.467,0.867,0.0,0.0,91.37,0.638,0.1441,0.7029,0.6571,0.0
210,1007.533,1014.133,6.6,0.0,0.0,93.89,0.708,0.1599,1.0013,0.9624,0.0001
211,1014.2,1015.467,1.267,0.0,0.0,93.74,0.438,0.1509,0.6932,0.5657,0.0003
212,1015.533,1016.667,1.134,0.0,0.0,99.55,0.487,0.1566,0.8355,0.7887,0.0
213,1016.733,1017.667,0.934,0.0,0.0,105.32,0.745,0.1707,1.2004,1.161,0.0
214,1017.733,1023.133,5.4,0.0,0.0,81.07,0.774,0.146,0.9463,0.9331,0.001
215,1023.2,1026.467,3.267,0.0,0.0,86.52,0.49,0.1441,0.7773,0.715,0.0
216,1026.533,1027.733,1.2,0.0,0.0,101.22,0.655,0.1439,1.0532,1.0219,0.0
217,1027.8,1031.067,3.267,0.0,0.0,73.97,0.7,0.1371,1.1275,1.0659,0.0
218,1031.133,1032.067,0.934,0.0,0.0,82.58,0.462,0.1057,0.8676,0.8225,0.0007
219,1032.133,1042.467,10.334,0.0,0.0,92.72,0.705,0.1522,1.2797,1.2223,0.0005
220,1042.533,1049.067,6.534,0.0,0.0,90.09,0.797,0.1364,1.2384,1.0341,0.0
221,1049.133,1051.333,2.2,0.0,0.0,97.84,0.542,0.1222,0.6698,0.4821,0.0005
222,1051.4,1052.133,0.733,0.0,0.0,83.96,0.427,0.0932,0.6796,0.5292,0.005
223,1052.2,1061.667,9.467,0.0,0.0,91.76,0.696,0.1393,1.2127,1.0391,0.0
224,1061.733,1065.933,4.2,0.0,0.0,90.18,0.704,0.1373,1.0178,0.8258,0.0001
225,1066.0,1071.867,5.867,0.0,0.0,113.19,0.822,0.1291,0.7248,0.391,0.0134
226,1071.933,1076.733,4.8,0.0,0.0,115.3,0.837,0.1321,0.8198,0.5329,0.0074
227,1076.8,1080.8,4.0,0.0,0.0,127.27,0.612,0.1017,0.6651,0.4253,0.0303
228,1080.867,1083.867,3.0,0.0,0.0,96.64,0.793,0.0924,0.3614,0.2806,0.0338
229,1083.933,1085.667,1.734,0.0,0.0,148.58,0.667,0.1624,1.1316,1.0039,0.0036
230,1085.733,1086.933,1.2,0.0,0.0,143.33,0.828,0.065,0.3389,0.2364,0.0393
231,1087.0,1089.533,2.533,0.0,0.0,152.03,0.817,0.0862,0.6175,0.5693,0.0175
232,1089.6,1091.6,2.0,0.0,0.0,136.62,0.838,0.0749,0.4048,0.1958,0.0944
233,1091.667,1094.6,2.933,0.0,0.0,113.8,0.818,0.136,0.8076,0.4512,0.0178
234,1094.667,1097.533,2.866,0.0,0.0,76.49,0.818,0.132,0.9337,0.8098,0.0001
235,1097.6,1099.867,2.267,0.0,0.0,110.08,0.351,0.1596,1.0451,0.8834,0.0748
236,1099.933,1112.667,12.734,0.0,0.0,145.44,0.822,0.1413,0.7671,0.4734,0.1274
237,1112.733,1119.333,6.6,0.0,0.0,122.24,0.813,0.13,0.9964,0.8275,0.0225
238,1119.4,1121.267,1.867,0.0,0.0,104.39,0.734,0.0959,0.2683,0.0959,0.0289
239,1121.333,1125.267,3.934,0.0,0.0,98.44,0.666,0.0989,0.2914,0.1438,0.0337
240,1125.333,1129.867,4.534,0.0,0.0,99.48,0.864,0.1159,0.5557,0.3754,0.0387
241,1129.933,1142.667,12.734,0.0,0.0,129.67,0.831,0.1258,0.4814,0.2326,0.1249
242,1142.733,1143.333,0.6,0.0,0.0,102.46,0.376,0.1078,0.4469,0.321,0.0013
243,1143.4,1145.867,2.467,0.0,0.0,79.27,0.816,0.1264,0.7368,0.6253,0.0107
244,1145.933,1146.6,0.667,0.0,0.0,108.29,0.845,0.1782,0.9662,0.9078,0.0
245,1146.667,1151.933,5.266,0.0,0.0,107.32,0.848,0.188,0.9094,0.852,0.0004
246,1152.0,1155.533,3.533,0.0,0.0,109.2,0.841,0.1823,0.9699,0.9151,0.008
247,1155.6,1164.533,8.933,0.0,0.0,110.37,0.867,0.1502,1.0455,0.9015,0.0065
248,1164.6,1167.933,3.333,0.0,0.0,105.52,0.861,0.1678,1.244,1.1783,0.0007
249,1168.0,1171.267,3.267,0.0,0.0,106.03,0.904,0.1723,1.3911,1.3319,0.0002
250,1171.333,1174.733,3.4,0.0,0.0,113.75,0.895,0.1737,1.3113,1.2827,0.0002
251,1174.8,1176.133,1.333,0.0,0.0,97.28,0.79,0.1608,1.3327,1.2755,0.0006
252,1176.2,1186.667,10.467,0.0,0.0,110.85,0.793,0.1031,0.3963,0.1989,0.0684
253,1186.733,1187.333,0.6,0.0,0.0,140.97,0.276,0.1041,0.5921,0.3434,0.0783
254,1187.4,1188.133,0.733,0.0,0.0,136.46,0.68,0.1007,0.5004,0.2035,0.1164
255,1188.2,1188.867,0.667,0.0,0.0,143.67,0.56,0.0977,0.539,0.2923,0.1031
256,1188.933,1190.067,1.134,0.0,0.0,138.37,0.483,0.1027,0.6624,0.4562,0.07
257,1190.133,1196.2,6.067,0.0,0.0,93.04,0.406,0.115,0.6175,0.4464,0.0619
258,1196.267,1203.4,7.133,0.0,0.0,107.04,0.259,0.1306,0.6786,0.4319,0.0596
259,1203.467,1205.533,2.066,0.0,0.0,112.42,0.0,0.0541,0.2125,0.126,0.023
260,1205.6,1207.867,2.267,0.0,0.0,65.55,0.714,0.047,0.202,0.1718,0.0
261,1207.933,1211.4,3.467,0.0,0.0,74.78,0.757,0.0824,0.7577,0.667,0.0125
262,1211.467,1214.533,3.066,0.0,0.0,98.49,0.427,0.0776,0.5765,0.48,0.0002
263,1214.6,1244.933,30.333,0.0,0.0,78.35,0.598,0.1028,0.519,0.3685,0.041
264,1245.0,1246.867,1.867,0.0,0.0,84.73,0.0,0.0691,0.3565,0.2025,0.0064
265,1246.933,1256.867,9.934,0.0,0.0,80.5,0.751,0.1242,0.6629,0.5119,0.0181
266,1256.933,1266.933,10.0,0.0,0.0,80.54,0.661,0.1323,0.7199,0.6429,0.0134
267,1267.0,1277.2,10.2,0.0,0.0,81.17,0.753,0.13,0.7329,0.655,0.0192
268,1277.267,1287.2,9.933,0.0,0.0,82.51,0.67,0.1344,0.6202,0.5151,0.0255
269,1287.267,1296.933,9.666,0.0,0.0,78.93,0.748,0.1334,0.6666,0.5731,0.0194
270,1297.0,1306.933,9.933,0.0,0.0,83.77,0.672,0.1326,0.6609,0.5814,0.0144
271,1307.0,1317.067,10.067,0.0,0.0,79.54,0.758,0.1363,0.641,0.5606,0.0209
272,1317.133,1327.067,9.934,0.0,0.0,82.35,0.66,0.1328,0.6506,0.5419,0.0255
273,1327.133,1337.2,10.067,0.0,0.0,80.61,0.754,0.1333,0.6656,0.5732,0.02
274,1337.267,1347.2,9.933,0.0,0.0,80.19,0.664,0.1299,0.7216,0.6216,0.0141
275,1347.267,1350.667,3.4,0.0,0.0,75.59,0.481,0.0865,0.4543,0.3065,0.0145
276,1350.733,1356.8,6.067,0.0,0.0,72.53,0.907,0.0914,0.7936,0.6858,0.0207
277,1356.867,1358.133,1.266,0.0,0.0,83.72,0.0,0.0517,0.211,0.0911,0.0179
278,1358.2,1367.467,9.267,0.0,0.0,78.21,0.814,0.1493,0.8138,0.586,0.0245
279,1367.533,1368.067,0.534,0.0,0.0,109.6,0.729,0.1442,0.7252,0.489,0.0285
280,1368.133,1377.267,9.134,0.0,0.0,74.64,0.826,0.1357,1.0192,0.8592,0.0197
281,1377.333,1387.333,10.0,0.0,0.0,79.72,0.763,0.1309,0.9947,0.8885,0.0137
282,1387.4,1392.8,5.4,0.0,0.0,77.79,0.68,0.1388,0.9448,0.8507,0.0046
283,1392.867,1397.867,5.0,0.0,0.0,78.65,0.798,0.1301,1.1321,1.0923,0.0
284,1397.933,1401.133,3.2,0.0,0.0,74.98,0.886,0.1438,1.2804,1.2041,0.0
285,1401.2,1402.867,1.667,0.0,0.0,84.83,0.647,0.1245,0.7025,0.5847,0.0004
286,1402.933,1404.933,2.0,0.0,0.0,71.54,0.167,0.0898,0.4079,0.3256,0.0002
287,1405.0,1407.933,2.933,0.0,0.0,93.36,0.612,0.1378,0.8649,0.7679,0.0415
288,1408.0,1410.533,2.533,0.0,0.0,87.28,0.923,0.1497,1.0164,0.9078,0.0488
289,1410.6,1416.067,5.467,0.0,0.0,89.78,0.836,0.1635,0.8711,0.6618,0.0447
290,1416.133,1418.267,2.134,0.0,0.0,82.04,0.818,0.1638,0.8779,0.749,0.0545
291,1418.333,1421.733,3.4,0.0,0.0,91.03,0.832,0.1661,1.0901,0.9725,0.0329
292,1421.8,1422.533,0.733,0.0,0.0,84.91,0.731,0.1506,0.8406,0.7201,0.0413
293,1422.6,1423.267,0.667,0.0,0.0,84.85,0.658,0.1602,0.7931,0.6261,0.045
294,1423.333,1429.267,5.934,0.0,0.0,85.81,0.829,0.1647,0.9135,0.7657,0.0367
295,1429.333,1430.933,1.6,0.0,0.0,96.46,0.829,0.1632,0.9434,0.7946,0.0388
296,1431.0,1433.267,2.267,0.0,0.0,84.26,0.825,0.1622,0.9643,0.8213,0.0555
297,1433.333,1437.4,4.067,0.0,0.0,86.01,0.8,0.1583,0.7986,0.6071,0.0442
298,1437.467,1438.267,0.8,0.0,0.0,82.49,0.728,0.1586,0.7376,0.6057,0.0489
299,1438.333,1443.333,5.0,0.0,0.0,85.86,0.856,0.1656,1.0331,0.8911,0.0486
300,1443.4,1466.267,22.867,0.0,0.0,96.37,0.683,0.1387,0.7874,0.6428,0.0354
301,1466.333,1473.333,7.0,0.0,0.0,103.14,0.633,0.1277,0.47,0.2507,0.0362
302,1473.4,1477.533,4.133,0.0,0.0,104.83,0.61,0.134,0.5186,0.3407,0.0371
303,1477.6,1480.933,3.333,0.0,0.0,81.99,0.74,0.14,0.4445,0.2867,0.0241
304,1481.0,1482.6,1.6,0.0,0.0,81.13,0.676,0.1393,0.4422,0.2602,0.0346
305,1482.667,1505.2,22.533,0.0,0.0,92.16,0.721,0.1398,0.7383,0.5757,0.036
306,1505.267,1509.267,4.0,0.0,0.0,85.77,0.872,0.1668,1.176,1.0797,0.0344
307,1509.333,1511.067,1.734,0.0,0.0,89.92,0.758,0.1581,0.8363,0.7305,0.033
308,1511.133,1513.333,2.2,0.0,0.0,94.58,0.796,0.1545,0.8274,0.7011,0.0419
309,1513.4,1515.133,1.733,0.0,0.0,85.91,0.59,0.1517,0.8544,0.7846,0.0252
310,1515.2,1520.133,4.933,0.0,0.0,87.73,0.756,0.1488,1.0225,0.9371,0.0319
311,1520.2,1534.133,13.933,0.0,0.0,84.6,0.795,0.137,0.86,0.7379,0.0352
312,1534.2,1539.2,5.0,0.0,0.0,91.25,0.716,0.1303,0.6756,0.5549,0.039
313,1539.267,1544.2,4.933,0.0,0.0,89.52,0.851,0.1475,0.9522,0.7767,0.0406
314,1544.267,1549.2,4.933,0.0,0.0,92.89,0.802,0.1352,0.6864,0.5516,0.0337
315,1549.267,1553.333,4.066,0.0,0.0,79.89,0.601,0.1166,0.7043,0.5664,0.0272
316,1553.4,1580.933,27.533,0.0,0.0,78.88,0.858,0.1362,0.8918,0.7684,0.0358
317,1581.0,1583.467,2.467,0.0,0.0,82.68,0.788,0.1424,1.1347,1.0064,0.0384
318,1583.533,1596.667,13.134,0.0,0.0,83.02,0.841,0.1275,0.9325,0.8273,0.033
319,1596.733,1604.267,7.534,0.0,0.0,74.22,0.772,0.1424,1.1028,1.0087,0.0016
320,1604.333,1607.267,2.934,0.0,0.0,78.9,0.687,0.1399,1.247,1.1782,0.0003
321,1607.333,1612.267,4.934,0.0,0.0,73.67,0.841,0.1483,1.3388,1.2391,0.0
322,1612.333,1613.733,1.4,0.0,0.0,76.73,0.863,0.1533,1.4071,1.304,0.0
323,1613.8,1617.267,3.467,0.0,0.0,79.86,0.635,0.1393,1.159,1.064,0.0
324,1617.333,1622.267,4.934,0.0,0.0,73.46,0.875,0.1524,1.3269,1.262,0.0
325,1622.333,1623.067,0.734,0.0,0.0,80.97,0.617,0.1428,1.1917,1.0944,0.0
326,1623.133,1627.267,4.134,0.0,0.0,77.93,0.705,0.1413,0.9982,0.9203,0.0003
327,1627.333,1632.267,4.934,0.0,0.0,76.14,0.836,0.1467,1.2602,1.1588,0.0
328,1632.333,1637.267,4.934,0.0,0.0,77.01,0.718,0.1449,0.9961,0.8687,0.0
329,1637.333,1641.133,3.8,0.0,0.0,80.51,0.876,0.1492,0.9547,0.8871,0.0
330,1641.2,1645.0,3.8,0.0,0.0,82.4,0.667,0.118,0.5991,0.5017,0.0002
331,1645.067,1648.533,3.466,0.0,0.0,76.6,0.807,0.1297,1.0373,0.9258,0.0
332,1648.6,1654.933,6.333,0.0,0.0,80.26,0.795,0.1287,0.9819,0.8993,0.0
333,1655.0,1657.133,2.133,0.0,0.0,72.9,0.863,0.1346,1.0433,0.9456,0.0
334,1657.2,1657.933,0.733,0.0,0.0,86.42,0.527,0.1105,0.5097,0.3236,0.0008
335,1658.0,1660.0,2.0,0.0,0.0,90.54,0.546,0.1223,0.5501,0.3004,0.0001
336,1660.067,1664.933,4.866,0.0,0.0,91.22,0.795,0.1213,0.7007,0.5416,0.0
337,1665.0,1673.133,8.133,0.0,0.0,88.67,0.814,0.1421,1.0493,0.9255,0.0
338,1673.2,1675.533,2.333,0.0,0.0,91.28,0.616,0.1391,0.7433,0.523,0.0003
339,1675.6,1680.533,4.933,0.0,0.0,92.85,0.781,0.1367,0.9891,0.8573,0.0
340,1680.6,1681.533,0.933,0.0,0.0,102.83,0.794,0.1507,1.1711,1.0484,0.0001
341,1681.6,1703.733,22.133,0.0,0.0,93.38,0.77,0.1442,1.1238,1.014,0.0001
342,1703.8,1704.333,0.533,0.0,0.0,94.91,0.586,0.1525,1.1927,1.0802,0.0001
343,1704.4,1705.467,1.067,0.0,0.0,95.66,0.561,0.1441,1.219,1.0547,0.0001
344,1705.533,1710.533,5.0,0.0,0.0,86.42,0.836,0.1267,1.0812,0.9308,0.0
345,1710.6,1711.6,1.0,0.0,0.0,82.34,0.717,0.1305,1.1983,1.0474,0.0
346,1711.667,1712.2,0.533,0.0,0.0,82.73,0.73,0.1263,1.1388,1.0482,0.0
347,1712.267,1712.933,0.666,0.0,0.0,98.67,0.499,0.1074,0.5944,0.4182,0.0008
348,1713.0,1716.667,3.667,0.0,0.0,93.62,0.724,0.1295,1.1082,1.0128,0.0
349,1716.733,1719.267,2.534,0.0,0.0,82.8,0.841,0.1394,1.2368,1.0983,0.0
350,1719.333,1719.867,0.534,0.0,0.0,97.58,0.571,0.1109,0.6245,0.4615,0.001
351,1719.933,1744.667,24.734,0.0,0.0,80.59,0.764,0.13,1.0925,0.9249,0.0004
352,1744.733,1748.933,4.2,0.0,0.0,76.74,0.893,0.0984,0.8824,0.8078,0.0
353,1749.0,1755.0,6.0,0.0,0.0,79.48,0.833,0.0941,0.8531,0.7658,0.0001
354,1755.067,1756.067,1.0,0.0,0.0,62.0,0.096,0.0678,0.2941,0.225,0.0
355,1756.133,1765.267,9.134,0.0,0.0,95.66,0.765,0.1457,1.0452,0.9825,0.0001
356,1765.333,1772.133,6.8,0.0,0.0,101.54,0.772,0.1279,1.1535,1.1171,0.0001
357,1772.2,1772.933,0.733,0.0,0.0,109.04,0.668,0.1202,1.061,1.0068,0.0001
358,1773.0,1775.333,2.333,0.0,0.0,98.51,0.618,0.1318,1.0806,0.9304,0.0
359,1775.4,1781.267,5.867,0.0,0.0,100.48,0.91,0.1476,1.2981,1.2023,0.0
360,1781.333,1788.467,7.134,0.0,0.0,96.88,0.594,0.1285,0.876,0.7861,0.0001
361,1788.533,1789.267,0.734,0.0,0.0,122.15,0.486,0.1295,0.8199,0.6869,0.0008
362,1789.333,1795.267,5.934,0.0,0.0,114.89,0.793,0.1577,1.0429,0.9528,0.0
363,1795.333,1795.867,0.534,0.0,0.0,126.77,0.458,0.1313,0.7266,0.7097,0.001
364,1795.933,1799.333,3.4,0.0,0.0,114.06,0.693,0.1539,0.8877,0.8055,0.0001
365,1799.4,1801.867,2.467,0.0,0.0,117.63,0.901,0.1438,0.7348,0.5046,0.0
366,1801.933,1811.267,9.334,0.0,0.0,112.54,0.811,0.1471,0.7663,0.5521,0.0
367,1811.333,1818.467,7.134,0.0,0.0,106.75,0.781,0.1453,0.9471,0.7586,0.0001
368,1818.533,1825.533,7.0,0.0,0.0,105.7,0.762,0.145,0.9632,0.8033,0.0001
369,1825.6,1832.933,7.333,0.0,0.0,105.19,0.766,0.143,0.8789,0.7085,0.0002
370,1833.0,1838.933,5.933,0.0,0.0,105.03,0.814,0.15,0.9576,0.7911,0.0
371,1839.0,1844.467,5.467,0.0,0.0,106.06,0.778,0.1426,0.8683,0.7153,0.0002
372,1844.533,1848.467,3.934,0.0,0.0,94.22,0.834,0.1422,1.0668,0.9806,0.0
373,1848.533,1855.267,6.734,0.0,0.0,105.42,0.79,0.143,0.9606,0.7859,0.0001
374,1855.333,1857.133,1.8,0.0,0.0,113.69,0.672,0.1404,0.8815,0.7346,0.0003
375,1857.2,1859.067,1.867,0.0,0.0,101.74,0.669,0.1569,0.7294,0.6638,0.0002
376,1859.133,1870.667,11.534,0.0,0.0,104.84,0.798,0.1481,0.9932,0.8454,0.0001
377,1870.733,1882.533,11.8,0.0,0.0,82.67,0.742,0.1644,0.9236,0.7689,0.0001
378,1882.6,1884.533,1.933,0.0,0.0,109.56,0.631,0.1348,0.8541,0.6527,0.0004
379,1884.6,1885.667,1.067,0.0,0.0,67.22,0.0,0.0548,0.1836,0.0748,0.0
380,1885.733,1897.0,11.267,0.0,0.0,117.49,0.797,0.1401,0.8313,0.778,0.0
381,1897.067,1915.2,18.133,0.0,0.0,107.78,0.788,0.1427,0.8698,0.7771,0.0001
382,1915.267,1917.867,2.6,0.0,0.0,111.76,0.736,0.1573,1.0452,0.9853,0.0001
383,1917.933,1922.933,5.0,0.0,0.0,118.82,0.778,0.1401,0.816,0.7259,0.0
384,1923.0,1927.933,4.933,0.0,0.0,107.01,0.836,0.1335,0.8864,0.8254,0.0
385,1928.0,1943.067,15.067,0.0,0.0,112.19,0.816,0.1457,0.8125,0.707,0.0005
386,1943.133,1958.067,14.934,0.0,0.0,108.79,0.758,0.1355,0.9679,0.8386,0.0001
387,1958.133,1960.267,2.134,0.0,0.0,89.13,0.094,0.1068,0.5847,0.4662,0.0002
388,1960.333,1961.667,1.334,0.0,0.0,110.18,0.708,0.1586,1.2386,1.1448,0.0
389,1961.733,1976.2,14.467,0.0,0.0,130.41,0.791,0.1667,0.8853,0.6447,0.1308
390,1976.267,1980.2,3.933,0.0,0.0,106.62,0.803,0.1521,1.2818,1.2122,0.0
391,1980.267,1990.133,9.866,0.0,0.0,103.68,0.731,0.142,0.965,0.9056,0.0001
392,1990.2,2001.4,11.2,0.0,0.0,110.41,0.808,0.1515,1.0265,0.9732,0.0
393,2001.467,2004.533,3.066,0.0,0.0,134.6,0.636,0.1036,0.5681,0.4851,0.0015
394,2004.6,2012.333,7.733,0.0,0.0,111.99,0.808,0.1167,0.6704,0.5452,0.0533
395,2012.4,2015.133,2.733,0.0,0.0,123.88,0.866,0.1281,0.8668,0.6532,0.1282
396,2015.2,2025.4,10.2,0.0,0.0,132.63,0.858,0.1233,0.7505,0.5706,0.1058
397,2025.467,2040.2,14.733,0.0,0.0,120.98,0.789,0.1271,0.6642,0.4091,0.1281
398,2040.267,2045.733,5.466,0.0,0.0,83.11,0.712,0.1317,1.0188,0.9372,0.0024
399,2045.8,2084.467,38.667,0.0,0.0,101.83,0.826,0.1197,1.0678,0.9542,0.0203
400,2084.533,2085.667,1.134,0.0,0.0,88.4,0.81,0.1591,1.2579,1.232,0.018
401,2085.733,2100.2,14.467,0.0,0.0,64.64,0.815,0.0955,0.5173,0.4206,0.0215
402,2100.267,2133.533,33.266,0.0,0.0,68.56,0.875,0.0994,0.4198,0.2418,0.0411
403,2133.6,2148.333,14.733,0.0,0.0,116.0,0.888,0.1213,0.4531,0.1969,0.1261
404,2148.4,2150.0,1.6,0.0,0.0,92.58,0.681,0.1246,0.6817,0.5402,0.0187
405,2150.067,2164.733,14.666,0.0,0.0,116.95,0.845,0.1287,0.4922,0.2303,0.128
406,2164.8,2169.533,4.733,0.0,0.0,72.54,0.808,0.1209,0.5123,0.3642,0.0213
407,2169.6,2184.333,14.733,0.0,0.0,114.98,0.881,0.1196,0.4178,0.1528,0.1255
408,2184.4,2194.667,10.267,0.0,0.0,62.82,0.862,0.1208,0.5828,0.495,0.002
409,2194.733,2232.4,37.667,0.0,0.0,67.6,0.882,0.096,0.3546,0.2065,0.0419
410,2232.467,2247.133,14.666,0.0,0.0,117.91,0.846,0.124,0.4397,0.1446,0.1288
411,2247.2,2250.933,3.733,0.0,0.0,64.9,0.812,0.0845,0.2543,0.1091,0.0426
412,2251.0,2252.8,1.8,0.0,0.0,57.89,0.764,0.1518,0.5049,0.2615,0.1004
413,2252.867,2267.533,14.666,0.0,0.0,113.56,0.852,0.1438,0.5448,0.3148,0.1268
414,2267.6,2269.267,1.667,0.0,0.0,69.51,0.599,0.1175,0.4938,0.3325,0.0422
415,2269.333,2277.267,7.934,0.0,0.0,112.59,0.699,0.1068,0.5457,0.3075,0.1153
416,2277.333,2280.2,2.867,0.0,0.0,89.82,0.301,0.0757,0.329,0.1534,0.0386
417,2280.267,2281.4,1.133,0.0,0.0,74.35,0.624,0.0405,0.1743,0.0233,0.0443
418,2281.467,2283.2,1.733,0.0,0.0,107.97,0.34,0.0631,0.3768,0.2447,0.0448
419,2283.267,2286.467,3.2,0.0,0.0,120.07,0.46,0.0606,0.2088,0.0533,0.0445
420,2286.533,2287.067,0.534,0.0,0.0,119.65,0.667,0.0417,0.1739,0.019,0.0443
421,2287.133,2288.333,1.2,0.0,0.0,135.2,0.49,0.0505,0.1608,0.0402,0.0456
422,2288.4,2293.667,5.267,0.0,0.0,46.44,0.269,0.0351,0.2711,0.1485,0.0035
423,2293.733,2294.8,1.067,0.0,0.0,40.39,0.06,0.0248,0.102,0.0177,0.0105
424,2294.867,2303.333,8.466,0.0,0.0,38.26,0.57,0.0346,0.204,0.1455,0.0014
425,2303.4,2308.467,5.067,0.0,0.0,40.69,0.439,0.0395,0.2041,0.1304,0.0004
426,2308.533,2316.933,8.4,0.0,0.0,54.5,0.862,0.0862,0.2936,0.1011,0.0221
427,2317.0,2326.933,9.933,0.0,0.0,80.04,0.827,0.1215,0.4662,0.2753,0.0201
428,2327.0,2327.6,0.6,0.0,0.0,111.73,0.613,0.1125,0.4001,0.2402,0.0243
429,2327.667,2349.267,21.6,0.0,0.0,114.55,0.819,0.1076,0.3609,0.2048,0.0192
430,2349.333,2389.067,39.734,0.0,0.0,100.35,0.792,0.0829,0.3387,0.2465,0.0205
431,2389.133,2391.133,2.0,0.0,0.0,139.98,0.888,0.0555,0.3186,0.1186,0.026
432,2391.2,2397.067,5.867,0.0,0.0,112.98,0.884,0.1045,0.4976,0.3206,0.0189
433,2397.133,2407.067,9.934,0.0,0.0,116.12,0.869,0.1067,0.5081,0.3213,0.0207
434,2407.133,2412.733,5.6,0.0,0.0,113.29,0.789,0.1001,0.4576,0.236,0.0219
435,2412.8,2418.933,6.133,0.0,0.0,71.0,0.706,0.0792,0.309,0.2176,0.0131
436,2419.0,2419.6,0.6,0.0,0.0,65.1,0.744,0.0015,0.0023,0.0,0.0
437,2419.667,2424.267,4.6,0.0,0.0,56.96,0.038,0.0504,0.2282,0.116,0.0111
438,2424.333,2426.267,1.934,0.0,0.0,72.61,0.515,0.0518,0.1872,0.068,0.0084
439,2426.333,2448.933,22.6,0.0,0.0,67.94,0.968,0.0481,0.1337,0.0741,0.0115
440,2449.0,2453.333,4.333,0.0,0.0,220.79,0.815,0.0276,0.2336,0.208,0.0098
441,2453.4,2455.867,2.467,0.0,0.0,4.25,0.758,0.0098,0.0366,0.0261,0.0
442,2455.933,2460.467,4.534,0.0,0.0,40.22,0.429,0.0381,0.2016,0.1267,0.0009
443,2460.533,2500.667,40.134,0.0,0.0,98.71,0.786,0.0818,0.3288,0.2179,0.0208
444,2500.733,2506.6,5.867,0.0,0.0,93.84,0.474,0.1137,0.2897,0.1397,0.0316
445,2506.667,2507.733,1.066,0.0,0.0,97.92,0.555,0.1143,0.2966,0.1383,0.0121
446,2507.8,2515.667,7.867,0.0,0.0,91.02,0.608,0.1203,0.3526,0.1565,0.0203
447,2515.733,2517.733,2.0,0.0,0.0,99.83,0.684,0.1196,0.4094,0.2848,0.017
448,2517.8,2527.467,9.667,0.0,0.0,95.8,0.707,0.1307,0.4316,0.2508,0.0207
449,2527.533,2530.533,3.0,0.0,0.0,99.66,0.623,0.1149,0.3762,0.2037,0.0135
450,2530.6,2533.267,2.667,0.0,0.0,93.27,0.656,0.125,0.3746,0.2266,0.0124
451,2533.333,2536.333,3.0,0.0,0.0,98.46,0.76,0.1419,0.4437,0.302,0.0158
452,2536.4,2537.533,1.133,0.0,0.0,96.62,0.718,0.1247,0.3685,0.2678,0.0
453,2537.6,2538.533,0.933,0.0,0.0,116.47,0.613,0.1116,0.2659,0.1296,0.0252
454,2538.6,2541.867,3.267,0.0,0.0,88.76,0.788,0.1186,0.3475,0.1591,0.0196
455,2541.933,2545.533,3.6,0.0,0.0,181.04,0.695,0.0541,0.1604,0.0516,0.028
456,2545.6,2552.333,6.733,0.0,0.0,73.75,0.691,0.0725,0.2842,0.1702,0.017
457,2552.4,2568.8,16.4,0.0,0.0,173.04,0.791,0.0536,0.195,0.09,0.0205
458,2568.867,2600.467,31.6,0.0,0.0,105.58,0.794,0.0817,0.3368,0.2509,0.021
459,2600.533,2601.133,0.6,0.0,0.0,65.12,0.743,0.0014,0.0041,0.0,0.0018
460,2601.2,2606.133,4.933,0.0,0.0,45.08,0.221,0.0424,0.2273,0.1434,0.0032
461,2606.2,2610.2,4.0,0.0,0.0,55.87,0.222,0.0417,0.3336,0.1759,0.0059
462,2610.267,2611.333,1.066,0.0,0.0,40.64,0.061,0.0248,0.0946,0.0042,0.0121
463,2611.4,2619.867,8.467,0.0,0.0,38.54,0.566,0.0349,0.2078,0.1485,0.0007
464,2619.933,2620.667,0.734,0.0,0.0,77.11,0.779,0.0864,0.7253,0.6403,0.0122
465,2620.733,2621.267,0.534,0.0,0.0,77.88,0.761,0.0607,0.6493,0.5542,0.0
466,2621.333,2625.933,4.6,0.0,0.0,79.14,0.882,0.0869,0.7814,0.6674,0.0282
467,2626.0,2627.467,1.467,0.0,0.0,69.9,0.101,0.0832,0.3812,0.2994,0.0219
468,2627.533,2637.733,10.2,0.0,0.0,86.45,0.758,0.1455,0.8848,0.8082,0.0213
469,2637.8,2643.667,5.867,0.0,0.0,84.68,0.733,0.1445,0.8283,0.736,0.0246
470,2643.733,2656.467,12.734,0.0,0.0,122.3,0.785,0.1507,0.7677,0.5408,0.1235
471,2656.533,2657.467,0.934,0.0,0.0,70.67,0.344,0.1097,1.1511,1.0951,0.0
472,2657.533,2658.667,1.134,0.0,0.0,91.82,0.67,0.1068,0.9046,0.7543,0.0209
473,2658.733,2667.533,8.8,0.0,0.0,105.9,0.75,0.1483,0.8463,0.7708,0.0262
474,2667.6,2670.933,3.333,0.0,0.0,73.03,0.788,0.1068,0.6935,0.5803,0.0139
475,2671.0,2672.0,1.0,0.0,0.0,59.9,0.039,0.0558,0.2171,0.029,0.0376
476,2672.067,2672.933,0.866,0.0,0.0,67.04,0.632,0.1182,0.702,0.6446,0.0099
477,2673.0,2677.6,4.6,0.0,0.0,111.7,0.583,0.1711,0.9795,0.9229,0.0212
478,2677.667,2687.8,10.133,0.0,0.0,95.74,0.525,0.161,0.9182,0.8364,0.0194
479,2687.867,2695.867,8.0,0.0,0.0,107.58,0.638,0.1794,0.8588,0.7936,0.0225
480,2695.933,2697.533,1.6,0.0,0.0,146.83,0.125,0.1817,1.1674,1.1253,0.0
481,2697.6,2699.533,1.933,0.0,0.0,137.28,0.129,0.129,0.8012,0.6431,0.0138
482,2699.6,2701.267,1.667,0.0,0.0,104.5,0.173,0.1346,0.7093,0.5326,0.0129
483,2701.333,2701.867,0.534,0.0,0.0,101.37,0.48,0.1414,0.7999,0.5655,0.0401
484,2701.933,2707.8,5.867,0.0,0.0,126.36,0.327,0.1651,1.0131,0.8809,0.027
485,2707.867,2735.067,27.2,0.0,0.0,117.95,0.359,0.1549,0.832,0.7053,0.0162
486,2735.133,2740.067,4.934,0.0,0.0,92.27,0.505,0.1404,0.8283,0.7414,0.0074
487,2740.133,2741.933,1.8,0.0,0.0,100.25,0.507,0.1392,0.733,0.6744,0.0051
488,2742.0,2743.6,1.6,0.0,0.0,122.33,0.7,0.1429,0.9044,0.8238,0.0028
489,2743.667,2745.133,1.466,0.0,0.0,108.05,0.48,0.1302,1.0292,0.9558,0.0008
490,2745.2,2745.733,0.533,0.0,0.0,110.68,0.702,0.1346,1.0688,1.032,0.0
491,2745.8,2748.533,2.733,0.0,0.0,106.54,0.558,0.1386,1.0002,0.9306,0.0001
492,2748.6,2751.133,2.533,0.0,0.0,108.85,0.816,0.1415,1.0701,0.9842,0.0003
493,2751.2,2757.6,6.4,0.0,0.0,98.51,0.591,0.1388,1.0249,0.9726,0.0003
494,2757.667,2759.4,1.733,0.0,0.0,96.3,0.592,0.1212,0.7522,0.6909,0.0069
495,2759.467,2763.933,4.466,0.0,0.0,93.19,0.352,0.1233,0.8665,0.724,0.0057
496,2764.0,2765.667,1.667,0.0,0.0,93.11,0.456,0.0961,0.6736,0.5738,0.0152
497,2765.733,2766.867,1.134,0.0,0.0,111.51,0.469,0.1457,0.7358,0.6602,0.0209
498,2766.933,2768.867,1.934,0.0,0.0,93.42,0.41,0.1302,0.6296,0.4607,0.0163
499,2768.933,2770.267,1.334,0.0,0.0,91.36,0.729,0.1263,0.6032,0.4165,0.0413
500,2770.333,2771.933,1.6,0.0,0.0,71.15,0.0,0.0797,0.3209,0.2083,0.0141
501,2772.0,2773.267,1.267,0.0,0.0,112.73,0.513,0.1346,0.5976,0.3781,0.0235
502,2773.333,2773.933,0.6,0.0,0.0,116.17,0.42,0.132,0.5582,0.3632,0.0248
503,2774.0,2775.667,1.667,0.0,0.0,116.3,0.512,0.1418,0.7099,0.5646,0.0169
504,2775.733,2778.6,2.867,0.0,0.0,131.36,0.387,0.1442,0.7338,0.6332,0.025
505,2778.667,2780.867,2.2,0.0,0.0,126.72,0.399,0.153,0.844,0.753,0.0118
506,2780.933,2784.333,3.4,0.0,0.0,100.03,0.596,0.1235,0.7695,0.6242,0.0517
507,2784.4,2788.533,4.133,0.0,0.0,99.7,0.532,0.1324,0.874,0.8086,0.0037
508,2788.6,2789.867,1.267,0.0,0.0,119.81,0.598,0.1329,0.9333,0.8927,0.0
509,2789.933,2791.933,2.0,0.0,0.0,95.31,0.608,0.1197,0.7994,0.7474,0.0066
510,2792.0,2797.467,5.467,0.0,0.0,104.29,0.55,0.1353,0.9012,0.7541,0.0058
511,2797.533,2798.8,1.267,0.0,0.0,110.74,0.564,0.124,0.8841,0.8545,0.0
512,2798.867,2801.933,3.066,0.0,0.0,101.65,0.743,0.1469,0.9106,0.8855,0.0
513,2802.0,2804.933,2.933,0.0,0.0,102.83,0.76,0.1461,0.9783,0.9002,0.0
514,2805.0,2805.667,0.667,0.0,0.0,108.97,0.509,0.1375,0.9289,0.829,0.001
515,2805.733,2807.533,1.8,0.0,0.0,109.48,0.63,0.1196,0.7871,0.6697,0.0
516,2807.6,2808.933,1.333,0.0,0.0,96.07,0.8,0.1409,0.9524,0.8674,0.0
517,2809.0,2812.2,3.2,0.0,0.0,91.53,0.656,0.1441,0.9241,0.8864,0.0053
518,2812.267,2820.467,8.2,0.0,0.0,88.7,0.712,0.1387,0.7456,0.6174,0.023
519,2820.533,2821.667,1.134,0.0,0.0,65.73,0.585,0.0996,0.8821,0.7536,0.0128
520,2821.733,2827.8,6.067,0.0,0.0,66.87,0.657,0.1125,0.9421,0.7884,0.0233
521,2827.867,2829.733,1.866,0.0,0.0,72.13,0.78,0.143,1.0206,0.9138,0.0332
522,2829.8,2830.333,0.533,0.0,0.0,77.58,0.589,0.1359,1.0926,1.0172,0.0
523,2830.4,2831.733,1.333,0.0,0.0,78.04,0.717,0.1224,0.9583,0.84,0.0
524,2831.8,2832.933,1.133,0.0,0.0,107.54,0.608,0.1335,0.9312,0.8571,0.0206
525,2833.0,2834.467,1.467,0.0,0.0,68.85,0.617,0.1208,0.8305,0.7327,0.0094
526,2834.533,2835.133,0.6,0.0,0.0,69.61,0.734,0.1178,0.7879,0.6632,0.019
527,2835.2,2837.267,2.067,0.0,0.0,67.62,0.725,0.1237,0.8473,0.7163,0.0239
528,2837.333,2840.067,2.734,0.0,0.0,72.6,0.809,0.1239,1.0138,0.9581,0.0088
529,2840.133,2841.8,1.667,0.0,0.0,68.21,0.554,0.1114,0.9862,0.9463,0.0
530,2841.867,2842.533,0.666,0.0,0.0,91.44,0.405,0.0951,0.7957,0.6814,0.0241
531,2842.6,2849.4,6.8,0.0,0.0,65.92,0.781,0.1132,0.8878,0.753,0.0241
532,2849.467,2851.8,2.333,0.0,0.0,86.38,0.656,0.1229,1.0624,0.9665,0.0268
533,2851.867,2863.133,11.266,0.0,0.0,99.24,0.683,0.1336,0.9156,0.8132,0.0172
534,2863.2,2872.733,9.533,0.0,0.0,95.96,0.571,0.1656,0.9563,0.8989,0.0001
535,2872.8,2879.533,6.733,0.0,0.0,98.3,0.716,0.1791,0.8676,0.8504,0.0
536,2879.6,2886.333,6.733,0.0,0.0,100.85,0.498,0.1633,0.781,0.741,0.0001
537,2886.4,2892.733,6.333,0.0,0.0,112.5,0.519,0.1813,1.0536,1.0179,0.0
538,2892.8,2893.933,1.133,0.0,0.0,117.84,0.361,0.1736,0.8065,0.7773,0.0002
539,2894.0,2895.533,1.533,0.0,0.0,107.35,0.587,0.174,1.2154,1.1596,0.0
540,2895.6,2896.4,0.8,0.0,0.0,100.04,0.472,0.149,0.9229,0.8763,0.0
541,2896.467,2897.733,1.266,0.0,0.0,105.55,0.545,0.1326,0.9228,0.8641,0.0
542,2897.8,2901.267,3.467,0.0,0.0,96.53,0.463,0.1505,1.0276,0.9406,0.0004
543,2901.333,2902.667,1.334,0.0,0.0,67.89,0.0,0.0684,0.315,0.1752,0.0003
544,2902.733,2904.0,1.267,0.0,0.0,76.59,0.597,0.1305,1.1431,1.0683,0.0
545,2904.067,2905.4,1.333,0.0,0.0,75.19,0.823,0.1232,1.0818,1.0211,0.0
546,2905.467,2906.733,1.266,0.0,0.0,88.03,0.761,0.1269,1.1519,1.1148,0.0
547,2906.8,2909.6,2.8,0.0,0.0,94.29,0.508,0.1124,0.771,0.68,0.0
548,2909.667,2911.467,1.8,0.0,0.0,92.88,0.638,0.086,0.4616,0.4103,0.0104
549,2911.533,2912.667,1.134,0.0,0.0,109.33,0.579,0.0988,0.54,0.4531,0.0184
550,2912.733,2914.533,1.8,0.0,0.0,71.66,0.613,0.1002,0.722,0.5613,0.0162
551,2914.6,2919.533,4.933,0.0,0.0,79.36,0.736,0.1103,1.0783,0.9418,0.0251
552,2919.6,2922.0,2.4,0.0,0.0,102.75,0.563,0.1021,0.9709,0.8732,0.0187
553,2922.067,2923.733,1.666,0.0,0.0,75.35,0.588,0.1061,1.0104,0.9132,0.0108
554,2923.8,2924.933,1.133,0.0,0.0,93.46,0.784,0.1016,0.954,0.7129,0.017
555,2925.0,2929.267,4.267,0.0,0.0,127.41,0.784,0.1209,0.4886,0.3344,0.0248
556,2929.333,2930.933,1.6,0.0,0.0,83.72,0.748,0.0809,0.3294,0.2949,0.0
557,2931.0,2932.6,1.6,0.0,0.0,91.24,0.618,0.0577,0.1885,0.1351,0.0157
558,2932.667,2935.867,3.2,0.0,0.0,44.13,0.799,0.0597,0.2198,0.124,0.0275
559,2935.933,2939.533,3.6,0.0,0.0,90.38,0.524,0.0846,0.4088,0.3449,0.0085
560,2939.6,2940.933,1.333,0.0,0.0,90.16,0.535,0.0841,0.2996,0.263,0.0
561,2941.0,2948.933,7.933,0.0,0.0,89.29,0.754,0.0819,0.4592,0.3351,0.0248
562,2949.0,2953.733,4.733,0.0,0.0,47.76,0.807,0.0607,0.2143,0.1633,0.0188
563,2953.8,2955.067,1.267,0.0,0.0,54.64,0.881,0.0761,0.2548,0.1305,0.0346
564,2955.133,2963.533,8.4,0.0,0.0,124.72,0.748,0.088,0.4869,0.3474,0.0141
565,2963.6,2980.2,16.6,0.0,0.0,103.27,0.841,0.0898,0.3408,0.2611,0.0081
566,2980.267,2984.933,4.666,0.0,0.0,115.65,0.922,0.1011,0.5678,0.392,0.021
567,2985.0,2986.267,1.267,0.0,0.0,134.38,0.701,0.0768,0.5115,0.3676,0.019
568,2986.333,2997.067,10.734,0.0,0.0,104.04,0.858,0.0902,0.3234,0.2116,0.0196
569,2997.133,3002.467,5.334,0.0,0.0,107.45,0.884,0.1163,0.6083,0.383,0.0191
570,3002.533,3009.4,6.867,0.0,0.0,107.61,0.73,0.0789,0.3188,0.2263,0.0162
571,3009.467,3011.067,1.6,0.0,0.0,97.84,0.39,0.0994,0.4628,0.3521,0.0211
572,3011.133,3013.6,2.467,0.0,0.0,109.58,0.637,0.1137,0.4836,0.3166,0.0352
573,3013.667,3035.333,21.666,0.0,0.0,112.43,0.833,0.0802,0.3054,0.2078,0.0316
574,3035.4,3040.467,5.067,0.0,0.0,54.08,0.268,0.0393,0.2825,0.1462,0.0072
575,3040.533,3041.533,1.0,0.0,0.0,41.26,0.007,0.0256,0.1078,0.0114,0.0126
576,3041.6,3050.067,8.467,0.0,0.0,38.06,0.567,0.0343,0.1981,0.1365,0.0032
577,3050.133,3095.4,45.267,0.0,0.0,92.63,0.744,0.0793,0.3281,0.2224,0.0178
578,3095.467,3105.067,9.6,0.0,0.0,95.35,0.778,0.13,0.5185,0.294,0.0252
579,3105.133,3115.067,9.934,0.0,0.0,95.32,0.789,0.1231,0.4653,0.222,0.0219
580,3115.133,3125.067,9.934,0.0,0.0,97.77,0.788,0.1278,0.4792,0.2548,0.0197
581,3125.133,3135.067,9.934,0.0,0.0,96.98,0.777,0.13,0.5112,0.2849,0.0138
582,3135.133,3145.4,10.267,0.0,0.0,97.84,0.759,0.1286,0.494,0.2671,0.0237
583,3145.467,3152.133,6.666,0.0,0.0,94.11,0.8,0.1259,0.4639,0.2343,0.0214
584,3152.2,3155.667,3.467,0.0,0.0,183.61,0.71,0.0474,0.1367,0.0163,0.0204
585,3155.733,3161.733,6.0,0.0,0.0,63.27,0.678,0.0721,0.2743,0.1473,0.0199
586,3161.8,3162.4,0.6,0.0,0.0,65.1,0.744,0.0011,0.003,0.0,0.0
587,3162.467,3176.2,13.733,0.0,0.0,41.42,0.476,0.0379,0.2085,0.1394,0.0023
588,3176.267,3205.067,28.8,0.0,0.0,80.26,0.787,0.0655,0.2815,0.1174,0.0123
589,3205.133,3215.2,10.067,0.0,0.0,82.65,0.728,0.0974,0.459,0.2812,0.0135
590,3215.267,3225.067,9.8,0.0,0.0,81.74,0.686,0.0929,0.4056,0.1852,0.0247
591,3225.133,3235.2,10.067,0.0,0.0,81.78,0.726,0.0741,0.2891,0.0915,0.0207
592,3235.267,3253.133,17.866,0.0,0.0,73.37,0.796,0.0602,0.298,0.1088,0.011
593,3253.2,3257.667,4.467,0.0,0.0,39.9,0.44,0.0372,0.1997,0.1289,0.0005
594,3257.733,3298.2,40.467,0.0,0.0,97.63,0.779,0.0819,0.3336,0.2203,0.0195
595,3298.267,3299.6,1.333,0.0,0.0,119.94,0.469,0.1445,0.5822,0.3971,0.0243
596,3299.667,3300.867,1.2,0.0,0.0,113.52,0.656,0.108,0.3177,0.1094,0.0347
597,3300.933,3304.4,3.467,0.0,0.0,85.58,0.377,0.1197,0.4973,0.2707,0.0275
598,3304.467,3305.333,0.866,0.0,0.0,89.77,0.64,0.107,0.4267,0.31,0.0204
599,3305.4,3305.933,0.533,0.0,0.0,56.85,0.329,0.096,0.3966,0.1877,0.0032
600,3306.0,3308.933,2.933,0.0,0.0,73.71,0.635,0.122,0.3853,0.2066,0.0197
601,3309.0,3310.733,1.733,0.0,0.0,80.76,0.681,0.0931,0.2336,0.1311,0.0175
602,3310.8,3313.133,2.333,0.0,0.0,137.81,0.82,0.1075,0.3956,0.2107,0.0246
603,3313.2,3314.067,0.867,0.0,0.0,64.41,0.517,0.0769,0.1678,0.1008,0.0092
604,3314.133,3315.133,1.0,0.0,0.0,85.18,0.715,0.0727,0.1465,0.0815,0.024
605,3315.2,3316.467,1.267,0.0,0.0,57.68,0.58,0.0911,0.2069,0.0581,0.004
606,3316.533,3318.467,1.934,0.0,0.0,99.73,0.622,0.1215,0.3508,0.0691,0.0376
607,3318.533,3320.267,1.734,0.0,0.0,67.06,0.639,0.1044,0.3028,0.1672,0.0228
608,3320.333,3323.067,2.734,0.0,0.0,90.98,0.872,0.1111,0.3265,0.1841,0.0235
609,3323.133,3324.067,0.934,0.0,0.0,112.15,0.481,0.0853,0.3048,0.2308,0.0
610,3324.133,3325.533,1.4,0.0,0.0,129.69,0.703,0.0882,0.2968,0.1993,0.0174
611,3325.6,3327.933,2.333,0.0,0.0,75.25,0.745,0.0881,0.2856,0.1412,0.0111
612,3328.0,3329.933,1.933,0.0,0.0,111.31,0.654,0.1074,0.3826,0.2405,0.025
613,3330.0,3334.133,4.133,0.0,0.0,63.02,0.643,0.117,0.4128,0.2773,0.0036
614,3334.2,3335.4,1.2,0.0,0.0,75.37,0.625,0.0863,0.1935,0.0369,0.0208
615,3335.467,3340.867,5.4,0.0,0.0,83.15,0.712,0.0942,0.282,0.0686,0.023
616,3340.933,3342.067,1.134,0.0,0.0,97.0,0.852,0.1205,0.2907,0.1022,0.0337
617,3342.133,3345.733,3.6,0.0,0.0,119.54,0.601,0.0794,0.2337,0.1254,0.0207
618,3345.8,3347.267,1.467,0.0,0.0,89.17,0.74,0.0689,0.2639,0.0964,0.0178
619,3347.333,3348.067,0.734,0.0,0.0,79.26,0.685,0.0852,0.2146,0.0723,0.04
620,3348.133,3350.0,1.867,0.0,0.0,86.35,0.601,0.0981,0.3288,0.1805,0.0228
621,3350.067,3354.133,4.066,0.0,0.0,72.39,0.838,0.1094,0.3169,0.1471,0.0206
622,3354.2,3355.0,0.8,0.0,0.0,99.23,0.705,0.0927,0.2529,0.1119,0.0267
623,3355.067,3357.733,2.666,0.0,0.0,73.83,0.609,0.1162,0.4869,0.1986,0.0092
624,3357.8,3360.733,2.933,0.0,0.0,88.07,0.761,0.0846,0.2042,0.0966,0.0241
625,3360.8,3367.133,6.333,0.0,0.0,135.38,0.754,0.0961,0.479,0.3206,0.0148
626,3367.2,3369.467,2.267,0.0,0.0,101.7,0.658,0.1645,1.005,0.8947,0.0233
627,3369.533,3371.067,1.534,0.0,0.0,110.84,0.399,0.1427,0.7702,0.5163,0.0223
628,3371.133,3374.8,3.667,0.0,0.0,186.66,0.733,0.0524,0.2191,0.1602,0.0038
629,3374.867,3381.067,6.2,0.0,0.0,65.11,0.719,0.0777,0.2964,0.1617,0.0235
630,3381.133,3383.4,2.267,0.0,0.0,59.43,0.0,0.0471,0.2872,0.1586,0.0107
631,3383.467,3384.667,1.2,0.0,0.0,77.31,0.727,0.0616,0.1683,0.0457,0.014
632,3384.733,3389.267,4.534,0.0,0.0,66.53,0.919,0.0445,0.1507,0.0424,0.0008
633,3389.333,3390.667,1.334,0.0,0.0,132.88,0.0,0.0833,0.454,0.2527,0.0427
634,3390.733,3391.667,0.934,0.0,0.0,111.76,0.0,0.0544,0.296,0.0825,0.0318
635,3391.733,3412.133,20.4,0.0,0.0,126.08,0.299,0.0907,0.4712,0.2379,0.033
636,3412.2,3413.667,1.467,0.0,0.0,123.34,0.74,0.1601,0.3307,0.1992,0.0236
637,3413.733,3417.933,4.2,0.0,0.0,104.38,0.62,0.1105,0.5792,0.4308,0.0311
638,3418.0,3421.667,3.667,0.0,0.0,138.1,0.208,0.0916,0.4001,0.1281,0.0619
639,3421.733,3425.467,3.734,0.0,0.0,127.06,0.176,0.0927,0.4116,0.1947,0.0512
640,3425.533,3426.333,0.8,0.0,0.0,143.45,0.18,0.0295,0.0393,0.0,0.0152
641,3426.4,3434.333,7.933,0.0,0.0,138.83,0.485,0.0981,0.4693,0.1742,0.0437
642,3434.4,3442.4,8.0,0.0,0.0,116.89,0.755,0.1283,0.6481,0.5033,0.0156
643,3442.467,3446.733,4.266,0.0,0.0,108.99,0.266,0.0982,0.3172,0.158,0.025
644,3446.8,3448.333,1.533,0.0,0.0,92.95,0.469,0.0749,0.2845,0.2386,0.0174
645,3448.4,3453.267,4.867,0.0,0.0,97.98,0.404,0.075,0.2834,0.2146,0.0209
646,3453.333,3454.933,1.6,0.0,0.0,91.24,0.216,0.1127,0.5386,0.3835,0.0149
647,3455.0,3458.8,3.8,0.0,0.0,100.8,0.548,0.122,0.5366,0.3746,0.0159
648,3458.867,3475.733,16.866,0.0,0.0,103.02,0.321,0.103,0.4248,0.2205,0.0293
649,3475.8,3479.0,3.2,0.0,0.0,124.59,0.57,0.0729,0.511,0.434,0.0194
650,3479.067,3480.733,1.666,0.0,0.0,74.4,0.958,0.0626,0.2047,0.0204,0.0276
651,3480.8,3482.6,1.8,0.0,0.0,152.78,0.574,0.0158,0.0384,0.002,0.0036
652,3482.667,3486.6,3.933,0.0,0.0,82.89,0.759,0.0472,0.1199,0.0028,0.009
653,3486.667,3490.533,3.866,0.0,0.0,131.87,0.929,0.0827,0.1489,0.0637,0.0014
654,3490.6,3494.6,4.0,0.0,0.0,100.26,0.932,0.0259,0.0988,0.0511,0.0
655,3494.667,3498.533,3.866,0.0,0.0,112.84,0.932,0.0833,0.3339,0.2612,0.0194
656,3498.6,3502.6,4.0,0.0,0.0,115.43,0.868,0.1151,0.3505,0.1006,0.0808
657,3502.667,3506.467,3.8,0.0,0.0,109.65,0.946,0.0389,0.1216,0.0284,0.0123
658,3506.533,3510.6,4.067,0.0,0.0,118.99,0.842,0.0999,0.2126,0.0296,0.0584
659,3510.667,3514.467,3.8,0.0,0.0,113.79,0.929,0.0788,0.1254,0.0083,0.0274
660,3514.533,3518.6,4.067,0.0,0.0,114.26,0.881,0.1,0.2661,0.0837,0.0631
661,3518.667,3522.533,3.866,0.0,0.0,113.16,0.907,0.0719,0.1448,0.0306,0.0203
662,3522.6,3526.533,3.933,0.0,0.0,103.75,0.907,0.0908,0.3517,0.2603,0.001
663,3526.6,3530.667,4.067,0.0,0.0,108.09,0.936,0.0768,0.1212,0.0035,0.0005
664,3530.733,3534.533,3.8,0.0,0.0,109.49,0.851,0.1415,0.5443,0.2826,0.1033
665,3534.6,3538.533,3.933,0.0,0.0,126.53,0.874,0.0844,0.1595,0.0387,0.0095
666,3538.6,3542.533,3.933,0.0,0.0,121.15,0.913,0.1157,0.2652,0.0208,0.0666
667,3542.6,3547.333,4.733,0.0,0.0,120.48,0.823,0.101,0.2687,0.2071,0.0
668,3547.4,3549.6,2.2,0.0,0.0,114.26,0.593,0.0904,0.2507,0.1603,0.0
669,3549.667,3551.6,1.933,0.0,0.0,100.03,0.96,0.0825,0.2954,0.2066,0.0
670,3551.667,3557.267,5.6,0.0,0.0,163.49,0.534,0.0766,0.3708,0.1157,0.0065
671,3557.333,3558.467,1.134,0.0,0.0,115.08,0.0,0.0953,0.3019,0.0678,0.0223
672,3558.533,3560.4,1.867,0.0,0.0,117.56,0.232,0.1117,0.4054,0.1553,0.0086
673,3560.467,3568.867,8.4,0.0,0.0,127.69,0.0,0.0292,0.2468,0.1199,0.0005
674,3568.933,3572.933,4.0,0.0,0.0,93.82,0.786,0.0517,0.1677,0.0411,0.0068
675,3573.0,3573.8,0.8,0.0,0.0,211.3,0.643,0.0361,0.2651,0.0707,0.0087
676,3573.867,3577.8,3.933,0.0,0.0,181.22,0.74,0.0905,0.462,0.3012,0.012
677,3577.867,3578.467,0.6,0.0,0.0,131.69,0.733,0.0347,0.2611,0.1259,0.047
678,3578.533,3579.867,1.334,0.0,0.0,130.22,0.882,0.0287,0.1947,0.0184,0.0
679,3579.933,3583.8,3.867,0.0,0.0,188.67,0.755,0.086,0.465,0.3091,0.0102
680,3583.867,3585.867,2.0,0.0,0.0,97.67,0.0,0.1355,0.9138,0.7613,0.0123
681,3585.933,3587.933,2.0,0.0,0.0,90.76,0.343,0.0819,0.4381,0.2633,0.0134
682,3588.0,3595.067,7.067,0.0,0.0,189.27,0.743,0.084,0.4515,0.2919,0.0102
683,3595.133,3597.133,2.0,0.0,0.0,125.35,0.847,0.0099,0.0151,0.0,0.0029
684,3597.2,3599.267,2.067,0.0,0.0,144.42,0.958,0.0311,0.1591,0.0047,0.0019
685,3599.333,3604.733,5.4,0.0,0.0,169.67,0.535,0.1141,0.624,0.5311,0.0083
686,3604.8,3605.733,0.933,0.0,0.0,119.81,0.527,0.0742,0.4249,0.2048,0.0069
687,3605.8,3608.533,2.733,0.0,0.0,120.88,0.0,0.1272,0.9033,0.8315,0.0031
688,3608.6,3614.067,5.467,0.0,0.0,186.53,0.814,0.0913,0.4818,0.3664,0.0104
689,3614.133,3616.867,2.734,0.0,0.0,120.01,0.811,0.2633,1.1355,1.0641,0.0568
690,3616.933,3625.733,8.8,0.0,0.0,187.31,0.887,0.0895,0.4701,0.3533,0.0115
691,3625.8,3638.467,12.667,0.0,0.0,123.68,0.607,0.0939,0.2908,0.0644,0.0326
692,3638.533,3692.867,54.334,0.0,0.0,72.5,0.859,0.0629,0.2606,0.1674,0.0032
693,3692.933,3697.867,4.934,0.0,0.0,77.01,0.898,0.1341,0.9288,0.8734,0.0004
694,3697.933,3699.867,1.934,0.0,0.0,57.03,0.678,0.1175,0.6778,0.5961,0.0114
695,3699.933,3701.467,1.534,0.0,0.0,75.26,0.745,0.1283,0.6448,0.5844,0.0055
696,3701.533,3703.667,2.134,0.0,0.0,79.4,0.817,0.122,0.9442,0.8782,0.0024
697,3703.733,3707.4,3.667,0.0,0.0,70.98,0.873,0.1317,0.9097,0.8376,0.0001
698,3707.467,3708.133,0.666,0.0,0.0,84.51,0.619,0.1257,1.163,1.1032,0.0
699,3708.2,3710.4,2.2,0.0,0.0,83.93,0.779,0.1082,0.7453,0.6073,0.0001
700,3710.467,3715.4,4.933,0.0,0.0,112.63,0.906,0.1086,0.9733,0.7906,0.0004
701,3715.467,3717.2,1.733,0.0,0.0,116.34,0.848,0.1138,1.1278,0.9801,0.0
702,3717.267,3720.733,3.466,0.0,0.0,74.16,0.604,0.0972,0.627,0.4997,0.0106
703,3720.8,3725.0,4.2,0.0,0.0,86.36,0.751,0.1461,0.9774,0.8846,0.0001
704,3725.067,3726.333,1.266,0.0,0.0,89.59,0.679,0.1146,1.2637,1.1949,0.0005
705,3726.4,3728.533,2.133,0.0,0.0,88.39,0.686,0.1099,0.9402,0.8105,0.0003
706,3728.6,3730.8,2.2,0.0,0.0,94.9,0.93,0.1121,0.9041,0.732,0.0004
707,3730.867,3734.2,3.333,0.0,0.0,87.52,0.726,0.0983,0.7241,0.5379,0.0087
708,3734.267,3738.6,4.333,0.0,0.0,88.36,0.764,0.111,0.8795,0.7669,0.0026
709,3738.667,3743.533,4.866,0.0,0.0,84.36,0.651,0.1102,0.7619,0.6163,0.0069
710,3743.6,3744.333,0.733,0.0,0.0,102.0,0.359,0.1155,1.0986,0.9835,0.0029
711,3744.4,3745.267,0.867,0.0,0.0,94.85,0.721,0.1254,1.1351,1.0358,0.001
712,3745.333,3748.6,3.267,0.0,0.0,83.73,0.776,0.1298,0.908,0.782,0.0002
713,3748.667,3754.133,5.466,0.0,0.0,86.67,0.853,0.1101,0.9524,0.8565,0.0001
714,3754.2,3757.467,3.267,0.0,0.0,86.8,0.482,0.1259,0.6384,0.509,0.0107
715,3757.533,3760.267,2.734,0.0,0.0,102.59,0.834,0.1308,1.0097,0.8761,0.0014
716,3760.333,3763.133,2.8,0.0,0.0,93.53,0.772,0.1274,0.617,0.4753,0.0092
717,3763.2,3767.133,3.933,0.0,0.0,95.01,0.579,0.1254,0.7608,0.6314,0.0001
718,3767.2,3772.867,5.667,0.0,0.0,85.15,0.782,0.126,1.2538,1.1513,0.001
719,3772.933,3781.867,8.934,0.0,0.0,86.45,0.693,0.1214,1.1879,1.0218,0.0001
720,3781.933,3784.333,2.4,0.0,0.0,86.65,0.532,0.1188,0.8865,0.6465,0.0
721,3784.4,3786.6,2.2,0.0,0.0,81.92,0.762,0.1425,1.4027,1.2789,0.0
722,3786.667,3788.067,1.4,0.0,0.0,75.85,0.525,0.1384,1.4527,1.2988,0.0
723,3788.133,3791.133,3.0,0.0,0.0,76.33,0.653,0.1237,1.2312,1.0188,0.0021
724,3791.2,3793.333,2.133,0.0,0.0,74.19,0.618,0.1194,0.9369,0.7346,0.0
725,3793.4,3799.333,5.933,0.0,0.0,71.53,0.813,0.135,1.439,1.2646,0.0
726,3799.4,3801.667,2.267,0.0,0.0,80.02,0.445,0.1126,0.7112,0.5325,0.0002
727,3801.733,3808.333,6.6,0.0,0.0,87.39,0.67,0.1432,1.3901,1.2955,0.0002
728,3808.4,3815.333,6.933,0.0,0.0,75.27,0.775,0.1343,1.0472,0.9635,0.0001
729,3815.4,3821.133,5.733,0.0,0.0,74.72,0.671,0.1348,1.0799,0.972,0.0002
730,3821.2,3821.867,0.667,0.0,0.0,78.93,0.804,0.1258,1.2671,1.1876,0.0
731,3821.933,3822.667,0.734,0.0,0.0,81.56,0.53,0.1302,1.3826,1.3086,0.0
732,3822.733,3823.333,0.6,0.0,0.0,83.93,0.599,0.154,1.3716,1.302,0.0
733,3823.4,3824.6,1.2,0.0,0.0,70.75,0.711,0.1084,1.1192,1.0217,0.0
734,3824.667,3825.6,0.933,0.0,0.0,94.27,0.296,0.1232,0.6074,0.4905,0.0004
735,3825.667,3826.6,0.933,0.0,0.0,63.58,0.673,0.1009,0.6697,0.4961,0.0
736,3826.667,3829.733,3.066,0.0,0.0,72.24,0.731,0.1518,1.1999,1.1452,0.0
737,3829.8,3831.733,1.933,0.0,0.0,77.72,0.371,0.1122,1.0227,0.8997,0.0
738,3831.8,3834.333,2.533,0.0,0.0,69.8,0.552,0.1163,0.7225,0.5815,0.0002
739,3834.4,3837.267,2.867,0.0,0.0,65.23,0.74,0.1417,1.3479,1.2261,0.0
740,3837.333,3841.467,4.134,0.0,0.0,77.33,0.532,0.1601,1.1708,1.0717,0.0002
741,3841.533,3842.133,0.6,0.0,0.0,82.06,0.339,0.1236,0.6662,0.4574,0.0
742,3842.2,3845.4,3.2,0.0,0.0,75.92,0.461,0.1208,1.1426,0.9849,0.0
743,3845.467,3847.267,1.8,0.0,0.0,77.83,0.687,0.1151,1.3235,1.1833,0.0
744,3847.333,3848.467,1.134,0.0,0.0,76.78,0.448,0.1037,0.674,0.4402,0.0004
745,3848.533,3849.867,1.334,0.0,0.0,70.11,0.493,0.0898,0.7057,0.5354,0.0
746,3849.933,3851.667,1.734,0.0,0.0,82.5,0.651,0.1139,1.2925,1.2062,0.0
747,3851.733,3853.467,1.734,0.0,0.0,90.65,0.789,0.1185,1.3653,1.2402,0.0
748,3853.533,3854.333,0.8,0.0,0.0,76.66,0.755,0.109,1.3483,1.208,0.0
749,3854.4,3871.867,17.467,0.0,0.0,82.27,0.732,0.0834,0.5004,0.3975,0.0001
750,3871.933,3886.533,14.6,0.0,0.0,96.19,0.78,0.1218,0.9228,0.8527,0.0005
751,3886.6,3893.133,6.533,0.0,0.0,85.73,0.823,0.1264,0.8477,0.7787,0.0001
752,3893.2,3896.2,3.0,0.0,0.0,140.92,0.784,0.0531,0.1856,0.1649,0.0
753,3896.267,3897.133,0.866,0.0,0.0,162.77,0.79,0.0516,0.1632,0.0916,0.0
754,3897.2,3898.867,1.667,0.0,0.0,145.13,0.682,0.0445,0.1484,0.1141,0.0002
755,3898.933,3900.533,1.6,0.0,0.0,118.52,0.909,0.091,0.3152,0.2369,0.0
756,3900.6,3903.733,3.133,0.0,0.0,134.06,0.809,0.1327,1.0448,0.8838,0.0001
757,3903.8,3905.933,2.133,0.0,0.0,82.39,0.507,0.1399,1.0098,0.9326,0.0
758,3906.0,3907.933,1.933,0.0,0.0,78.23,0.604,0.149,1.0491,0.9769,0.0
759,3908.0,3911.933,3.933,0.0,0.0,116.17,0.7,0.1044,0.8723,0.7603,0.0002
760,3912.0,3915.133,3.133,0.0,0.0,109.73,0.868,0.1511,0.9598,0.7477,0.0
761,3915.2,3916.867,1.667,0.0,0.0,129.92,0.879,0.1318,0.6022,0.3,0.0
762,3916.933,3918.333,1.4,0.0,0.0,128.83,0.841,0.1334,1.0386,0.7216,0.0
763,3918.4,3919.533,1.133,0.0,0.0,138.67,0.601,0.1109,0.5643,0.2275,0.0
764,3919.6,3924.133,4.533,0.0,0.0,103.92,0.745,0.1835,0.8202,0.6828,0.0
765,3924.2,3925.333,1.133,0.0,0.0,122.56,0.716,0.1522,0.7052,0.4532,0.0
766,3925.4,3929.133,3.733,0.0,0.0,123.24,0.661,0.136,0.6158,0.3657,0.0001
767,3929.2,3932.067,2.867,0.0,0.0,114.71,0.915,0.2177,1.2203,1.1497,0.0018
768,3932.133,3936.133,4.0,0.0,0.0,98.67,0.643,0.1192,0.4158,0.3021,0.0002
769,3936.2,3941.333,5.133,0.0,0.0,124.47,0.861,0.1465,0.755,0.4935,0.0
770,3941.4,3943.867,2.467,0.0,0.0,127.88,0.607,0.129,0.5578,0.2819,0.0004
771,3943.933,3945.333,1.4,0.0,0.0,112.78,0.735,0.1947,0.5892,0.4661,0.0
772,3945.4,3948.333,2.933,0.0,0.0,118.24,0.887,0.1542,0.6705,0.4744,0.0
773,3948.4,3955.267,6.867,0.0,0.0,120.32,0.8,0.1459,0.5758,0.3784,0.0001
774,3955.333,3959.133,3.8,0.0,0.0,121.6,0.741,0.1427,0.6019,0.4086,0.0002
775,3959.2,3962.933,3.733,0.0,0.0,103.48,0.913,0.1397,0.5625,0.4754,0.0
776,3963.0,3964.733,1.733,0.0,0.0,124.04,0.758,0.1392,0.6269,0.3724,0.0
777,3964.8,3971.333,6.533,0.0,0.0,114.51,0.797,0.1569,0.6243,0.4465,0.0002
778,3971.4,3975.267,3.867,0.0,0.0,116.79,0.69,0.2046,1.0495,0.9604,0.0002
779,3975.333,3977.533,2.2,0.0,0.0,96.09,0.898,0.1187,0.4201,0.378,0.0
780,3977.6,3983.533,5.933,0.0,0.0,129.59,0.771,0.1756,0.6237,0.4919,0.0009
781,3983.6,3986.267,2.667,0.0,0.0,100.06,0.907,0.1638,0.8954,0.7857,0.0
782,3986.333,3987.333,1.0,0.0,0.0,122.01,0.8,0.1602,0.7833,0.6656,0.0
783,3987.4,3994.533,7.133,0.0,0.0,117.98,0.772,0.1517,0.6422,0.5032,0.0001
784,3994.6,3997.8,3.2,0.0,0.0,109.85,0.555,0.1471,0.7866,0.6097,0.0
785,3997.867,4001.067,3.2,0.0,0.0,105.5,0.521,0.1589,0.7648,0.6648,0.0
786,4001.133,4001.867,0.734,0.0,0.0,118.26,0.0,0.1353,0.8322,0.7927,0.0005
787,4001.933,4008.733,6.8,0.0,0.0,116.92,0.468,0.149,0.8737,0.6807,0.0
788,4008.8,4010.333,1.533,0.0,0.0,123.43,0.78,0.1545,0.9767,0.6408,0.0
789,4010.4,4011.4,1.0,0.0,0.0,131.79,0.542,0.1304,0.8026,0.5291,0.0003
790,4011.467,4013.333,1.866,0.0,0.0,92.64,0.568,0.1245,0.577,0.2998,0.0
791,4013.4,4017.333,3.933,0.0,0.0,86.93,0.742,0.1301,0.5823,0.5034,0.0
792,4017.4,4040.333,22.933,0.0,0.0,86.23,0.334,0.1459,0.6961,0.5178,0.0003
793,4040.4,4070.133,29.733,0.0,0.0,84.34,0.265,0.1547,0.8981,0.7357,0.0002
794,4070.2,4081.333,11.133,0.0,0.0,115.29,0.412,0.1435,0.898,0.7141,0.0001
795,4081.4,4087.4,6.0,0.0,0.0,71.19,0.671,0.0765,0.2819,0.2079,0.0001
796,4087.467,4088.667,1.2,0.0,0.0,62.75,0.685,0.0677,0.1653,0.0842,0.0
797,4088.733,4094.867,6.134,0.0,0.0,91.3,0.678,0.1083,0.8274,0.7398,0.0002
798,4094.933,4105.267,10.334,0.0,0.0,91.38,0.736,0.1238,1.1204,1.0318,0.0001
799,4105.333,4119.667,14.334,0.0,0.0,102.87,0.801,0.134,1.2143,1.1159,0.0004
800,4119.733,4129.933,10.2,0.0,0.0,93.65,0.772,0.1294,1.0268,0.9225,0.0
801,4130.0,4144.933,14.933,0.0,0.0,100.1,0.8,0.1287,1.0431,0.9203,0.0001
802,4145.0,4149.267,4.267,0.0,0.0,97.43,0.793,0.1262,0.9889,0.7943,0.0041
803,4149.333,4160.733,11.4,0.0,0.0,111.9,0.907,0.1329,0.9566,0.756,0.0351
804,4160.8,4164.133,3.333,0.0,0.0,101.19,0.809,0.125,0.7975,0.622,0.0174
805,4164.2,4171.267,7.067,0.0,0.0,110.41,0.909,0.1371,0.9546,0.8462,0.0362
806,4171.333,4172.6,1.267,0.0,0.0,95.9,0.709,0.1281,0.8145,0.669,0.0072
807,4172.667,4174.067,1.4,0.0,0.0,98.09,0.859,0.1365,0.868,0.7118,0.0266
808,4174.133,4175.933,1.8,0.0,0.0,104.65,0.935,0.1404,1.0419,0.9265,0.0331
809,4176.0,4181.533,5.533,0.0,0.0,105.11,0.921,0.1403,0.8272,0.7005,0.0363
810,4181.6,4183.133,1.533,0.0,0.0,92.11,0.735,0.1195,0.6999,0.5924,0.0106
811,4183.2,4185.2,2.0,0.0,0.0,99.0,0.851,0.1329,0.6962,0.4798,0.0263
812,4185.267,4185.933,0.666,0.0,0.0,103.9,0.861,0.1359,0.9351,0.7415,0.0327
813,4186.0,4190.933,4.933,0.0,0.0,104.03,0.939,0.1367,0.9178,0.7092,0.0361
814,4191.0,4192.133,1.133,0.0,0.0,101.29,0.894,0.1337,0.7377,0.5424,0.0292
815,4192.2,4195.0,2.8,0.0,0.0,93.14,0.807,0.1247,0.8447,0.648,0.0173
816,4195.067,4197.4,2.333,0.0,0.0,103.1,0.896,0.1345,0.8661,0.6893,0.0359
817,4197.467,4199.867,2.4,0.0,0.0,111.75,0.919,0.1263,0.7519,0.6655,0.0386
818,4199.933,4202.533,2.6,0.0,0.0,108.98,0.857,0.1373,1.0992,0.9128,0.0387
819,4202.6,4205.8,3.2,0.0,0.0,102.47,0.805,0.123,0.676,0.4919,0.0148
820,4205.867,4216.067,10.2,0.0,0.0,111.87,0.845,0.1294,0.9137,0.7374,0.0358
821,4216.133,4219.267,3.134,0.0,0.0,103.67,0.802,0.1273,0.9953,0.841,0.0167
822,4219.333,4229.667,10.334,0.0,0.0,107.12,0.808,0.1289,1.0081,0.878,0.0306
823,4229.733,4234.6,4.867,0.0,0.0,103.78,0.91,0.1392,0.8725,0.7312,0.0361
824,4234.667,4237.067,2.4,0.0,0.0,102.99,0.916,0.1396,1.1965,1.0306,0.0348
825,4237.133,4240.867,3.734,0.0,0.0,96.38,0.8,0.1265,0.7071,0.5098,0.0203
826,4240.933,4245.533,4.6,0.0,0.0,102.74,0.914,0.1335,1.1597,0.9493,0.0357
827,4245.6,4247.333,1.733,0.0,0.0,102.36,0.886,0.1343,0.734,0.5426,0.0341
828,4247.4,4250.533,3.133,0.0,0.0,92.69,0.788,0.1214,0.9976,0.8008,0.0181
829,4250.6,4252.0,1.4,0.0,0.0,95.73,0.859,0.1259,1.2403,1.0459,0.0352
830,4252.067,4253.267,1.2,0.0,0.0,107.21,0.738,0.1091,0.6227,0.4501,0.0404
831,4253.333,4255.933,2.6,0.0,0.0,126.49,0.0,0.0659,0.1938,0.0959,0.0376
832,4256.0,4257.067,1.067,0.0,0.0,87.13,0.519,0.0741,0.2422,0.1573,0.0376
833,4257.133,4257.933,0.8,0.0,0.0,125.01,0.913,0.1395,0.6642,0.4902,0.0403
834,4258.0,4260.6,2.6,0.0,0.0,112.91,0.727,0.1243,0.5397,0.3677,0.0183
835,4260.667,4266.133,5.466,0.0,0.0,118.44,0.744,0.1493,0.6518,0.4718,0.0003
836,4266.2,4269.733,3.533,0.0,0.0,108.04,0.898,0.1653,1.149,1.0015,0.0064
837,4269.8,4273.267,3.467,0.0,0.0,83.49,0.683,0.1204,0.7302,0.5406,0.0002
838,4273.333,4274.067,0.734,0.0,0.0,114.68,0.778,0.1489,0.9809,0.8205,0.0
839,4274.133,4294.333,20.2,0.0,0.0,109.05,0.791,0.1575,1.0113,0.8402,0.0045
840,4294.4,4301.267,6.867,0.0,0.0,108.54,0.771,0.1564,0.9203,0.7462,0.0012
841,4301.333,4307.467,6.134,0.0,0.0,107.07,0.788,0.1577,0.972,0.8246,0.0125
842,4307.533,4308.667,1.134,0.0,0.0,110.29,0.923,0.1564,0.7582,0.6786,0.0145
843,4308.733,4312.267,3.534,0.0,0.0,97.15,0.911,0.193,1.0468,0.9133,0.0158
844,4312.333,4314.467,2.134,0.0,0.0,103.32,0.883,0.1577,1.0268,0.9192,0.0179
845,4314.533,4321.933,7.4,0.0,0.0,106.54,0.891,0.1614,1.021,0.8968,0.0232
846,4322.0,4335.933,13.933,0.0,0.0,110.43,0.825,0.1644,1.0137,0.8922,0.0173
847,4336.0,4340.067,4.067,0.0,0.0,109.04,0.762,0.1556,0.8601,0.7569,0.0242
848,4340.133,4347.467,7.334,0.0,0.0,109.85,0.857,0.1676,1.0954,0.9988,0.0071
849,4347.533,4348.133,0.6,0.0,0.0,112.99,0.848,0.1743,1.1759,1.0519,0.0132
850,4348.2,4348.933,0.733,0.0,0.0,119.78,0.694,0.1483,0.6308,0.5111,0.0167
851,4349.0,4361.067,12.067,0.0,0.0,109.6,0.836,0.1661,0.9827,0.8791,0.0149
852,4361.133,4373.467,12.334,0.0,0.0,110.52,0.844,0.167,1.0033,0.8782,0.0126
853,4373.533,4374.733,1.2,0.0,0.0,91.64,0.845,0.1446,0.8243,0.6499,0.0004
854,4374.8,4377.4,2.6,0.0,0.0,101.46,0.911,0.1543,0.8292,0.6179,0.0
855,4377.467,4382.133,4.666,0.0,0.0,110.36,0.752,0.1603,1.0344,0.9121,0.0247
856,4382.2,4390.533,8.333,0.0,0.0,109.67,0.773,0.1581,0.8979,0.7795,0.0061
857,4390.6,4403.467,12.867,0.0,0.0,138.68,0.804,0.1543,0.5798,0.2831,0.1238
858,4403.533,4404.867,1.334,0.0,0.0,93.23,0.28,0.1109,0.4801,0.3784,0.0007
859,4404.933,4406.533,1.6,0.0,0.0,101.9,0.543,0.1612,0.9762,0.9104,0.0
860,4406.6,4411.933,5.333,0.0,0.0,100.06,0.899,0.1831,1.2392,1.1869,0.0
861,4412.0,4412.733,0.733,0.0,0.0,101.56,0.656,0.1731,1.0915,1.0503,0.0
862,4412.8,4417.733,4.933,0.0,0.0,101.79,0.759,0.1737,0.9777,0.9251,0.0001
863,4417.8,4418.4,0.6,0.0,0.0,102.7,0.866,0.1737,1.1221,1.0634,0.0
864,4418.467,4423.333,4.866,0.0,0.0,102.53,0.718,0.174,1.1585,1.1162,0.0013
865,4423.4,4428.467,5.067,0.0,0.0,99.86,0.916,0.1881,1.1313,1.0928,0.0
866,4428.533,4429.267,0.734,0.0,0.0,113.9,0.445,0.1481,0.9111,0.8532,0.0006
867,4429.333,4431.267,1.934,0.0,0.0,100.09,0.609,0.1593,0.8766,0.8077,0.0002
868,4431.333,4432.133,0.8,0.0,0.0,105.24,0.776,0.1715,0.9289,0.8937,0.0
869,4432.2,4436.267,4.067,0.0,0.0,100.01,0.836,0.1817,1.0207,0.9935,0.0002
870,4436.333,4439.133,2.8,0.0,0.0,103.38,0.682,0.1666,0.8679,0.7997,0.0001
871,4439.2,4440.733,1.533,0.0,0.0,99.61,0.794,0.1805,1.18,1.133,0.0
872,4440.8,4443.267,2.467,0.0,0.0,103.18,0.734,0.1729,1.1233,1.0871,0.0
873,4443.333,4443.933,0.6,0.0,0.0,99.76,0.771,0.1664,0.7746,0.6897,0.0
874,4444.0,4444.667,0.667,0.0,0.0,104.08,0.556,0.1606,0.7956,0.7297,0.0
875,4444.733,4446.133,1.4,0.0,0.0,105.09,0.785,0.1763,1.0176,0.9759,0.0
876,4446.2,4451.533,5.333,0.0,0.0,97.69,0.902,0.1866,1.139,1.1016,0.0
877,4451.6,4452.667,1.067,0.0,0.0,118.04,0.582,0.1479,0.7482,0.6921,0.0003
878,4452.733,4459.733,7.0,0.0,0.0,111.62,0.751,0.1694,1.0162,0.9361,0.0002
879,4459.8,4462.933,3.133,0.0,0.0,106.77,0.678,0.1533,0.8505,0.7358,0.0001
880,4463.0,4463.933,0.933,0.0,0.0,112.47,0.911,0.1776,0.9783,0.9098,0.0
881,4464.0,4469.933,5.933,0.0,0.0,109.47,0.714,0.1679,0.9508,0.836,0.0001
882,4470.0,4472.2,2.2,0.0,0.0,106.33,0.819,0.1728,1.2469,1.1665,0.0
883,4472.267,4474.667,2.4,0.0,0.0,102.12,0.792,0.1699,1.2348,1.1449,0.0
884,4474.733,4478.8,4.067,0.0,0.0,102.11,0.603,0.1422,0.7776,0.5524,0.0002
885,4478.867,4481.6,2.733,0.0,0.0,95.56,0.834,0.1606,1.1316,0.916,0.0
886,4481.667,4482.333,0.666,0.0,0.0,107.2,0.456,0.1289,0.6252,0.4013,0.0008
887,4482.4,4486.133,3.733,0.0,0.0,100.32,0.721,0.1501,0.8273,0.6551,0.0001
888,4486.2,4489.133,2.933,0.0,0.0,100.39,0.789,0.1743,0.9812,0.9412,0.0025
889,4489.2,4493.133,3.933,0.0,0.0,101.28,0.775,0.1718,0.8667,0.8002,0.0
890,4493.2,4496.467,3.267,0.0,0.0,97.76,0.879,0.1823,1.1325,1.0863,0.0
891,4496.533,4498.733,2.2,0.0,0.0,105.02,0.677,0.165,0.9294,0.8805,0.0003
892,4498.8,4503.667,4.867,0.0,0.0,100.42,0.802,0.1786,1.0068,0.9508,0.0
893,4503.733,4505.933,2.2,0.0,0.0,105.69,0.652,0.1602,0.9283,0.7811,0.0002
894,4506.0,4512.6,6.6,0.0,0.0,101.01,0.649,0.1561,0.9202,0.794,0.0001
895,4512.667,4513.667,1.0,0.0,0.0,104.92,0.538,0.1404,0.6347,0.4615,0.0
896,4513.733,4520.667,6.934,0.0,0.0,99.14,0.727,0.1627,1.169,1.0669,0.0
897,4520.733,4521.467,0.734,0.0,0.0,109.68,0.199,0.1335,0.6297,0.4907,0.0009
898,4521.533,4528.333,6.8,0.0,0.0,101.52,0.672,0.162,1.0332,0.905,0.0001
899,4528.4,4533.467,5.067,0.0,0.0,101.86,0.647,0.1574,0.9111,0.7808,0.0001
900,4533.533,4535.067,1.534,0.0,0.0,104.88,0.561,0.1458,0.9174,0.8012,0.0038
901,4535.133,4541.933,6.8,0.0,0.0,100.37,0.65,0.1636,1.0173,0.9213,0.0
902,4542.0,4546.933,4.933,0.0,0.0,110.75,0.7,0.1671,0.8824,0.805,0.002
903,4547.0,4548.267,1.267,0.0,0.0,114.51,0.609,0.1379,0.6194,0.5056,0.011
904,4548.333,4555.4,7.067,0.0,0.0,104.81,0.785,0.1689,1.0305,0.9217,0.0
905,4555.467,4558.333,2.866,0.0,0.0,101.66,0.69,0.1631,1.0546,0.9444,0.0001
906,4558.4,4562.333,3.933,0.0,0.0,101.89,0.742,0.1707,0.9668,0.8766,0.0002
907,4562.4,4565.267,2.867,0.0,0.0,98.06,0.817,0.1793,1.1268,1.0732,0.0
908,4565.333,4568.6,3.267,0.0,0.0,101.45,0.702,0.1693,0.9142,0.823,0.0
909,4568.667,4569.467,0.8,0.0,0.0,103.7,0.745,0.1739,0.8194,0.7869,0.0
910,4569.533,4572.133,2.6,0.0,0.0,99.97,0.709,0.1664,0.8843,0.8602,0.0
911,4572.2,4581.267,9.067,0.0,0.0,98.84,0.818,0.1799,1.0643,1.0086,0.0001
912,4581.333,4594.533,13.2,0.0,0.0,97.86,0.781,0.1767,1.0421,0.9942,0.0005
913,4594.6,4604.333,9.733,0.0,0.0,99.45,0.792,0.1773,0.9846,0.9254,0.0001
914,4604.4,4606.933,2.533,0.0,0.0,99.42,0.663,0.1571,0.8099,0.747,0.0001
915,4607.0,4611.333,4.333,0.0,0.0,98.72,0.851,0.1826,1.1313,1.082,0.0001
916,4611.4,4615.2,3.8,0.0,0.0,99.39,0.717,0.1733,0.9492,0.8914,0.0001
917,4615.267,4624.933,9.666,0.0,0.0,98.44,0.78,0.1764,1.0464,0.992,0.0007
918,4625.0,4625.933,0.933,0.0,0.0,139.07,0.002,0.1594,0.7381,0.6204,0.0326
919,4626.0,4637.933,11.933,0.0,0.0,130.7,0.79,0.173,0.7897,0.6108,0.1248
920,4638.0,4640.667,2.667,0.0,0.0,96.5,0.889,0.1829,1.2499,1.1898,0.0
921,4640.733,4656.4,15.667,0.0,0.0,113.2,0.838,0.1651,0.8988,0.8112,0.0478
922,4656.467,4657.267,0.8,0.0,0.0,85.98,0.69,0.1414,0.6756,0.628,0.0
923,4657.333,4672.2,14.867,0.0,0.0,98.64,0.795,0.1791,0.9935,0.9406,0.0001
924,4672.267,4674.333,2.066,0.0,0.0,101.34,0.769,0.1737,0.8881,0.8524,0.0003
925,4674.4,4683.667,9.267,0.0,0.0,99.07,0.752,0.1746,0.9682,0.9165,0.0001
926,4683.733,4688.4,4.667,0.0,0.0,96.77,0.801,0.1754,0.9994,0.9708,0.0013
927,4688.467,4697.533,9.066,0.0,0.0,94.63,0.812,0.1775,1.0816,0.9984,0.0
928,4697.6,4703.733,6.133,0.0,0.0,92.55,0.748,0.1735,1.0814,0.9692,0.0001
929,4703.8,4704.467,0.667,0.0,0.0,111.45,0.465,0.1501,0.72,0.555,0.0008
930,4704.533,4711.533,7.0,0.0,0.0,103.04,0.747,0.1774,1.0228,0.9307,0.0
931,4711.6,4717.667,6.067,0.0,0.0,93.55,0.793,0.1799,1.0383,0.9724,0.0001
932,4717.733,4721.933,4.2,0.0,0.0,94.59,0.715,0.1742,1.0336,0.9591,0.0002
933,4722.0,4731.0,9.0,0.0,0.0,90.84,0.806,0.1723,1.0683,0.9895,0.0001
934,4731.067,4733.933,2.866,0.0,0.0,112.43,0.801,0.1738,1.115,1.0249,0.0
935,4734.0,4739.533,5.533,0.0,0.0,112.43,0.702,0.1636,0.9817,0.8881,0.0002
936,4739.6,4748.133,8.533,0.0,0.0,101.12,0.638,0.1656,0.9398,0.8779,0.0001
937,4748.2,4750.733,2.533,0.0,0.0,93.85,0.687,0.1605,0.8349,0.7357,0.0
938,4750.8,4757.533,6.733,0.0,0.0,101.25,0.79,0.1797,1.0687,0.9858,0.0
939,4757.6,4763.733,6.133,0.0,0.0,104.16,0.742,0.1729,1.0001,0.902,0.0001
940,4763.8,4764.533,0.733,0.0,0.0,107.4,0.536,0.1405,0.5697,0.4606,0.0008
941,4764.6,4767.467,2.867,0.0,0.0,95.78,0.711,0.1565,0.7475,0.6155,0.0
942,4767.533,4771.533,4.0,0.0,0.0,107.2,0.85,0.1731,1.1319,1.0696,0.0
943,4771.6,4774.333,2.733,0.0,0.0,100.01,0.594,0.1631,0.9352,0.8562,0.0001
944,4774.4,4776.333,1.933,0.0,0.0,94.09,0.824,0.1859,1.2874,1.1868,0.0
945,4776.4,4780.267,3.867,0.0,0.0,117.04,0.681,0.1402,0.8627,0.6855,0.0002
946,4780.333,4785.067,4.734,0.0,0.0,90.43,0.879,0.1593,1.0818,0.8554,0.0
947,4785.133,4793.933,8.8,0.0,0.0,109.22,0.771,0.1712,0.9553,0.8788,0.0
948,4794.0,4801.533,7.533,0.0,0.0,108.68,0.76,0.1701,0.9606,0.8795,0.0001
949,4801.6,4808.467,6.867,0.0,0.0,103.5,0.659,0.1631,0.9891,0.9035,0.0001
950,4808.533,4817.467,8.934,0.0,0.0,96.57,0.775,0.1547,1.007,0.7772,0.0
951,4817.533,4823.733,6.2,0.0,0.0,108.77,0.78,0.1742,1.1123,1.0252,0.0001
952,4823.8,4838.133,14.333,0.0,0.0,107.73,0.729,0.1681,1.0313,0.9374,0.0001
953,4838.2,4849.0,10.8,0.0,0.0,120.5,0.797,0.1367,0.8003,0.524,0.0712
954,4849.067,4850.533,1.466,0.0,0.0,95.55,0.618,0.1199,0.7164,0.5593,0.001
955,4850.6,4860.667,10.067,0.0,0.0,94.37,0.823,0.1781,1.108,1.0373,0.0001
956,4860.733,4867.667,6.934,0.0,0.0,93.68,0.703,0.1678,1.0176,0.9321,0.0001
957,4867.733,4870.6,2.867,0.0,0.0,102.52,0.693,0.1687,0.9256,0.8472,0.0
958,4870.667,4873.133,2.466,0.0,0.0,101.13,0.881,0.1875,1.2039,1.0874,0.0
959,4873.2,4874.6,1.4,0.0,0.0,102.73,0.683,0.1693,1.0001,0.9467,0.0004
960,4874.667,4878.467,3.8,0.0,0.0,100.08,0.738,0.175,1.0608,0.9969,0.0
961,4878.533,4881.667,3.134,0.0,0.0,99.56,0.78,0.1744,1.135,1.0948,0.0
962,4881.733,4891.867,10.134,0.0,0.0,99.77,0.76,0.1748,0.9485,0.878,0.0001
963,4891.933,4892.867,0.934,0.0,0.0,90.21,0.79,0.1546,1.1927,1.1452,0.0
964,4892.933,4897.267,4.334,0.0,0.0,99.22,0.884,0.1855,1.2562,1.1983,0.0
965,4897.333,4899.533,2.2,0.0,0.0,100.73,0.641,0.1613,0.7419,0.6493,0.014
966,4899.6,4903.333,3.733,0.0,0.0,89.86,0.866,0.1498,0.707,0.6063,0.0093
967,4903.4,4947.267,43.867,0.0,0.0,100.03,0.839,0.1604,0.9717,0.8594,0.0303
968,4947.333,4960.933,13.6,0.0,0.0,114.29,0.802,0.1534,1.1601,1.071,0.0001
969,4961.0,4977.0,16.0,0.0,0.0,113.24,0.826,0.1556,1.0878,0.9928,0.0
970,4977.067,4990.933,13.866,0.0,0.0,114.11,0.796,0.1518,1.1094,1.0034,0.0001
971,4991.0,5007.267,16.267,0.0,0.0,113.94,0.829,0.1542,1.1866,1.0927,0.0001
972,5007.333,5043.667,36.334,0.0,0.0,113.57,0.81,0.1517,1.1493,1.0658,0.0003
973,5043.733,5044.733,1.0,0.0,0.0,99.29,0.604,0.1537,0.8932,0.8528,0.0
974,5044.8,5051.467,6.667,0.0,0.0,95.65,0.782,0.1738,1.0548,1.0016,0.0001
975,5051.533,5074.733,23.2,0.0,0.0,95.96,0.765,0.1753,1.0463,0.9499,0.0
976,5074.8,5081.467,6.667,0.0,0.0,100.11,0.777,0.1757,0.9319,0.885,0.0009
977,5081.533,5086.6,5.067,0.0,0.0,98.13,0.783,0.1754,1.0143,0.9512,0.0
978,5086.667,5097.267,10.6,0.0,0.0,98.12,0.809,0.1782,1.072,1.0207,0.0
979,5097.333,5098.067,0.734,0.0,0.0,109.93,0.545,0.1506,0.724,0.6712,0.0008
980,5098.133,5110.6,12.467,0.0,0.0,95.93,0.736,0.1702,0.9856,0.8511,0.0
981,5110.667,5120.267,9.6,0.0,0.0,98.92,0.783,0.1636,0.9508,0.848,0.0
982,5120.333,5127.267,6.934,0.0,0.0,98.98,0.688,0.166,0.9404,0.7971,0.0
983,5127.333,5130.6,3.267,0.0,0.0,101.67,0.709,0.1507,0.8135,0.575,0.0003
984,5130.667,5146.333,15.666,0.0,0.0,99.95,0.748,0.1691,0.9953,0.873,0.0001
985,5146.4,5154.2,7.8,0.0,0.0,97.45,0.786,0.161,0.9003,0.8098,0.0001
986,5154.267,5157.267,3.0,0.0,0.0,96.4,0.764,0.176,1.1383,1.0251,0.0
987,5157.333,5164.733,7.4,0.0,0.0,104.47,0.67,0.1747,0.9314,0.8766,0.0002
988,5164.8,5171.0,6.2,0.0,0.0,108.46,0.712,0.1676,1.1188,1.0277,0.0001
989,5171.067,5184.933,13.866,0.0,0.0,113.65,0.655,0.1653,1.0335,0.9748,0.0001
990,5185.0,5187.733,2.733,0.0,0.0,109.07,0.587,0.1789,1.0299,0.9833,0.0002
991,5187.8,5201.267,13.467,0.0,0.0,107.09,0.701,0.172,1.0237,0.9393,0.0001
992,5201.333,5208.067,6.734,0.0,0.0,104.76,0.796,0.1629,1.0662,0.9674,0.0001
993,5208.133,5215.133,7.0,0.0,0.0,104.5,0.781,0.1597,1.0857,0.9816,0.0002
994,5215.2,5231.133,15.933,0.0,0.0,104.96,0.795,0.1612,1.0366,0.9445,0.0001
995,5231.2,5231.933,0.733,0.0,0.0,115.21,0.505,0.138,0.5925,0.4998,0.0008
996,5232.0,5237.533,5.533,0.0,0.0,104.64,0.789,0.1627,0.9307,0.8159,0.0001
997,5237.6,5264.933,27.333,0.0,0.0,109.58,0.797,0.1405,1.095,1.0481,0.0001
998,5265.0,5321.333,56.333,0.0,0.0,96.12,0.617,0.0982,0.5938,0.484,0.0029
999,5321.4,5324.333,2.933,0.0,0.0,79.35,0.883,0.0522,0.1042,0.0082,0.0
1000,5324.4,5329.467,5.067,0.0,0.0,42.77,0.419,0.0398,0.2045,0.1342,0.0045
1001,5329.533,5330.267,0.734,0.0,0.0,92.93,0.547,0.0992,0.3518,0.2061,0.0
1002,5330.333,5331.4,1.067,0.0,0.0,83.83,0.626,0.0571,0.1389,0.0714,0.0
1003,5331.467,5332.133,0.666,0.0,0.0,77.86,0.528,0.0828,0.2449,0.0919,0.0
1004,5332.2,5333.867,1.667,0.0,0.0,83.99,0.695,0.0722,0.2421,0.1987,0.0
1005,5333.933,5334.533,0.6,0.0,0.0,83.73,0.904,0.0907,0.2889,0.2247,0.0
1006,5334.6,5335.333,0.733,0.0,0.0,78.11,0.724,0.0797,0.2554,0.2247,0.0
1007,5335.4,5335.933,0.533,0.0,0.0,107.42,0.76,0.1062,0.3334,0.2247,0.0
1008,5336.0,5337.733,1.733,0.0,0.0,78.14,0.805,0.0755,0.2382,0.2247,0.0
1009,5337.8,5339.4,1.6,0.0,0.0,81.5,0.794,0.0869,0.3201,0.23,0.0
1010,5339.467,5340.2,0.733,0.0,0.0,84.11,0.584,0.0584,0.1912,0.0467,0.0001
1011,5340.267,5341.0,0.733,0.0,0.0,83.72,0.744,0.0781,0.2802,0.1298,0.0
1012,5341.067,5345.333,4.266,0.0,0.0,105.77,0.769,0.1198,0.4572,0.3585,0.0
1013,5345.4,5347.133,1.733,0.0,0.0,70.55,0.619,0.0538,0.1531,0.1143,0.0001
1014,5347.2,5351.533,4.333,0.0,0.0,79.37,0.423,0.1208,0.6782,0.6369,0.0
1015,5351.6,5371.933,20.333,0.0,0.0,65.62,0.573,0.0836,0.2969,0.1674,0.0166
1016,5372.0,5420.667,48.667,0.0,0.0,91.65,0.782,0.0868,0.3513,0.2364,0.0261
1017,5420.733,5425.333,4.6,0.0,0.0,96.29,0.763,0.1455,0.5611,0.4078,0.0072
1018,5425.4,5426.733,1.333,0.0,0.0,104.54,0.518,0.1379,0.628,0.4508,0.0068
1019,5426.8,5435.6,8.8,0.0,0.0,92.68,0.84,0.1423,0.5622,0.4224,0.0275
1020,5435.667,5436.867,1.2,0.0,0.0,105.53,0.5,0.1344,0.4504,0.3201,0.0104
1021,5436.933,5455.333,18.4,0.0,0.0,94.37,0.804,0.1413,0.5188,0.3803,0.0184
1022,5455.4,5465.467,10.067,0.0,0.0,93.4,0.813,0.1455,0.6543,0.4753,0.0234
1023,5465.533,5475.133,9.6,0.0,0.0,94.61,0.802,0.1423,0.5231,0.3255,0.0233
1024,5475.2,5478.667,3.467,0.0,0.0,183.26,0.589,0.0466,0.1536,0.0561,0.0158
1025,5478.733,5484.4,5.667,0.0,0.0,68.0,0.758,0.0884,0.3483,0.2366,0.0239
1026,5484.467,5485.467,1.0,0.0,0.0,81.17,0.128,0.0671,0.2601,0.1715,0.0
1027,5485.533,5487.267,1.734,0.0,0.0,67.79,0.66,0.0427,0.131,0.0523,0.0006
1028,5487.333,5509.933,22.6,0.0,0.0,67.66,0.968,0.0491,0.1364,0.0758,0.0116
1029,5510.0,5514.333,4.333,0.0,0.0,220.43,0.794,0.028,0.2431,0.2189,0.0102
1030,5514.4,5516.867,2.467,0.0,0.0,4.25,0.757,0.0099,0.0356,0.0261,0.0
1031,5516.933,5521.467,4.534,0.0,0.0,40.04,0.446,0.0372,0.1979,0.118,0.0005
1032,5521.533,5596.867,75.334,0.0,0.0,88.39,0.769,0.1074,0.4319,0.2937,0.0272
1033,5596.933,5601.267,4.334,0.0,0.0,80.65,0.811,0.14,0.5721,0.3918,0.0527
1034,5601.333,5619.2,17.867,0.0,0.0,98.41,0.79,0.1216,0.5729,0.4307,0.0215
1035,5619.267,5625.733,6.466,0.0,0.0,97.07,0.812,0.1313,0.6084,0.5016,0.0273
1036,5625.8,5674.0,48.2,0.0,0.0,83.28,0.773,0.1239,0.5172,0.3715,0.0257
1037,5674.067,5677.533,3.466,0.0,0.0,184.37,0.607,0.0475,0.1386,0.0316,0.0181
1038,5677.6,5683.667,6.067,0.0,0.0,63.8,0.75,0.0807,0.2838,0.1478,0.04
1039,5683.733,5684.333,0.6,0.0,0.0,65.12,0.744,0.0014,0.0034,0.0,0.0
1040,5684.4,5694.733,10.333,0.0,0.0,81.66,0.0,0.0303,0.1474,0.0725,0.0025
1041,5694.8,5697.8,3.0,0.0,0.0,79.65,0.885,0.0524,0.115,0.0035,0.0
1042,5697.867,5699.467,1.6,0.0,0.0,116.68,0.683,0.1006,0.2662,0.0,0.0065
1043,5699.533,5701.333,1.8,0.0,0.0,106.87,0.678,0.1107,0.2639,0.0167,0.0193
1044,5701.4,5779.667,78.267,0.0,0.0,102.02,0.841,0.107,0.8028,0.6854,0.0381
1045,5779.733,5789.733,10.0,0.0,0.0,85.23,0.734,0.1144,0.7209,0.5026,0.0317
1046,5789.8,5790.867,1.067,0.0,0.0,73.37,0.602,0.1076,1.0547,0.905,0.0015
1047,5790.933,5794.4,3.467,0.0,0.0,62.83,0.852,0.1079,0.8404,0.6525,0.0256
1048,5794.467,5795.333,0.866,0.0,0.0,61.52,0.824,0.1013,0.487,0.2718,0.0158
1049,5795.4,5798.533,3.133,0.0,0.0,70.66,0.813,0.1201,1.0423,0.7856,0.0084
1050,5798.6,5799.933,1.333,0.0,0.0,74.01,0.656,0.1108,0.4649,0.2648,0.0002
1051,5800.0,5800.867,0.867,0.0,0.0,82.39,0.531,0.1217,0.5104,0.3308,0.0019
1052,5800.933,5804.533,3.6,0.0,0.0,75.27,0.821,0.1197,0.9306,0.73,0.0262
1053,5804.6,5809.667,5.067,0.0,0.0,86.37,0.87,0.1241,0.6877,0.4856,0.0277
1054,5809.733,5811.067,1.334,0.0,0.0,98.04,0.635,0.1266,0.8949,0.7644,0.0069
1055,5811.133,5818.933,7.8,0.0,0.0,84.09,0.905,0.1243,0.8151,0.5947,0.0298
1056,5819.0,5819.733,0.733,0.0,0.0,85.35,0.729,0.1025,0.6636,0.578,0.0079
1057,5819.8,5821.133,1.333,0.0,0.0,95.79,0.634,0.1133,0.3923,0.3041,0.0074
1058,5821.2,5825.533,4.333,0.0,0.0,84.88,0.876,0.1126,0.7067,0.6129,0.0301
1059,5825.6,5826.267,0.667,0.0,0.0,86.84,0.82,0.1104,1.1532,1.0411,0.0192
1060,5826.333,5829.667,3.334,0.0,0.0,72.45,0.815,0.1158,0.7775,0.6338,0.0014
1061,5829.733,5830.867,1.134,0.0,0.0,72.93,0.59,0.1096,0.9354,0.77,0.0052
1062,5830.933,5834.4,3.467,0.0,0.0,62.07,0.854,0.1079,0.7893,0.5959,0.0269
1063,5834.467,5839.8,5.333,0.0,0.0,67.31,0.838,0.1196,0.8622,0.645,0.0269
1064,5839.867,5841.133,1.266,0.0,0.0,80.42,0.497,0.1192,0.6399,0.4507,0.007
1065,5841.2,5849.8,8.6,0.0,0.0,82.0,0.854,0.1229,0.7564,0.5655,0.0213
1066,5849.867,5851.2,1.333,0.0,0.0,97.03,0.607,0.1241,0.8823,0.7289,0.0064
1067,5851.267,5859.8,8.533,0.0,0.0,85.43,0.877,0.126,0.9004,0.7362,0.0143
1068,5859.867,5860.933,1.066,0.0,0.0,96.19,0.598,0.1107,0.8693,0.7477,0.0023
1069,5861.0,5865.0,4.0,0.0,0.0,85.68,0.862,0.1122,0.581,0.4872,0.0213
1070,5865.067,5869.867,4.8,0.0,0.0,97.77,0.865,0.1409,0.9551,0.7765,0.0297
1071,5869.933,5879.8,9.867,0.0,0.0,97.63,0.858,0.1377,0.9163,0.8032,0.0201
1072,5879.867,5887.4,7.533,0.0,0.0,99.62,0.847,0.139,1.0274,0.9326,0.017
1073,5887.467,5889.867,2.4,0.0,0.0,72.82,0.743,0.1342,1.0783,0.965,0.0024
1074,5889.933,5909.8,19.867,0.0,0.0,71.51,0.863,0.1396,0.8647,0.6866,0.0267
1075,5909.867,5911.533,1.666,0.0,0.0,79.2,0.676,0.1363,0.7805,0.5688,0.0107
1076,5911.6,5919.8,8.2,0.0,0.0,99.32,0.858,0.1343,1.032,0.8745,0.0267
1077,5919.867,5929.8,9.933,0.0,0.0,98.99,0.851,0.1342,0.9289,0.7595,0.0238
1078,5929.867,5939.8,9.933,0.0,0.0,98.76,0.856,0.1311,0.8089,0.5892,0.0312
1079,5939.867,5949.8,9.933,0.0,0.0,100.24,0.846,0.1354,1.0091,0.8539,0.013
1080,5949.867,5959.8,9.933,0.0,0.0,99.31,0.84,0.1244,0.7511,0.5703,0.0234
1081,5959.867,5969.867,10.0,0.0,0.0,98.49,0.774,0.1222,0.8388,0.6633,0.0227
1082,5969.933,5979.667,9.734,0.0,0.0,102.1,0.854,0.1285,0.8723,0.7308,0.0205
1083,5979.733,5989.8,10.067,0.0,0.0,101.32,0.858,0.1285,0.9767,0.8329,0.0243
1084,5989.867,5999.8,9.933,0.0,0.0,100.81,0.865,0.127,0.8706,0.7171,0.0185
1085,5999.867,6007.533,7.666,0.0,0.0,102.39,0.842,0.1284,0.9369,0.7985,0.0171
1086,6007.6,6029.733,22.133,0.0,0.0,99.23,0.817,0.1279,0.8465,0.6764,0.0266
1087,6029.8,6038.933,9.133,0.0,0.0,100.92,0.858,0.1315,0.96,0.7925,0.0147
1088,6039.0,6050.0,11.0,0.0,0.0,99.45,0.828,0.1231,0.8046,0.6218,0.0265
1089,6050.067,6059.933,9.866,0.0,0.0,98.63,0.858,0.1281,0.8578,0.6914,0.0195
1090,6060.0,6061.333,1.333,0.0,0.0,107.67,0.625,0.125,0.6664,0.4738,0.0085
1091,6061.4,6069.933,8.533,0.0,0.0,98.9,0.887,0.1314,1.007,0.8557,0.0233
1092,6070.0,6079.933,9.933,0.0,0.0,98.33,0.869,0.1306,0.8317,0.6487,0.038
1093,6080.0,6080.933,0.933,0.0,0.0,107.88,0.555,0.1178,0.7233,0.5567,0.002
1094,6081.0,6126.4,45.4,0.0,0.0,107.32,0.837,0.1275,0.897,0.771,0.0226
1095,6126.467,6129.8,3.333,0.0,0.0,105.78,0.866,0.1325,1.2794,1.1992,0.0015
1096,6129.867,6150.067,20.2,0.0,0.0,99.58,0.818,0.1267,0.8756,0.7023,0.0216
1097,6150.133,6151.467,1.334,0.0,0.0,109.16,0.603,0.1278,0.7725,0.5764,0.0085
1098,6151.533,6159.933,8.4,0.0,0.0,99.15,0.881,0.1342,0.9456,0.7732,0.0161
1099,6160.0,6240.067,80.067,0.0,0.0,99.07,0.81,0.1216,0.8233,0.6862,0.0229
1100,6240.133,6241.467,1.334,0.0,0.0,92.27,0.429,0.1204,1.3002,1.1565,0.0076
1101,6241.533,6244.267,2.734,0.0,0.0,89.28,0.65,0.1144,0.9449,0.7388,0.061
1102,6244.333,6250.067,5.734,0.0,0.0,87.16,0.806,0.1038,1.0842,0.9807,0.0109
1103,6250.133,6251.467,1.334,0.0,0.0,97.52,0.587,0.0956,1.0857,0.9605,0.0072
1104,6251.533,6254.333,2.8,0.0,0.0,84.38,0.742,0.1123,1.0412,0.834,0.0278
1105,6254.4,6258.667,4.267,0.0,0.0,115.29,0.864,0.1393,0.5595,0.228,0.0288
1106,6258.733,6260.333,1.6,0.0,0.0,82.84,0.75,0.1661,0.6838,0.4449,0.0193
1107,6260.4,6263.6,3.2,0.0,0.0,112.16,0.765,0.1353,0.5719,0.425,0.0311
1108,6263.667,6290.067,26.4,0.0,0.0,112.32,0.479,0.0933,0.3986,0.218,0.0198
1109,6290.133,6298.667,8.534,0.0,0.0,134.48,0.623,0.0937,0.3551,0.1496,0.0298
1110,6298.733,6299.533,0.8,0.0,0.0,86.09,0.373,0.0972,0.3669,0.1123,0.0239
1111,6299.6,6306.733,7.133,0.0,0.0,111.51,0.419,0.086,0.3261,0.1391,0.0271
1112,6306.8,6308.6,1.8,0.0,0.0,121.43,0.563,0.1318,0.5067,0.3108,0.0013
1113,6308.667,6314.067,5.4,0.0,0.0,124.92,0.7,0.0597,0.3527,0.1893,0.0144
1114,6314.133,6327.933,13.8,0.0,0.0,132.38,0.782,0.1051,0.3945,0.1782,0.0285
1115,6328.0,6330.067,2.067,0.0,0.0,104.51,0.891,0.1073,0.3748,0.0942,0.0177
1116,6330.133,6331.467,1.334,0.0,0.0,114.96,0.638,0.1059,0.3664,0.0983,0.0078
1117,6331.533,6334.533,3.0,0.0,0.0,105.41,0.922,0.1058,0.3698,0.11,0.0232
1118,6334.6,6340.267,5.667,0.0,0.0,93.64,0.82,0.0939,0.4043,0.2339,0.006
1119,6340.333,6343.667,3.334,0.0,0.0,78.68,0.798,0.1325,0.6031,0.3301,0.031
1120,6343.733,6348.267,4.534,0.0,0.0,93.27,0.853,0.0957,0.4008,0.2282,0.0281
1121,6348.333,6350.067,1.734,0.0,0.0,88.3,0.859,0.1556,0.77,0.6004,0.0256
1122,6350.133,6358.333,8.2,0.0,0.0,126.38,0.817,0.103,0.4512,0.2746,0.0305
1123,6358.4,6361.733,3.333,0.0,0.0,79.99,0.765,0.1312,0.3753,0.1789,0.0125
1124,6361.8,6363.667,1.867,0.0,0.0,97.6,0.84,0.0909,0.4149,0.245,0.0304
1125,6363.733,6373.733,10.0,0.0,0.0,80.17,0.853,0.1383,0.3633,0.166,0.0184
1126,6373.8,6383.267,9.467,0.0,0.0,150.48,0.816,0.1021,0.43,0.334,0.0244
1127,6383.333,6386.267,2.934,0.0,0.0,125.31,0.854,0.0386,0.0947,0.023,0.0292
1128,6386.333,6388.467,2.134,0.0,0.0,130.6,0.96,0.0656,0.2256,0.0873,0.0223
1129,6388.533,6394.0,5.467,0.0,0.0,137.64,0.645,0.1068,0.4599,0.2906,0.0202
1130,6394.067,6397.533,3.466,0.0,0.0,124.24,0.54,0.1093,0.595,0.3689,0.0139
1131,6397.6,6400.067,2.467,0.0,0.0,116.54,0.483,0.0938,0.4139,0.2949,0.0011
1132,6400.133,6430.067,29.934,0.0,0.0,77.01,0.711,0.0831,0.5146,0.3257,0.0254
1133,6430.133,6431.467,1.334,0.0,0.0,88.35,0.513,0.1361,1.1836,1.0508,0.0057
1134,6431.533,6440.067,8.534,0.0,0.0,77.36,0.84,0.1283,1.1409,0.9431,0.0275
1135,6440.133,6449.467,9.334,0.0,0.0,67.46,0.831,0.1124,1.0913,0.8487,0.0291
1136,6449.533,6450.067,0.534,0.0,0.0,73.92,0.458,0.0852,0.7226,0.5762,0.0027
1137,6450.133,6454.533,4.4,0.0,0.0,79.76,0.64,0.0987,0.8512,0.6599,0.0415
1138,6454.6,6456.733,2.133,0.0,0.0,99.2,0.176,0.0842,0.4248,0.2834,0.0499
1139,6456.8,6457.4,0.6,0.0,0.0,90.67,0.408,0.0451,0.1059,0.0,0.0232
1140,6457.467,6458.067,0.6,0.0,0.0,56.23,0.375,0.0465,0.1894,0.0271,0.0266
1141,6458.133,6459.0,0.867,0.0,0.0,125.42,0.0,0.112,0.793,0.6914,0.001
1142,6459.067,6460.0,0.933,0.0,0.0,61.85,0.584,0.0755,0.258,0.0344,0.0704
1143,6460.067,6465.133,5.066,0.0,0.0,85.15,0.183,0.1447,0.526,0.4471,0.0355
1144,6465.2,6467.733,2.533,0.0,0.0,72.24,0.448,0.1317,0.5124,0.4053,0.0275
1145,6467.8,6474.733,6.933,0.0,0.0,80.88,0.197,0.1558,0.7104,0.5837,0.0357
1146,6474.8,6475.933,1.133,0.0,0.0,97.23,0.0,0.1258,0.6819,0.475,0.0078
1147,6476.0,6479.267,3.267,0.0,0.0,86.78,0.069,0.1307,0.4616,0.3055,0.0115
1148,6479.333,6480.867,1.534,0.0,0.0,113.84,0.0,0.1187,0.4985,0.2355,0.0556
1149,6480.933,6483.133,2.2,0.0,0.0,109.92,0.492,0.1373,0.7101,0.5049,0.0627
1150,6483.2,6493.733,10.533,0.0,0.0,97.09,0.647,0.1048,0.6034,0.4985,0.0247
1151,6493.8,6494.333,0.533,0.0,0.0,100.37,0.586,0.0997,0.789,0.7621,0.0002
1152,6494.4,6496.133,1.733,0.0,0.0,149.02,0.673,0.097,0.3444,0.1795,0.1273
1153,6496.2,6498.133,1.933,0.0,0.0,141.37,0.805,0.1319,0.5472,0.4532,0.0109
1154,6498.2,6499.333,1.133,0.0,0.0,74.53,0.516,0.1102,0.5503,0.4362,0.0154
1155,6499.4,6500.4,1.0,0.0,0.0,76.86,0.716,0.1121,0.4995,0.4377,0.0063
1156,6500.467,6503.933,3.466,0.0,0.0,77.02,0.741,0.1327,0.8995,0.6643,0.0885
1157,6504.0,6506.533,2.533,0.0,0.0,119.31,0.0,0.135,0.6981,0.4149,0.0801
1158,6506.6,6512.4,5.8,0.0,0.0,110.73,0.351,0.06,0.1796,0.0537,0.0733
1159,6512.467,6513.4,0.933,0.0,0.0,67.28,0.495,0.0641,0.5151,0.493,0.0062
1160,6513.467,6515.667,2.2,0.0,0.0,114.47,0.458,0.0739,0.3816,0.3098,0.0095
1161,6515.733,6519.867,4.134,0.0,0.0,109.14,0.781,0.0777,0.3038,0.1669,0.0376
1162,6519.933,6520.867,0.934,0.0,0.0,55.55,0.521,0.0923,0.4954,0.2975,0.1008
1163,6520.933,6521.8,0.867,0.0,0.0,82.88,0.63,0.1171,0.6673,0.5798,0.0197
1164,6521.867,6524.933,3.066,0.0,0.0,53.79,0.693,0.0688,0.5481,0.4429,0.0251
1165,6525.0,6526.067,1.067,0.0,0.0,64.75,0.469,0.095,0.6192,0.5419,0.0034
1166,6526.133,6527.2,1.067,0.0,0.0,48.17,0.766,0.0769,0.4229,0.3056,0.0331
1167,6527.267,6530.2,2.933,0.0,0.0,45.49,0.835,0.0666,0.3452,0.2707,0.0037
1168,6530.267,6534.533,4.266,0.0,0.0,86.37,0.497,0.0776,0.3942,0.2869,0.0419
1169,6534.6,6537.0,2.4,0.0,0.0,59.58,0.637,0.0857,0.4227,0.3578,0.0093
1170,6537.067,6541.933,4.866,0.0,0.0,102.78,0.563,0.1457,0.899,0.7255,0.0049
1171,6542.0,6543.933,1.933,0.0,0.0,51.85,0.893,0.0775,0.5198,0.439,0.0
1172,6544.0,6546.533,2.533,0.0,0.0,79.71,0.713,0.0933,0.5442,0.3624,0.0234
1173,6546.6,6549.2,2.6,0.0,0.0,101.58,0.409,0.1347,0.7438,0.5478,0.0146
1174,6549.267,6556.467,7.2,0.0,0.0,106.75,0.597,0.1626,1.0348,0.853,0.0197
1175,6556.533,6560.467,3.934,0.0,0.0,106.74,0.555,0.1527,1.0156,0.8283,0.0371
1176,6560.533,6563.533,3.0,0.0,0.0,109.85,0.638,0.156,1.0445,0.849,0.0188
1177,6563.6,6564.933,1.333,0.0,0.0,101.39,0.594,0.1387,0.8772,0.7246,0.035
1178,6565.0,6566.4,1.4,0.0,0.0,96.79,0.388,0.1272,0.7485,0.548,0.0071
1179,6566.467,6572.267,5.8,0.0,0.0,80.87,0.88,0.1063,0.7999,0.5246,0.0517
1180,6572.333,6582.933,10.6,0.0,0.0,75.91,0.841,0.1282,0.9824,0.7756,0.0058
1181,6583.0,6588.133,5.133,0.0,0.0,80.57,0.733,0.1286,0.812,0.5815,0.0008
1182,6588.2,6589.533,1.333,0.0,0.0,155.35,0.526,0.0524,0.2545,0.2347,0.0106
1183,6589.6,6591.533,1.933,0.0,0.0,98.51,0.559,0.0971,0.2388,0.0754,0.0935
1184,6591.6,6595.733,4.133,0.0,0.0,136.54,0.0,0.0833,0.4287,0.2708,0.0423
1185,6595.8,6600.933,5.133,0.0,0.0,137.71,0.661,0.1368,1.0381,0.7567,0.0667
1186,6601.0,6625.533,24.533,0.0,0.0,99.43,0.597,0.1293,0.8836,0.6894,0.0162
1187,6625.6,6632.067,6.467,0.0,0.0,124.75,0.334,0.088,0.3795,0.1285,0.1081
1188,6632.133,6632.733,0.6,0.0,0.0,106.14,0.014,0.0848,0.2866,0.0688,0.1394
1189,6632.8,6633.933,1.133,0.0,0.0,102.61,0.106,0.1125,0.6799,0.5194,0.0779
1190,6634.0,6636.333,2.333,0.0,0.0,109.85,0.0,0.1343,0.7437,0.5384,0.029
1191,6636.4,6638.867,2.467,0.0,0.0,129.28,0.128,0.0771,0.1848,0.0759,0.0514
1192,6638.933,6639.467,0.534,0.0,0.0,121.3,0.36,0.0742,0.3841,0.3159,0.0211
1193,6639.533,6641.267,1.734,0.0,0.0,106.94,0.321,0.1417,0.439,0.2455,0.0673
1194,6641.333,6643.933,2.6,0.0,0.0,119.92,0.476,0.0832,0.1768,0.0344,0.0846
1195,6644.0,6644.667,0.667,0.0,0.0,117.99,0.516,0.0541,0.1726,0.026,0.1342
1196,6644.733,6662.467,17.734,0.0,0.0,66.82,0.787,0.0493,0.1683,0.0515,0.0132
1197,6662.533,6663.267,0.734,0.0,0.0,98.72,0.815,0.1027,0.2735,0.0,0.0268
1198,6663.333,6670.933,7.6,0.0,0.0,118.82,0.0,0.0397,0.1265,0.01,0.0039
1199,6671.0,6674.0,3.0,0.0,0.0,79.62,0.884,0.0517,0.1119,0.0085,0.0
1200,6674.067,6678.533,4.466,0.0,0.0,40.81,0.41,0.0379,0.2064,0.1347,0.0004
1201,6678.6,6718.733,40.133,0.0,0.0,97.95,0.784,0.0879,0.3416,0.2297,0.0234
1202,6718.8,6720.133,1.333,0.0,0.0,94.49,0.541,0.1229,0.4341,0.3253,0.0021
1203,6720.2,6721.2,1.0,0.0,0.0,77.55,0.437,0.0991,0.2452,0.1416,0.0011
1204,6721.267,6722.4,1.133,0.0,0.0,113.24,0.0,0.0926,0.2146,0.1193,0.0046
1205,6722.467,6723.067,0.6,0.0,0.0,95.45,0.304,0.0889,0.2001,0.1054,0.027
1206,6723.133,6726.267,3.134,0.0,0.0,71.11,0.653,0.1198,0.3046,0.1789,0.0263
1207,6726.333,6728.267,1.934,0.0,0.0,81.3,0.454,0.1106,0.2153,0.048,0.0289
1208,6728.333,6729.067,0.734,0.0,0.0,80.15,0.6,0.133,0.3286,0.1191,0.0345
1209,6729.133,6731.267,2.134,0.0,0.0,72.68,0.789,0.127,0.3198,0.1042,0.0271
1210,6731.333,6732.667,1.334,0.0,0.0,87.01,0.437,0.1319,0.4576,0.3117,0.0096
1211,6732.733,6733.733,1.0,0.0,0.0,73.06,0.329,0.0923,0.2195,0.0936,0.0318
1212,6733.8,6739.133,5.333,0.0,0.0,83.04,0.55,0.1148,0.3075,0.1723,0.0247
1213,6739.2,6741.267,2.067,0.0,0.0,82.45,0.62,0.12,0.325,0.1694,0.0185
1214,6741.333,6742.4,1.067,0.0,0.0,91.61,0.372,0.1147,0.32,0.1862,0.0019
1215,6742.467,6748.733,6.266,0.0,0.0,78.07,0.532,0.1306,0.4515,0.3288,0.019
1216,6748.8,6749.667,0.867,0.0,0.0,89.72,0.783,0.1241,0.4838,0.3638,0.001
1217,6749.733,6751.533,1.8,0.0,0.0,89.8,0.744,0.1097,0.3534,0.2509,0.0016
1218,6751.6,6755.667,4.067,0.0,0.0,102.64,0.697,0.1008,0.2433,0.1073,0.0425
1219,6755.733,6761.333,5.6,0.0,0.0,93.39,0.675,0.132,0.3795,0.1072,0.0268
1220,6761.4,6771.333,9.933,0.0,0.0,89.86,0.665,0.1365,0.3792,0.1032,0.0198
1221,6771.4,6772.733,1.333,0.0,0.0,96.67,0.565,0.1393,0.4487,0.1601,0.0104
1222,6772.8,6778.467,5.667,0.0,0.0,89.61,0.678,0.1399,0.4761,0.2747,0.0359
1223,6778.533,6781.333,2.8,0.0,0.0,94.55,0.727,0.1433,0.557,0.3802,0.0003
1224,6781.4,6783.933,2.533,0.0,0.0,99.91,0.441,0.127,0.3722,0.2286,0.016
1225,6784.0,6791.467,7.467,0.0,0.0,96.12,0.847,0.1536,0.3972,0.2101,0.0282
1226,6791.533,6795.333,3.8,0.0,0.0,90.7,0.649,0.1015,0.329,0.1768,0.033
1227,6795.4,6799.2,3.8,0.0,0.0,115.28,0.727,0.1578,0.712,0.5735,0.021
1228,6799.267,6800.0,0.733,0.0,0.0,115.27,0.866,0.1674,0.719,0.5398,0.0236
1229,6800.067,6801.467,1.4,0.0,0.0,106.89,0.596,0.1089,0.3612,0.1434,0.0151
1230,6801.533,6802.867,1.334,0.0,0.0,115.34,0.323,0.1133,0.4133,0.1915,0.0053
1231,6802.933,6803.933,1.0,0.0,0.0,87.16,0.551,0.1037,0.3084,0.2013,0.0511
1232,6804.0,6806.2,2.2,0.0,0.0,89.17,0.384,0.1023,0.2354,0.0865,0.0656
1233,6806.267,6806.867,0.6,0.0,0.0,92.15,0.28,0.0888,0.1346,0.0635,0.001
1234,6806.933,6811.667,4.734,0.0,0.0,80.69,0.557,0.1192,0.3399,0.2534,0.0084
1235,6811.733,6812.8,1.067,0.0,0.0,91.42,0.168,0.1072,0.2535,0.1287,0.0046
1236,6812.867,6818.6,5.733,0.0,0.0,133.16,0.76,0.1061,0.2362,0.0877,0.0303
1237,6818.667,6822.667,4.0,0.0,0.0,183.36,0.683,0.0527,0.1573,0.0331,0.021
1238,6822.733,6861.133,38.4,0.0,0.0,98.27,0.798,0.0883,0.3419,0.2451,0.0257
1239,6861.2,6861.8,0.6,0.0,0.0,65.11,0.744,0.0014,0.0035,0.0,0.0
1240,6861.867,6865.867,4.0,0.0,0.0,56.26,0.051,0.0462,0.2285,0.1159,0.0101
1241,6865.933,6867.867,1.934,0.0,0.0,69.98,0.412,0.0543,0.1786,0.0548,0.0078
1242,6867.933,6890.533,22.6,0.0,0.0,68.0,0.969,0.0492,0.1376,0.0755,0.0115
1243,6890.6,6894.933,4.333,0.0,0.0,220.8,0.815,0.0277,0.2335,0.2064,0.0113
1244,6895.0,6897.533,2.533,0.0,0.0,4.26,0.764,0.0098,0.0355,0.0261,0.0
1245,6897.6,6902.067,4.467,0.0,0.0,39.91,0.441,0.0372,0.2038,0.1343,0.0004
1246,6902.133,6943.733,41.6,0.0,0.0,97.52,0.778,0.0884,0.3323,0.21,0.031
1247,6943.8,6948.733,4.933,0.0,0.0,91.45,0.758,0.1232,0.3878,0.2236,0.0211
1248,6948.8,6951.467,2.667,0.0,0.0,94.81,0.754,0.1506,0.511,0.2641,0.0188
1249,6951.533,6953.333,1.8,0.0,0.0,96.62,0.657,0.1374,0.5262,0.3099,0.008
1250,6953.4,6961.467,8.067,0.0,0.0,66.18,0.654,0.0955,0.2472,0.1549,0.0198
1251,6961.533,6962.867,1.334,0.0,0.0,76.42,0.309,0.0955,0.1701,0.0833,0.0068
1252,6962.933,6971.467,8.534,0.0,0.0,70.98,0.637,0.1095,0.2762,0.1109,0.0381
1253,6971.533,6972.867,1.334,0.0,0.0,100.7,0.008,0.1128,0.3488,0.1815,0.0064
1254,6972.933,6976.067,3.134,0.0,0.0,88.63,0.404,0.1246,0.373,0.1958,0.0307
1255,6976.133,6981.467,5.334,0.0,0.0,82.26,0.651,0.1314,0.4003,0.196,0.0198
1256,6981.533,6982.867,1.334,0.0,0.0,92.5,0.428,0.1256,0.4159,0.2563,0.0072
1257,6982.933,6986.133,3.2,0.0,0.0,86.15,0.47,0.1264,0.4307,0.2262,0.0628
1258,6986.2,6990.533,4.333,0.0,0.0,95.61,0.475,0.1371,0.4812,0.2695,0.0071
1259,6990.6,6991.467,0.867,0.0,0.0,95.59,0.384,0.1289,0.4227,0.2955,0.0
1260,6991.533,6992.867,1.334,0.0,0.0,110.38,0.251,0.1419,0.5309,0.3305,0.0053
1261,6992.933,6996.2,3.267,0.0,0.0,95.3,0.525,0.1352,0.44,0.1963,0.0413
1262,6996.267,6997.267,1.0,0.0,0.0,77.21,0.507,0.1197,0.3515,0.1668,0.014
1263,6997.333,6998.133,0.8,0.0,0.0,85.92,0.416,0.136,0.3968,0.1451,0.033
1264,6998.2,7018.133,19.933,0.0,0.0,81.08,0.804,0.118,0.3443,0.1895,0.0222
1265,7018.2,7021.333,3.133,0.0,0.0,97.84,0.79,0.129,0.4622,0.2659,0.0003
1266,7021.4,7034.4,13.0,0.0,0.0,83.52,0.767,0.1249,0.4171,0.2066,0.0302
1267,7034.467,7036.067,1.6,0.0,0.0,67.79,0.848,0.0813,0.2002,0.1059,0.0322
1268,7036.133,7038.2,2.067,0.0,0.0,78.63,0.579,0.0979,0.2086,0.101,0.0173
1269,7038.267,7040.267,2.0,0.0,0.0,93.81,0.678,0.1205,0.4127,0.1369,0.0228
1270,7040.333,7041.533,1.2,0.0,0.0,81.12,0.543,0.1196,0.3129,0.0941,0.0151
1271,7041.6,7042.733,1.133,0.0,0.0,88.78,0.309,0.1095,0.3064,0.0983,0.0036
1272,7042.8,7047.867,5.067,0.0,0.0,92.78,0.711,0.138,0.6069,0.3856,0.0316
1273,7047.933,7050.533,2.6,0.0,0.0,80.23,0.886,0.1223,0.3784,0.2622,0.0047
1274,7050.6,7051.533,0.933,0.0,0.0,78.93,0.618,0.0909,0.2283,0.1564,0.001
1275,7051.6,7052.933,1.333,0.0,0.0,93.5,0.539,0.1036,0.2591,0.1628,0.0077
1276,7053.0,7053.867,0.867,0.0,0.0,77.97,0.842,0.0948,0.2766,0.1915,0.0214
1277,7053.933,7058.133,4.2,0.0,0.0,170.92,0.723,0.045,0.1467,0.0456,0.0272
1278,7058.2,7063.667,5.467,0.0,0.0,66.74,0.916,0.054,0.1693,0.047,0.0064
1279,7063.733,7065.067,1.334,0.0,0.0,131.83,0.0,0.0827,0.4549,0.2173,0.0486
1280,7065.133,7065.867,0.734,0.0,0.0,109.7,0.0,0.0559,0.3358,0.1355,0.0276
1281,7065.933,7086.533,20.6,0.0,0.0,126.02,0.297,0.0906,0.4732,0.2364,0.0315
1282,7086.6,7088.067,1.467,0.0,0.0,123.48,0.747,0.1584,0.306,0.1744,0.0187
1283,7088.133,7092.267,4.134,0.0,0.0,104.61,0.625,0.1107,0.5661,0.4149,0.0165
1284,7092.333,7096.0,3.667,0.0,0.0,138.06,0.202,0.0925,0.4006,0.1328,0.0667
1285,7096.067,7099.8,3.733,0.0,0.0,127.11,0.178,0.0927,0.4129,0.2169,0.0485
1286,7099.867,7100.733,0.866,0.0,0.0,142.37,0.168,0.0305,0.0426,0.0,0.0163
1287,7100.8,7108.733,7.933,0.0,0.0,138.84,0.484,0.0977,0.4645,0.1654,0.0465
1288,7108.8,7116.733,7.933,0.0,0.0,116.8,0.751,0.1293,0.6305,0.4931,0.0122
1289,7116.8,7121.133,4.333,0.0,0.0,108.8,0.266,0.0978,0.3252,0.163,0.0258
1290,7121.2,7124.667,3.467,0.0,0.0,94.35,0.457,0.0775,0.2982,0.233,0.018
1291,7124.733,7127.6,2.867,0.0,0.0,100.07,0.386,0.0725,0.2555,0.1889,0.0221
1292,7127.667,7129.333,1.666,0.0,0.0,91.36,0.23,0.114,0.5304,0.3775,0.0158
1293,7129.4,7133.133,3.733,0.0,0.0,100.87,0.55,0.1225,0.547,0.386,0.0163
1294,7133.2,7150.133,16.933,0.0,0.0,102.9,0.319,0.1025,0.4282,0.2302,0.0302
1295,7150.2,7153.333,3.133,0.0,0.0,125.61,0.593,0.0729,0.5131,0.4274,0.0199
1296,7153.4,7155.133,1.733,0.0,0.0,74.48,0.948,0.0638,0.2037,0.0209,0.0276
1297,7155.2,7163.133,7.933,0.0,0.0,52.25,0.932,0.0543,0.2126,0.1468,0.0
1298,7163.2,7163.933,0.733,0.0,0.0,123.6,0.0,0.0522,0.3259,0.1563,0.0074
1299,7164.0,7165.8,1.8,0.0,0.0,106.87,0.129,0.0247,0.1096,0.0,0.0041
1300,7165.867,7166.4,0.533,0.0,0.0,41.84,0.0,0.0827,0.4815,0.2709,0.0304
1301,7166.467,7167.133,0.666,0.0,0.0,57.41,0.566,0.0155,0.0171,0.0,0.0
1302,7167.2,7168.267,1.067,0.0,0.0,123.41,0.06,0.0386,0.2927,0.0737,0.0015
1303,7168.333,7168.933,0.6,0.0,0.0,53.73,0.313,0.0279,0.0743,0.0,0.0
1304,7169.0,7171.133,2.133,0.0,0.0,149.34,0.0,0.1195,0.7932,0.5871,0.0077
1305,7171.2,7171.733,0.533,0.0,0.0,112.05,0.289,0.0681,0.3122,0.2167,0.0019
1306,7171.8,7172.4,0.6,0.0,0.0,87.46,0.299,0.0722,0.3158,0.1295,0.0003
1307,7172.467,7173.6,1.133,0.0,0.0,120.83,0.0,0.1282,0.9832,0.8147,0.0309
1308,7173.667,7174.2,0.533,0.0,0.0,70.92,0.461,0.0745,0.3801,0.0864,0.0033
1309,7174.267,7176.133,1.866,0.0,0.0,168.96,0.105,0.1108,0.6852,0.5162,0.0062
1310,7176.2,7176.733,0.533,0.0,0.0,111.62,0.36,0.0788,0.4346,0.3002,0.0098
1311,7176.8,7177.733,0.933,0.0,0.0,135.29,0.0,0.143,1.1178,0.8288,0.0189
1312,7177.8,7181.333,3.533,0.0,0.0,121.41,0.708,0.038,0.2501,0.0,0.0098
1313,7181.4,7182.467,1.067,0.0,0.0,60.04,0.619,0.1091,0.5493,0.3783,0.0367
1314,7182.533,7200.333,17.8,0.0,0.0,77.27,0.764,0.1255,0.5971,0.453,0.0186
1315,7200.4,7202.4,2.0,0.0,0.0,107.93,0.724,0.0733,0.3034,0.0664,0.0963
1316,7202.467,7211.4,8.933,0.0,0.0,89.54,0.649,0.1444,0.7572,0.5683,0.1056
1317,7211.467,7224.667,13.2,0.0,0.0,101.55,0.904,0.1416,0.5219,0.2971,0.1336
1318,7224.733,7227.867,3.134,0.0,0.0,90.06,0.463,0.148,0.8167,0.6567,0.0811
1319,7227.933,7240.067,12.134,0.0,0.0,96.46,0.592,0.1204,0.563,0.3151,0.1324
1320,7240.133,7242.533,2.4,0.0,0.0,106.2,0.549,0.1145,0.4935,0.285,0.1013
1321,7242.6,7243.133,0.533,0.0,0.0,105.48,0.735,0.1041,0.4757,0.2489,0.092
1322,7243.2,7249.067,5.867,0.0,0.0,102.37,0.624,0.1168,0.4795,0.2807,0.0895
1323,7249.133,7252.067,2.934,0.0,0.0,101.0,0.719,0.1389,0.767,0.4638,0.1131
1324,7252.133,7253.733,1.6,0.0,0.0,97.99,0.688,0.1361,0.6884,0.438,0.0222
1325,7253.8,7256.133,2.333,0.0,0.0,102.27,0.748,0.1491,0.7842,0.6082,0.0118
1326,7256.2,7272.467,16.267,0.0,0.0,100.08,0.84,0.1539,1.0647,0.8662,0.0006
1327,7272.533,7274.2,1.667,0.0,0.0,79.48,0.562,0.135,0.8539,0.6605,0.0141
1328,7274.267,7275.867,1.6,0.0,0.0,78.99,0.788,0.1386,0.8653,0.7445,0.0072
1329,7275.933,7281.533,5.6,0.0,0.0,82.07,0.802,0.145,0.9872,0.8436,0.0004
1330,7281.6,7282.4,0.8,0.0,0.0,89.48,0.685,0.1168,1.1558,1.0885,0.0005
1331,7282.467,7285.867,3.4,0.0,0.0,119.02,0.915,0.1248,1.0049,0.6841,0.0005
1332,7285.933,7287.4,1.467,0.0,0.0,120.75,0.894,0.1228,1.3309,1.1821,0.0
1333,7287.467,7289.4,1.933,0.0,0.0,122.75,0.844,0.1292,0.9667,0.6958,0.0004
1334,7289.467,7291.4,1.933,0.0,0.0,92.51,0.786,0.1275,1.1852,1.0113,0.0003
1335,7291.467,7292.733,1.266,0.0,0.0,78.2,0.49,0.1122,0.7748,0.5446,0.0169
1336,7292.8,7294.733,1.933,0.0,0.0,88.26,0.672,0.1514,0.7911,0.765,0.006
1337,7294.8,7297.0,2.2,0.0,0.0,95.76,0.687,0.1535,1.2247,1.16,0.0015
1338,7297.067,7302.333,5.266,0.0,0.0,93.78,0.793,0.1314,1.1219,0.9771,0.0002
1339,7302.4,7303.867,1.467,0.0,0.0,106.42,0.915,0.1238,0.8429,0.7513,0.0
1340,7303.933,7305.333,1.4,0.0,0.0,108.65,0.883,0.1266,1.0899,1.0083,0.0008
1341,7305.4,7307.133,1.733,0.0,0.0,95.48,0.6,0.1039,0.6933,0.5067,0.0126
1342,7307.2,7308.8,1.6,0.0,0.0,90.09,0.649,0.1157,0.756,0.4988,0.0082
1343,7308.867,7314.4,5.533,0.0,0.0,102.34,0.796,0.1296,1.0385,0.8179,0.0005
1344,7314.467,7317.733,3.266,0.0,0.0,101.35,0.813,0.133,1.0506,0.8991,0.0001
1345,7317.8,7319.933,2.133,0.0,0.0,101.63,0.728,0.1263,1.1102,1.0285,0.0003
1346,7320.0,7322.867,2.867,0.0,0.0,101.48,0.792,0.121,0.8923,0.8205,0.0005
1347,7322.933,7324.067,1.134,0.0,0.0,103.01,0.901,0.1201,1.0269,0.9439,0.0008
1348,7324.133,7326.467,2.334,0.0,0.0,99.88,0.601,0.1066,0.7393,0.5665,0.0098
1349,7326.533,7327.867,1.334,0.0,0.0,100.46,0.431,0.1289,0.7587,0.663,0.009
1350,7327.933,7328.667,0.734,0.0,0.0,109.52,0.81,0.1387,0.9295,0.8607,0.0011
1351,7328.733,7330.733,2.0,0.0,0.0,105.05,0.857,0.1433,0.9516,0.7806,0.0003
1352,7330.8,7338.2,7.4,0.0,0.0,92.83,0.827,0.1276,1.0543,0.9794,0.0003
1353,7338.267,7343.867,5.6,0.0,0.0,103.82,0.88,0.1425,1.0532,0.9923,0.0003
1354,7343.933,7344.667,0.734,0.0,0.0,103.55,0.792,0.1415,0.943,0.8409,0.0001
1355,7344.733,7348.733,4.0,0.0,0.0,99.88,0.674,0.1204,0.9422,0.7698,0.0003
1356,7348.8,7350.133,1.333,0.0,0.0,102.77,0.781,0.1291,0.965,0.9091,0.0005
1357,7350.2,7353.533,3.333,0.0,0.0,103.49,0.848,0.1301,1.0491,0.9232,0.0001
1358,7353.6,7356.933,3.333,0.0,0.0,94.49,0.548,0.1158,0.7832,0.5697,0.0097
1359,7357.0,7367.533,10.533,0.0,0.0,100.47,0.709,0.1379,1.1423,0.9995,0.0004
1360,7367.6,7369.267,1.667,0.0,0.0,76.68,0.581,0.1141,0.7646,0.4293,0.0134
1361,7369.333,7371.0,1.667,0.0,0.0,80.11,0.817,0.1203,0.77,0.4744,0.0073
1362,7371.067,7387.067,16.0,0.0,0.0,89.86,0.747,0.1329,1.0341,0.8849,0.0004
1363,7387.133,7389.933,2.8,0.0,0.0,74.48,0.586,0.1294,0.8022,0.6906,0.0136
1364,7390.0,7400.533,10.533,0.0,0.0,88.01,0.623,0.1538,1.0888,0.9739,0.0004
1365,7400.6,7401.133,0.533,0.0,0.0,76.15,0.211,0.1063,0.6548,0.5296,0.0003
1366,7401.2,7403.933,2.733,0.0,0.0,94.01,0.657,0.1291,0.7189,0.586,0.0117
1367,7404.0,7407.533,3.533,0.0,0.0,97.43,0.608,0.1257,1.0556,0.8155,0.001
1368,7407.6,7416.733,9.133,0.0,0.0,99.25,0.687,0.1224,1.0868,0.8972,0.0004
1369,7416.8,7418.667,1.867,0.0,0.0,110.97,0.839,0.1173,0.8884,0.7515,0.0003
1370,7418.733,7420.133,1.4,0.0,0.0,92.06,0.57,0.1407,1.1504,1.0276,0.0
1371,7420.2,7423.733,3.533,0.0,0.0,81.58,0.577,0.0964,0.4205,0.3037,0.0097
1372,7423.8,7428.733,4.933,0.0,0.0,85.45,0.869,0.1206,0.6993,0.6094,0.0004
1373,7428.8,7430.133,1.333,0.0,0.0,79.76,0.474,0.0982,0.4373,0.3148,0.0175
1374,7430.2,7431.333,1.133,0.0,0.0,87.71,0.449,0.081,0.3351,0.214,0.0
1375,7431.4,7432.067,0.667,0.0,0.0,84.43,0.442,0.1527,1.0543,0.9445,0.013
1376,7432.133,7433.267,1.134,0.0,0.0,97.48,0.458,0.1401,1.0587,0.8883,0.0026
1377,7433.333,7458.133,24.8,0.0,0.0,88.91,0.871,0.139,1.0431,0.898,0.0089
1378,7458.2,7462.533,4.333,0.0,0.0,92.03,0.88,0.1364,0.9606,0.8077,0.0401
1379,7462.6,7464.6,2.0,0.0,0.0,83.12,0.38,0.0999,0.3685,0.1462,0.0377
1380,7464.667,7466.733,2.066,0.0,0.0,80.18,0.496,0.0879,0.3163,0.1246,0.0454
1381,7466.8,7470.2,3.4,0.0,0.0,86.32,0.424,0.1134,0.5631,0.3636,0.0203
1382,7470.267,7473.667,3.4,0.0,0.0,84.42,0.259,0.093,0.4378,0.276,0.001
1383,7473.733,7474.8,1.067,0.0,0.0,57.07,0.363,0.0742,0.4029,0.2817,0.0004
1384,7474.867,7481.133,6.266,0.0,0.0,80.7,0.304,0.0979,0.478,0.3244,0.009
1385,7481.2,7523.533,42.333,0.0,0.0,121.07,0.884,0.1116,0.3698,0.215,0.059
1386,7523.6,7541.2,17.6,0.0,0.0,132.03,0.847,0.1282,0.4758,0.3207,0.0607
1387,7541.267,7547.133,5.866,0.0,0.0,115.73,0.873,0.0966,0.2596,0.0588,0.097
1388,7547.2,7556.867,9.667,0.0,0.0,148.94,0.856,0.0841,0.6452,0.554,0.0212
1389,7556.933,7563.4,6.467,0.0,0.0,138.07,0.761,0.1128,0.7248,0.5749,0.0081
1390,7563.467,7589.867,26.4,0.0,0.0,131.29,0.906,0.151,0.8391,0.8003,0.0071
1391,7589.933,7594.8,4.867,0.0,0.0,97.09,0.337,0.148,0.8465,0.7036,0.06
1392,7594.867,7601.467,6.6,0.0,0.0,51.49,0.533,0.0689,0.4249,0.3287,0.0167
1393,7601.533,7613.467,11.934,0.0,0.0,95.74,0.797,0.1097,0.526,0.3209,0.0079
1394,7613.533,7625.533,12.0,0.0,0.0,81.21,0.744,0.1042,0.5377,0.429,0.007
1395,7625.6,7626.733,1.133,0.0,0.0,99.15,0.475,0.078,0.6417,0.5731,0.0
1396,7626.8,7630.467,3.667,0.0,0.0,93.04,0.869,0.1418,1.2082,1.1462,0.0052
1397,7630.533,7632.467,1.934,0.0,0.0,105.17,0.815,0.1264,1.0481,0.9038,0.0506
1398,7632.533,7638.0,5.467,0.0,0.0,80.78,0.906,0.1434,1.3805,1.3069,0.013
1399,7638.067,7640.267,2.2,0.0,0.0,105.6,0.864,0.1272,1.083,0.875,0.0394
1400,7640.333,7646.667,6.334,0.0,0.0,88.86,0.906,0.1424,0.974,0.7513,0.0397
1401,7646.733,7650.867,4.134,0.0,0.0,82.13,0.911,0.1515,1.0158,0.8995,0.0486
1402,7650.933,7658.267,7.334,0.0,0.0,91.49,0.869,0.1418,0.9685,0.79,0.033
1403,7658.333,7665.067,6.734,0.0,0.0,92.25,0.844,0.1496,1.1014,0.947,0.0345
1404,7665.133,7671.133,6.0,0.0,0.0,95.38,0.732,0.1626,1.2716,1.2227,0.0217
1405,7671.2,7678.867,7.667,0.0,0.0,94.18,0.714,0.1568,1.0787,1.003,0.0227
1406,7678.933,7685.533,6.6,0.0,0.0,88.06,0.71,0.1519,1.0614,0.9388,0.0392
1407,7685.6,7688.333,2.733,0.0,0.0,93.55,0.738,0.1392,1.103,1.0186,0.0473
1408,7688.4,7689.333,0.933,0.0,0.0,57.9,0.884,0.126,0.8596,0.7593,0.0491
1409,7689.4,7691.733,2.333,0.0,0.0,94.05,0.65,0.1855,1.0423,0.9558,0.0491
1410,7691.8,7705.933,14.133,0.0,0.0,88.32,0.749,0.1537,0.9901,0.8696,0.0336
1411,7706.0,7707.867,1.867,0.0,0.0,117.14,0.762,0.1633,1.1714,1.0954,0.0455
1412,7707.933,7708.933,1.0,0.0,0.0,63.38,0.722,0.1107,0.7753,0.7376,0.022
1413,7709.0,7711.867,2.867,0.0,0.0,91.95,0.678,0.1884,1.0621,1.0303,0.0072
1414,7711.933,7719.733,7.8,0.0,0.0,93.36,0.792,0.1647,1.1627,1.0675,0.0219
1415,7719.8,7726.2,6.4,0.0,0.0,102.15,0.877,0.1737,1.1285,1.0516,0.039
1416,7726.267,7732.667,6.4,0.0,0.0,101.51,0.925,0.1771,1.128,1.051,0.0473
1417,7732.733,7734.933,2.2,0.0,0.0,118.69,0.875,0.1633,1.1246,1.0451,0.0454
1418,7735.0,7740.2,5.2,0.0,0.0,71.23,0.755,0.125,0.7394,0.5739,0.0281
1419,7740.267,7750.067,9.8,0.0,0.0,81.74,0.723,0.1407,0.9988,0.8191,0.0326
1420,7750.133,7751.533,1.4,0.0,0.0,47.4,0.591,0.064,0.229,0.1816,0.021
1421,7751.6,7755.6,4.0,0.0,0.0,130.26,0.593,0.1499,0.7313,0.5553,0.076
1422,7755.667,7759.4,3.733,0.0,0.0,109.68,0.471,0.1425,0.7844,0.6446,0.0032
1423,7759.467,7760.533,1.066,0.0,0.0,44.74,0.506,0.083,0.3022,0.2568,0.0177
1424,7760.6,7764.333,3.733,0.0,0.0,107.09,0.372,0.1552,0.8,0.6291,0.0687
1425,7764.4,7773.667,9.267,0.0,0.0,110.45,0.639,0.0599,0.2676,0.0935,0.0525
1426,7773.733,7787.2,13.467,0.0,0.0,135.29,0.735,0.1127,0.8158,0.7029,0.0155
1427,7787.267,7811.667,24.4,0.0,0.0,118.04,0.86,0.1419,0.8842,0.7922,0.0142
1428,7811.733,7822.333,10.6,0.0,0.0,100.88,0.665,0.0939,0.4709,0.3205,0.0109
1429,7822.4,7836.8,14.4,0.0,0.0,148.32,0.785,0.0822,0.63,0.4854,0.0091
1430,7836.867,7861.467,24.6,0.0,0.0,123.27,0.874,0.1385,1.0077,0.9275,0.0103
1431,7861.533,7908.267,46.734,0.0,0.0,123.33,0.888,0.1123,0.7203,0.5888,0.0315
1432,7908.333,7933.267,24.934,0.0,0.0,117.78,0.725,0.0977,0.5629,0.3845,0.0279
1433,7933.333,7938.6,5.267,0.0,0.0,105.85,0.706,0.1136,0.8016,0.6976,0.0239
1434,7938.667,7951.267,12.6,0.0,0.0,120.51,0.648,0.117,0.6453,0.4934,0.0175
1435,7951.333,7968.533,17.2,0.0,0.0,143.41,0.711,0.0829,0.6077,0.4615,0.0088
1436,7968.6,7980.333,11.733,0.0,0.0,175.41,0.902,0.0731,0.5411,0.5017,0.0091
1437,7980.4,8003.067,22.667,0.0,0.0,163.5,0.863,0.0735,0.474,0.3835,0.0175
1438,8003.133,8029.267,26.134,0.0,0.0,135.66,0.854,0.0767,0.4601,0.2454,0.0529
1439,8029.333,8081.533,52.2,0.0,0.0,90.94,0.747,0.1063,0.6554,0.5002,0.0477
1440,8081.6,8101.667,20.067,0.0,0.0,74.6,0.699,0.1244,0.7716,0.6045,0.0357
1441,8101.733,8106.467,4.734,0.0,0.0,66.79,0.655,0.1175,0.4902,0.1958,0.0652
1442,8106.533,8110.667,4.134,0.0,0.0,76.93,0.721,0.1393,1.1465,1.0172,0.008
1443,8110.733,8120.333,9.6,0.0,0.0,79.93,0.663,0.1357,0.9074,0.815,0.0353
1444,8120.4,8135.067,14.667,0.0,0.0,88.23,0.742,0.1496,0.9251,0.8477,0.0426
1445,8135.133,8148.267,13.134,0.0,0.0,92.05,0.587,0.133,0.7537,0.573,0.0441
1446,8148.333,8149.267,0.934,0.0,0.0,89.46,0.502,0.1554,0.9825,0.9041,0.0062
1447,8149.333,8153.333,4.0,0.0,0.0,94.3,0.459,0.1391,0.9348,0.8092,0.0437
1448,8153.4,8182.733,29.333,0.0,0.0,81.09,0.688,0.1265,0.7941,0.6976,0.0406
1449,8182.8,8187.667,4.867,0.0,0.0,79.98,0.579,0.1223,0.6812,0.5828,0.0449
1450,8187.733,8188.867,1.134,0.0,0.0,94.39,0.479,0.1473,1.068,0.9692,0.0063
1451,8188.933,8192.133,3.2,0.0,0.0,76.05,0.749,0.1304,0.7612,0.6522,0.0232
1452,8192.2,8197.467,5.267,0.0,0.0,85.39,0.728,0.1285,0.8444,0.732,0.0205
1453,8197.533,8198.867,1.334,0.0,0.0,93.98,0.522,0.1313,1.0708,0.9636,0.0071
1454,8198.933,8202.067,3.134,0.0,0.0,85.26,0.63,0.1294,0.8437,0.7346,0.0268
1455,8202.133,8203.0,0.867,0.0,0.0,90.78,0.649,0.1286,0.7111,0.6371,0.0072
1456,8203.067,8207.467,4.4,0.0,0.0,70.84,0.775,0.1216,0.7389,0.6204,0.025
1457,8207.533,8208.867,1.334,0.0,0.0,83.27,0.479,0.1153,0.9672,0.9103,0.0054
1458,8208.933,8212.067,3.134,0.0,0.0,76.15,0.632,0.1196,0.9143,0.8243,0.0261
1459,8212.133,8213.933,1.8,0.0,0.0,84.4,0.563,0.1171,0.5983,0.4418,0.0208
1460,8214.0,8217.467,3.467,0.0,0.0,78.77,0.66,0.1203,0.7943,0.5911,0.0313
1461,8217.533,8218.667,1.134,0.0,0.0,115.32,0.22,0.1449,1.0173,0.9424,0.0029
1462,8218.733,8227.667,8.934,0.0,0.0,94.89,0.78,0.1395,0.9201,0.8172,0.0316
1463,8227.733,8228.733,1.0,0.0,0.0,107.12,0.411,0.1406,0.955,0.8288,0.0036
1464,8228.8,8233.0,4.2,0.0,0.0,97.89,0.684,0.1449,0.9614,0.8664,0.0235
1465,8233.067,8237.533,4.466,0.0,0.0,85.55,0.759,0.1417,0.8973,0.7436,0.0258
1466,8237.6,8239.267,1.667,0.0,0.0,92.93,0.555,0.1282,0.9109,0.799,0.0101
1467,8239.333,8247.533,8.2,0.0,0.0,85.23,0.695,0.1401,0.9651,0.8305,0.03
1468,8247.6,8257.733,10.133,0.0,0.0,80.9,0.584,0.1247,0.9132,0.6959,0.0208
1469,8257.8,8267.533,9.733,0.0,0.0,80.45,0.765,0.1451,0.9651,0.7927,0.0304
1470,8267.6,8268.733,1.133,0.0,0.0,92.08,0.468,0.141,0.9441,0.7919,0.0053
1471,8268.8,8274.4,5.6,0.0,0.0,72.49,0.734,0.1357,1.0247,0.8984,0.0236
1472,8274.467,8277.533,3.066,0.0,0.0,80.17,0.689,0.1299,1.0556,0.9108,0.0308
1473,8277.6,8278.933,1.333,0.0,0.0,77.99,0.459,0.1205,0.6816,0.5119,0.0064
1474,8279.0,8287.533,8.533,0.0,0.0,71.28,0.711,0.117,0.8722,0.6882,0.0239
1475,8287.6,8294.067,6.467,0.0,0.0,64.35,0.644,0.1068,0.5495,0.3754,0.0189
1476,8294.133,8297.533,3.4,0.0,0.0,67.79,0.676,0.1269,1.0911,0.907,0.025
1477,8297.6,8298.933,1.333,0.0,0.0,75.59,0.409,0.1053,0.854,0.715,0.0069
1478,8299.0,8303.533,4.533,0.0,0.0,66.78,0.725,0.1241,0.7044,0.4996,0.045
1479,8303.6,8307.733,4.133,0.0,0.0,88.64,0.695,0.1528,0.8924,0.8144,0.03
1480,8307.8,8308.733,0.933,0.0,0.0,95.83,0.533,0.1446,1.0777,1.0019,0.0092
1481,8308.8,8317.533,8.733,0.0,0.0,76.83,0.77,0.1344,0.8611,0.7451,0.0223
1482,8317.6,8318.733,1.133,0.0,0.0,92.32,0.342,0.1325,1.2064,1.1056,0.0029
1483,8318.8,8322.133,3.333,0.0,0.0,80.49,0.606,0.1275,0.9641,0.8333,0.0242
1484,8322.2,8327.533,5.333,0.0,0.0,68.39,0.775,0.1293,0.7754,0.6379,0.023
1485,8327.6,8337.733,10.133,0.0,0.0,71.15,0.776,0.129,0.938,0.828,0.0281
1486,8337.8,8338.733,0.933,0.0,0.0,86.43,0.563,0.1289,1.311,1.1906,0.0047
1487,8338.8,8339.333,0.533,0.0,0.0,73.96,0.732,0.1209,1.1096,0.9862,0.0208
1488,8339.4,8345.933,6.533,0.0,0.0,94.55,0.711,0.1159,0.8479,0.6487,0.0282
1489,8346.0,8346.6,0.6,0.0,0.0,81.36,0.877,0.1405,1.0834,0.8942,0.0274
1490,8346.667,8347.733,1.066,0.0,0.0,77.43,0.811,0.1283,0.9389,0.738,0.0146
1491,8347.8,8348.867,1.067,0.0,0.0,93.11,0.579,0.1485,1.0219,0.8963,0.0034
1492,8348.933,8352.4,3.467,0.0,0.0,82.34,0.86,0.1485,0.9682,0.8585,0.0256
1493,8352.467,8357.867,5.4,0.0,0.0,85.26,0.753,0.1487,0.9052,0.6308,0.0217
1494,8357.933,8359.133,1.2,0.0,0.0,97.31,0.324,0.1451,0.9732,0.7683,0.0073
1495,8359.2,8360.067,0.867,0.0,0.0,83.59,0.504,0.1244,0.8215,0.6119,0.0307
1496,8360.133,8372.867,12.734,0.0,0.0,118.35,0.782,0.1427,0.6944,0.4441,0.1283
1497,8372.933,8377.733,4.8,0.0,0.0,74.08,0.779,0.1266,0.9949,0.8372,0.0218
1498,8377.8,8391.333,13.533,0.0,0.0,117.62,0.775,0.1267,0.5629,0.2747,0.1177
1499,8391.4,8393.067,1.667,0.0,0.0,81.41,0.59,0.1176,0.6098,0.3803,0.0236
1500,8393.133,8397.667,4.534,0.0,0.0,91.46,0.726,0.1448,1.1301,0.8555,0.0311
1501,8397.733,8400.067,2.334,0.0,0.0,90.11,0.505,0.1298,0.7447,0.5696,0.0149
1502,8400.133,8405.533,5.4,0.0,0.0,110.14,0.797,0.1137,0.6358,0.2957,0.0265
1503,8405.6,8410.867,5.267,0.0,0.0,119.17,0.87,0.1288,0.8493,0.6073,0.0035
1504,8410.933,8414.933,4.0,0.0,0.0,130.32,0.613,0.095,0.6767,0.4524,0.0138
1505,8415.0,8418.0,3.0,0.0,0.0,99.54,0.829,0.0906,0.3953,0.3507,0.0003
1506,8418.067,8419.733,1.666,0.0,0.0,151.07,0.836,0.1755,1.3044,1.2287,0.0
1507,8419.8,8420.667,0.867,0.0,0.0,145.73,0.809,0.0696,0.4412,0.2368,0.0824
1508,8420.733,8435.467,14.734,0.0,0.0,140.66,0.706,0.1274,0.6626,0.3948,0.1059
1509,8435.533,8436.333,0.8,0.0,0.0,109.77,0.426,0.1248,0.8149,0.4862,0.0009
1510,8436.4,8455.4,19.0,0.0,0.0,125.52,0.869,0.1231,0.8625,0.6666,0.0135
1511,8455.467,8458.933,3.466,0.0,0.0,101.76,0.858,0.0927,0.3723,0.2588,0.0103
1512,8459.0,8463.867,4.867,0.0,0.0,103.27,0.741,0.109,0.5721,0.4328,0.0013
1513,8463.933,8464.733,0.8,0.0,0.0,79.75,0.797,0.0963,0.456,0.3487,0.0038
1514,8464.8,8466.267,1.467,0.0,0.0,109.91,0.656,0.0909,0.3562,0.1744,0.0067
1515,8466.333,8468.667,2.334,0.0,0.0,80.71,0.832,0.1134,0.5216,0.3294,0.0007
1516,8468.733,8477.467,8.734,0.0,0.0,103.22,0.828,0.1046,0.4513,0.2756,0.0101
1517,8477.533,8479.933,2.4,0.0,0.0,81.62,0.799,0.1195,0.6965,0.5413,0.0015
1518,8480.0,8489.667,9.667,0.0,0.0,111.66,0.86,0.1816,0.9445,0.8804,0.0002
1519,8489.733,8501.2,11.467,0.0,0.0,112.59,0.858,0.149,1.0713,0.9307,0.0078
1520,8501.267,8505.333,4.066,0.0,0.0,110.84,0.89,0.1644,1.291,1.2247,0.0
1521,8505.4,8508.867,3.467,0.0,0.0,118.02,0.877,0.1614,0.9927,0.91,0.0035
1522,8508.933,8510.267,1.334,0.0,0.0,100.89,0.791,0.1507,1.0744,0.9065,0.0003
1523,8510.333,8520.867,10.534,0.0,0.0,114.28,0.819,0.1058,0.4579,0.3232,0.0123
1524,8520.933,8522.267,1.334,0.0,0.0,142.0,0.604,0.0985,0.5933,0.3704,0.0889
1525,8522.333,8522.867,0.534,0.0,0.0,147.36,0.562,0.0826,0.4424,0.1772,0.1003
1526,8522.933,8524.2,1.267,0.0,0.0,144.47,0.457,0.0866,0.5903,0.3,0.0672
1527,8524.267,8530.333,6.066,0.0,0.0,97.89,0.391,0.1071,0.5901,0.4262,0.0452
1528,8530.4,8536.667,6.267,0.0,0.0,104.72,0.278,0.1189,0.6384,0.4199,0.0163
1529,8536.733,8543.933,7.2,0.0,0.0,80.56,0.69,0.1121,0.6803,0.532,0.0021
1530,8544.0,8552.733,8.733,0.0,0.0,140.78,0.512,0.173,0.7997,0.7745,0.0
1531,8552.8,8560.067,7.267,0.0,0.0,143.18,0.706,0.1659,0.8085,0.7918,0.0
1532,8560.133,8611.2,51.067,0.0,0.0,108.96,0.659,0.1079,0.6669,0.5283,0.0
1533,8611.267,8618.733,7.466,0.0,0.0,67.47,0.857,0.1035,0.5753,0.4217,0.0157
1534,8618.8,8622.2,3.4,0.0,0.0,76.6,0.318,0.0598,0.2737,0.151,0.0168
1535,8622.267,8623.4,1.133,0.0,0.0,74.4,0.625,0.0407,0.172,0.0262,0.0444
1536,8623.467,8626.933,3.466,0.0,0.0,112.89,0.315,0.056,0.2562,0.1313,0.0444
1537,8627.0,8627.533,0.533,0.0,0.0,119.4,0.666,0.0407,0.1681,0.0189,0.0443
1538,8627.6,8629.067,1.467,0.0,0.0,133.37,0.433,0.0486,0.1748,0.0525,0.0444
1539,8629.133,8630.0,0.867,0.0,0.0,88.36,0.011,0.0596,0.2783,0.1431,0.0447
1540,8630.067,8631.0,0.933,0.0,0.0,72.93,0.773,0.0448,0.284,0.2099,0.0464
1541,8631.067,8632.933,1.866,0.0,0.0,139.81,0.803,0.0636,0.2009,0.0297,0.0443
1542,8633.0,8634.8,1.8,0.0,0.0,73.98,0.486,0.0549,0.1763,0.0449,0.0448
1543,8634.867,8635.733,0.866,0.0,0.0,122.1,0.0,0.05,0.3142,0.134,0.0056
1544,8635.8,8637.6,1.8,0.0,0.0,107.86,0.124,0.025,0.0979,0.0,0.0023
1545,8637.667,8638.2,0.533,0.0,0.0,41.83,0.0,0.0863,0.4858,0.2641,0.0311
1546,8638.267,8638.867,0.6,0.0,0.0,57.5,0.552,0.0139,0.0154,0.0,0.0
1547,8638.933,8640.0,1.067,0.0,0.0,124.15,0.061,0.0386,0.2767,0.0421,0.0016
1548,8640.067,8640.733,0.666,0.0,0.0,53.17,0.342,0.0292,0.0893,0.0,0.0
1549,8640.8,8642.867,2.067,0.0,0.0,149.75,0.0,0.1175,0.7918,0.6077,0.0074
1550,8642.933,8643.533,0.6,0.0,0.0,111.87,0.36,0.0744,0.3492,0.2437,0.0026
1551,8643.6,8644.2,0.6,0.0,0.0,85.79,0.301,0.0696,0.2864,0.086,0.0
1552,8644.267,8645.4,1.133,0.0,0.0,120.16,0.0,0.1271,0.9937,0.8179,0.0242
1553,8645.467,8646.0,0.533,0.0,0.0,70.68,0.46,0.0729,0.3792,0.1481,0.002
1554,8646.067,8647.867,1.8,0.0,0.0,167.07,0.115,0.1112,0.7115,0.5489,0.0072
1555,8647.933,8648.533,0.6,0.0,0.0,111.2,0.441,0.0775,0.3897,0.2735,0.0042
1556,8648.6,8649.533,0.933,0.0,0.0,134.65,0.0,0.1441,1.1162,0.9001,0.0262
1557,8649.6,8653.067,3.467,0.0,0.0,121.86,0.697,0.0378,0.2555,0.0086,0.0089
1558,8653.133,8658.333,5.2,0.0,0.0,42.7,0.44,0.0418,0.2051,0.13,0.0024
1559,8658.4,8659.0,0.6,0.0,0.0,81.49,0.769,0.1019,0.3495,0.1536,0.0189
1560,8659.067,8660.2,1.133,0.0,0.0,79.41,0.789,0.0546,0.1392,0.0582,0.0308
1561,8660.267,8660.867,0.6,0.0,0.0,76.33,0.808,0.0854,0.2819,0.0697,0.0208
1562,8660.933,8662.667,1.734,0.0,0.0,76.32,0.664,0.0532,0.1172,0.0034,0.015
1563,8662.733,8663.333,0.6,0.0,0.0,81.47,0.895,0.0727,0.1684,0.0,0.025
1564,8663.4,8664.067,0.667,0.0,0.0,75.99,0.708,0.0612,0.1122,0.0,0.0257
1565,8664.133,8664.733,0.6,0.0,0.0,105.29,0.779,0.0867,0.2198,0.0,0.0272
1566,8664.8,8666.467,1.667,0.0,0.0,77.2,0.696,0.0493,0.0884,0.0,0.0169
1567,8666.533,8668.2,1.667,0.0,0.0,81.98,0.623,0.0675,0.2806,0.124,0.0128
1568,8668.267,8669.0,0.733,0.0,0.0,71.43,0.807,0.0635,0.2044,0.0909,0.0236
1569,8669.067,8669.8,0.733,0.0,0.0,76.72,0.842,0.0708,0.2899,0.0775,0.0247
1570,8669.867,8674.067,4.2,0.0,0.0,99.46,0.84,0.1128,0.4673,0.2963,0.0232
1571,8674.133,8678.0,3.867,0.0,0.0,67.39,0.721,0.0763,0.2453,0.1325,0.0183
1572,8678.067,8678.6,0.533,0.0,0.0,65.34,0.503,0.1181,0.5626,0.3384,0.0161
1573,8678.667,8679.2,0.533,0.0,0.0,91.29,0.778,0.1121,0.6984,0.6209,0.0217
1574,8679.267,8680.867,1.6,0.0,0.0,69.53,0.702,0.1034,0.4753,0.2188,0.0311
1575,8680.933,8683.267,2.334,0.0,0.0,94.04,0.792,0.0731,0.1602,0.0368,0.0238
1576,8683.333,8685.267,1.934,0.0,0.0,72.56,0.81,0.1552,0.5468,0.3662,0.0365
1577,8685.333,8689.4,4.067,0.0,0.0,56.42,0.688,0.0908,0.4028,0.2481,0.0273
1578,8689.467,8691.2,1.733,0.0,0.0,83.72,0.782,0.0872,0.2325,0.0336,0.0604
1579,8691.267,8692.667,1.4,0.0,0.0,74.27,0.824,0.0644,0.1406,0.0483,0.0171
1580,8692.733,8695.2,2.467,0.0,0.0,91.35,0.872,0.0837,0.1776,0.0521,0.0261
1581,8695.267,8697.667,2.4,0.0,0.0,89.22,0.604,0.0591,0.1581,0.0766,0.0113
1582,8697.733,8699.6,1.867,0.0,0.0,70.36,0.771,0.1077,0.6115,0.4446,0.0292
1583,8699.667,8701.4,1.733,0.0,0.0,68.23,0.672,0.062,0.1748,0.0691,0.0495
1584,8701.467,8702.867,1.4,0.0,0.0,72.98,0.78,0.0859,0.2397,0.1063,0.0251
1585,8702.933,8704.467,1.534,0.0,0.0,86.54,0.917,0.0705,0.1783,0.0468,0.0292
1586,8704.533,8706.2,1.667,0.0,0.0,73.13,0.813,0.0735,0.1894,0.0822,0.023
1587,8706.267,8708.267,2.0,0.0,0.0,47.8,0.665,0.0891,0.285,0.1086,0.0146
1588,8708.333,8709.867,1.534,0.0,0.0,85.69,0.847,0.0704,0.2076,0.0589,0.0549
1589,8709.933,8711.067,1.134,0.0,0.0,80.37,0.861,0.1131,0.368,0.1755,0.0223
1590,8711.133,8716.2,5.067,0.0,0.0,55.04,0.758,0.0996,0.4425,0.3226,0.029
1591,8716.267,8718.8,2.533,0.0,0.0,94.85,0.572,0.0703,0.2669,0.1566,0.0234
1592,8718.867,8719.933,1.066,0.0,0.0,76.92,0.757,0.0742,0.2547,0.0746,0.0656
1593,8720.0,8721.2,1.2,0.0,0.0,116.78,0.779,0.1185,0.5104,0.3182,0.0419
1594,8721.267,8722.667,1.4,0.0,0.0,87.17,0.511,0.1124,0.3331,0.2092,0.0176
1595,8722.733,8726.533,3.8,0.0,0.0,145.21,0.815,0.0707,0.1972,0.085,0.0215
1596,8726.6,8732.267,5.667,0.0,0.0,81.78,0.797,0.0615,0.1557,0.0791,0.0247
1597,8732.333,8736.667,4.334,0.0,0.0,109.17,0.881,0.0831,0.2243,0.0879,0.0231
1598,8736.733,8744.467,7.734,0.0,0.0,39.66,0.8,0.0713,0.2874,0.144,0.0246
1599,8744.533,8784.467,39.934,0.0,0.0,98.89,0.788,0.0877,0.3436,0.2439,0.0265
1600,8784.533,8786.267,1.734,0.0,0.0,106.47,0.709,0.1245,0.3099,0.0884,0.0203
1601,8786.333,8796.267,9.934,0.0,0.0,103.88,0.752,0.1268,0.3578,0.1396,0.0221
1602,8796.333,8816.4,20.067,0.0,0.0,105.1,0.765,0.1217,0.3288,0.1441,0.0222
1603,8816.467,8817.8,1.333,0.0,0.0,112.74,0.557,0.1137,0.2759,0.1048,0.0079
1604,8817.867,8826.4,8.533,0.0,0.0,102.0,0.805,0.1225,0.3069,0.1134,0.0236
1605,8826.467,8827.8,1.333,0.0,0.0,111.5,0.573,0.1209,0.3229,0.1183,0.0062
1606,8827.867,8844.267,16.4,0.0,0.0,104.84,0.774,0.118,0.3196,0.1429,0.02
1607,8844.333,8848.133,3.8,0.0,0.0,180.31,0.739,0.0532,0.1906,0.0927,0.0227
1608,8848.2,8849.0,0.8,0.0,0.0,104.23,0.145,0.0684,0.2637,0.088,0.0086
1609,8849.067,8850.8,1.733,0.0,0.0,109.61,0.147,0.0249,0.0958,0.0,0.0026
1610,8850.867,8851.4,0.533,0.0,0.0,42.39,0.0,0.0812,0.4438,0.229,0.0359
1611,8851.467,8852.133,0.666,0.0,0.0,57.86,0.56,0.013,0.0165,0.0,0.0
1612,8852.2,8853.267,1.067,0.0,0.0,125.03,0.062,0.0375,0.2851,0.0739,0.0014
1613,8853.333,8854.0,0.667,0.0,0.0,53.38,0.361,0.0304,0.0838,0.0,0.0
1614,8854.067,8856.133,2.066,0.0,0.0,149.57,0.0,0.1185,0.7713,0.5745,0.009
1615,8856.2,8856.8,0.6,0.0,0.0,112.46,0.36,0.0753,0.3609,0.2448,0.0017
1616,8856.867,8857.4,0.533,0.0,0.0,86.77,0.224,0.0723,0.3203,0.1113,0.0
1617,8857.467,8858.6,1.133,0.0,0.0,120.66,0.0,0.1296,1.0074,0.8369,0.027
1618,8858.667,8859.2,0.533,0.0,0.0,70.67,0.46,0.0743,0.3791,0.0865,0.0026
1619,8859.267,8861.133,1.866,0.0,0.0,168.59,0.105,0.1081,0.7069,0.536,0.0107
1620,8861.2,8861.8,0.6,0.0,0.0,111.96,0.423,0.0792,0.3916,0.2784,0.0019
1621,8861.867,8862.8,0.933,0.0,0.0,135.78,0.0,0.1437,1.1186,0.9107,0.0217
1622,8862.867,8866.4,3.533,0.0,0.0,122.4,0.713,0.0385,0.2509,0.0086,0.0091
1623,8866.467,8867.6,1.133,0.0,0.0,48.99,0.179,0.0818,0.4924,0.3943,0.0101
1624,8867.667,8868.467,0.8,0.0,0.0,82.98,0.444,0.0847,0.5503,0.3733,0.0008
1625,8868.533,8871.133,2.6,0.0,0.0,85.34,0.256,0.0734,0.4461,0.3129,0.0165
1626,8871.2,8876.667,5.467,0.0,0.0,87.78,0.927,0.1247,0.5981,0.4874,0.0
1627,8876.733,8885.333,8.6,0.0,0.0,77.11,0.668,0.1051,0.527,0.4245,0.0076
1628,8885.4,8888.6,3.2,0.0,0.0,66.96,0.721,0.0977,0.7572,0.6901,0.0053
1629,8888.667,8890.2,1.533,0.0,0.0,82.32,0.545,0.1124,0.8622,0.7143,0.0
1630,8890.267,8893.733,3.466,0.0,0.0,94.47,0.637,0.132,1.0995,0.9104,0.0011
1631,8893.8,8897.0,3.2,0.0,0.0,89.84,0.709,0.1256,0.9931,0.8478,0.0
1632,8897.067,8902.267,5.2,0.0,0.0,90.9,0.727,0.1323,1.0622,0.9451,0.0
1633,8902.333,8906.6,4.267,0.0,0.0,72.5,0.795,0.1214,1.042,0.9167,0.0008
1634,8906.667,8907.733,1.066,0.0,0.0,73.47,0.707,0.1187,0.8845,0.7776,0.0018
1635,8907.8,8911.267,3.467,0.0,0.0,103.25,0.767,0.1491,1.0738,0.9869,0.0091
1636,8911.333,8914.667,3.334,0.0,0.0,76.23,0.773,0.1074,0.7213,0.6076,0.0022
1637,8914.733,8917.867,3.134,0.0,0.0,80.67,0.732,0.1221,0.5973,0.4801,0.0006
1638,8917.933,8923.0,5.067,0.0,0.0,103.87,0.763,0.1564,1.183,1.0517,0.0008
1639,8923.067,8930.0,6.933,0.0,0.0,92.59,0.722,0.1448,1.135,1.0228,0.0001
1640,8930.067,8938.267,8.2,0.0,0.0,97.68,0.779,0.1308,0.9662,0.8514,0.0054
1641,8938.333,8942.267,3.934,0.0,0.0,91.16,0.769,0.119,0.9767,0.8779,0.0
1642,8942.333,8943.133,0.8,0.0,0.0,96.56,0.691,0.1196,0.8083,0.6664,0.0017
1643,8943.2,8944.267,1.067,0.0,0.0,99.29,0.765,0.1373,1.0648,0.8805,0.0
1644,8944.333,8957.867,13.534,0.0,0.0,93.99,0.724,0.1457,1.0389,0.8934,0.0005
1645,8957.933,8958.933,1.0,0.0,0.0,93.53,0.808,0.1353,1.0319,0.7979,0.0
1646,8959.0,8962.2,3.2,0.0,0.0,91.34,0.771,0.1343,1.0599,0.8915,0.0047
1647,8962.267,8963.4,1.133,0.0,0.0,89.09,0.797,0.1357,1.1578,0.9643,0.0142
1648,8963.467,8964.333,0.866,0.0,0.0,91.53,0.88,0.1312,1.169,0.9722,0.0073
1649,8964.4,8965.133,0.733,0.0,0.0,70.01,0.769,0.0988,0.9107,0.8101,0.0
1650,8965.2,8966.733,1.533,0.0,0.0,131.18,0.636,0.1177,0.5032,0.3637,0.0
1651,8966.8,8968.467,1.667,0.0,0.0,99.44,0.265,0.0524,0.4232,0.3075,0.0012
1652,8968.533,8970.733,2.2,0.0,0.0,121.61,0.476,0.068,0.2641,0.1268,0.0324
1653,8970.8,8972.0,1.2,0.0,0.0,69.9,0.451,0.0598,0.2045,0.0651,0.0532
1654,8972.067,8972.8,0.733,0.0,0.0,90.51,0.289,0.094,0.3348,0.1837,0.0028
1655,8972.867,8973.667,0.8,0.0,0.0,89.78,0.721,0.0601,0.2342,0.0423,0.0757
1656,8973.733,8974.4,0.667,0.0,0.0,171.11,0.641,0.0546,0.2654,0.0995,0.0964
1657,8974.467,8976.4,1.933,0.0,0.0,112.43,0.468,0.1355,0.8032,0.5348,0.0929
1658,8976.467,8977.467,1.0,0.0,0.0,80.27,0.511,0.0719,0.5251,0.337,0.023
1659,8977.533,8978.733,1.2,0.0,0.0,155.77,0.698,0.069,0.4365,0.3431,0.0202
1660,8978.8,8979.867,1.067,0.0,0.0,128.83,0.244,0.0669,0.2615,0.0732,0.0125
1661,8979.933,8981.467,1.534,0.0,0.0,159.93,0.816,0.0541,0.3591,0.3124,0.0199
1662,8981.533,8984.667,3.134,0.0,0.0,136.73,0.453,0.127,0.6928,0.5135,0.0047
1663,8984.733,8986.333,1.6,0.0,0.0,123.38,0.662,0.1094,0.669,0.5184,0.0008
1664,8986.4,8987.667,1.267,0.0,0.0,143.95,0.864,0.1392,1.0991,0.9539,0.0013
1665,8987.733,8988.8,1.067,0.0,0.0,171.87,0.83,0.1614,0.9262,0.9034,0.0
1666,8988.867,8997.533,8.666,0.0,0.0,93.34,0.743,0.0659,0.3825,0.2904,0.0077
1667,8997.6,9013.533,15.933,0.0,0.0,127.58,0.705,0.1253,0.6266,0.4748,0.1004
1668,9013.6,9014.267,0.667,0.0,0.0,127.07,0.424,0.1327,0.814,0.7891,0.0026
1669,9014.333,9025.133,10.8,0.0,0.0,134.65,0.648,0.159,0.9554,0.8127,0.0261
1670,9025.2,9027.2,2.0,0.0,0.0,81.03,0.544,0.1365,0.8333,0.6972,0.0009
1671,9027.267,9035.867,8.6,0.0,0.0,148.21,0.2,0.1559,0.9889,0.702,0.0399
1672,9035.933,9037.267,1.334,0.0,0.0,157.73,0.577,0.0771,0.3292,0.2,0.0534
1673,9037.333,9038.533,1.2,0.0,0.0,146.13,0.218,0.1374,0.9564,0.8585,0.015
1674,9038.6,9039.933,1.333,0.0,0.0,136.17,0.403,0.0946,0.3573,0.141,0.0405
1675,9040.0,9041.2,1.2,0.0,0.0,165.89,0.248,0.1535,0.8228,0.6493,0.0083
1676,9041.267,9042.2,0.933,0.0,0.0,152.85,0.296,0.1437,0.9805,0.8952,0.0005
1677,9042.267,9045.267,3.0,0.0,0.0,39.78,0.621,0.0443,0.155,0.1396,0.0
1678,9045.333,9046.867,1.534,0.0,0.0,43.3,0.871,0.0603,0.2588,0.2285,0.0
1679,9046.933,9054.4,7.467,0.0,0.0,99.55,0.464,0.1339,0.7578,0.6696,0.0018
1680,9054.467,9059.4,4.933,0.0,0.0,129.5,0.003,0.1635,0.9303,0.7472,0.024
1681,9059.467,9062.667,3.2,0.0,0.0,68.7,0.216,0.0906,0.4109,0.2397,0.025
1682,9062.733,9063.6,0.867,0.0,0.0,73.39,0.464,0.1053,0.5296,0.2749,0.0075
1683,9063.667,9066.6,2.933,0.0,0.0,101.28,0.0,0.1068,0.5238,0.3137,0.006
1684,9066.667,9067.267,0.6,0.0,0.0,115.24,0.0,0.1022,0.4305,0.2848,0.0019
1685,9067.333,9068.667,1.334,0.0,0.0,127.84,0.0,0.1226,0.625,0.3772,0.0291
1686,9068.733,9069.4,0.667,0.0,0.0,133.89,0.17,0.1469,0.96,0.8659,0.0283
1687,9069.467,9081.6,12.133,0.0,0.0,152.69,0.068,0.164,0.9614,0.8496,0.0139
1688,9081.667,9084.667,3.0,0.0,0.0,147.27,0.028,0.169,1.0328,0.9162,0.0037
1689,9084.733,9085.267,0.534,0.0,0.0,147.11,0.206,0.1764,1.0732,0.9519,0.0014
1690,9085.333,9086.4,1.067,0.0,0.0,151.32,0.144,0.1641,1.0471,0.9098,0.0185
1691,9086.467,9091.267,4.8,0.0,0.0,129.99,0.836,0.0788,0.5944,0.4345,0.0059
1692,9091.333,9095.6,4.267,0.0,0.0,223.8,0.829,0.0961,0.3262,0.2106,0.0872
1693,9095.667,9096.4,0.733,0.0,0.0,137.63,0.0,0.0959,0.3626,0.1217,0.0889
1694,9096.467,9097.667,1.2,0.0,0.0,103.72,0.316,0.0625,0.2591,0.0588,0.1445
1695,9097.733,9098.467,0.734,0.0,0.0,123.3,0.119,0.0572,0.1391,0.05,0.0289
1696,9098.533,9101.8,3.267,0.0,0.0,51.93,0.719,0.0502,0.2273,0.1547,0.0441
1697,9101.867,9102.6,0.733,0.0,0.0,90.98,0.388,0.1084,0.3784,0.2188,0.0
1698,9102.667,9103.467,0.8,0.0,0.0,91.97,0.744,0.0761,0.4214,0.2923,0.0003
1699,9103.533,9104.2,0.667,0.0,0.0,181.17,0.501,0.0556,0.3091,0.1988,0.0072
1700,9104.267,9106.267,2.0,0.0,0.0,118.34,0.349,0.1499,1.0243,0.8142,0.0283
1701,9106.333,9107.267,0.934,0.0,0.0,79.27,0.889,0.0921,0.5148,0.4012,0.0
1702,9107.333,9108.533,1.2,0.0,0.0,163.21,0.776,0.0798,0.6302,0.5413,0.0004
1703,9108.6,9109.667,1.067,0.0,0.0,128.67,0.373,0.0777,0.2945,0.0551,0.0841
1704,9109.733,9111.267,1.534,0.0,0.0,159.63,0.75,0.0551,0.3359,0.2763,0.0353
1705,9111.333,9114.467,3.134,0.0,0.0,135.81,0.488,0.1351,0.7602,0.5278,0.0423
1706,9114.533,9116.133,1.6,0.0,0.0,123.47,0.569,0.0997,0.575,0.4305,0.0109
1707,9116.2,9117.467,1.267,0.0,0.0,138.25,0.783,0.1243,0.9286,0.7761,0.0153
1708,9117.533,9125.6,8.067,0.0,0.0,76.1,0.618,0.0893,0.5433,0.3879,0.0467
1709,9125.667,9127.8,2.133,0.0,0.0,83.86,0.589,0.1125,0.8836,0.7138,0.0
1710,9127.867,9135.8,7.933,0.0,0.0,89.98,0.749,0.127,1.033,0.8637,0.0006
1711,9135.867,9140.133,4.266,0.0,0.0,71.48,0.761,0.1184,1.0495,0.9505,0.0
1712,9140.2,9141.4,1.2,0.0,0.0,73.81,0.776,0.1273,1.0658,0.9361,0.0008
1713,9141.467,9142.467,1.0,0.0,0.0,101.53,0.653,0.1459,1.0462,0.9768,0.0
1714,9142.533,9148.667,6.134,0.0,0.0,57.44,0.587,0.0638,0.2877,0.197,0.0017
1715,9148.733,9149.667,0.934,0.0,0.0,102.05,0.501,0.0839,0.2611,0.1686,0.0
1716,9149.733,9154.533,4.8,0.0,0.0,97.14,0.62,0.1045,0.6278,0.5186,0.0272
1717,9154.6,9155.2,0.6,0.0,0.0,131.8,0.573,0.1314,0.8709,0.7813,0.0006
1718,9155.267,9158.2,2.933,0.0,0.0,104.94,0.534,0.0922,0.5082,0.3087,0.0595
1719,9158.267,9159.4,1.133,0.0,0.0,111.24,0.449,0.0962,0.6245,0.5032,0.014
1720,9159.467,9160.867,1.4,0.0,0.0,101.02,0.386,0.0802,0.4961,0.3508,0.0254
1721,9160.933,9172.733,11.8,0.0,0.0,125.04,0.791,0.1349,0.6709,0.3965,0.1311
1722,9172.8,9174.0,1.2,0.0,0.0,150.32,0.591,0.1505,0.7506,0.4246,0.1316
1723,9174.067,9175.6,1.533,0.0,0.0,110.51,0.42,0.0593,0.1497,0.0684,0.0221
1724,9175.667,9179.267,3.6,0.0,0.0,105.56,0.0,0.1217,0.4204,0.306,0.0144
1725,9179.333,9181.733,2.4,0.0,0.0,172.22,0.496,0.055,0.1514,0.0759,0.0053
1726,9181.8,9183.933,2.133,0.0,0.0,70.67,0.456,0.0597,0.2603,0.2088,0.0057
1727,9184.0,9185.067,1.067,0.0,0.0,84.96,0.631,0.0546,0.2511,0.2096,0.0009
1728,9185.133,9189.2,4.067,0.0,0.0,159.33,0.612,0.1394,0.8753,0.6999,0.0146
1729,9189.267,9191.867,2.6,0.0,0.0,65.91,0.492,0.0615,0.4216,0.3526,0.0113
1730,9191.933,9192.867,0.934,0.0,0.0,142.18,0.533,0.0555,0.1874,0.1069,0.0477
1731,9192.933,9193.533,0.6,0.0,0.0,171.27,0.335,0.0455,0.2106,0.1285,0.0064
1732,9193.6,9199.267,5.667,0.0,0.0,134.37,0.752,0.0917,0.3894,0.1738,0.1186
1733,9199.333,9208.267,8.934,0.0,0.0,135.62,0.727,0.1103,0.4852,0.2477,0.1314
1734,9208.333,9210.4,2.067,0.0,0.0,101.63,0.518,0.1013,0.6649,0.5039,0.0012
1735,9210.467,9211.867,1.4,0.0,0.0,86.32,0.468,0.0568,0.1572,0.0313,0.0412
1736,9211.933,9215.2,3.267,0.0,0.0,80.31,0.593,0.0697,0.3277,0.2631,0.0104
1737,9215.267,9216.133,0.866,0.0,0.0,93.83,0.541,0.0723,0.315,0.268,0.0
1738,9216.2,9217.2,1.0,0.0,0.0,94.22,0.44,0.0743,0.4332,0.3428,0.0034
1739,9217.267,9218.267,1.0,0.0,0.0,112.81,0.204,0.0585,0.1397,0.0564,0.0562
1740,9218.333,9220.133,1.8,0.0,0.0,86.06,0.459,0.0678,0.2857,0.2281,0.0184
1741,9220.2,9222.133,1.933,0.0,0.0,103.55,0.645,0.0862,0.332,0.164,0.045
1742,9222.2,9224.867,2.667,0.0,0.0,87.83,0.415,0.0765,0.5406,0.3972,0.0079
1743,9224.933,9233.067,8.134,0.0,0.0,124.19,0.551,0.0832,0.4334,0.2379,0.0435
1744,9233.133,9237.0,3.867,0.0,0.0,140.31,0.801,0.0947,0.7785,0.6214,0.0002
1745,9237.067,9237.8,0.733,0.0,0.0,122.23,0.767,0.1033,0.9992,0.8551,0.0
1746,9237.867,9239.0,1.133,0.0,0.0,122.03,0.33,0.0688,0.2552,0.0877,0.0877
1747,9239.067,9240.2,1.133,0.0,0.0,151.8,0.441,0.0559,0.1829,0.1012,0.0687
1748,9240.267,9256.067,15.8,0.0,0.0,143.94,0.529,0.1074,0.4484,0.2103,0.1198
1749,9256.133,9258.6,2.467,0.0,0.0,160.24,0.814,0.09,0.3963,0.2133,0.0
1750,9258.667,9260.467,1.8,0.0,0.0,78.41,0.195,0.0705,0.3732,0.2443,0.0001
1751,9260.533,9262.0,1.467,0.0,0.0,102.63,0.0,0.1307,0.8703,0.6968,0.0417
1752,9262.067,9265.8,3.733,0.0,0.0,90.51,0.433,0.0784,0.5624,0.4583,0.0071
1753,9265.867,9269.733,3.866,0.0,0.0,86.99,0.747,0.0715,0.4394,0.3058,0.0039
1754,9269.8,9271.467,1.667,0.0,0.0,77.98,0.0,0.148,1.0207,0.9085,0.0164
1755,9271.533,9272.667,1.134,0.0,0.0,96.42,0.0,0.1108,0.7367,0.5548,0.0351
1756,9272.733,9274.467,1.734,0.0,0.0,80.09,0.203,0.0925,0.671,0.4466,0.0023
1757,9274.533,9276.067,1.534,0.0,0.0,80.23,0.17,0.0902,0.6041,0.5174,0.0047
1758,9276.133,9284.267,8.134,0.0,0.0,126.08,0.3,0.0894,0.6018,0.4297,0.017
1759,9284.333,9285.6,1.267,0.0,0.0,143.78,0.941,0.1186,0.6464,0.3066,0.0931
1760,9285.667,9301.133,15.466,0.0,0.0,143.13,0.666,0.124,0.6857,0.4908,0.1187
1761,9301.2,9302.867,1.667,0.0,0.0,73.1,0.563,0.0672,0.2876,0.2728,0.0002
1762,9302.933,9304.2,1.267,0.0,0.0,85.96,0.899,0.1308,0.866,0.8508,0.0012
1763,9304.267,9309.533,5.266,0.0,0.0,101.15,0.679,0.0994,0.7611,0.6845,0.0109
1764,9309.6,9324.4,14.8,0.0,0.0,140.28,0.73,0.1197,0.6268,0.4138,0.1242
1765,9324.467,9326.067,1.6,0.0,0.0,113.72,0.029,0.0854,0.676,0.5121,0.0296
1766,9326.133,9328.4,2.267,0.0,0.0,161.95,0.183,0.0634,0.2719,0.1484,0.0234
1767,9328.467,9329.933,1.466,0.0,0.0,138.43,0.436,0.1109,0.507,0.4135,0.0091
1768,9330.0,9331.267,1.267,0.0,0.0,126.8,0.452,0.0936,0.4033,0.2414,0.0068
1769,9331.333,9334.533,3.2,0.0,0.0,105.9,0.186,0.1208,0.9229,0.6731,0.0276
1770,9334.6,9338.467,3.867,0.0,0.0,114.14,0.166,0.0929,0.6254,0.4636,0.0131
1771,9338.533,9342.067,3.534,0.0,0.0,168.02,0.784,0.0912,0.8039,0.6759,0.0995
1772,9342.133,9343.4,1.267,0.0,0.0,154.11,0.539,0.1042,0.5771,0.3317,0.0327
1773,9343.467,9344.8,1.333,0.0,0.0,163.97,0.314,0.0872,0.5491,0.393,0.0318
1774,9344.867,9346.6,1.733,0.0,0.0,146.44,0.511,0.1033,0.6753,0.3938,0.0092
1775,9346.667,9349.067,2.4,0.0,0.0,90.44,0.569,0.0591,0.4533,0.4151,0.0
1776,9349.133,9351.4,2.267,0.0,0.0,59.67,0.745,0.0991,0.544,0.4177,0.0004
1777,9351.467,9354.0,2.533,0.0,0.0,67.98,0.572,0.058,0.2865,0.1478,0.0132
1778,9354.067,9357.0,2.933,0.0,0.0,45.69,0.646,0.0579,0.3349,0.264,0.0119
1779,9357.067,9372.333,15.266,0.0,0.0,136.76,0.648,0.1272,0.57,0.3671,0.1243
1780,9372.4,9373.6,1.2,0.0,0.0,123.12,0.725,0.1663,0.8387,0.7499,0.0385
1781,9373.667,9375.467,1.8,0.0,0.0,130.25,0.452,0.1312,0.6113,0.5532,0.0026
1782,9375.533,9382.067,6.534,0.0,0.0,104.43,0.804,0.0951,0.6703,0.6139,0.0018
1783,9382.133,9386.867,4.734,0.0,0.0,48.67,0.626,0.061,0.3907,0.3451,0.0005
1784,9386.933,9388.133,1.2,0.0,0.0,56.81,0.707,0.0805,0.3393,0.2834,0.0
1785,9388.2,9391.867,3.667,0.0,0.0,101.44,0.647,0.1203,0.6909,0.5479,0.0406
1786,9391.933,9393.0,1.067,0.0,0.0,104.42,0.663,0.1027,0.8037,0.6908,0.0
1787,9393.067,9394.467,1.4,0.0,0.0,112.68,0.484,0.0981,0.6803,0.5564,0.0009
1788,9394.533,9395.467,0.934,0.0,0.0,101.31,0.508,0.0826,0.6065,0.4706,0.0
1789,9395.533,9399.0,3.467,0.0,0.0,100.42,0.411,0.1093,0.6308,0.5373,0.016
1790,9399.067,9400.067,1.0,0.0,0.0,99.44,0.755,0.1168,0.7838,0.6897,0.0087
1791,9400.133,9400.867,0.734,0.0,0.0,106.28,0.519,0.0692,0.3311,0.2232,0.0
1792,9400.933,9402.467,1.534,0.0,0.0,100.5,0.499,0.1177,0.7911,0.69,0.0013
1793,9402.533,9404.667,2.134,0.0,0.0,93.08,0.307,0.1155,0.8697,0.6875,0.0282
1794,9404.733,9421.8,17.067,0.0,0.0,127.08,0.559,0.1032,0.4666,0.2531,0.1093
1795,9421.867,9424.067,2.2,0.0,0.0,78.96,0.214,0.0555,0.4447,0.3499,0.0356
1796,9424.133,9430.267,6.134,0.0,0.0,120.07,0.576,0.0845,0.4788,0.3588,0.0255
1797,9430.333,9431.667,1.334,0.0,0.0,137.25,0.788,0.0657,0.6,0.4951,0.001
1798,9431.733,9445.467,13.734,0.0,0.0,135.46,0.556,0.1214,0.5973,0.3205,0.1296
1799,9445.533,9446.467,0.934,0.0,0.0,118.91,0.453,0.0753,0.2652,0.0914,0.0917
1800,9446.533,9447.8,1.267,0.0,0.0,107.78,0.395,0.0497,0.1406,0.0851,0.0122
1801,9447.867,9449.8,1.933,0.0,0.0,148.37,0.612,0.0497,0.176,0.1199,0.0
1802,9449.867,9450.8,0.933,0.0,0.0,137.78,0.233,0.0651,0.375,0.232,0.0006
1803,9450.867,9452.4,1.533,0.0,0.0,139.52,0.603,0.0859,0.5046,0.2787,0.0953
1804,9452.467,9456.667,4.2,0.0,0.0,122.76,0.474,0.0909,0.3804,0.2588,0.0748
1805,9456.733,9462.733,6.0,0.0,0.0,83.18,0.501,0.0739,0.3954,0.2945,0.0044
1806,9462.8,9466.0,3.2,0.0,0.0,71.36,0.628,0.147,0.9977,0.8907,0.008
1807,9466.067,9466.933,0.866,0.0,0.0,125.15,0.0,0.0773,0.3672,0.1129,0.118
1808,9467.0,9468.8,1.8,0.0,0.0,108.73,0.121,0.0359,0.1492,0.0248,0.0447
1809,9468.867,9469.4,0.533,0.0,0.0,41.76,0.0,0.0863,0.4892,0.2651,0.0297
1810,9469.467,9470.067,0.6,0.0,0.0,57.24,0.55,0.0138,0.0179,0.0,0.0
1811,9470.133,9471.2,1.067,0.0,0.0,123.88,0.061,0.0384,0.3065,0.0732,0.0018
1812,9471.267,9471.933,0.666,0.0,0.0,53.18,0.344,0.0282,0.0948,0.0,0.0
1813,9472.0,9474.067,2.067,0.0,0.0,149.76,0.0,0.1184,0.7899,0.5983,0.0075
1814,9474.133,9474.733,0.6,0.0,0.0,111.84,0.361,0.0742,0.3513,0.2437,0.0026
1815,9474.8,9475.4,0.6,0.0,0.0,85.83,0.3,0.0717,0.3072,0.1126,0.0004
1816,9475.467,9476.6,1.133,0.0,0.0,120.19,0.0,0.1289,0.9872,0.8136,0.033
1817,9476.667,9477.2,0.533,0.0,0.0,70.71,0.458,0.0751,0.3745,0.085,0.0021
1818,9477.267,9479.067,1.8,0.0,0.0,167.07,0.115,0.1124,0.7114,0.5589,0.0085
1819,9479.133,9479.733,0.6,0.0,0.0,111.16,0.441,0.0775,0.3867,0.2719,0.0038
1820,9479.8,9480.733,0.933,0.0,0.0,134.67,0.0,0.1441,1.1061,0.9318,0.0173
1821,9480.8,9484.267,3.467,0.0,0.0,122.01,0.697,0.0377,0.2483,0.0085,0.0082
1822,9484.333,9488.867,4.534,0.0,0.0,39.74,0.422,0.037,0.1967,0.1181,0.0003
1823,9488.933,9529.067,40.134,0.0,0.0,96.09,0.796,0.0821,0.3211,0.2101,0.0171
1824,9529.133,9530.933,1.8,0.0,0.0,107.81,0.69,0.131,0.7139,0.5524,0.0239
1825,9531.0,9532.667,1.667,0.0,0.0,100.2,0.438,0.1395,0.7193,0.6272,0.0183
1826,9532.733,9533.733,1.0,0.0,0.0,110.03,0.571,0.1846,0.7466,0.5968,0.0153
1827,9533.8,9535.0,1.2,0.0,0.0,110.86,0.475,0.1848,0.7841,0.6333,0.0131
1828,9535.067,9536.467,1.4,0.0,0.0,104.78,0.709,0.154,0.5694,0.3704,0.0134
1829,9536.533,9537.867,1.334,0.0,0.0,129.16,0.493,0.1114,0.2732,0.0878,0.003
1830,9537.933,9539.533,1.6,0.0,0.0,115.17,0.314,0.1329,0.5822,0.4557,0.0058
1831,9539.6,9540.467,0.867,0.0,0.0,110.91,0.586,0.0948,0.2414,0.0489,0.0253
1832,9540.533,9542.6,2.067,0.0,0.0,109.9,0.65,0.1029,0.2333,0.0565,0.0202
1833,9542.667,9543.2,0.533,0.0,0.0,109.99,0.432,0.1333,0.3489,0.1664,0.0402
1834,9543.267,9544.067,0.8,0.0,0.0,118.94,0.4,0.1283,0.4396,0.2579,0.02
1835,9544.133,9545.8,1.667,0.0,0.0,134.28,0.61,0.1411,0.4073,0.2091,0.0316
1836,9545.867,9547.267,1.4,0.0,0.0,112.58,0.61,0.0976,0.2642,0.1345,0.025
1837,9547.333,9549.6,2.267,0.0,0.0,114.75,0.388,0.1007,0.3706,0.1562,0.0057
1838,9549.667,9556.467,6.8,0.0,0.0,106.3,0.549,0.1331,0.5562,0.3198,0.0177
1839,9556.533,9557.467,0.934,0.0,0.0,112.16,0.481,0.1148,0.3778,0.1917,0.0042
1840,9557.533,9559.0,1.467,0.0,0.0,119.87,0.498,0.1016,0.3753,0.2189,0.0005
1841,9559.067,9564.4,5.333,0.0,0.0,119.15,0.733,0.1027,0.2439,0.0906,0.0231
1842,9564.467,9568.467,4.0,0.0,0.0,115.25,0.52,0.1197,0.3731,0.2211,0.0183
1843,9568.533,9571.6,3.067,0.0,0.0,93.07,0.35,0.0915,0.2249,0.0374,0.0203
1844,9571.667,9577.267,5.6,0.0,0.0,109.02,0.619,0.1071,0.2266,0.0708,0.0132
1845,9577.333,9578.867,1.534,0.0,0.0,123.61,0.263,0.0782,0.1735,0.0994,0.0008
1846,9578.933,9580.933,2.0,0.0,0.0,91.84,0.568,0.1096,0.2803,0.0853,0.0214
1847,9581.0,9584.467,3.467,0.0,0.0,107.23,0.826,0.1393,0.3035,0.1026,0.023
1848,9584.533,9587.4,2.867,0.0,0.0,110.8,0.763,0.1427,0.4586,0.2383,0.024
1849,9587.467,9593.0,5.533,0.0,0.0,112.02,0.473,0.1218,0.3614,0.2019,0.0157
1850,9593.067,9597.467,4.4,0.0,0.0,107.8,0.639,0.1555,0.4313,0.2423,0.0128
1851,9597.533,9601.8,4.267,0.0,0.0,107.61,0.572,0.1426,0.4922,0.2597,0.0155
1852,9601.867,9604.4,2.533,0.0,0.0,89.55,0.625,0.1423,0.4743,0.2708,0.0242
1853,9604.467,9611.0,6.533,0.0,0.0,125.59,0.644,0.1072,0.4169,0.2905,0.0195
1854,9611.067,9614.333,3.266,0.0,0.0,107.42,0.63,0.1303,0.501,0.3686,0.0195
1855,9614.4,9617.467,3.067,0.0,0.0,110.63,0.483,0.1515,0.492,0.2928,0.0107
1856,9617.533,9619.4,1.867,0.0,0.0,119.14,0.389,0.1153,0.2892,0.1264,0.0032
1857,9619.467,9622.867,3.4,0.0,0.0,178.08,0.786,0.0448,0.1355,0.0088,0.0228
1858,9622.933,9623.867,0.934,0.0,0.0,95.29,0.286,0.1198,0.3558,0.1983,0.0311
1859,9623.933,9631.933,8.0,0.0,0.0,92.37,0.521,0.1128,0.3411,0.1939,0.0205
1860,9632.0,9637.467,5.467,0.0,0.0,89.82,0.664,0.1304,0.3608,0.1619,0.0131
1861,9637.533,9639.6,2.067,0.0,0.0,100.78,0.545,0.1106,0.3954,0.2656,0.0061
1862,9639.667,9641.8,2.133,0.0,0.0,88.57,0.836,0.115,0.3694,0.1822,0.0255
1863,9641.867,9643.133,1.266,0.0,0.0,88.96,0.567,0.1285,0.3514,0.191,0.0221
1864,9643.2,9647.267,4.067,0.0,0.0,94.5,0.75,0.1454,0.5138,0.3307,0.0239
1865,9647.333,9648.267,0.934,0.0,0.0,117.36,0.623,0.1234,0.3961,0.2677,0.0008
1866,9648.333,9650.267,1.934,0.0,0.0,87.59,0.711,0.1241,0.4092,0.219,0.0137
1867,9650.333,9652.867,2.534,0.0,0.0,89.2,0.733,0.1194,0.3745,0.1888,0.021
1868,9652.933,9653.733,0.8,0.0,0.0,93.74,0.599,0.1376,0.4177,0.2885,0.0182
1869,9653.8,9658.467,4.667,0.0,0.0,98.96,0.698,0.1298,0.3524,0.1945,0.0084
1870,9658.533,9661.4,2.867,0.0,0.0,87.45,0.765,0.1186,0.3339,0.1611,0.0193
1871,9661.467,9664.067,2.6,0.0,0.0,88.28,0.794,0.1299,0.3682,0.1975,0.0234
1872,9664.133,9667.733,3.6,0.0,0.0,184.27,0.729,0.0542,0.1999,0.0989,0.0207
1873,9667.8,9673.867,6.067,0.0,0.0,61.2,0.705,0.0701,0.2512,0.1316,0.0156
1874,9673.933,9674.467,0.534,0.0,0.0,65.1,0.715,0.0012,0.0104,0.0087,0.0
1875,9674.533,9690.2,15.667,0.0,0.0,43.45,0.5,0.0383,0.2121,0.1428,0.0034
1876,9690.267,9692.0,1.733,0.0,0.0,109.28,0.134,0.025,0.11,0.0,0.0039
1877,9692.067,9692.6,0.533,0.0,0.0,42.14,0.0,0.0817,0.4518,0.2328,0.0387
1878,9692.667,9693.333,0.666,0.0,0.0,57.79,0.559,0.0137,0.0165,0.0,0.0
1879,9693.4,9694.467,1.067,0.0,0.0,125.43,0.057,0.0378,0.2812,0.0739,0.0022
1880,9694.533,9695.2,0.667,0.0,0.0,53.73,0.362,0.0295,0.0895,0.0,0.0
1881,9695.267,9697.333,2.066,0.0,0.0,149.9,0.0,0.1202,0.784,0.566,0.0085
1882,9697.4,9698.0,0.6,0.0,0.0,112.78,0.361,0.0748,0.3612,0.2444,0.0017
1883,9698.067,9698.6,0.533,0.0,0.0,87.07,0.223,0.0719,0.3157,0.1389,0.0005
1884,9698.667,9699.8,1.133,0.0,0.0,120.93,0.0,0.1302,1.009,0.8396,0.0231
1885,9699.867,9700.4,0.533,0.0,0.0,71.02,0.458,0.0758,0.3875,0.0873,0.0044
1886,9700.467,9702.333,1.866,0.0,0.0,168.6,0.106,0.108,0.7241,0.5695,0.0055
1887,9702.4,9703.0,0.6,0.0,0.0,112.11,0.423,0.0791,0.3944,0.2564,0.0074
1888,9703.067,9704.0,0.933,0.0,0.0,135.78,0.0,0.1419,1.1084,0.8856,0.0259
1889,9704.067,9707.6,3.533,0.0,0.0,122.16,0.714,0.0383,0.2529,0.0,0.0105
1890,9707.667,9710.0,2.333,0.0,0.0,66.59,0.819,0.0896,0.3587,0.1195,0.0106
1891,9710.067,9714.467,4.4,0.0,0.0,70.01,0.751,0.0941,0.3418,0.0796,0.0066
1892,9714.533,9715.2,0.667,0.0,0.0,98.41,0.886,0.1423,0.7519,0.427,0.0158
1893,9715.267,9717.333,2.066,0.0,0.0,87.46,0.87,0.1351,0.7831,0.5623,0.0129
1894,9717.4,9720.867,3.467,0.0,0.0,89.46,0.727,0.119,0.7969,0.4973,0.0118
1895,9720.933,9727.4,6.467,0.0,0.0,58.54,0.835,0.1231,0.9001,0.75,0.0258
1896,9727.467,9730.4,2.933,0.0,0.0,72.58,0.672,0.1079,0.871,0.6968,0.0099
1897,9730.467,9736.667,6.2,0.0,0.0,106.87,0.812,0.1306,0.7951,0.5445,0.0171
1898,9736.733,9753.067,16.334,0.0,0.0,122.79,0.741,0.1287,0.736,0.5,0.0985
1899,9753.133,9766.467,13.334,0.0,0.0,113.69,0.665,0.1333,0.6022,0.3557,0.1188
1900,9766.533,9768.6,2.067,0.0,0.0,211.87,0.377,0.0772,0.3496,0.222,0.0441
1901,9768.667,9773.867,5.2,0.0,0.0,61.33,0.775,0.071,0.5807,0.4681,0.0158
1902,9773.933,9775.467,1.534,0.0,0.0,88.09,0.732,0.0751,0.3732,0.2382,0.0079
1903,9775.533,9781.2,5.667,0.0,0.0,142.94,0.739,0.0922,0.6596,0.5033,0.0349
1904,9781.267,9783.467,2.2,0.0,0.0,101.59,0.556,0.0788,0.7556,0.5994,0.0102
1905,9783.533,9794.533,11.0,0.0,0.0,49.38,0.659,0.1027,0.388,0.2724,0.0018
1906,9794.6,9798.133,3.533,0.0,0.0,68.98,0.728,0.0811,0.7142,0.5886,0.0045
1907,9798.2,9798.8,0.6,0.0,0.0,53.47,0.387,0.1175,0.368,0.1134,0.0813
1908,9798.867,9799.867,1.0,0.0,0.0,138.82,0.0,0.0663,0.3536,0.2211,0.0297
1909,9799.933,9849.533,49.6,0.0,0.0,122.92,0.935,0.0857,0.4279,0.2717,0.0055
1910,9849.6,9857.6,8.0,0.0,0.0,113.27,0.917,0.1127,0.4743,0.1977,0.0001
1911,9857.667,9862.867,5.2,0.0,0.0,128.21,0.887,0.0769,0.2989,0.1259,0.0066
1912,9862.933,9866.0,3.067,0.0,0.0,48.71,0.747,0.092,0.321,0.0819,0.0364
1913,9866.067,9869.067,3.0,0.0,0.0,92.96,0.71,0.1082,0.4728,0.2345,0.0084
1914,9869.133,9871.6,2.467,0.0,0.0,98.61,0.83,0.1112,0.8743,0.7048,0.003
1915,9871.667,9873.667,2.0,0.0,0.0,137.07,0.76,0.0967,0.5771,0.2547,0.093
1916,9873.733,9877.4,3.667,0.0,0.0,104.77,0.597,0.0908,0.7477,0.4863,0.0267
1917,9877.467,9910.0,32.533,0.0,0.0,126.57,0.909,0.0838,0.4105,0.2376,0.0135
1918,9910.067,9916.267,6.2,0.0,0.0,89.54,0.883,0.1027,0.7466,0.656,0.0024
1919,9916.333,9918.733,2.4,0.0,0.0,125.23,0.853,0.076,0.3504,0.1956,0.0001
1920,9918.8,9928.867,10.067,0.0,0.0,94.69,0.636,0.1048,0.5618,0.349,0.0514
1921,9928.933,9931.8,2.867,0.0,0.0,115.54,0.635,0.1076,0.5854,0.3811,0.0378
1922,9931.867,9933.6,1.733,0.0,0.0,116.64,0.75,0.1125,0.6752,0.5016,0.0035
1923,9933.667,9950.933,17.266,0.0,0.0,82.47,0.612,0.0897,0.4361,0.3171,0.0138
1924,9951.0,9952.933,1.933,0.0,0.0,124.52,0.657,0.1131,0.7109,0.4765,0.0013
1925,9953.0,9958.4,5.4,0.0,0.0,136.37,0.831,0.1132,0.7874,0.5509,0.0499
1926,9958.467,9964.2,5.733,0.0,0.0,91.02,0.862,0.0857,0.4906,0.4057,0.0083
1927,9964.267,9968.667,4.4,0.0,0.0,56.68,0.72,0.1227,0.4919,0.3761,0.0256
1928,9968.733,9973.0,4.267,0.0,0.0,131.15,0.504,0.1454,0.9662,0.9239,0.0004
1929,9973.067,9976.067,3.0,0.0,0.0,85.06,0.506,0.1543,0.8505,0.6098,0.0
1930,9976.133,9980.267,4.134,0.0,0.0,55.75,0.842,0.1222,0.5837,0.4683,0.0013
1931,9980.333,9981.067,0.734,0.0,0.0,125.41,0.052,0.0787,0.388,0.1206,0.1164
1932,9981.133,9982.933,1.8,0.0,0.0,109.11,0.13,0.0405,0.2565,0.1322,0.0433
1933,9983.0,9983.533,0.533,0.0,0.0,42.17,0.0,0.0829,0.4775,0.2775,0.031
1934,9983.6,9984.267,0.667,0.0,0.0,57.76,0.567,0.0148,0.0151,0.0,0.0
1935,9984.333,9985.4,1.067,0.0,0.0,123.69,0.061,0.039,0.2859,0.0885,0.0013
1936,9985.467,9986.067,0.6,0.0,0.0,54.06,0.312,0.029,0.0833,0.0,0.0
1937,9986.133,9988.267,2.134,0.0,0.0,149.66,0.0,0.1188,0.7857,0.5736,0.0067
1938,9988.333,9988.867,0.534,0.0,0.0,112.31,0.289,0.0687,0.3206,0.2171,0.0019
1939,9988.933,9989.533,0.6,0.0,0.0,87.4,0.289,0.0714,0.3416,0.1067,0.0
1940,9989.6,9990.733,1.133,0.0,0.0,120.41,0.0,0.1282,0.9766,0.7947,0.0299
1941,9990.8,9991.333,0.533,0.0,0.0,70.81,0.459,0.0744,0.3732,0.0903,0.0033
1942,9991.4,9993.267,1.867,0.0,0.0,168.7,0.106,0.1098,0.6934,0.5363,0.009
1943,9993.333,9993.867,0.534,0.0,0.0,111.32,0.361,0.0786,0.4058,0.2766,0.0064
1944,9993.933,9994.867,0.934,0.0,0.0,134.97,0.0,0.1445,1.1081,0.9008,0.0212
1945,9994.933,9998.467,3.534,0.0,0.0,121.28,0.708,0.0378,0.2555,0.0128,0.0098
1946,9998.533,10003.067,4.534,0.0,0.0,40.29,0.412,0.0369,0.2012,0.1323,0.0003
1947,10003.133,10043.267,40.134,0.0,0.0,96.81,0.791,0.0851,0.3329,0.2316,0.0129
1948,10043.333,10044.067,0.734,0.0,0.0,105.21,0.701,0.1272,0.3727,0.2661,0.0
1949,10044.133,10044.8,0.667,0.0,0.0,133.86,0.518,0.1334,0.4972,0.3893,0.0
1950,10044.867,10051.467,6.6,0.0,0.0,107.51,0.647,0.1132,0.3429,0.2254,0.001
1951,10051.533,10054.867,3.334,0.0,0.0,115.89,0.495,0.1137,0.4362,0.2394,0.0002
1952,10054.933,10057.6,2.667,0.0,0.0,91.35,0.734,0.0987,0.3016,0.1505,0.006
1953,10057.667,10058.6,0.933,0.0,0.0,141.51,0.31,0.0981,0.3297,0.093,0.0004
1954,10058.667,10067.667,9.0,0.0,0.0,96.51,0.719,0.1131,0.3349,0.1416,0.0142
1955,10067.733,10069.267,1.534,0.0,0.0,106.43,0.578,0.0949,0.2566,0.082,0.0001
1956,10069.333,10078.4,9.067,0.0,0.0,102.3,0.769,0.09,0.299,0.1176,0.0214
1957,10078.467,10103.667,25.2,0.0,0.0,103.82,0.8,0.1002,0.3578,0.1431,0.0168
1958,10103.733,10107.467,3.734,0.0,0.0,107.83,0.811,0.113,0.4395,0.3146,0.0136
1959,10107.533,10120.867,13.334,0.0,0.0,113.2,0.787,0.0806,0.2665,0.0955,0.0182
1960,10120.933,10137.8,16.867,0.0,0.0,105.33,0.785,0.1021,0.3909,0.2151,0.0175
1961,10137.867,10157.733,19.866,0.0,0.0,109.62,0.809,0.1037,0.3722,0.1973,0.0158
1962,10157.8,10193.667,35.867,0.0,0.0,105.9,0.786,0.0987,0.3403,0.1682,0.0156
1963,10193.733,10197.8,4.067,0.0,0.0,109.34,0.838,0.1176,0.422,0.2455,0.025
1964,10197.867,10207.867,10.0,0.0,0.0,108.99,0.825,0.1035,0.3649,0.138,0.0138
1965,10207.933,10212.133,4.2,0.0,0.0,176.24,0.704,0.044,0.1337,0.011,0.0143
1966,10212.2,10218.467,6.267,0.0,0.0,68.17,0.762,0.0862,0.3288,0.2202,0.0218
1967,10218.533,10220.533,2.0,0.0,0.0,59.44,0.11,0.0412,0.1843,0.0717,0.0207
1968,10220.6,10222.333,1.733,0.0,0.0,66.54,0.643,0.041,0.1457,0.0579,0.0006
1969,10222.4,10245.0,22.6,0.0,0.0,67.78,0.972,0.0497,0.1359,0.0759,0.0115
1970,10245.067,10249.4,4.333,0.0,0.0,220.98,0.799,0.0278,0.2329,0.208,0.0101
1971,10249.467,10252.0,2.533,0.0,0.0,4.38,0.762,0.0097,0.0358,0.0261,0.0
1972,10252.067,10256.6,4.533,0.0,0.0,40.96,0.411,0.0387,0.2043,0.1223,0.0006
1973,10256.667,10296.8,40.133,0.0,0.0,95.92,0.799,0.0827,0.3321,0.2279,0.0173
1974,10296.867,10298.0,1.133,0.0,0.0,104.56,0.713,0.1349,0.3888,0.1314,0.0214
1975,10298.067,10299.0,0.933,0.0,0.0,122.48,0.65,0.1143,0.2995,0.0776,0.0005
1976,10299.067,10300.2,1.133,0.0,0.0,95.22,0.712,0.117,0.36,0.0918,0.006
1977,10300.267,10302.267,2.0,0.0,0.0,99.55,0.849,0.1289,0.4137,0.1002,0.0255
1978,10302.333,10307.0,4.667,0.0,0.0,97.9,0.843,0.1438,0.4733,0.1452,0.0129
1979,10307.067,10312.533,5.466,0.0,0.0,103.24,0.637,0.0982,0.2746,0.0482,0.0135
1980,10312.6,10314.133,1.533,0.0,0.0,82.26,0.757,0.1128,0.2152,0.1018,0.0255
1981,10314.2,10315.867,1.667,0.0,0.0,122.32,0.827,0.1735,0.928,0.7069,0.0225
1982,10315.933,10317.2,1.267,0.0,0.0,119.17,0.763,0.1076,0.3383,0.157,0.0299
1983,10317.267,10319.8,2.533,0.0,0.0,135.1,0.69,0.091,0.3777,0.2982,0.0031
1984,10319.867,10321.867,2.0,0.0,0.0,106.96,0.806,0.0829,0.2261,0.0301,0.0247
1985,10321.933,10324.867,2.934,0.0,0.0,95.63,0.775,0.1344,0.3897,0.0728,0.0173
1986,10324.933,10326.8,1.867,0.0,0.0,75.58,0.821,0.1452,0.6144,0.4604,0.014
1987,10326.867,10328.067,1.2,0.0,0.0,83.45,0.563,0.1317,0.5471,0.4307,0.0074
1988,10328.133,10332.467,4.334,0.0,0.0,100.14,0.487,0.1265,0.5132,0.2769,0.0148
1989,10332.533,10338.2,5.667,0.0,0.0,104.82,0.826,0.1313,0.5478,0.3523,0.025
1990,10338.267,10348.0,9.733,0.0,0.0,104.37,0.798,0.1241,0.5293,0.3342,0.0137
1991,10348.067,10351.933,3.866,0.0,0.0,98.12,0.747,0.1151,0.3504,0.1783,0.0131
1992,10352.0,10356.467,4.467,0.0,0.0,87.39,0.705,0.1281,0.3359,0.1824,0.0248
1993,10356.533,10358.0,1.467,0.0,0.0,93.93,0.745,0.1251,0.2982,0.1519,0.0214
1994,10358.067,10360.0,1.933,0.0,0.0,97.86,0.723,0.1037,0.1885,0.0507,0.0006
1995,10360.067,10362.467,2.4,0.0,0.0,85.3,0.703,0.11,0.2834,0.0814,0.0264
1996,10362.533,10368.267,5.734,0.0,0.0,84.29,0.805,0.1301,0.382,0.2381,0.0128
1997,10368.333,10369.067,0.734,0.0,0.0,113.51,0.699,0.1159,0.2584,0.1357,0.0006
1998,10369.133,10372.667,3.534,0.0,0.0,88.23,0.783,0.1146,0.2779,0.101,0.0202
1999,10372.733,10378.0,5.267,0.0,0.0,90.3,0.764,0.1476,0.5074,0.3853,0.0235
2000,10378.067,10388.0,9.933,0.0,0.0,100.0,0.788,0.158,0.647,0.5183,0.0137
2001,10388.067,10391.867,3.8,0.0,0.0,102.43,0.741,0.1316,0.6117,0.3923,0.0132
2002,10391.933,10398.0,6.067,0.0,0.0,98.1,0.829,0.159,0.7916,0.6212,0.0239
2003,10398.067,10408.2,10.133,0.0,0.0,97.36,0.765,0.1438,0.6131,0.4737,0.013
2004,10408.267,10412.267,4.0,0.0,0.0,101.39,0.755,0.1084,0.2453,0.0579,0.0146
2005,10412.333,10416.867,4.534,0.0,0.0,105.01,0.811,0.1272,0.3509,0.1629,0.0236
2006,10416.933,10418.2,1.267,0.0,0.0,122.98,0.47,0.0994,0.2787,0.1241,0.016
2007,10418.267,10419.133,0.866,0.0,0.0,138.18,0.477,0.083,0.2197,0.079,0.0008
2008,10419.2,10420.333,1.133,0.0,0.0,108.67,0.509,0.0851,0.2911,0.1092,0.0084
2009,10420.4,10421.267,0.867,0.0,0.0,100.71,0.74,0.0959,0.3454,0.1636,0.0254
2010,10421.333,10422.8,1.467,0.0,0.0,101.76,0.777,0.1006,0.3382,0.1395,0.0238
2011,10422.867,10426.0,3.133,0.0,0.0,74.59,0.417,0.1291,0.4098,0.2395,0.0137
2012,10426.067,10428.0,1.933,0.0,0.0,96.96,0.458,0.137,0.4924,0.3422,0.0096
2013,10428.067,10429.2,1.133,0.0,0.0,118.68,0.357,0.1244,0.3733,0.203,0.0012
2014,10429.267,10432.6,3.333,0.0,0.0,90.73,0.437,0.1199,0.387,0.119,0.02
2015,10432.667,10434.2,1.533,0.0,0.0,87.73,0.487,0.1298,0.4097,0.1637,0.0219
2016,10434.267,10438.733,4.466,0.0,0.0,185.63,0.763,0.0534,0.1912,0.1006,0.0223
2017,10438.8,10445.667,6.867,0.0,0.0,67.89,0.726,0.0755,0.2853,0.1658,0.0158
2018,10445.733,10462.0,16.267,0.0,0.0,171.23,0.748,0.0532,0.2085,0.1086,0.0168
2019,10462.067,10463.867,1.8,0.0,0.0,143.74,0.499,0.0238,0.0703,0.0094,0.0088
2020,10463.933,10467.867,3.934,0.0,0.0,83.22,0.76,0.0475,0.1209,0.0026,0.0087
2021,10467.933,10471.8,3.867,0.0,0.0,131.92,0.929,0.0802,0.1508,0.0645,0.0017
2022,10471.867,10475.867,4.0,0.0,0.0,100.23,0.93,0.0264,0.0944,0.0504,0.0001
2023,10475.933,10479.867,3.934,0.0,0.0,112.4,0.922,0.0835,0.3303,0.2569,0.0177
2024,10479.933,10483.867,3.934,0.0,0.0,115.32,0.874,0.1146,0.3632,0.1174,0.0772
2025,10483.933,10487.667,3.734,0.0,0.0,110.02,0.95,0.0388,0.1212,0.0258,0.0111
2026,10487.733,10491.867,4.134,0.0,0.0,118.61,0.84,0.0982,0.2046,0.0313,0.0547
2027,10491.933,10495.667,3.734,0.0,0.0,113.97,0.934,0.0791,0.1222,0.0082,0.0237
2028,10495.733,10499.867,4.134,0.0,0.0,113.71,0.876,0.1001,0.2572,0.08,0.0592
2029,10499.933,10503.8,3.867,0.0,0.0,112.95,0.905,0.0722,0.1473,0.0306,0.0203
2030,10503.867,10507.8,3.933,0.0,0.0,103.98,0.907,0.0917,0.3404,0.2465,0.0018
2031,10507.867,10511.933,4.066,0.0,0.0,108.05,0.926,0.0775,0.1246,0.0034,0.0004
2032,10512.0,10515.8,3.8,0.0,0.0,109.4,0.855,0.1406,0.5463,0.2909,0.1035
2033,10515.867,10519.8,3.933,0.0,0.0,126.15,0.875,0.0846,0.1604,0.0403,0.0106
2034,10519.867,10523.8,3.933,0.0,0.0,121.27,0.914,0.1155,0.2875,0.0408,0.0692
2035,10523.867,10528.667,4.8,0.0,0.0,120.7,0.819,0.101,0.2686,0.2051,0.0
2036,10528.733,10530.867,2.134,0.0,0.0,113.5,0.64,0.0909,0.2563,0.1638,0.0
2037,10530.933,10532.867,1.934,0.0,0.0,99.97,0.959,0.0813,0.3031,0.2132,0.0
2038,10532.933,10540.867,7.934,0.0,0.0,65.17,0.95,0.0285,0.0875,0.0649,0.0
2039,10540.933,10542.133,1.2,0.0,0.0,80.15,0.381,0.0586,0.2688,0.0578,0.0089
2040,10542.2,10543.067,0.867,0.0,0.0,129.12,0.752,0.0142,0.0306,0.0,0.0
2041,10543.133,10544.667,1.534,0.0,0.0,79.75,0.52,0.0111,0.0359,0.003,0.0
2042,10544.733,10545.867,1.134,0.0,0.0,168.14,0.343,0.1622,0.9185,0.8047,0.0043
2043,10545.933,10546.933,1.0,0.0,0.0,157.29,0.268,0.0901,0.531,0.4941,0.0031
2044,10547.0,10549.333,2.333,0.0,0.0,106.05,0.052,0.0486,0.2542,0.163,0.0025
2045,10549.4,10553.467,4.067,0.0,0.0,104.19,0.032,0.0535,0.2765,0.1689,0.0064
2046,10553.533,10557.2,3.667,0.0,0.0,80.35,0.822,0.0343,0.104,0.0084,0.0086
2047,10557.267,10561.267,4.0,0.0,0.0,62.71,0.328,0.0397,0.2021,0.0603,0.0104
2048,10561.333,10567.667,6.334,0.0,0.0,57.24,0.561,0.0474,0.2048,0.1412,0.0025
2049,10567.733,10568.8,1.067,0.0,0.0,56.63,0.43,0.0647,0.3073,0.0708,0.0028
2050,10568.867,10572.867,4.0,0.0,0.0,58.7,0.864,0.0379,0.1192,0.1086,0.0
2051,10572.933,10575.933,3.0,0.0,0.0,131.44,0.853,0.0999,0.659,0.4837,0.0268
2052,10576.0,10580.533,4.533,0.0,0.0,63.89,0.75,0.0456,0.2145,0.1902,0.003
2053,10580.6,10581.133,0.533,0.0,0.0,131.15,0.557,0.0326,0.0465,0.0052,0.0
2054,10581.2,10582.133,0.933,0.0,0.0,103.01,0.526,0.0792,0.266,0.1873,0.0011
2055,10582.2,10584.0,1.8,0.0,0.0,52.3,0.72,0.0204,0.0178,0.0,0.0
2056,10584.067,10588.0,3.933,0.0,0.0,59.2,0.852,0.0378,0.1204,0.1109,0.0
2057,10588.067,10589.8,1.733,0.0,0.0,106.29,0.078,0.0909,0.7302,0.4921,0.0136
2058,10589.867,10590.867,1.0,0.0,0.0,107.88,0.463,0.065,0.2221,0.0754,0.0037
2059,10590.933,10592.2,1.267,0.0,0.0,68.98,0.258,0.1419,0.8608,0.7417,0.0124
2060,10592.267,10592.933,0.666,0.0,0.0,72.9,0.659,0.0841,0.478,0.1452,0.0584
2061,10593.0,10599.0,6.0,0.0,0.0,61.45,0.884,0.0543,0.176,0.1553,0.0
2062,10599.067,10600.067,1.0,0.0,0.0,94.32,0.026,0.0803,0.3888,0.2714,0.0065
2063,10600.133,10601.0,0.867,0.0,0.0,72.6,0.145,0.1281,0.6586,0.3679,0.0168
2064,10601.067,10604.467,3.4,0.0,0.0,87.85,0.0,0.1124,0.4936,0.3969,0.0051
2065,10604.533,10609.867,5.334,0.0,0.0,64.05,0.858,0.0579,0.2468,0.173,0.0
2066,10609.933,10615.667,5.734,0.0,0.0,58.01,0.909,0.1259,0.4739,0.3338,0.0008
2067,10615.733,10629.8,14.067,0.0,0.0,58.55,0.869,0.1214,0.4721,0.3089,0.0027
2068,10629.867,10648.0,18.133,0.0,0.0,62.32,0.835,0.1223,0.4606,0.3127,0.0023
2069,10648.067,10649.067,1.0,0.0,0.0,130.61,0.0,0.0592,0.2503,0.1702,0.0
2070,10649.133,10652.733,3.6,0.0,0.0,137.76,0.524,0.0782,0.5074,0.3065,0.0329
2071,10652.8,10655.8,3.0,0.0,0.0,118.26,0.842,0.0872,0.2738,0.0529,0.075
2072,10655.867,10658.667,2.8,0.0,0.0,97.97,0.885,0.0781,0.4576,0.2171,0.0109
2073,10658.733,10659.333,0.6,0.0,0.0,93.37,0.642,0.1769,1.1677,0.9021,0.0022
2074,10659.4,10662.333,2.933,0.0,0.0,110.01,0.643,0.1373,0.9166,0.5071,0.1329
2075,10662.4,10663.8,1.4,0.0,0.0,100.3,0.743,0.0816,0.4562,0.0544,0.1813
2076,10663.867,10665.267,1.4,0.0,0.0,115.88,0.654,0.122,0.7683,0.3125,0.1784
2077,10665.333,10666.867,1.534,0.0,0.0,123.79,0.759,0.1063,0.9492,0.7188,0.0011
2078,10666.933,10670.333,3.4,0.0,0.0,87.73,0.658,0.1318,0.6549,0.3592,0.0162
2079,10670.4,10671.333,0.933,0.0,0.0,140.95,0.0,0.0374,0.0135,0.0,0.0
2080,10671.4,10673.0,1.6,0.0,0.0,115.72,0.0,0.0264,0.077,0.0,0.0
2081,10673.067,10677.267,4.2,0.0,0.0,74.22,0.658,0.1141,0.6982,0.4631,0.0714
2082,10677.333,10680.4,3.067,0.0,0.0,74.92,0.761,0.1342,0.7686,0.5387,0.0907
2083,10680.467,10685.133,4.666,0.0,0.0,96.86,0.901,0.1054,0.4402,0.0716,0.0639
2084,10685.2,10687.2,2.0,0.0,0.0,142.31,0.0,0.0311,0.051,0.0,0.0
2085,10687.267,10690.8,3.533,0.0,0.0,114.09,0.431,0.0705,0.3082,0.1184,0.0673
2086,10690.867,10693.467,2.6,0.0,0.0,124.25,0.473,0.0926,0.6168,0.3044,0.1194
2087,10693.533,10696.8,3.267,0.0,0.0,103.52,0.864,0.1147,0.4315,0.2215,0.0814
2088,10696.867,10698.8,1.933,0.0,0.0,163.81,0.649,0.1205,0.8386,0.59,0.0579
2089,10698.867,10703.867,5.0,0.0,0.0,140.81,0.691,0.1194,0.5418,0.2312,0.1091
2090,10703.933,10705.867,1.934,0.0,0.0,145.37,0.0,0.0322,0.0503,0.0,0.0
2091,10705.933,10708.4,2.467,0.0,0.0,138.01,0.51,0.0419,0.1731,0.0694,0.0256
2092,10708.467,10710.267,1.8,0.0,0.0,159.96,0.875,0.089,0.3519,0.2176,0.0362
2093,10710.333,10713.667,3.334,0.0,0.0,113.88,0.907,0.0702,0.1635,0.0276,0.0883
2094,10713.733,10715.267,1.534,0.0,0.0,133.75,0.756,0.1348,0.6684,0.4234,0.0237
2095,10715.333,10717.267,1.934,0.0,0.0,145.66,0.0,0.0322,0.0472,0.0,0.0
2096,10717.333,10717.867,0.534,0.0,0.0,68.02,0.636,0.0273,0.0448,0.0,0.0
2097,10717.933,10718.867,0.934,0.0,0.0,100.96,0.086,0.0512,0.1925,0.0722,0.0087
2098,10718.933,10722.933,4.0,0.0,0.0,114.5,0.747,0.1133,0.5848,0.2875,0.0707
2099,10723.0,10728.0,5.0,0.0,0.0,99.49,0.532,0.0924,0.4654,0.2639,0.0843
2100,10728.067,10729.667,1.6,0.0,0.0,90.07,0.837,0.0814,0.3773,0.1455,0.0825
2101,10729.733,10733.0,3.267,0.0,0.0,149.97,0.524,0.0836,0.5144,0.3413,0.0625
2102,10733.067,10734.667,1.6,0.0,0.0,117.0,0.0,0.0244,0.0764,0.0,0.0
2103,10734.733,10735.8,1.067,0.0,0.0,48.12,0.899,0.0252,0.0647,0.0133,0.0005
2104,10735.867,10748.867,13.0,0.0,0.0,52.91,0.918,0.1163,0.4495,0.3324,0.0014
2105,10748.933,10750.867,1.934,0.0,0.0,50.26,0.677,0.1101,0.4336,0.3174,0.0115
2106,10750.933,10757.8,6.867,0.0,0.0,65.71,0.873,0.1217,0.5834,0.3953,0.0155
2107,10757.867,10759.133,1.266,0.0,0.0,85.12,0.94,0.1337,0.6217,0.3595,0.0051
2108,10759.2,10762.333,3.133,0.0,0.0,70.19,0.865,0.1203,0.7164,0.5287,0.0317
2109,10762.4,10762.933,0.533,0.0,0.0,95.69,0.879,0.1218,0.8468,0.6887,0.0051
2110,10763.0,10764.067,1.067,0.0,0.0,91.0,0.891,0.1394,1.1881,1.0235,0.0051
2111,10764.133,10764.867,0.734,0.0,0.0,85.74,0.915,0.1327,1.1312,0.9445,0.0051
2112,10764.933,10767.933,3.0,0.0,0.0,75.23,0.549,0.0746,0.4523,0.3168,0.0284
2113,10768.0,10769.6,1.6,0.0,0.0,89.41,0.515,0.0581,0.1986,0.103,0.0051
2114,10769.667,10770.933,1.266,0.0,0.0,51.61,0.758,0.0552,0.1933,0.1025,0.0051
2115,10771.0,10772.0,1.0,0.0,0.0,52.83,0.696,0.0497,0.1767,0.0986,0.0165
2116,10772.067,10773.067,1.0,0.0,0.0,52.18,0.47,0.0501,0.1615,0.0659,0.0255
2117,10773.133,10773.933,0.8,0.0,0.0,55.75,0.502,0.0583,0.2218,0.0725,0.0782
2118,10774.0,10774.867,0.867,0.0,0.0,40.98,0.567,0.0339,0.1721,0.1408,0.0172
2119,10774.933,10776.467,1.534,0.0,0.0,69.67,0.801,0.0987,0.4644,0.2661,0.0068
2120,10776.533,10778.0,1.467,0.0,0.0,69.74,0.844,0.0781,0.3112,0.1442,0.0008
2121,10778.067,10778.933,0.866,0.0,0.0,37.07,0.823,0.0464,0.1923,0.1435,0.0
2122,10779.0,10783.133,4.133,0.0,0.0,78.19,0.785,0.0453,0.2019,0.1827,0.0033
2123,10783.2,10783.867,0.667,0.0,0.0,77.04,0.662,0.065,0.2072,0.1151,0.0778
2124,10783.933,10785.067,1.134,0.0,0.0,61.23,0.686,0.0463,0.2224,0.217,0.0
2125,10785.133,10786.067,0.934,0.0,0.0,70.41,0.518,0.0378,0.1215,0.1125,0.0005
2126,10786.133,10787.6,1.467,0.0,0.0,102.74,0.899,0.0921,0.4392,0.3501,0.001
2127,10787.667,10789.4,1.733,0.0,0.0,110.87,0.156,0.1112,0.4906,0.3505,0.018
2128,10789.467,10790.467,1.0,0.0,0.0,114.54,0.513,0.0853,0.4346,0.2355,0.0813
2129,10790.533,10792.2,1.667,0.0,0.0,79.96,0.356,0.1266,0.7094,0.5686,0.0257
2130,10792.267,10801.667,9.4,0.0,0.0,132.19,0.802,0.1062,0.3607,0.1017,0.1298
2131,10801.733,10805.333,3.6,0.0,0.0,111.98,0.475,0.1095,0.3671,0.1571,0.1086
2132,10805.4,10806.067,0.667,0.0,0.0,84.94,0.495,0.1151,0.598,0.5104,0.0094
2133,10806.133,10808.0,1.867,0.0,0.0,70.46,0.347,0.0771,0.326,0.2697,0.0118
2134,10808.067,10808.8,0.733,0.0,0.0,59.17,0.259,0.0579,0.2314,0.1848,0.0158
2135,10808.867,10809.6,0.733,0.0,0.0,62.26,0.13,0.0429,0.1305,0.0641,0.0157
2136,10809.667,10811.6,1.933,0.0,0.0,90.02,0.068,0.1088,0.4701,0.2746,0.0498
2137,10811.667,10813.6,1.933,0.0,0.0,107.7,0.0,0.1406,0.6762,0.6325,0.0162
2138,10813.667,10816.2,2.533,0.0,0.0,84.94,0.144,0.0923,0.2704,0.2013,0.0068
2139,10816.267,10820.4,4.133,0.0,0.0,116.38,0.83,0.0887,0.7261,0.6404,0.0113
2140,10820.467,10828.0,7.533,0.0,0.0,140.53,0.798,0.1255,0.8153,0.662,0.035
2141,10828.067,10833.533,5.466,0.0,0.0,141.3,0.814,0.1227,0.7599,0.5495,0.0793
2142,10833.6,10836.533,2.933,0.0,0.0,56.45,0.657,0.0466,0.304,0.1839,0.0379
2143,10836.6,10839.0,2.4,0.0,0.0,73.68,0.681,0.1118,0.5101,0.3505,0.0014
2144,10839.067,10840.8,1.733,0.0,0.0,99.65,0.699,0.147,0.8275,0.6582,0.0023
2145,10840.867,10842.2,1.333,0.0,0.0,98.45,0.862,0.1032,0.495,0.3896,0.0
2146,10842.267,10845.4,3.133,0.0,0.0,56.38,0.777,0.0621,0.2342,0.1997,0.0001
2147,10845.467,10846.0,0.533,0.0,0.0,131.01,0.515,0.0483,0.0861,0.0504,0.0022
2148,10846.067,10847.067,1.0,0.0,0.0,102.57,0.549,0.1024,0.3332,0.2126,0.0697
2149,10847.133,10847.8,0.667,0.0,0.0,108.03,0.652,0.1037,0.4721,0.4312,0.0
2150,10847.867,10851.467,3.6,0.0,0.0,86.7,0.882,0.1335,1.2316,0.956,0.0005
2151,10851.533,10858.733,7.2,0.0,0.0,170.1,0.569,0.1171,0.9656,0.8281,0.0307
2152,10858.8,10861.533,2.733,0.0,0.0,202.7,0.679,0.0749,0.3107,0.2463,0.0436
2153,10861.6,10865.667,4.067,0.0,0.0,186.24,0.684,0.0864,0.4237,0.3092,0.0477
2154,10865.733,10868.333,2.6,0.0,0.0,98.17,0.489,0.0898,0.696,0.4111,0.0374
2155,10868.4,10872.867,4.467,0.0,0.0,150.15,0.803,0.0884,0.3799,0.087,0.0618
2156,10872.933,10873.8,0.867,0.0,0.0,72.6,0.378,0.0626,0.2227,0.2093,0.0
2157,10873.867,10874.667,0.8,0.0,0.0,128.14,0.627,0.0633,0.5149,0.4702,0.0
2158,10874.733,10876.867,2.134,0.0,0.0,95.1,0.826,0.0445,0.1703,0.1334,0.0105
2159,10876.933,10879.8,2.867,0.0,0.0,69.53,0.795,0.0988,0.6049,0.3895,0.0009
2160,10879.867,10881.4,1.533,0.0,0.0,137.28,0.628,0.075,0.4237,0.1921,0.0715
2161,10881.467,10883.6,2.133,0.0,0.0,146.79,0.731,0.0808,0.4639,0.3113,0.0066
2162,10883.667,10886.2,2.533,0.0,0.0,136.07,0.798,0.0862,0.5263,0.2322,0.0956
2163,10886.267,10887.0,0.733,0.0,0.0,112.54,0.664,0.1571,0.8674,0.5276,0.0002
2164,10887.067,10889.933,2.866,0.0,0.0,95.87,0.839,0.1345,0.9866,0.9221,0.0002
2165,10890.0,10908.733,18.733,0.0,0.0,165.5,0.867,0.1013,0.9049,0.7921,0.0024
2166,10908.8,10916.2,7.4,0.0,0.0,114.26,0.587,0.1067,0.3439,0.102,0.1259
2167,10916.267,10922.733,6.466,0.0,0.0,120.48,0.287,0.1234,0.4684,0.2774,0.1009
2168,10922.8,10925.4,2.6,0.0,0.0,135.57,0.796,0.1057,0.8804,0.8029,0.0002
2169,10925.467,10928.0,2.533,0.0,0.0,69.54,0.699,0.0693,0.5152,0.35,0.018
2170,10928.067,10928.667,0.6,0.0,0.0,74.48,0.841,0.0839,0.4021,0.2836,0.0
2171,10928.733,10934.133,5.4,0.0,0.0,75.45,0.581,0.0934,0.7373,0.6599,0.0004
2172,10934.2,10935.4,1.2,0.0,0.0,60.46,0.569,0.0921,0.7161,0.6761,0.0007
2173,10935.467,10942.2,6.733,0.0,0.0,82.54,0.655,0.0945,0.4369,0.3126,0.0381
2174,10942.267,10945.4,3.133,0.0,0.0,70.27,0.783,0.1135,0.82,0.7032,0.0025
2175,10945.467,10946.533,1.066,0.0,0.0,85.9,0.867,0.127,0.6832,0.5652,0.0
2176,10946.6,10950.467,3.867,0.0,0.0,68.03,0.787,0.1027,0.8203,0.698,0.0229
2177,10950.533,10951.2,0.667,0.0,0.0,78.91,0.88,0.1333,1.0169,0.8837,0.0051
2178,10951.267,10952.4,1.133,0.0,0.0,74.53,0.885,0.1143,0.6686,0.5211,0.0051
2179,10952.467,10953.467,1.0,0.0,0.0,76.95,0.869,0.1248,1.0002,0.8387,0.0051
2180,10953.533,10964.6,11.067,0.0,0.0,70.3,0.917,0.1205,0.8063,0.6435,0.019
2181,10964.667,10968.133,3.466,0.0,0.0,80.74,0.801,0.13,1.0581,0.9527,0.0051
2182,10968.2,10969.933,1.733,0.0,0.0,75.3,0.765,0.1191,0.7523,0.587,0.0419
2183,10970.0,10970.733,0.733,0.0,0.0,72.93,0.865,0.1194,0.6674,0.5249,0.0051
2184,10970.8,10972.067,1.267,0.0,0.0,68.98,0.891,0.1212,0.6755,0.5663,0.0051
2185,10972.133,10978.0,5.867,0.0,0.0,74.08,0.913,0.1341,0.8982,0.7164,0.0155
2186,10978.067,10979.733,1.666,0.0,0.0,87.68,0.733,0.1531,1.2317,1.0551,0.0051
2187,10979.8,10980.867,1.067,0.0,0.0,91.68,0.868,0.1399,1.0358,0.8102,0.0051
2188,10980.933,10982.267,1.334,0.0,0.0,80.16,0.803,0.1645,0.8737,0.7684,0.0051
2189,10982.333,10990.6,8.267,0.0,0.0,86.31,0.89,0.1336,0.8191,0.6962,0.0178
2190,10990.667,10992.133,1.466,0.0,0.0,171.42,0.587,0.0638,0.2893,0.1151,0.0335
2191,10992.2,10993.2,1.0,0.0,0.0,99.95,0.95,0.1419,0.6081,0.4709,0.0051
2192,10993.267,10994.2,0.933,0.0,0.0,86.43,0.871,0.1308,0.6578,0.5466,0.0051
2193,10994.267,10995.067,0.8,0.0,0.0,102.86,0.891,0.1332,0.6239,0.4727,0.0051
2194,10995.133,11000.0,4.867,0.0,0.0,85.28,0.826,0.1294,0.8003,0.6604,0.0194
2195,11000.067,11001.267,1.2,0.0,0.0,86.75,0.877,0.1536,1.2448,1.0976,0.0051
2196,11001.333,11002.2,0.867,0.0,0.0,91.05,0.843,0.1536,1.0919,0.9757,0.0051
2197,11002.267,11002.867,0.6,0.0,0.0,90.92,0.813,0.1465,1.0277,0.8964,0.0051
2198,11002.933,11003.467,0.534,0.0,0.0,85.01,0.908,0.1359,1.1849,1.0884,0.0051
2199,11003.533,11005.667,2.134,0.0,0.0,77.25,0.711,0.1343,0.708,0.5757,0.0358
2200,11005.733,11006.467,0.734,0.0,0.0,80.44,0.823,0.1327,0.7081,0.4606,0.0051
2201,11006.533,11007.4,0.867,0.0,0.0,93.08,0.805,0.1451,0.8407,0.7432,0.0051
2202,11007.467,11010.4,2.933,0.0,0.0,68.01,0.576,0.1384,0.6558,0.5599,0.0185
2203,11010.467,11011.0,0.533,0.0,0.0,70.59,0.754,0.144,0.6417,0.4909,0.0565
2204,11011.067,11012.533,1.466,0.0,0.0,76.49,0.751,0.1428,0.5718,0.3597,0.0574
2205,11012.6,11016.2,3.6,0.0,0.0,67.75,0.844,0.1494,0.8695,0.7119,0.0269
2206,11016.267,11029.0,12.733,0.0,0.0,114.41,0.844,0.1411,0.6507,0.3838,0.1255
2207,11029.067,11029.667,0.6,0.0,0.0,61.47,0.414,0.1053,0.407,0.3351,0.007
2208,11029.733,11043.467,13.734,0.0,0.0,65.29,0.875,0.1298,0.8812,0.755,0.0346
2209,11043.533,11045.2,1.667,0.0,0.0,62.97,0.685,0.1199,0.8806,0.7361,0.0226
2210,11045.267,11047.467,2.2,0.0,0.0,75.15,0.818,0.1306,1.0858,0.9991,0.0175
2211,11047.533,11048.667,1.134,0.0,0.0,73.93,0.914,0.1339,0.766,0.5817,0.0122
2212,11048.733,11050.267,1.534,0.0,0.0,156.29,0.436,0.0575,0.2951,0.1831,0.0166
2213,11050.333,11051.667,1.334,0.0,0.0,66.45,0.883,0.1172,0.5006,0.1186,0.0552
2214,11051.733,11052.467,0.734,0.0,0.0,70.2,0.855,0.1149,0.5059,0.1362,0.0551
2215,11052.533,11056.2,3.667,0.0,0.0,73.08,0.737,0.1372,0.8779,0.7621,0.0259
2216,11056.267,11057.467,1.2,0.0,0.0,71.15,0.872,0.1461,1.2781,1.1591,0.0339
2217,11057.533,11062.067,4.534,0.0,0.0,72.89,0.884,0.1258,0.6533,0.2708,0.0404
2218,11062.133,11074.867,12.734,0.0,0.0,114.45,0.836,0.1385,0.6861,0.4108,0.1269
2219,11074.933,11077.2,2.267,0.0,0.0,72.88,0.741,0.1352,1.0264,0.7513,0.0151
2220,11077.267,11087.2,9.933,0.0,0.0,81.91,0.867,0.1443,0.9049,0.7042,0.0343
2221,11087.267,11097.133,9.866,0.0,0.0,80.98,0.883,0.1542,0.9941,0.8544,0.0313
2222,11097.2,11102.133,4.933,0.0,0.0,86.55,0.869,0.1397,1.1047,0.8902,0.0294
2223,11102.2,11107.133,4.933,0.0,0.0,83.91,0.861,0.1518,0.8585,0.611,0.0314
2224,11107.2,11111.333,4.133,0.0,0.0,68.82,0.826,0.1186,0.5787,0.2078,0.0288
2225,11111.4,11112.133,0.733,0.0,0.0,71.73,0.855,0.1207,0.9637,0.6728,0.0551
2226,11112.2,11115.867,3.667,0.0,0.0,73.53,0.753,0.1415,0.9416,0.7759,0.0323
2227,11115.933,11117.133,1.2,0.0,0.0,67.15,0.852,0.1422,0.7433,0.6078,0.0
2228,11117.2,11124.4,7.2,0.0,0.0,70.86,0.88,0.1237,0.6979,0.3552,0.0353
2229,11124.467,11126.467,2.0,0.0,0.0,71.44,0.807,0.1213,1.1013,0.9011,0.0083
2230,11126.533,11127.067,0.534,0.0,0.0,73.69,0.902,0.129,1.1686,0.9879,0.0132
2231,11127.133,11132.067,4.934,0.0,0.0,70.69,0.772,0.1363,0.6397,0.4989,0.0268
2232,11132.133,11135.0,2.867,0.0,0.0,71.21,0.862,0.1236,0.6976,0.3433,0.0337
2233,11135.067,11141.133,6.066,0.0,0.0,131.28,0.868,0.1305,0.664,0.4982,0.0679
2234,11141.2,11177.0,35.8,0.0,0.0,120.4,0.935,0.1445,0.8243,0.6516,0.0147
2235,11177.067,11184.8,7.733,0.0,0.0,120.81,0.905,0.1448,0.8943,0.6516,0.0157
2236,11184.867,11200.333,15.466,0.0,0.0,102.1,0.908,0.1395,0.7394,0.5948,0.0331
2237,11200.4,11214.533,14.133,0.0,0.0,73.12,0.901,0.1317,0.7253,0.5737,0.0273
2238,11214.6,11233.733,19.133,0.0,0.0,88.68,0.933,0.1336,0.8682,0.6918,0.0167
2239,11233.8,11235.333,1.533,0.0,0.0,174.96,0.631,0.08,0.3664,0.2154,0.0051
2240,11235.4,11272.133,36.733,0.0,0.0,76.22,0.915,0.1368,0.7737,0.6872,0.03
2241,11272.2,11285.267,13.067,0.0,0.0,113.43,0.895,0.1288,1.0138,0.8584,0.0248
2242,11285.333,11290.6,5.267,0.0,0.0,110.46,0.919,0.1337,0.9389,0.763,0.0436
2243,11290.667,11363.933,73.266,0.0,0.0,112.66,0.904,0.1313,0.88,0.7236,0.0312
2244,11364.0,11392.867,28.867,0.0,0.0,75.06,0.891,0.1336,0.741,0.6632,0.0324
2245,11392.933,11394.4,1.467,0.0,0.0,165.84,0.567,0.066,0.2937,0.1896,0.0108
2246,11394.467,11398.067,3.6,0.0,0.0,80.84,0.894,0.1226,0.6201,0.4729,0.0181
2247,11398.133,11401.667,3.534,0.0,0.0,83.99,0.823,0.106,0.8755,0.7139,0.0241
2248,11401.733,11404.467,2.734,0.0,0.0,89.79,0.879,0.1162,0.87,0.6676,0.0051
2249,11404.533,11406.533,2.0,0.0,0.0,83.96,0.784,0.124,0.6815,0.4597,0.0051
2250,11406.6,11408.733,2.133,0.0,0.0,78.76,0.763,0.1222,0.6594,0.4375,0.0434
2251,11408.8,11409.467,0.667,0.0,0.0,92.09,0.872,0.1323,0.7843,0.5378,0.0051
2252,11409.533,11410.067,0.534,0.0,0.0,86.29,0.915,0.1204,1.2342,1.0388,0.0051
2253,11410.133,11411.067,0.934,0.0,0.0,87.18,0.728,0.1311,1.2997,1.0478,0.0051
2254,11411.133,11413.267,2.134,0.0,0.0,152.21,0.628,0.0922,0.6088,0.4573,0.0051
2255,11413.333,11415.0,1.667,0.0,0.0,85.02,0.683,0.147,0.8375,0.7198,0.0438
2256,11415.067,11416.933,1.866,0.0,0.0,97.03,0.701,0.162,0.8347,0.7401,0.0051
2257,11417.0,11419.067,2.067,0.0,0.0,93.6,0.76,0.1486,0.6966,0.5827,0.0051
2258,11419.133,11419.667,0.534,0.0,0.0,91.18,0.829,0.1528,0.8594,0.7677,0.0051
2259,11419.733,11422.133,2.4,0.0,0.0,84.3,0.855,0.1471,0.8662,0.7065,0.0318
2260,11422.2,11423.933,1.733,0.0,0.0,96.06,0.954,0.169,1.026,0.9359,0.0051
2261,11424.0,11425.267,1.267,0.0,0.0,96.48,0.933,0.1429,0.711,0.5751,0.0051
2262,11425.333,11428.467,3.134,0.0,0.0,83.62,0.893,0.1314,0.6709,0.58,0.0247
2263,11428.533,11429.267,0.734,0.0,0.0,105.75,0.872,0.1367,0.5912,0.4733,0.0051
2264,11429.333,11430.2,0.867,0.0,0.0,102.22,0.925,0.152,0.7198,0.5714,0.0051
2265,11430.267,11431.0,0.733,0.0,0.0,97.56,0.893,0.1433,0.7646,0.6521,0.0051
2266,11431.067,11433.867,2.8,0.0,0.0,87.4,0.885,0.13,0.9793,0.8514,0.0051
2267,11433.933,11436.467,2.534,0.0,0.0,78.42,0.775,0.1144,1.0305,0.9549,0.0329
2268,11436.533,11438.4,1.867,0.0,0.0,94.46,0.862,0.143,0.8832,0.7232,0.0051
2269,11438.467,11447.667,9.2,0.0,0.0,75.88,0.933,0.1182,0.8647,0.6869,0.0143
2270,11447.733,11450.4,2.667,0.0,0.0,80.47,0.743,0.1142,0.7922,0.5934,0.0307
2271,11450.467,11451.733,1.266,0.0,0.0,79.21,0.862,0.131,0.6989,0.5483,0.0051
2272,11451.8,11453.8,2.0,0.0,0.0,86.53,0.842,0.1232,0.6255,0.4586,0.0051
2273,11453.867,11455.133,1.266,0.0,0.0,73.79,0.872,0.1199,0.74,0.5964,0.0078
2274,11455.2,11461.067,5.867,0.0,0.0,78.57,0.925,0.132,1.1089,0.9262,0.0159
2275,11461.133,11463.933,2.8,0.0,0.0,89.02,0.741,0.1358,0.6784,0.4731,0.0268
2276,11464.0,11465.267,1.267,0.0,0.0,84.55,0.825,0.1595,0.9298,0.7542,0.0051
2277,11465.333,11466.0,0.667,0.0,0.0,85.63,0.92,0.1456,0.9101,0.677,0.0051
2278,11466.067,11468.867,2.8,0.0,0.0,95.77,0.914,0.1392,0.8607,0.6212,0.0051
2279,11468.933,11476.267,7.334,0.0,0.0,93.5,0.91,0.1286,0.6569,0.4569,0.0149
2280,11476.333,11478.133,1.8,0.0,0.0,81.4,0.801,0.1132,0.5606,0.3694,0.0496
2281,11478.2,11481.0,2.8,0.0,0.0,87.5,0.878,0.1172,1.071,0.9128,0.0051
2282,11481.067,11483.067,2.0,0.0,0.0,82.1,0.789,0.129,1.2146,1.1017,0.0051
2283,11483.133,11485.267,2.134,0.0,0.0,77.18,0.769,0.1311,0.7079,0.5631,0.0363
2284,11485.333,11485.933,0.6,0.0,0.0,90.3,0.816,0.1385,0.7384,0.5115,0.0051
2285,11486.0,11486.533,0.533,0.0,0.0,83.33,0.898,0.1266,0.6512,0.5523,0.0051
2286,11486.6,11488.733,2.133,0.0,0.0,84.09,0.753,0.1354,0.6612,0.5103,0.0051
2287,11488.8,11489.533,0.733,0.0,0.0,79.76,0.827,0.1257,0.6315,0.4642,0.0051
2288,11489.6,11491.533,1.933,0.0,0.0,81.66,0.688,0.1375,0.8257,0.6603,0.0384
2289,11491.6,11493.467,1.867,0.0,0.0,93.3,0.674,0.1568,1.1569,1.065,0.0051
2290,11493.533,11496.133,2.6,0.0,0.0,87.54,0.776,0.141,0.8867,0.7542,0.0051
2291,11496.2,11499.067,2.867,0.0,0.0,77.5,0.839,0.1328,0.6848,0.5013,0.0261
2292,11499.133,11499.667,0.534,0.0,0.0,61.6,0.68,0.1208,0.6037,0.4662,0.0146
2293,11499.733,11500.333,0.6,0.0,0.0,87.06,0.864,0.144,0.7315,0.5743,0.0555
2294,11500.4,11567.867,67.467,0.0,0.0,93.16,0.892,0.1443,0.9359,0.8115,0.0295
2295,11567.933,11598.467,30.534,0.0,0.0,84.75,0.873,0.113,0.6572,0.4909,0.0306
2296,11598.533,11600.2,1.667,0.0,0.0,70.73,0.859,0.1468,0.9308,0.798,0.02
2297,11600.267,11672.267,72.0,0.0,0.0,104.27,0.902,0.1403,0.7916,0.5489,0.0321
2298,11672.333,11734.2,61.867,0.0,0.0,76.6,0.901,0.14,0.8876,0.686,0.0327
2299,11734.267,11778.133,43.866,0.0,0.0,84.01,0.871,0.1441,0.8426,0.7255,0.0288
2300,11778.2,11778.733,0.533,0.0,0.0,90.02,0.883,0.1249,1.2386,1.1548,0.02
2301,11778.8,11779.867,1.067,0.0,0.0,84.81,0.876,0.143,1.1972,1.0016,0.02
2302,11779.933,11780.667,0.734,0.0,0.0,79.86,0.9,0.1343,1.3523,1.2608,0.02
2303,11780.733,11783.133,2.4,0.0,0.0,63.77,0.76,0.1026,0.7759,0.652,0.029
2304,11783.2,11784.867,1.667,0.0,0.0,65.59,0.899,0.1145,0.5593,0.3784,0.06
2305,11784.933,11785.933,1.0,0.0,0.0,67.7,0.835,0.1148,0.5454,0.4342,0.0614
2306,11786.0,11799.667,13.667,0.0,0.0,76.37,0.854,0.1092,0.741,0.6199,0.0321
2307,11799.733,11802.6,2.867,0.0,0.0,82.61,0.734,0.1056,0.7618,0.6842,0.0168
2308,11802.667,11803.467,0.8,0.0,0.0,75.73,0.673,0.1036,0.4516,0.2024,0.0601
2309,11803.533,11804.8,1.267,0.0,0.0,60.29,0.87,0.1107,0.5452,0.3092,0.0553
2310,11804.867,11857.867,53.0,0.0,0.0,78.27,0.862,0.1323,0.8482,0.6836,0.0315
2311,11857.933,11898.133,40.2,0.0,0.0,87.17,0.883,0.1489,0.9608,0.8444,0.0286
2312,11898.2,11900.267,2.067,0.0,0.0,75.46,0.921,0.1415,0.8824,0.7277,0.0156
2313,11900.333,11909.467,9.134,0.0,0.0,60.18,0.87,0.1169,0.8061,0.6114,0.0315
2314,11909.533,11911.6,2.067,0.0,0.0,73.11,0.82,0.1275,0.8698,0.6193,0.0339
2315,11911.667,11915.667,4.0,0.0,0.0,65.5,0.734,0.1162,0.5628,0.3984,0.0453
2316,11915.733,11917.0,1.267,0.0,0.0,58.46,0.806,0.1184,0.5634,0.4255,0.0497
2317,11917.067,11938.133,21.066,0.0,0.0,72.96,0.846,0.1326,0.7853,0.5983,0.0284
2318,11938.2,11939.067,0.867,0.0,0.0,67.48,0.759,0.1323,1.2482,1.1534,0.0309
2319,11939.133,11940.0,0.867,0.0,0.0,83.65,0.851,0.1351,1.2426,1.1275,0.0312
2320,11940.067,11942.467,2.4,0.0,0.0,70.91,0.892,0.119,1.1627,1.0357,0.0239
2321,11942.533,11943.867,1.334,0.0,0.0,60.36,0.659,0.1132,0.552,0.2573,0.0551
2322,11943.933,11946.2,2.267,0.0,0.0,63.58,0.781,0.1239,0.536,0.2228,0.0552
2323,11946.267,11947.8,1.533,0.0,0.0,70.13,0.654,0.128,0.5852,0.3322,0.0213
2324,11947.867,11948.4,0.533,0.0,0.0,67.86,0.805,0.1347,1.0149,0.8974,0.0056
2325,11948.467,11949.733,1.266,0.0,0.0,70.06,0.734,0.1527,1.0288,0.9737,0.0
2326,11949.8,11950.533,0.733,0.0,0.0,71.41,0.778,0.1481,1.1187,1.0847,0.0
2327,11950.6,11951.333,0.733,0.0,0.0,67.17,0.84,0.1406,1.0083,0.9595,0.0
2328,11951.4,11954.8,3.4,0.0,0.0,72.37,0.64,0.1454,0.8623,0.7517,0.0384
2329,11954.867,11959.333,4.466,0.0,0.0,70.58,0.753,0.1367,0.6764,0.4582,0.0301
2330,11959.4,11961.667,2.267,0.0,0.0,72.32,0.886,0.1513,1.2861,1.191,0.02
2331,11961.733,11966.2,4.467,0.0,0.0,65.69,0.841,0.1207,0.8914,0.6626,0.0489
2332,11966.267,11967.933,1.666,0.0,0.0,79.58,0.765,0.1262,0.4981,0.3341,0.0284
2333,11968.0,11968.733,0.733,0.0,0.0,77.26,0.801,0.1362,0.6628,0.5214,0.0184
2334,11968.8,11971.267,2.467,0.0,0.0,69.17,0.863,0.1241,0.7446,0.569,0.0312
2335,11971.333,11972.933,1.6,0.0,0.0,62.04,0.757,0.1113,0.821,0.6298,0.0271
2336,11973.0,11973.933,0.933,0.0,0.0,68.73,0.775,0.1216,0.9663,0.8449,0.0587
2337,11974.0,11987.733,13.733,0.0,0.0,63.68,0.863,0.1193,0.7996,0.5872,0.0332
2338,11987.8,11989.467,1.667,0.0,0.0,60.85,0.741,0.1212,0.8116,0.6294,0.0151
2339,11989.533,11991.533,2.0,0.0,0.0,69.96,0.829,0.1229,0.7364,0.5578,0.0138
2340,11991.6,11992.867,1.267,0.0,0.0,51.72,0.758,0.0996,0.5307,0.3248,0.0151
2341,11992.933,12001.667,8.734,0.0,0.0,69.01,0.846,0.1339,0.8918,0.6716,0.0356
2342,12001.733,12014.0,12.267,0.0,0.0,77.01,0.855,0.1357,0.756,0.6151,0.0279
2343,12014.067,12014.933,0.866,0.0,0.0,66.14,0.83,0.1161,0.5103,0.235,0.0548
2344,12015.0,12015.867,0.867,0.0,0.0,82.73,0.874,0.1193,0.5145,0.1854,0.0548
2345,12015.933,12018.333,2.4,0.0,0.0,72.12,0.812,0.1112,0.644,0.3874,0.0271
2346,12018.4,12019.733,1.333,0.0,0.0,65.72,0.758,0.1245,1.1661,1.0411,0.019
2347,12019.8,12020.467,0.667,0.0,0.0,73.34,0.732,0.1422,1.2897,1.2176,0.02
2348,12020.533,12023.667,3.134,0.0,0.0,69.19,0.763,0.1388,1.0485,0.9138,0.0275
2349,12023.733,12028.267,4.534,0.0,0.0,65.12,0.724,0.1218,0.6022,0.3658,0.0417
2350,12028.333,12029.267,0.934,0.0,0.0,73.22,0.75,0.16,1.0839,0.9861,0.0291
2351,12029.333,12031.2,1.867,0.0,0.0,78.64,0.637,0.1574,1.1724,1.1049,0.0
2352,12031.267,12031.8,0.533,0.0,0.0,71.25,0.68,0.1417,1.468,1.3796,0.0
2353,12031.867,12038.133,6.266,0.0,0.0,67.69,0.766,0.1359,0.8293,0.6554,0.0404
2354,12038.2,12039.533,1.333,0.0,0.0,76.97,0.879,0.1351,0.8647,0.6899,0.0125
2355,12039.6,12047.533,7.933,0.0,0.0,69.28,0.835,0.1227,0.7594,0.6331,0.038
2356,12047.6,12048.533,0.933,0.0,0.0,63.77,0.68,0.112,0.6194,0.5089,0.0154
2357,12048.6,12049.467,0.867,0.0,0.0,62.48,0.891,0.1166,0.7532,0.5672,0.0128
2358,12049.533,12050.533,1.0,0.0,0.0,67.4,0.81,0.1223,0.7974,0.5962,0.0138
2359,12050.6,12061.867,11.267,0.0,0.0,62.0,0.878,0.1255,0.8505,0.7437,0.03
2360,12061.933,12064.267,2.334,0.0,0.0,69.81,0.723,0.1242,0.5543,0.4538,0.0413
2361,12064.333,12067.2,2.867,0.0,0.0,69.54,0.79,0.1311,0.6796,0.5778,0.0514
2362,12067.267,12068.067,0.8,0.0,0.0,58.6,0.77,0.1124,0.9184,0.8899,0.0058
2363,12068.133,12069.4,1.267,0.0,0.0,59.7,0.842,0.1372,1.0269,0.9659,0.0021
2364,12069.467,12078.333,8.866,0.0,0.0,68.31,0.846,0.1443,0.7836,0.6971,0.0293
2365,12078.4,12079.933,1.533,0.0,0.0,164.44,0.572,0.0803,0.4006,0.2888,0.0149
2366,12080.0,12090.533,10.533,0.0,0.0,79.09,0.87,0.1308,0.7983,0.6316,0.0308
2367,12090.6,12091.467,0.867,0.0,0.0,72.37,0.8,0.1304,1.2433,1.1139,0.0339
2368,12091.533,12094.867,3.334,0.0,0.0,74.72,0.828,0.1147,0.6115,0.4999,0.0419
2369,12094.933,12096.267,1.334,0.0,0.0,60.18,0.763,0.1133,0.57,0.4223,0.0551
2370,12096.333,12099.467,3.134,0.0,0.0,68.85,0.713,0.1354,0.8899,0.7719,0.0207
2371,12099.533,12100.2,0.667,0.0,0.0,77.88,0.818,0.1384,1.3286,1.193,0.0132
2372,12100.267,12100.8,0.533,0.0,0.0,71.09,0.908,0.1249,1.2313,1.2041,0.0132
2373,12100.867,12103.733,2.866,0.0,0.0,63.72,0.679,0.1181,0.8715,0.7575,0.0257
2374,12103.8,12108.667,4.867,0.0,0.0,71.74,0.662,0.1334,0.6369,0.4933,0.0369
2375,12108.733,12110.4,1.667,0.0,0.0,73.36,0.769,0.1505,0.7643,0.6652,0.0138
2376,12110.467,12119.267,8.8,0.0,0.0,67.03,0.854,0.1338,0.7531,0.5838,0.0312
2377,12119.333,12120.933,1.6,0.0,0.0,79.82,0.821,0.1339,0.831,0.6269,0.031
2378,12121.0,12121.733,0.733,0.0,0.0,74.76,0.89,0.1375,1.2184,1.0438,0.0311
2379,12121.8,12124.733,2.933,0.0,0.0,67.59,0.741,0.0971,1.0277,0.942,0.0047
2380,12124.8,12126.0,1.2,0.0,0.0,83.74,0.697,0.0997,0.9655,0.824,0.0008
2381,12126.067,12127.067,1.0,0.0,0.0,62.77,0.616,0.1039,0.5605,0.4211,0.0107
2382,12127.133,12128.933,1.8,0.0,0.0,68.08,0.824,0.1292,0.7318,0.6405,0.0094
2383,12129.0,12134.667,5.667,0.0,0.0,61.9,0.852,0.1199,0.892,0.7697,0.03
2384,12134.733,12135.867,1.134,0.0,0.0,83.47,0.78,0.1057,1.0841,0.9415,0.0004
2385,12135.933,12138.333,2.4,0.0,0.0,58.97,0.789,0.1073,0.8205,0.6326,0.0268
2386,12138.4,12140.8,2.4,0.0,0.0,70.44,0.677,0.112,0.5347,0.24,0.031
2387,12140.867,12142.533,1.666,0.0,0.0,66.92,0.796,0.1284,0.6962,0.4551,0.0062
2388,12142.6,12144.667,2.067,0.0,0.0,73.12,0.715,0.1101,0.6809,0.4371,0.0018
2389,12144.733,12145.933,1.2,0.0,0.0,81.99,0.72,0.1047,1.109,1.0048,0.0005
2390,12146.0,12153.533,7.533,0.0,0.0,66.39,0.809,0.1325,0.8344,0.6319,0.0242
2391,12153.6,12154.733,1.133,0.0,0.0,81.72,0.728,0.1215,0.5033,0.2995,0.0
2392,12154.8,12155.867,1.067,0.0,0.0,90.08,0.596,0.137,0.8014,0.7111,0.0006
2393,12155.933,12164.733,8.8,0.0,0.0,79.71,0.814,0.1302,0.7795,0.5566,0.0279
2394,12164.8,12165.867,1.067,0.0,0.0,103.05,0.792,0.1227,0.5306,0.4009,0.0007
2395,12165.933,12167.067,1.134,0.0,0.0,76.45,0.751,0.12,0.521,0.3836,0.0072
2396,12167.133,12168.0,0.867,0.0,0.0,63.03,0.71,0.1104,0.7303,0.5403,0.0339
2397,12168.067,12168.933,0.866,0.0,0.0,81.67,0.848,0.1213,0.9815,0.7252,0.0296
2398,12169.0,12171.733,2.733,0.0,0.0,70.06,0.796,0.1214,1.1545,1.0351,0.0375
2399,12171.8,12172.8,1.0,0.0,0.0,63.33,0.821,0.1331,0.8547,0.5967,0.0242
2400,12172.867,12174.667,1.8,0.0,0.0,67.91,0.658,0.1317,0.691,0.5608,0.0185
2401,12174.733,12175.867,1.134,0.0,0.0,91.08,0.691,0.1226,0.6035,0.3974,0.0007
2402,12175.933,12176.733,0.8,0.0,0.0,69.17,0.649,0.1212,0.6171,0.3343,0.0046
2403,12176.8,12177.333,0.533,0.0,0.0,61.82,0.804,0.1102,0.5437,0.3057,0.0163
2404,12177.4,12180.267,2.867,0.0,0.0,62.38,0.66,0.1186,0.7714,0.5429,0.0254
2405,12180.333,12181.333,1.0,0.0,0.0,78.36,0.664,0.1481,1.1937,1.0517,0.0343
2406,12181.4,12182.267,0.867,0.0,0.0,74.62,0.805,0.1683,1.3642,1.1141,0.0336
2407,12182.333,12183.733,1.4,0.0,0.0,78.55,0.696,0.1731,1.3643,1.2357,0.0362
2408,12183.8,12184.733,0.933,0.0,0.0,76.31,0.576,0.1163,0.7414,0.7046,0.0122
2409,12184.8,12185.867,1.067,0.0,0.0,96.76,0.499,0.1197,0.6055,0.4958,0.0002
2410,12185.933,12191.2,5.267,0.0,0.0,68.09,0.779,0.1367,0.7235,0.5102,0.0192
2411,12191.267,12192.533,1.266,0.0,0.0,78.87,0.91,0.1382,1.7537,1.616,0.0011
2412,12192.6,12193.733,1.133,0.0,0.0,68.37,0.939,0.1341,1.74,1.6898,0.0013
2413,12193.8,12195.733,1.933,0.0,0.0,158.86,0.447,0.0711,0.3377,0.2257,0.0003
2414,12195.8,12200.6,4.8,0.0,0.0,70.08,0.784,0.1224,0.5999,0.4799,0.0199
2415,12200.667,12201.533,0.866,0.0,0.0,72.41,0.801,0.1417,0.7489,0.659,0.0346
2416,12201.6,12202.533,0.933,0.0,0.0,66.37,0.93,0.1326,1.1105,1.0376,0.0357
2417,12202.6,12203.6,1.0,0.0,0.0,70.69,0.781,0.1343,1.1028,1.0261,0.0142
2418,12203.667,12204.667,1.0,0.0,0.0,76.98,0.815,0.1361,1.193,1.075,0.0
2419,12204.733,12205.867,1.134,0.0,0.0,97.22,0.776,0.1329,1.0786,0.9594,0.0002
2420,12205.933,12214.867,8.934,0.0,0.0,62.04,0.82,0.1171,0.6658,0.4947,0.0196
2421,12214.933,12217.333,2.4,0.0,0.0,73.22,0.7,0.1178,0.8972,0.7243,0.0178
2422,12217.4,12219.067,1.667,0.0,0.0,64.53,0.735,0.1216,0.6865,0.5406,0.0189
2423,12219.133,12220.2,1.067,0.0,0.0,82.72,0.679,0.1306,0.5117,0.3331,0.0324
2424,12220.267,12221.067,0.8,0.0,0.0,67.49,0.852,0.1224,0.626,0.5132,0.0333
2425,12221.133,12222.467,1.334,0.0,0.0,65.57,0.862,0.1307,0.6139,0.5016,0.0356
2426,12222.533,12223.667,1.134,0.0,0.0,71.46,0.849,0.1286,0.5489,0.4593,0.0182
2427,12223.733,12224.867,1.134,0.0,0.0,92.94,0.783,0.1261,0.8152,0.7166,0.0004
2428,12224.933,12232.533,7.6,0.0,0.0,73.81,0.8,0.1455,0.9079,0.764,0.0255
2429,12232.6,12233.667,1.067,0.0,0.0,79.48,0.734,0.1342,0.6799,0.5982,0.0128
2430,12233.733,12234.867,1.134,0.0,0.0,107.25,0.777,0.1276,0.4961,0.3854,0.0003
2431,12234.933,12239.267,4.334,0.0,0.0,82.77,0.807,0.1314,0.5988,0.4688,0.0199
2432,12239.333,12243.733,4.4,0.0,0.0,87.16,0.899,0.1658,0.975,0.8413,0.0305
2433,12243.8,12244.867,1.067,0.0,0.0,109.85,0.63,0.1267,0.7432,0.5529,0.0002
2434,12244.933,12249.067,4.134,0.0,0.0,88.11,0.859,0.1349,0.8579,0.5955,0.0339
2435,12249.133,12253.667,4.534,0.0,0.0,91.67,0.851,0.1622,1.159,0.9864,0.0057
2436,12253.733,12254.867,1.134,0.0,0.0,107.98,0.607,0.1436,0.6683,0.5086,0.0003
2437,12254.933,12259.0,4.067,0.0,0.0,79.58,0.85,0.1477,0.7677,0.6176,0.0181
2438,12259.067,12263.667,4.6,0.0,0.0,93.1,0.868,0.1461,1.2162,0.992,0.0238
2439,12263.733,12264.867,1.134,0.0,0.0,112.03,0.622,0.1342,0.8483,0.6669,0.0001
2440,12264.933,12269.0,4.067,0.0,0.0,82.9,0.852,0.1481,0.749,0.572,0.0192
2441,12269.067,12270.933,1.866,0.0,0.0,73.91,0.855,0.1571,0.8008,0.5202,0.0337
2442,12271.0,12273.667,2.667,0.0,0.0,77.67,0.851,0.1509,1.2865,1.1734,0.028
2443,12273.733,12274.867,1.134,0.0,0.0,97.62,0.735,0.1129,0.7919,0.6083,0.0003
2444,12274.933,12280.333,5.4,0.0,0.0,71.96,0.816,0.1241,0.5531,0.384,0.0276
2445,12280.4,12283.667,3.267,0.0,0.0,74.23,0.856,0.1322,0.8304,0.72,0.0213
2446,12283.733,12284.867,1.134,0.0,0.0,94.36,0.722,0.1111,0.6189,0.5049,0.0001
2447,12284.933,12285.6,0.667,0.0,0.0,69.88,0.718,0.1166,0.607,0.4724,0.017
2448,12285.667,12293.867,8.2,0.0,0.0,67.95,0.871,0.1238,0.6686,0.4853,0.0267
2449,12293.933,12294.867,0.934,0.0,0.0,86.67,0.81,0.1096,0.9849,0.8623,0.0008
2450,12294.933,12298.933,4.0,0.0,0.0,66.88,0.785,0.112,0.7242,0.5551,0.0202
2451,12299.0,12303.667,4.667,0.0,0.0,107.07,0.781,0.1141,0.7801,0.613,0.0081
2452,12303.733,12313.733,10.0,0.0,0.0,76.16,0.87,0.13,0.8521,0.6119,0.0219
2453,12313.8,12323.733,9.933,0.0,0.0,77.34,0.856,0.1331,0.8928,0.6814,0.021
2454,12323.8,12343.867,20.067,0.0,0.0,77.4,0.869,0.1338,0.9076,0.6902,0.0237
2455,12343.933,12353.8,9.867,0.0,0.0,79.64,0.848,0.1341,0.9821,0.7692,0.0109
2456,12353.867,12374.0,20.133,0.0,0.0,84.35,0.871,0.1471,0.8991,0.7485,0.02
2457,12374.067,12383.867,9.8,0.0,0.0,83.3,0.88,0.1492,0.9117,0.7923,0.021
2458,12383.933,12403.867,19.934,0.0,0.0,84.77,0.873,0.1465,0.9925,0.9027,0.0166
2459,12403.933,12413.8,9.867,0.0,0.0,85.5,0.878,0.1515,0.9362,0.847,0.0184
2460,12413.867,12423.867,10.0,0.0,0.0,86.28,0.874,0.1527,0.8884,0.7775,0.0207
2461,12423.933,12431.933,8.0,0.0,0.0,86.07,0.877,0.1517,0.8742,0.7957,0.0266
2462,12432.0,12433.867,1.867,0.0,0.0,150.07,0.546,0.079,0.4658,0.3291,0.0191
2463,12433.933,12435.067,1.134,0.0,0.0,89.5,0.608,0.1173,0.8505,0.671,0.0003
2464,12435.133,12437.2,2.067,0.0,0.0,70.67,0.71,0.1386,0.7066,0.4929,0.0294
2465,12437.267,12438.0,0.733,0.0,0.0,69.54,0.855,0.1379,0.5712,0.3574,0.0317
2466,12438.067,12439.267,1.2,0.0,0.0,59.5,0.77,0.1301,0.5801,0.3837,0.0184
2467,12439.333,12443.867,4.534,0.0,0.0,75.68,0.848,0.1351,0.7621,0.3142,0.0302
2468,12443.933,12445.0,1.067,0.0,0.0,102.3,0.71,0.1189,0.5808,0.3889,0.0003
2469,12445.067,12446.733,1.666,0.0,0.0,75.26,0.735,0.1203,0.5384,0.3375,0.01
2470,12446.8,12448.467,1.667,0.0,0.0,72.95,0.838,0.1276,0.6284,0.372,0.0276
2471,12448.533,12449.267,0.734,0.0,0.0,73.61,0.711,0.1182,0.5141,0.3806,0.01
2472,12449.333,12450.933,1.6,0.0,0.0,80.77,0.694,0.1571,0.9357,0.881,0.0152
2473,12451.0,12452.933,1.933,0.0,0.0,84.68,0.819,0.1563,0.8893,0.8533,0.0034
2474,12453.0,12453.867,0.867,0.0,0.0,76.58,0.676,0.1331,0.6247,0.586,0.0015
2475,12453.933,12454.867,0.934,0.0,0.0,102.17,0.682,0.1275,0.9757,0.8874,0.0006
2476,12454.933,12459.467,4.534,0.0,0.0,77.52,0.805,0.1322,0.9221,0.6784,0.0209
2477,12459.533,12463.8,4.267,0.0,0.0,86.93,0.891,0.1637,0.9584,0.8476,0.0187
2478,12463.867,12469.267,5.4,0.0,0.0,86.68,0.75,0.1165,0.8608,0.6563,0.0137
2479,12469.333,12473.867,4.534,0.0,0.0,85.88,0.851,0.1606,0.8765,0.5773,0.0295
2480,12473.933,12475.0,1.067,0.0,0.0,102.44,0.576,0.1408,0.6706,0.4589,0.0008
2481,12475.067,12479.2,4.133,0.0,0.0,77.16,0.824,0.1483,0.7663,0.622,0.0163
2482,12479.267,12483.8,4.533,0.0,0.0,92.69,0.859,0.1524,1.0876,0.9259,0.029
2483,12483.867,12485.0,1.133,0.0,0.0,112.24,0.619,0.1363,0.8848,0.7382,0.001
2484,12485.067,12489.2,4.133,0.0,0.0,83.18,0.851,0.1505,0.8649,0.6604,0.0236
2485,12489.267,12491.133,1.866,0.0,0.0,76.0,0.865,0.1628,0.7494,0.5205,0.0336
2486,12491.2,12494.133,2.933,0.0,0.0,80.74,0.847,0.1499,0.7609,0.6605,0.0248
2487,12494.2,12495.0,0.8,0.0,0.0,93.54,0.684,0.1139,0.5379,0.4026,0.0008
2488,12495.067,12498.067,3.0,0.0,0.0,64.77,0.858,0.1219,0.4708,0.338,0.0197
2489,12498.133,12503.867,5.734,0.0,0.0,76.66,0.815,0.1299,1.0639,1.0163,0.0068
2490,12503.933,12505.0,1.067,0.0,0.0,91.21,0.712,0.1083,0.8428,0.7971,0.0003
2491,12505.067,12505.8,0.733,0.0,0.0,66.1,0.713,0.113,0.4239,0.3576,0.0013
2492,12505.867,12513.867,8.0,0.0,0.0,66.15,0.876,0.1262,0.7138,0.5991,0.0228
2493,12513.933,12515.0,1.067,0.0,0.0,87.81,0.798,0.1134,0.9692,0.9039,0.0004
2494,12515.067,12519.6,4.533,0.0,0.0,68.17,0.752,0.121,0.652,0.5427,0.0183
2495,12519.667,12521.333,1.666,0.0,0.0,70.02,0.797,0.1391,0.6184,0.4568,0.0334
2496,12521.4,12523.333,1.933,0.0,0.0,77.12,0.819,0.1298,0.5165,0.3146,0.0337
2497,12523.4,12543.867,20.467,0.0,0.0,113.97,0.841,0.1413,0.7271,0.5818,0.0222
2498,12543.933,12563.933,20.0,0.0,0.0,115.57,0.859,0.134,0.7964,0.4984,0.0174
2499,12564.0,12574.267,10.267,0.0,0.0,116.06,0.844,0.1362,0.7478,0.4549,0.0266
2500,12574.333,12584.067,9.734,0.0,0.0,107.58,0.83,0.1347,0.7001,0.5438,0.0222
2501,12584.133,12594.067,9.934,0.0,0.0,111.92,0.874,0.1429,0.7053,0.527,0.0235
2502,12594.133,12595.933,1.8,0.0,0.0,122.15,0.772,0.1298,0.8914,0.7491,0.0002
2503,12596.0,12600.667,4.667,0.0,0.0,71.48,0.806,0.1398,0.7306,0.6101,0.0218
2504,12600.733,12604.067,3.334,0.0,0.0,73.42,0.861,0.1345,1.0358,0.9928,0.0012
2505,12604.133,12605.267,1.134,0.0,0.0,108.68,0.725,0.1283,0.9293,0.8505,0.0003
2506,12605.333,12608.667,3.334,0.0,0.0,69.31,0.798,0.1199,0.7798,0.6785,0.0193
2507,12608.733,12610.733,2.0,0.0,0.0,68.92,0.759,0.1245,0.6655,0.5722,0.0316
2508,12610.8,12611.667,0.867,0.0,0.0,71.6,0.868,0.1364,0.7315,0.5884,0.0353
2509,12611.733,12614.067,2.334,0.0,0.0,76.89,0.847,0.1394,0.905,0.8284,0.0116
2510,12614.133,12615.267,1.134,0.0,0.0,88.1,0.775,0.1116,0.6597,0.5852,0.0006
2511,12615.333,12617.933,2.6,0.0,0.0,62.13,0.868,0.1137,0.6594,0.557,0.0172
2512,12618.0,12620.6,2.6,0.0,0.0,92.72,0.717,0.1375,0.8205,0.684,0.0265
2513,12620.667,12621.267,0.6,0.0,0.0,100.08,0.8,0.148,0.8461,0.5438,0.0332
2514,12621.333,12624.067,2.734,0.0,0.0,101.11,0.859,0.1452,0.7738,0.5593,0.0281
2515,12624.133,12625.267,1.134,0.0,0.0,114.25,0.71,0.1338,0.6844,0.5413,0.0006
2516,12625.333,12629.333,4.0,0.0,0.0,89.84,0.806,0.1415,0.8132,0.6946,0.0221
2517,12629.4,12631.867,2.467,0.0,0.0,73.71,0.8,0.1348,1.086,0.9507,0.0443
2518,12631.933,12632.6,0.667,0.0,0.0,78.2,0.907,0.1477,0.9033,0.7474,0.0272
2519,12632.667,12634.067,1.4,0.0,0.0,76.19,0.822,0.122,0.6817,0.5739,0.0123
2520,12634.133,12635.267,1.134,0.0,0.0,97.42,0.615,0.1261,0.4845,0.3474,0.0003
2521,12635.333,12640.667,5.334,0.0,0.0,72.07,0.789,0.144,0.7778,0.6202,0.0225
2522,12640.733,12642.0,1.267,0.0,0.0,80.7,0.946,0.1432,1.1975,0.9335,0.0343
2523,12642.067,12644.067,2.0,0.0,0.0,69.7,0.859,0.1242,0.9562,0.904,0.0258
2524,12644.133,12645.267,1.134,0.0,0.0,96.38,0.706,0.1183,0.5383,0.4076,0.0006
2525,12645.333,12650.067,4.734,0.0,0.0,63.7,0.731,0.1078,0.5117,0.3569,0.0182
2526,12650.133,12654.133,4.0,0.0,0.0,49.07,0.902,0.1211,0.436,0.2284,0.0022
2527,12654.2,12655.333,1.133,0.0,0.0,66.63,0.761,0.0947,0.3586,0.1661,0.0017
2528,12655.4,12662.667,7.267,0.0,0.0,44.01,0.866,0.1154,0.3552,0.1407,0.0267
2529,12662.733,12663.933,1.2,0.0,0.0,74.09,0.458,0.0832,0.3815,0.1807,0.0013
2530,12664.0,12664.933,0.933,0.0,0.0,128.64,0.766,0.0152,0.0827,0.0,0.0
2531,12665.0,12666.533,1.533,0.0,0.0,79.97,0.522,0.0108,0.0359,0.0029,0.0
2532,12666.6,12667.667,1.067,0.0,0.0,167.71,0.357,0.1631,0.8864,0.8027,0.0037
2533,12667.733,12668.733,1.0,0.0,0.0,157.95,0.277,0.0922,0.5409,0.5055,0.0016
2534,12668.8,12671.133,2.333,0.0,0.0,106.37,0.043,0.051,0.266,0.1873,0.0034
2535,12671.2,12675.333,4.133,0.0,0.0,104.12,0.011,0.0519,0.2671,0.1556,0.004
2536,12675.4,12678.733,3.333,0.0,0.0,81.83,0.921,0.0349,0.1075,0.0099,0.0085
2537,12678.8,12684.6,5.8,0.0,0.0,49.25,0.469,0.0483,0.2324,0.1498,0.0022
2538,12684.667,12685.733,1.066,0.0,0.0,95.35,0.603,0.0427,0.0553,0.0,0.001
2539,12685.8,12686.467,0.667,0.0,0.0,70.34,0.658,0.0697,0.2205,0.0,0.0
2540,12686.533,12688.267,1.734,0.0,0.0,75.86,0.736,0.0526,0.1418,0.0,0.0388
2541,12688.333,12688.933,0.6,0.0,0.0,78.13,0.806,0.0672,0.172,0.0,0.0518
2542,12689.0,12689.667,0.667,0.0,0.0,68.71,0.593,0.0489,0.0756,0.0,0.0088
2543,12689.733,12690.333,0.6,0.0,0.0,104.83,0.598,0.0939,0.2381,0.0347,0.0341
2544,12690.4,12692.067,1.667,0.0,0.0,76.64,0.792,0.0683,0.1484,0.0361,0.0338
2545,12692.133,12694.533,2.4,0.0,0.0,78.88,0.813,0.0741,0.2974,0.1308,0.0256
2546,12694.6,12695.333,0.733,0.0,0.0,102.36,0.685,0.0577,0.2084,0.044,0.0
2547,12695.4,12699.533,4.133,0.0,0.0,99.66,0.799,0.1024,0.4191,0.2426,0.0164
2548,12699.6,12714.467,14.867,0.0,0.0,65.44,0.844,0.1037,0.3942,0.211,0.0144
2549,12714.533,12718.8,4.267,0.0,0.0,92.3,0.821,0.1272,0.4697,0.27,0.0161
2550,12718.867,12724.6,5.733,0.0,0.0,60.54,0.854,0.1069,0.3221,0.1117,0.0272
2551,12724.667,12740.467,15.8,0.0,0.0,133.82,0.823,0.1136,0.3686,0.2125,0.0272
2552,12740.533,12786.333,45.8,0.0,0.0,95.99,0.787,0.0847,0.3337,0.2375,0.0197
2553,12786.4,12786.933,0.533,0.0,0.0,65.1,0.715,0.0013,0.003,0.0,0.0
2554,12787.0,12798.867,11.867,0.0,0.0,43.13,0.401,0.0386,0.2187,0.1489,0.0026
2555,12798.933,12799.667,0.734,0.0,0.0,68.89,0.227,0.0585,0.1666,0.0408,0.0327
2556,12799.733,12801.667,1.934,0.0,0.0,69.75,0.468,0.0474,0.1577,0.0551,0.0039
2557,12801.733,12824.333,22.6,0.0,0.0,67.95,0.969,0.0491,0.1346,0.0738,0.0115
2558,12824.4,12828.733,4.333,0.0,0.0,220.8,0.815,0.0278,0.2283,0.2038,0.0091
2559,12828.8,12831.333,2.533,0.0,0.0,4.48,0.762,0.01,0.0363,0.0261,0.0
2560,12831.4,12835.933,4.533,0.0,0.0,40.81,0.434,0.0376,0.2052,0.1317,0.0004
2561,12836.0,12876.133,40.133,0.0,0.0,99.28,0.792,0.084,0.3312,0.2225,0.0195
2562,12876.2,12878.267,2.067,0.0,0.0,140.72,0.826,0.053,0.2967,0.1306,0.0163
2563,12878.333,12884.733,6.4,0.0,0.0,112.9,0.883,0.1142,0.5824,0.417,0.0265
2564,12884.8,12894.867,10.067,0.0,0.0,115.87,0.877,0.1084,0.5006,0.3058,0.0222
2565,12894.933,12899.933,5.0,0.0,0.0,114.42,0.794,0.1006,0.4733,0.2924,0.0132
2566,12900.0,12939.133,39.133,0.0,0.0,100.51,0.798,0.085,0.3364,0.2431,0.0196
2567,12939.2,12954.933,15.733,0.0,0.0,171.52,0.782,0.0574,0.2309,0.1288,0.0201
2568,12955.0,12955.6,0.6,0.0,0.0,65.11,0.744,0.0016,0.0064,0.0,0.0
2569,12955.667,12962.667,7.0,0.0,0.0,48.0,0.367,0.0409,0.2133,0.1302,0.0025
2570,12962.733,12963.6,0.867,0.0,0.0,128.68,0.75,0.0143,0.0854,0.0,0.0
2571,12963.667,12965.2,1.533,0.0,0.0,79.64,0.516,0.0108,0.0371,0.0052,0.0
2572,12965.267,12966.333,1.066,0.0,0.0,168.18,0.357,0.1641,0.8782,0.782,0.0054
2573,12966.4,12967.467,1.067,0.0,0.0,158.05,0.312,0.0923,0.5273,0.4741,0.0036
2574,12967.533,12969.867,2.334,0.0,0.0,108.32,0.086,0.0543,0.2745,0.1782,0.0017
2575,12969.933,12973.933,4.0,0.0,0.0,103.46,0.068,0.0521,0.2656,0.1418,0.0052
2576,12974.0,12977.4,3.4,0.0,0.0,81.65,0.89,0.0339,0.1008,0.0098,0.0078
2577,12977.467,12978.067,0.6,0.0,0.0,35.39,0.708,0.1069,0.4286,0.1894,0.0105
2578,12978.133,12982.867,4.734,0.0,0.0,49.82,0.893,0.1295,0.4251,0.2384,0.0301
2579,12982.933,12984.067,1.134,0.0,0.0,69.94,0.798,0.1087,0.389,0.1519,0.0005
2580,12984.133,12992.867,8.734,0.0,0.0,47.6,0.885,0.1229,0.4113,0.2192,0.0103
2581,12992.933,12994.067,1.134,0.0,0.0,68.33,0.795,0.1052,0.3835,0.2032,0.0007
2582,12994.133,12994.733,0.6,0.0,0.0,47.58,0.6,0.0615,0.1986,0.0445,0.0004
2583,12994.8,13002.867,8.067,0.0,0.0,106.59,0.804,0.1301,0.8466,0.7515,0.0279
2584,13002.933,13005.133,2.2,0.0,0.0,121.97,0.726,0.1229,0.768,0.6714,0.0005
2585,13005.2,13008.533,3.333,0.0,0.0,102.24,0.789,0.1377,0.8823,0.7592,0.0221
2586,13008.6,13012.933,4.333,0.0,0.0,89.96,0.852,0.13,0.9012,0.7022,0.0299
2587,13013.0,13016.4,3.4,0.0,0.0,93.29,0.809,0.1166,1.0945,0.9392,0.0083
2588,13016.467,13018.8,2.333,0.0,0.0,81.86,0.721,0.1269,0.7801,0.5128,0.028
2589,13018.867,13023.133,4.266,0.0,0.0,89.71,0.792,0.1267,0.988,0.8389,0.026
2590,13023.2,13024.067,0.867,0.0,0.0,118.16,0.433,0.1052,0.4626,0.2126,0.001
2591,13024.133,13029.6,5.467,0.0,0.0,98.58,0.805,0.1346,0.6703,0.3955,0.0246
2592,13029.667,13031.067,1.4,0.0,0.0,100.41,0.919,0.171,0.9643,0.8391,0.0345
2593,13031.133,13032.933,1.8,0.0,0.0,101.86,0.803,0.1385,0.7394,0.5743,0.0248
2594,13033.0,13034.133,1.133,0.0,0.0,122.66,0.708,0.1261,0.7887,0.6113,0.0001
2595,13034.2,13042.867,8.667,0.0,0.0,99.89,0.849,0.1401,0.8438,0.6517,0.0104
2596,13042.933,13044.067,1.134,0.0,0.0,118.68,0.728,0.1259,0.8386,0.6526,0.0006
2597,13044.133,13047.133,3.0,0.0,0.0,87.36,0.841,0.1236,0.5675,0.4143,0.0192
2598,13047.2,13052.933,5.733,0.0,0.0,104.86,0.803,0.143,0.7768,0.6187,0.021
2599,13053.0,13062.867,9.867,0.0,0.0,106.04,0.835,0.1403,0.7717,0.601,0.0221
2600,13062.933,13064.067,1.134,0.0,0.0,127.84,0.791,0.1327,1.0945,0.9465,0.0008
2601,13064.133,13066.6,2.467,0.0,0.0,102.36,0.765,0.1267,0.8258,0.6637,0.0147
2602,13066.667,13071.933,5.266,0.0,0.0,101.82,0.877,0.1448,0.7023,0.554,0.0311
2603,13072.0,13072.867,0.867,0.0,0.0,99.24,0.693,0.1201,0.7932,0.7113,0.0097
2604,13072.933,13073.733,0.8,0.0,0.0,115.93,0.586,0.1121,0.4903,0.3817,0.0
2605,13073.8,13077.267,3.467,0.0,0.0,97.48,0.725,0.1101,0.6473,0.4749,0.016
2606,13077.333,13080.333,3.0,0.0,0.0,105.23,0.826,0.1419,0.8155,0.6609,0.0292
2607,13080.4,13083.267,2.867,0.0,0.0,103.34,0.84,0.1314,0.6368,0.5095,0.0247
2608,13083.333,13084.133,0.8,0.0,0.0,126.19,0.756,0.1291,0.5931,0.4603,0.0002
2609,13084.2,13092.867,8.667,0.0,0.0,103.06,0.859,0.1427,0.7479,0.5997,0.0122
2610,13092.933,13094.067,1.134,0.0,0.0,123.8,0.711,0.1236,0.6108,0.4594,0.0009
2611,13094.133,13098.6,4.467,0.0,0.0,99.57,0.797,0.1305,0.6376,0.4696,0.0203
2612,13098.667,13102.867,4.2,0.0,0.0,105.15,0.884,0.1466,0.8408,0.7068,0.0211
2613,13102.933,13104.067,1.134,0.0,0.0,123.35,0.733,0.1252,0.586,0.4193,0.0007
2614,13104.133,13106.867,2.734,0.0,0.0,99.04,0.834,0.1319,0.6098,0.4311,0.0283
2615,13106.933,13112.867,5.934,0.0,0.0,98.91,0.787,0.1323,0.7201,0.5852,0.0285
2616,13112.933,13114.067,1.134,0.0,0.0,73.7,0.688,0.0996,0.2917,0.0694,0.001
2617,13114.133,13123.0,8.867,0.0,0.0,45.25,0.888,0.1219,0.4148,0.2064,0.0197
2618,13123.067,13124.133,1.066,0.0,0.0,69.32,0.801,0.1083,0.3771,0.1635,0.0008
2619,13124.2,13127.533,3.333,0.0,0.0,44.17,0.828,0.1144,0.4065,0.1941,0.0184
2620,13127.6,13132.733,5.133,0.0,0.0,88.48,0.873,0.1153,0.6626,0.5218,0.0279
2621,13132.8,13142.933,10.133,0.0,0.0,92.17,0.853,0.1074,0.9147,0.8173,0.0098
2622,13143.0,13145.333,2.333,0.0,0.0,99.16,0.746,0.0945,0.7259,0.6008,0.0016
2623,13145.4,13148.8,3.4,0.0,0.0,84.19,0.843,0.1185,0.8719,0.7357,0.0248
2624,13148.867,13153.267,4.4,0.0,0.0,95.41,0.87,0.1227,0.9091,0.7149,0.0197
2625,13153.333,13154.133,0.8,0.0,0.0,113.21,0.74,0.1106,0.7409,0.5514,0.0004
2626,13154.2,13162.933,8.733,0.0,0.0,91.32,0.872,0.1237,0.7633,0.4962,0.0234
2627,13163.0,13164.133,1.133,0.0,0.0,114.85,0.818,0.113,0.545,0.3611,0.0004
2628,13164.2,13172.8,8.6,0.0,0.0,89.54,0.868,0.1256,0.793,0.6021,0.0308
2629,13172.867,13174.133,1.266,0.0,0.0,115.49,0.773,0.1157,0.6412,0.5119,0.0004
2630,13174.2,13180.333,6.133,0.0,0.0,90.63,0.864,0.1305,0.7782,0.6327,0.0229
2631,13180.4,13183.0,2.6,0.0,0.0,96.09,0.834,0.1261,0.912,0.8163,0.027
2632,13183.067,13190.867,7.8,0.0,0.0,78.04,0.824,0.1217,0.803,0.7028,0.0119
2633,13190.933,13191.733,0.8,0.0,0.0,79.87,0.942,0.143,1.2456,1.2062,0.0015
2634,13191.8,13192.933,1.133,0.0,0.0,75.63,0.803,0.1187,0.7619,0.7046,0.0
2635,13193.0,13194.133,1.133,0.0,0.0,99.01,0.721,0.1185,0.6337,0.5309,0.0005
2636,13194.2,13195.467,1.267,0.0,0.0,72.9,0.705,0.1168,0.6334,0.5143,0.0028
2637,13195.533,13203.0,7.467,0.0,0.0,90.46,0.87,0.1158,0.7037,0.6328,0.0236
2638,13203.067,13212.933,9.866,0.0,0.0,93.86,0.854,0.1129,0.7511,0.6443,0.0204
2639,13213.0,13214.133,1.133,0.0,0.0,112.83,0.74,0.1036,0.789,0.7121,0.0004
2640,13214.2,13215.933,1.733,0.0,0.0,79.82,0.721,0.1041,0.5975,0.4865,0.0139
2641,13216.0,13217.133,1.133,0.0,0.0,75.53,0.819,0.0583,0.177,0.0,0.0266
2642,13217.2,13221.267,4.067,0.0,0.0,47.99,0.863,0.1341,0.4748,0.2914,0.0328
2643,13221.333,13223.0,1.667,0.0,0.0,49.5,0.886,0.126,0.4859,0.3597,0.0187
2644,13223.067,13224.133,1.066,0.0,0.0,70.21,0.804,0.1115,0.4277,0.2775,0.0006
2645,13224.2,13232.933,8.733,0.0,0.0,47.54,0.865,0.1233,0.3994,0.1841,0.0233
2646,13233.0,13234.133,1.133,0.0,0.0,71.18,0.761,0.1133,0.3586,0.1028,0.0004
2647,13234.2,13243.267,9.067,0.0,0.0,48.54,0.87,0.125,0.4301,0.2321,0.011
2648,13243.333,13244.133,0.8,0.0,0.0,69.13,0.795,0.115,0.4301,0.1672,0.0008
2649,13244.2,13253.867,9.667,0.0,0.0,69.65,0.371,0.098,0.336,0.1409,0.0306
2650,13253.933,13255.533,1.6,0.0,0.0,77.61,0.72,0.074,0.2801,0.0975,0.1126
2651,13255.6,13263.2,7.6,0.0,0.0,75.2,0.922,0.1633,0.8315,0.6884,0.0003
2652,13263.267,13274.6,11.333,0.0,0.0,84.89,0.873,0.1596,0.8348,0.6834,0.0133
2653,13274.667,13276.867,2.2,0.0,0.0,65.43,0.887,0.1417,0.9529,0.9357,0.0002
2654,13276.933,13279.933,3.0,0.0,0.0,65.15,0.98,0.1563,1.0125,0.9903,0.0
2655,13280.0,13298.467,18.467,0.0,0.0,86.44,0.907,0.1634,0.9235,0.7541,0.0122
2656,13298.533,13312.2,13.667,0.0,0.0,81.91,0.93,0.1611,0.9841,0.814,0.0035
2657,13312.267,13321.133,8.866,0.0,0.0,85.39,0.887,0.1591,0.7978,0.6822,0.0097
2658,13321.2,13327.667,6.467,0.0,0.0,65.5,0.939,0.1548,1.1716,1.132,0.0001
2659,13327.733,13331.133,3.4,0.0,0.0,81.07,0.887,0.1559,1.0084,0.9142,0.003
2660,13331.2,13337.333,6.133,0.0,0.0,81.3,0.862,0.1591,0.8386,0.6773,0.0138
2661,13337.4,13340.133,2.733,0.0,0.0,78.4,0.785,0.1497,0.7647,0.5428,0.0058
2662,13340.2,13343.067,2.867,0.0,0.0,66.8,0.904,0.141,0.9249,0.8832,0.0001
2663,13343.133,13357.667,14.534,0.0,0.0,89.1,0.917,0.1638,0.9635,0.7652,0.0049
2664,13357.733,13369.267,11.534,0.0,0.0,78.45,0.903,0.1798,1.1194,1.023,0.0036
2665,13369.333,13385.0,15.667,0.0,0.0,87.21,0.88,0.1602,0.8516,0.7183,0.0111
2666,13385.067,13388.533,3.466,0.0,0.0,65.99,0.979,0.1566,1.2741,1.2279,0.0
2667,13388.6,13401.133,12.533,0.0,0.0,85.79,0.898,0.1612,0.8623,0.7168,0.0125
2668,13401.2,13407.0,5.8,0.0,0.0,86.39,0.861,0.1602,0.8373,0.5748,0.0036
2669,13407.067,13409.0,1.933,0.0,0.0,68.8,0.795,0.1575,0.828,0.7213,0.0005
2670,13409.067,13416.867,7.8,0.0,0.0,65.47,0.91,0.1517,0.9865,0.9147,0.0092
2671,13416.933,13421.333,4.4,0.0,0.0,78.21,0.866,0.1623,0.8337,0.6881,0.0018
2672,13421.4,13454.533,33.133,0.0,0.0,97.16,0.869,0.1698,0.9081,0.7205,0.0647
2673,13454.6,13469.8,15.2,0.0,0.0,117.08,0.857,0.1695,0.8021,0.5821,0.1237
2674,13469.867,13477.267,7.4,0.0,0.0,73.28,0.853,0.1549,0.832,0.6415,0.0137
2675,13477.333,13478.267,0.934,0.0,0.0,66.23,0.959,0.1504,0.9355,0.8365,0.0
2676,13478.333,13480.133,1.8,0.0,0.0,68.22,0.896,0.1507,0.7954,0.6781,0.0005
2677,13480.2,13499.467,19.267,0.0,0.0,117.77,0.882,0.1611,0.7353,0.4944,0.0985
2678,13499.533,13503.667,4.134,0.0,0.0,65.38,0.947,0.1552,1.4214,1.3795,0.0
2679,13503.733,13511.533,7.8,0.0,0.0,81.29,0.879,0.161,0.8265,0.6958,0.0102
2680,13511.6,13535.0,23.4,0.0,0.0,110.02,0.87,0.1609,0.8617,0.6362,0.0855
2681,13535.067,13549.733,14.666,0.0,0.0,115.71,0.863,0.1412,0.581,0.3079,0.1275
2682,13549.8,13551.933,2.133,0.0,0.0,47.85,0.712,0.1156,0.3858,0.2695,0.0031
2683,13552.0,13553.467,1.467,0.0,0.0,42.07,0.895,0.0994,0.4055,0.2446,0.0014
2684,13553.533,13554.667,1.134,0.0,0.0,71.86,0.793,0.1126,0.3546,0.1812,0.0008
2685,13554.733,13563.733,9.0,0.0,0.0,49.44,0.874,0.1267,0.429,0.2289,0.023
2686,13563.8,13564.667,0.867,0.0,0.0,71.28,0.794,0.1161,0.3712,0.1804,0.0004
2687,13564.733,13573.467,8.734,0.0,0.0,48.78,0.876,0.1264,0.4486,0.2351,0.0124
2688,13573.533,13574.667,1.134,0.0,0.0,71.33,0.799,0.115,0.4095,0.2119,0.0002
2689,13574.733,13580.933,6.2,0.0,0.0,46.97,0.866,0.1232,0.4108,0.2012,0.0226
2690,13581.0,13583.467,2.467,0.0,0.0,111.44,0.832,0.1325,0.8709,0.6661,0.0129
2691,13583.533,13584.667,1.134,0.0,0.0,133.79,0.673,0.1219,0.7523,0.5182,0.0004
2692,13584.733,13586.667,1.934,0.0,0.0,109.06,0.638,0.121,0.7891,0.5354,0.0089
2693,13586.733,13588.667,1.934,0.0,0.0,109.67,0.765,0.1329,1.0199,0.7379,0.0093
2694,13588.733,13589.4,0.667,0.0,0.0,116.19,0.723,0.1242,0.8169,0.4814,0.0013
2695,13589.467,13606.667,17.2,0.0,0.0,118.41,0.755,0.1244,0.6872,0.4375,0.1108
2696,13606.733,13609.333,2.6,0.0,0.0,44.61,0.834,0.0889,0.2031,0.1107,0.0138
2697,13609.4,13617.8,8.4,0.0,0.0,142.63,0.569,0.139,0.6802,0.4561,0.1197
2698,13617.867,13623.067,5.2,0.0,0.0,108.83,0.875,0.0965,0.4553,0.1395,0.1351
2699,13623.133,13624.667,1.534,0.0,0.0,114.5,0.553,0.0942,0.4128,0.2311,0.0522
2700,13624.733,13630.4,5.667,0.0,0.0,142.3,0.715,0.0899,0.6352,0.4855,0.0234
2701,13630.467,13632.667,2.2,0.0,0.0,102.3,0.544,0.0778,0.7556,0.5957,0.0054
2702,13632.733,13643.733,11.0,0.0,0.0,49.44,0.658,0.1032,0.3877,0.2715,0.0016
2703,13643.8,13647.333,3.533,0.0,0.0,69.03,0.764,0.0831,0.7843,0.6696,0.001
2704,13647.4,13648.0,0.6,0.0,0.0,57.66,0.212,0.1064,0.3379,0.0976,0.0387
2705,13648.067,13649.067,1.0,0.0,0.0,144.53,0.0,0.0731,0.328,0.1175,0.0954
2706,13649.133,13663.533,14.4,0.0,0.0,135.08,0.89,0.1078,0.4854,0.2193,0.1315
2707,13663.6,13684.6,21.0,0.0,0.0,130.12,0.926,0.0819,0.3544,0.2025,0.0015
2708,13684.667,13699.333,14.666,0.0,0.0,150.14,0.929,0.1084,0.4343,0.1887,0.1262
2709,13699.4,13706.8,7.4,0.0,0.0,112.78,0.895,0.1148,0.4977,0.2244,0.0
2710,13706.867,13709.133,2.266,0.0,0.0,125.28,0.805,0.0718,0.3149,0.1297,0.0093
2711,13709.2,13723.867,14.667,0.0,0.0,130.99,0.852,0.1174,0.5158,0.2366,0.1268
2712,13723.933,13726.6,2.667,0.0,0.0,110.24,0.517,0.0883,0.78,0.4961,0.0313
2713,13726.667,13739.6,12.933,0.0,0.0,129.77,0.877,0.0894,0.4606,0.2538,0.0324
2714,13739.667,13754.333,14.666,0.0,0.0,146.79,0.917,0.1039,0.393,0.1812,0.1244
2715,13754.4,13759.2,4.8,0.0,0.0,123.59,0.86,0.0825,0.3962,0.2609,0.0023
2716,13759.267,13763.333,4.066,0.0,0.0,99.79,0.895,0.0975,0.7853,0.6329,0.004
2717,13763.4,13778.133,14.733,0.0,0.0,129.13,0.766,0.1163,0.5086,0.2552,0.1245
2718,13778.2,13780.533,2.333,0.0,0.0,117.06,0.563,0.1097,0.6049,0.3916,0.0147
2719,13780.6,13782.733,2.133,0.0,0.0,117.58,0.771,0.1185,0.6903,0.4433,0.0743
2720,13782.8,13787.533,4.733,0.0,0.0,40.34,0.659,0.0819,0.2897,0.1888,0.017
2721,13787.6,13799.4,11.8,0.0,0.0,130.4,0.732,0.1156,0.504,0.2776,0.1254
2722,13799.467,13800.133,0.666,0.0,0.0,151.8,0.761,0.1154,0.573,0.3244,0.1351
2723,13800.2,13802.333,2.133,0.0,0.0,148.42,0.714,0.1267,0.602,0.3412,0.1192
2724,13802.4,13807.6,5.2,0.0,0.0,135.56,0.778,0.1143,0.8106,0.5828,0.0471
2725,13807.667,13813.333,5.666,0.0,0.0,90.77,0.805,0.08,0.4179,0.3488,0.0041
2726,13813.4,13817.867,4.467,0.0,0.0,57.62,0.798,0.1256,0.4855,0.3946,0.0005
2727,13817.933,13822.2,4.267,0.0,0.0,130.84,0.492,0.1522,1.0744,1.0084,0.0178
2728,13822.267,13824.533,2.266,0.0,0.0,83.87,0.488,0.1556,0.9011,0.6977,0.0002
2729,13824.6,13832.8,8.2,0.0,0.0,113.24,0.744,0.1174,0.5074,0.2807,0.1138
2730,13832.867,13834.4,1.533,0.0,0.0,79.81,0.519,0.0106,0.035,0.0043,0.0
2731,13834.467,13835.533,1.066,0.0,0.0,168.09,0.354,0.1643,0.8865,0.8143,0.0076
2732,13835.6,13836.667,1.067,0.0,0.0,158.06,0.311,0.0926,0.5304,0.4878,0.0036
2733,13836.733,13839.067,2.334,0.0,0.0,108.12,0.083,0.0537,0.282,0.194,0.0025
2734,13839.133,13843.133,4.0,0.0,0.0,103.34,0.069,0.0521,0.2703,0.1613,0.0054
2735,13843.2,13846.533,3.333,0.0,0.0,81.59,0.888,0.0341,0.1011,0.0097,0.0074
2736,13846.6,13851.133,4.533,0.0,0.0,40.32,0.424,0.0372,0.2014,0.1298,0.0007
2737,13851.2,13898.333,47.133,0.0,0.0,94.72,0.781,0.0845,0.3309,0.2156,0.0223
2738,13898.4,13914.8,16.4,0.0,0.0,172.08,0.779,0.0544,0.1985,0.0881,0.0185
2739,13914.867,13947.267,32.4,0.0,0.0,107.62,0.807,0.0869,0.3516,0.263,0.0179
2740,13947.333,13962.8,15.467,0.0,0.0,173.32,0.761,0.0557,0.2051,0.0955,0.0191
2741,13962.867,13963.467,0.6,0.0,0.0,65.11,0.743,0.0015,0.0114,0.0,0.0078
2742,13963.533,13977.467,13.934,0.0,0.0,43.18,0.452,0.0398,0.2112,0.1376,0.0041
2743,13977.533,13979.467,1.934,0.0,0.0,72.25,0.512,0.0537,0.1964,0.0862,0.0069
2744,13979.533,14002.133,22.6,0.0,0.0,67.95,0.969,0.0491,0.138,0.0758,0.0115
2745,14002.2,14006.533,4.333,0.0,0.0,221.01,0.814,0.028,0.2351,0.2098,0.0098
2746,14006.6,14009.133,2.533,0.0,0.0,4.56,0.764,0.0101,0.0371,0.026,0.0
2747,14009.2,14013.667,4.467,0.0,0.0,40.67,0.427,0.0382,0.2093,0.1398,0.0008
2748,14013.733,14060.8,47.067,0.0,0.0,95.23,0.777,0.0847,0.3297,0.2152,0.0202
2749,14060.867,14077.267,16.4,0.0,0.0,170.33,0.787,0.0564,0.2161,0.1076,0.0186
2750,14077.333,14141.467,64.134,0.0,0.0,107.07,0.809,0.0863,0.3471,0.2564,0.0198
2751,14141.533,14144.133,2.6,0.0,0.0,57.92,0.0,0.0459,0.2505,0.1169,0.0135
2752,14144.2,14146.467,2.267,0.0,0.0,113.34,0.421,0.05,0.1218,0.0229,0.0328
2753,14146.533,14149.933,3.4,0.0,0.0,85.41,0.816,0.0496,0.1251,0.0011,0.0097
2754,14150.0,14153.867,3.867,0.0,0.0,132.02,0.931,0.0803,0.1488,0.0636,0.0008
2755,14153.933,14157.933,4.0,0.0,0.0,100.18,0.928,0.0263,0.0936,0.0535,0.0
2756,14158.0,14161.933,3.933,0.0,0.0,112.83,0.92,0.0862,0.338,0.2605,0.0149
2757,14162.0,14165.933,3.933,0.0,0.0,115.36,0.874,0.1144,0.3591,0.1055,0.0849
2758,14166.0,14169.933,3.933,0.0,0.0,109.15,0.925,0.0381,0.1214,0.0287,0.0114
2759,14170.0,14173.933,3.933,0.0,0.0,119.57,0.859,0.1037,0.216,0.0302,0.06
2760,14174.0,14177.933,3.933,0.0,0.0,113.39,0.904,0.0794,0.1305,0.0122,0.0264
2761,14178.0,14181.933,3.933,0.0,0.0,114.72,0.899,0.1011,0.2785,0.0897,0.0656
2762,14182.0,14185.933,3.933,0.0,0.0,112.67,0.896,0.0698,0.1432,0.0344,0.0186
2763,14186.0,14189.933,3.933,0.0,0.0,103.67,0.908,0.0928,0.3525,0.2539,0.0016
2764,14190.0,14194.067,4.067,0.0,0.0,108.0,0.928,0.078,0.1201,0.0061,0.0006
2765,14194.133,14197.933,3.8,0.0,0.0,109.65,0.847,0.142,0.5444,0.29,0.0991
2766,14198.0,14201.933,3.933,0.0,0.0,126.28,0.877,0.0835,0.1531,0.0411,0.0112
2767,14202.0,14205.867,3.867,0.0,0.0,121.05,0.928,0.1198,0.3105,0.0278,0.0804
2768,14205.933,14210.8,4.867,0.0,0.0,120.75,0.799,0.0995,0.2653,0.2021,0.0
2769,14210.867,14212.8,1.933,0.0,0.0,114.91,0.65,0.0932,0.2597,0.165,0.0
2770,14212.867,14214.933,2.066,0.0,0.0,99.59,0.886,0.0842,0.2982,0.2086,0.0
2771,14215.0,14231.933,16.933,0.0,0.0,101.46,0.917,0.0227,0.0848,0.0323,0.0
2772,14232.0,14238.333,6.333,0.0,0.0,173.17,0.676,0.0948,0.5454,0.3453,0.0017
2773,14238.4,14244.667,6.267,0.0,0.0,133.19,0.339,0.1038,0.4513,0.2957,0.0051
2774,14244.733,14246.867,2.134,0.0,0.0,122.85,0.0,0.0762,0.4703,0.292,0.0235
2775,14246.933,14248.6,1.667,0.0,0.0,94.09,0.0,0.0542,0.1393,0.0025,0.0058
2776,14248.667,14249.467,0.8,0.0,0.0,101.49,0.208,0.0793,0.4894,0.3151,0.0261
2777,14249.533,14250.6,1.067,0.0,0.0,38.67,0.42,0.0155,0.0375,0.0,0.0
2778,14250.667,14251.4,0.733,0.0,0.0,187.65,0.063,0.065,0.434,0.2307,0.0324
2779,14251.467,14252.933,1.466,0.0,0.0,142.38,0.224,0.0942,0.5285,0.3857,0.0037
2780,14253.0,14254.267,1.267,0.0,0.0,180.22,0.644,0.043,0.1493,0.0517,0.0
2781,14254.333,14255.467,1.134,0.0,0.0,49.13,0.14,0.0367,0.1202,0.0095,0.0
2782,14255.533,14257.133,1.6,0.0,0.0,135.49,0.245,0.059,0.1756,0.0591,0.0015
2783,14257.2,14259.133,1.933,0.0,0.0,139.88,0.0,0.0578,0.2109,0.1138,0.0139
2784,14259.2,14263.267,4.067,0.0,0.0,85.5,0.786,0.0733,0.2923,0.1015,0.0201
2785,14263.333,14271.067,7.734,0.0,0.0,121.97,0.704,0.1296,0.6079,0.4459,0.0152
2786,14271.133,14274.867,3.734,0.0,0.0,122.32,0.517,0.1343,0.5817,0.4184,0.0104
2787,14274.933,14276.2,1.267,0.0,0.0,135.35,0.602,0.1296,0.6228,0.4306,0.0019
2788,14276.267,14280.2,3.933,0.0,0.0,104.06,0.813,0.1313,0.8353,0.5755,0.0001
2789,14280.267,14285.267,5.0,0.0,0.0,108.5,0.859,0.1333,1.14,0.9044,0.0002
2790,14285.333,14288.933,3.6,0.0,0.0,94.36,0.696,0.126,0.7151,0.5016,0.0102
2791,14289.0,14291.2,2.2,0.0,0.0,104.35,0.757,0.1341,1.084,0.9145,0.0016
2792,14291.267,14294.733,3.466,0.0,0.0,109.53,0.922,0.1646,1.1065,0.9529,0.0002
2793,14294.8,14297.0,2.2,0.0,0.0,109.28,0.837,0.1587,1.0018,0.8039,0.0002
2794,14297.067,14299.667,2.6,0.0,0.0,113.29,0.91,0.1614,0.9554,0.7257,0.0003
2795,14299.733,14310.333,10.6,0.0,0.0,112.63,0.798,0.1574,1.1416,0.9577,0.0041
2796,14310.4,14312.933,2.533,0.0,0.0,112.85,0.825,0.16,1.4083,1.2896,0.0079
2797,14313.0,14315.333,2.333,0.0,0.0,96.89,0.808,0.1355,0.8637,0.7424,0.0005
2798,14315.4,14317.333,1.933,0.0,0.0,119.49,0.416,0.1373,0.8013,0.6455,0.0345
2799,14317.4,14318.667,1.267,0.0,0.0,102.1,0.172,0.1864,1.0941,0.9985,0.049
2800,14318.733,14320.267,1.534,0.0,0.0,39.0,0.432,0.0499,0.2607,0.0891,0.0002
2801,14320.333,14327.6,7.267,0.0,0.0,114.37,0.765,0.0857,0.2393,0.0622,0.0037
2802,14327.667,14331.867,4.2,0.0,0.0,129.82,0.931,0.2178,0.9303,0.8698,0.0012
2803,14331.933,14336.333,4.4,0.0,0.0,136.15,0.452,0.096,0.5525,0.3699,0.0142
2804,14336.4,14340.867,4.467,0.0,0.0,127.88,0.939,0.217,0.8792,0.7735,0.0032
2805,14340.933,14349.867,8.934,0.0,0.0,113.98,0.783,0.0845,0.2407,0.0482,0.0067
2806,14349.933,14354.867,4.934,0.0,0.0,129.78,0.742,0.2212,0.9085,0.8205,0.0014
2807,14354.933,14359.467,4.534,0.0,0.0,130.32,0.929,0.2197,0.8944,0.8135,0.0014
2808,14359.533,14361.933,2.4,0.0,0.0,147.57,0.892,0.0621,0.568,0.3412,0.0
2809,14362.0,14365.133,3.133,0.0,0.0,142.93,0.573,0.07,0.3468,0.2623,0.0015
2810,14365.2,14369.733,4.533,0.0,0.0,128.17,0.905,0.2206,0.8809,0.833,0.0024
2811,14369.8,14377.533,7.733,0.0,0.0,93.75,0.709,0.099,0.4212,0.1384,0.0004
2812,14377.6,14383.933,6.333,0.0,0.0,127.4,0.965,0.2233,0.9248,0.8754,0.0044
2813,14384.0,14385.533,1.533,0.0,0.0,129.31,0.882,0.2206,0.9995,0.9563,0.0012
2814,14385.6,14387.667,2.067,0.0,0.0,147.96,0.618,0.0804,0.4959,0.195,0.0027
2815,14387.733,14396.067,8.334,0.0,0.0,131.18,0.66,0.1051,0.6525,0.4777,0.0055
2816,14396.133,14401.933,5.8,0.0,0.0,106.78,0.756,0.1392,1.2928,1.2175,0.0002
2817,14402.0,14407.6,5.6,0.0,0.0,103.49,0.647,0.1301,1.0287,0.9464,0.0067
2818,14407.667,14408.667,1.0,0.0,0.0,108.35,0.712,0.1337,1.2738,1.1825,0.0005
2819,14408.733,14419.067,10.334,0.0,0.0,105.69,0.768,0.1354,0.8569,0.7285,0.0176
2820,14419.133,14421.333,2.2,0.0,0.0,122.29,0.763,0.125,1.1636,1.0273,0.0447
2821,14421.4,14436.133,14.733,0.0,0.0,112.15,0.73,0.1243,0.8026,0.5945,0.0415
2822,14436.2,14445.533,9.333,0.0,0.0,70.68,0.759,0.11,0.6059,0.417,0.059
2823,14445.6,14447.067,1.467,0.0,0.0,93.21,0.69,0.1426,0.8308,0.597,0.0682
2824,14447.133,14453.267,6.134,0.0,0.0,95.58,0.872,0.0995,0.4169,0.033,0.0831
2825,14453.333,14456.267,2.934,0.0,0.0,79.96,0.317,0.0474,0.1707,0.0363,0.026
2826,14456.333,14457.8,1.467,0.0,0.0,135.64,0.642,0.0832,0.5124,0.2651,0.0677
2827,14457.867,14460.867,3.0,0.0,0.0,117.5,0.849,0.0849,0.2908,0.083,0.0804
2828,14460.933,14463.733,2.8,0.0,0.0,96.49,0.892,0.0732,0.3222,0.0386,0.0782
2829,14463.8,14464.4,0.6,0.0,0.0,89.82,0.655,0.1675,0.8868,0.5415,0.0682
2830,14464.467,14467.4,2.933,0.0,0.0,107.79,0.669,0.1297,0.7984,0.5457,0.0725
2831,14467.467,14468.867,1.4,0.0,0.0,98.9,0.758,0.0763,0.3192,0.0734,0.08
2832,14468.933,14470.333,1.4,0.0,0.0,116.14,0.672,0.1204,0.6961,0.3772,0.0811
2833,14470.4,14471.933,1.533,0.0,0.0,122.92,0.77,0.1049,0.48,0.0938,0.0713
2834,14472.0,14473.667,1.667,0.0,0.0,83.35,0.582,0.1213,0.5474,0.2238,0.0658
2835,14473.733,14478.467,4.734,0.0,0.0,103.18,0.503,0.06,0.2143,0.0848,0.0394
2836,14478.533,14481.867,3.334,0.0,0.0,111.02,0.914,0.071,0.1603,0.0588,0.0707
2837,14481.933,14485.267,3.334,0.0,0.0,130.59,0.794,0.1327,0.5615,0.2392,0.0591
2838,14485.333,14487.067,1.734,0.0,0.0,131.35,0.87,0.1625,0.5357,0.2925,0.0692
2839,14487.133,14490.133,3.0,0.0,0.0,101.6,0.804,0.1326,0.4609,0.2131,0.0663
2840,14490.2,14497.133,6.933,0.0,0.0,98.94,0.603,0.0993,0.567,0.3888,0.0492
2841,14497.2,14500.467,3.267,0.0,0.0,88.14,0.589,0.1177,0.6596,0.3866,0.0686
2842,14500.533,14503.933,3.4,0.0,0.0,90.03,0.782,0.0555,0.1865,0.0283,0.0682
2843,14504.0,14504.667,0.667,0.0,0.0,94.61,0.63,0.1206,0.6434,0.4683,0.0702
2844,14504.733,14508.6,3.867,0.0,0.0,117.03,0.765,0.1487,0.9043,0.691,0.0671
2845,14508.667,14512.933,4.266,0.0,0.0,86.66,0.408,0.0601,0.2447,0.0707,0.0334
2846,14513.0,14514.2,1.2,0.0,0.0,112.42,0.777,0.101,0.4705,0.1373,0.0624
2847,14514.267,14515.133,0.866,0.0,0.0,111.66,0.84,0.1041,0.464,0.1283,0.0624
2848,14515.2,14520.2,5.0,0.0,0.0,95.84,0.546,0.0817,0.3658,0.1623,0.0626
2849,14520.267,14521.933,1.666,0.0,0.0,89.51,0.84,0.0731,0.3103,0.0637,0.0635
2850,14522.0,14526.4,4.4,0.0,0.0,135.2,0.758,0.0842,0.567,0.3857,0.0625
2851,14526.467,14530.867,4.4,0.0,0.0,90.68,0.892,0.1044,0.5714,0.1878,0.0625
2852,14530.933,14531.467,0.534,0.0,0.0,113.42,0.772,0.0884,0.7248,0.416,0.0624
2853,14531.533,14535.2,3.667,0.0,0.0,86.68,0.521,0.0527,0.1865,0.036,0.0195
2854,14535.267,14537.467,2.2,0.0,0.0,155.87,0.638,0.0742,0.4897,0.2604,0.011
2855,14537.533,14543.933,6.4,0.0,0.0,133.25,0.529,0.0879,0.5173,0.291,0.0072
2856,14544.0,14545.067,1.067,0.0,0.0,92.26,0.771,0.1142,0.4848,0.1843,0.0005
2857,14545.133,14549.267,4.134,0.0,0.0,97.51,0.862,0.1328,1.081,0.8453,0.0001
2858,14549.333,14552.267,2.934,0.0,0.0,100.56,0.865,0.1353,1.0564,0.8308,0.0002
2859,14552.333,14559.067,6.734,0.0,0.0,103.84,0.722,0.1239,0.9724,0.7757,0.0227
2860,14559.133,14566.867,7.734,0.0,0.0,102.29,0.784,0.1333,1.1465,1.0248,0.0218
2861,14566.933,14571.067,4.134,0.0,0.0,103.27,0.821,0.1404,0.9679,0.7901,0.0357
2862,14571.133,14573.267,2.134,0.0,0.0,126.56,0.721,0.1196,0.7909,0.6275,0.0475
2863,14573.333,14577.267,3.934,0.0,0.0,100.45,0.787,0.1417,0.7114,0.5126,0.0487
2864,14577.333,14595.333,18.0,0.0,0.0,111.89,0.654,0.1372,0.8741,0.6536,0.0996
2865,14595.4,14597.2,1.8,0.0,0.0,92.95,0.24,0.0939,0.4767,0.3441,0.0005
2866,14597.267,14604.333,7.066,0.0,0.0,108.22,0.734,0.1786,0.6967,0.639,0.0166
2867,14604.4,14607.533,3.133,0.0,0.0,70.76,0.417,0.0988,0.5071,0.311,0.0005
2868,14607.6,14613.0,5.4,0.0,0.0,113.42,0.773,0.0893,0.2676,0.1633,0.0459
2869,14613.067,14619.733,6.666,0.0,0.0,113.8,0.889,0.0995,0.2909,0.1694,0.0419
2870,14619.8,14632.533,12.733,0.0,0.0,140.72,0.888,0.1203,0.3986,0.1385,0.1229
2871,14632.6,14635.2,2.6,0.0,0.0,114.16,0.741,0.0794,0.1791,0.0647,0.0471
2872,14635.267,14640.067,4.8,0.0,0.0,95.05,0.882,0.0931,0.325,0.1752,0.0636
2873,14640.133,14656.6,16.467,0.0,0.0,115.73,0.842,0.0896,0.2068,0.0467,0.0764
2874,14656.667,14667.467,10.8,0.0,0.0,105.67,0.676,0.1086,0.4239,0.1789,0.0616
2875,14667.533,14668.133,0.6,0.0,0.0,48.31,0.292,0.0807,0.4321,0.3297,0.0001
2876,14668.2,14669.267,1.067,0.0,0.0,51.84,0.589,0.0905,0.5463,0.4233,0.0002
2877,14669.333,14670.467,1.134,0.0,0.0,70.29,0.253,0.0967,0.5167,0.3954,0.0024
2878,14670.533,14673.2,2.667,0.0,0.0,86.93,0.631,0.1415,0.9546,0.7772,0.005
2879,14673.267,14675.867,2.6,0.0,0.0,92.23,0.775,0.0846,0.5571,0.4886,0.0001
2880,14675.933,14691.2,15.267,0.0,0.0,111.22,0.727,0.1225,0.6044,0.4179,0.0184
2881,14691.267,14702.133,10.866,0.0,0.0,94.68,0.819,0.1027,0.5269,0.3342,0.0125
2882,14702.2,14711.733,9.533,0.0,0.0,95.23,0.826,0.1227,0.5439,0.3546,0.0007
2883,14711.8,14720.133,8.333,0.0,0.0,138.78,0.727,0.1043,0.6598,0.5014,0.0184
2884,14720.2,14741.933,21.733,0.0,0.0,130.95,0.899,0.1538,0.7928,0.7526,0.0052
2885,14742.0,14748.6,6.6,0.0,0.0,140.56,0.794,0.1608,0.9156,0.7685,0.059
2886,14748.667,14750.133,1.466,0.0,0.0,114.09,0.503,0.1371,1.0461,0.9166,0.048
2887,14750.2,14766.733,16.533,0.0,0.0,126.94,0.889,0.1012,0.3228,0.1609,0.085
2888,14766.8,14774.867,8.067,0.0,0.0,97.22,0.368,0.1085,0.581,0.337,0.0261
2889,14774.933,14780.933,6.0,0.0,0.0,105.76,0.191,0.1187,0.7006,0.4918,0.0427
2890,14781.0,14782.533,1.533,0.0,0.0,139.75,0.511,0.0969,0.5141,0.1507,0.0616
2891,14782.6,14787.933,5.333,0.0,0.0,145.92,0.508,0.0825,0.4721,0.2266,0.0136
2892,14788.0,14790.267,2.267,0.0,0.0,153.4,0.497,0.0739,0.4668,0.2504,0.0218
2893,14790.333,14809.533,19.2,0.0,0.0,115.34,0.731,0.1233,0.9053,0.7611,0.012
2894,14809.6,14822.467,12.867,0.0,0.0,110.03,0.858,0.1417,0.8492,0.651,0.0434
2895,14822.533,14842.533,20.0,0.0,0.0,105.49,0.861,0.1401,0.9034,0.7571,0.0299
2896,14842.6,14844.867,2.267,0.0,0.0,116.13,0.848,0.1476,1.0157,0.9361,0.0434
2897,14844.933,14845.8,0.867,0.0,0.0,90.68,0.619,0.1528,1.1684,1.0824,0.0145
2898,14845.867,14850.533,4.666,0.0,0.0,90.94,0.832,0.1688,1.4734,1.4298,0.013
2899,14850.6,14852.667,2.067,0.0,0.0,118.34,0.897,0.1537,1.3307,1.2139,0.0468
2900,14852.733,14856.867,4.134,0.0,0.0,95.57,0.936,0.18,1.2842,1.2247,0.0361
2901,14856.933,14859.133,2.2,0.0,0.0,121.39,0.874,0.1584,1.3942,1.3078,0.0461
2902,14859.2,14863.4,4.2,0.0,0.0,94.45,0.925,0.1835,0.9695,0.8929,0.0484
2903,14863.467,14865.6,2.133,0.0,0.0,118.76,0.897,0.1582,1.0012,0.8897,0.0491
2904,14865.667,14870.733,5.066,0.0,0.0,94.37,0.939,0.1774,1.1943,1.0891,0.0283
2905,14870.8,14872.933,2.133,0.0,0.0,118.5,0.916,0.1572,1.3994,1.3111,0.0456
2906,14873.0,14877.533,4.533,0.0,0.0,94.04,0.931,0.1769,1.213,1.1103,0.0266
2907,14877.6,14879.733,2.133,0.0,0.0,120.86,0.924,0.1569,1.5204,1.4516,0.046
2908,14879.8,14883.6,3.8,0.0,0.0,94.5,0.901,0.1805,1.2787,1.2249,0.0077
2909,14883.667,14885.733,2.066,0.0,0.0,117.67,0.934,0.161,1.132,1.0378,0.0459
2910,14885.8,14891.4,5.6,0.0,0.0,94.82,0.92,0.1739,1.3541,1.2572,0.0132
2911,14891.467,14893.533,2.066,0.0,0.0,120.99,0.897,0.1588,1.3211,1.2376,0.0469
2912,14893.6,14897.733,4.133,0.0,0.0,96.73,0.939,0.1831,1.1369,1.044,0.0358
2913,14897.8,14900.0,2.2,0.0,0.0,119.97,0.851,0.1599,1.259,1.1582,0.0471
2914,14900.067,14904.267,4.2,0.0,0.0,94.93,0.943,0.1873,1.263,1.1714,0.0474
2915,14904.333,14906.467,2.134,0.0,0.0,116.13,0.898,0.1578,0.9945,0.8761,0.0473
2916,14906.533,14911.6,5.067,0.0,0.0,95.66,0.935,0.1798,1.0161,0.9319,0.0283
2917,14911.667,14913.8,2.133,0.0,0.0,120.43,0.911,0.162,1.599,1.5225,0.045
2918,14913.867,14918.4,4.533,0.0,0.0,94.84,0.904,0.1768,1.3102,1.2273,0.0268
2919,14918.467,14923.533,5.066,0.0,0.0,99.26,0.793,0.1563,1.4584,1.3692,0.0251
2920,14923.6,14924.467,0.867,0.0,0.0,88.97,0.767,0.1675,1.2836,1.1806,0.0062
2921,14924.533,14926.667,2.134,0.0,0.0,114.19,0.86,0.151,0.9428,0.8777,0.0467
2922,14926.733,14965.2,38.467,0.0,0.0,110.32,0.873,0.1442,0.9852,0.8546,0.0307
2923,14965.267,14976.133,10.866,0.0,0.0,117.85,0.901,0.1424,1.1194,1.0549,0.0267
2924,14976.2,14979.533,3.333,0.0,0.0,93.27,0.85,0.1607,1.3403,1.2541,0.0355
2925,14979.6,14986.0,6.4,0.0,0.0,101.18,0.823,0.1508,1.1812,1.094,0.0474
2926,14986.067,14988.2,2.133,0.0,0.0,116.83,0.755,0.13,1.1617,1.0313,0.0461
2927,14988.267,14993.333,5.066,0.0,0.0,91.71,0.835,0.1552,0.7973,0.7108,0.0286
2928,14993.4,14995.533,2.133,0.0,0.0,117.14,0.803,0.1356,0.9043,0.7817,0.0502
2929,14995.6,15000.133,4.533,0.0,0.0,92.29,0.827,0.1535,1.1372,1.0649,0.0271
2930,15000.2,15006.067,5.867,0.0,0.0,100.82,0.836,0.1529,1.4131,1.3666,0.0211
2931,15006.133,15010.133,4.0,0.0,0.0,101.89,0.744,0.1553,1.3549,1.2768,0.0312
2932,15010.2,15014.0,3.8,0.0,0.0,84.82,0.825,0.1638,0.9146,0.852,0.0125
2933,15014.067,15016.2,2.133,0.0,0.0,116.5,0.813,0.1454,0.9019,0.7833,0.0464
2934,15016.267,15020.4,4.133,0.0,0.0,90.76,0.902,0.1676,1.1349,1.0418,0.0358
2935,15020.467,15026.867,6.4,0.0,0.0,101.4,0.867,0.1661,1.2358,1.1398,0.0473
2936,15026.933,15029.067,2.134,0.0,0.0,114.41,0.727,0.144,1.3071,1.2366,0.0468
2937,15029.133,15034.2,5.067,0.0,0.0,87.32,0.803,0.1671,1.087,0.9934,0.0286
2938,15034.267,15036.467,2.2,0.0,0.0,112.12,0.787,0.1457,1.0658,0.9491,0.0407
2939,15036.533,15046.933,10.4,0.0,0.0,101.55,0.835,0.143,0.9941,0.8613,0.024
2940,15047.0,15054.867,7.867,0.0,0.0,98.31,0.841,0.1361,1.0295,0.9351,0.0218
2941,15054.933,15057.067,2.134,0.0,0.0,114.3,0.823,0.14,0.9887,0.9176,0.0456
2942,15057.133,15061.267,4.134,0.0,0.0,94.98,0.807,0.156,0.9307,0.837,0.0361
2943,15061.333,15064.467,3.134,0.0,0.0,110.79,0.792,0.1461,1.2859,1.1929,0.0467
2944,15064.533,15067.733,3.2,0.0,0.0,92.21,0.815,0.1613,1.1689,1.0586,0.0485
2945,15067.8,15075.133,7.333,0.0,0.0,100.94,0.818,0.1494,1.1519,1.0554,0.0345
2946,15075.2,15077.267,2.067,0.0,0.0,116.43,0.743,0.1291,0.8758,0.7382,0.0487
2947,15077.333,15081.867,4.534,0.0,0.0,92.31,0.842,0.1563,0.9078,0.829,0.0273
2948,15081.933,15084.333,2.4,0.0,0.0,112.9,0.721,0.1458,1.2941,1.1384,0.0397
2949,15084.4,15087.933,3.533,0.0,0.0,109.91,0.924,0.1539,1.6744,1.621,0.0071
2950,15088.0,15127.667,39.667,0.0,0.0,115.96,0.911,0.1464,1.0963,1.0113,0.0334
2951,15127.733,15193.733,66.0,0.0,0.0,114.22,0.853,0.1619,1.1565,1.1142,0.0029
2952,15193.8,15198.533,4.733,0.0,0.0,112.19,0.913,0.188,1.2079,1.1573,0.0003
2953,15198.6,15201.933,3.333,0.0,0.0,104.37,0.721,0.1765,1.2231,1.1909,0.01
2954,15202.0,15207.2,5.2,0.0,0.0,114.17,0.899,0.1828,1.0548,1.0255,0.0006
2955,15207.267,15209.933,2.666,0.0,0.0,111.24,0.786,0.1752,0.9906,0.9562,0.007
2956,15210.0,15213.333,3.333,0.0,0.0,94.81,0.9,0.1642,0.8255,0.7864,0.0034
2957,15213.4,15234.533,21.133,0.0,0.0,99.12,0.862,0.1571,0.8985,0.7545,0.0542
2958,15234.6,15244.6,10.0,0.0,0.0,108.66,0.767,0.1346,1.0612,0.9465,0.0043
2959,15244.667,15245.4,0.733,0.0,0.0,111.91,0.672,0.1579,1.0843,1.043,0.0126
2960,15245.467,15247.933,2.466,0.0,0.0,110.21,0.728,0.1392,0.9409,0.8341,0.0458
2961,15248.0,15253.467,5.467,0.0,0.0,92.42,0.817,0.151,1.0742,0.9964,0.0125
2962,15253.533,15255.733,2.2,0.0,0.0,118.35,0.745,0.1304,1.1143,0.9955,0.0337
2963,15255.8,15259.933,4.133,0.0,0.0,94.63,0.845,0.1571,1.1594,1.1067,0.0357
2964,15260.0,15266.467,6.467,0.0,0.0,101.89,0.789,0.1512,1.177,1.0904,0.0468
2965,15266.533,15268.667,2.134,0.0,0.0,114.86,0.763,0.1334,1.0939,0.9869,0.0477
2966,15268.733,15273.733,5.0,0.0,0.0,89.75,0.854,0.1589,0.9366,0.8449,0.0288
2967,15273.8,15275.933,2.133,0.0,0.0,116.42,0.811,0.1461,1.0478,0.9506,0.0459
2968,15276.0,15278.933,2.933,0.0,0.0,92.57,0.815,0.1653,1.255,1.1672,0.0278
2969,15279.0,15280.533,1.533,0.0,0.0,89.76,0.826,0.1611,1.1587,1.0779,0.0268
2970,15280.6,15286.467,5.867,0.0,0.0,100.9,0.825,0.1602,1.199,1.1357,0.021
2971,15286.533,15288.867,2.334,0.0,0.0,115.99,0.818,0.1484,1.3237,1.2486,0.0442
2972,15288.933,15293.667,4.734,0.0,0.0,88.69,0.856,0.1597,1.1915,1.1186,0.0129
2973,15293.733,15301.067,7.334,0.0,0.0,99.34,0.695,0.1559,1.2162,1.1025,0.0359
2974,15301.133,15303.067,1.934,0.0,0.0,113.78,0.622,0.1431,1.3954,1.2599,0.0472
2975,15303.133,15307.267,4.134,0.0,0.0,87.44,0.75,0.1653,1.2342,1.1162,0.0488
2976,15307.333,15313.933,6.6,0.0,0.0,98.22,0.739,0.1616,1.1077,0.9992,0.0333
2977,15314.0,15316.867,2.867,0.0,0.0,108.23,0.721,0.1517,0.9327,0.8437,0.0397
2978,15316.933,15319.667,2.734,0.0,0.0,91.92,0.898,0.1659,0.9713,0.8791,0.0274
2979,15319.733,15321.467,1.734,0.0,0.0,91.45,0.84,0.1688,1.2378,1.1746,0.0258
2980,15321.533,15323.667,2.134,0.0,0.0,114.4,0.867,0.1473,1.3489,1.2863,0.0498
2981,15323.733,15325.333,1.6,0.0,0.0,92.62,0.858,0.1726,1.3761,1.339,0.0078
2982,15325.4,15327.333,1.933,0.0,0.0,92.8,0.885,0.1706,1.5023,1.4635,0.0072
2983,15327.4,15329.667,2.267,0.0,0.0,114.94,0.712,0.1509,1.2367,1.173,0.0416
2984,15329.733,15335.333,5.6,0.0,0.0,93.06,0.91,0.1733,1.3961,1.3567,0.0134
2985,15335.4,15337.467,2.067,0.0,0.0,118.75,0.912,0.1589,1.1738,1.0863,0.0457
2986,15337.533,15340.133,2.6,0.0,0.0,95.37,0.919,0.177,0.9083,0.814,0.0355
2987,15340.2,15342.6,2.4,0.0,0.0,94.1,0.763,0.1571,1.1211,1.0692,0.0111
2988,15342.667,15344.2,1.533,0.0,0.0,102.32,0.809,0.1697,1.3236,1.2855,0.0086
2989,15344.267,15345.867,1.6,0.0,0.0,112.32,0.857,0.1633,1.2691,1.237,0.0012
2990,15345.933,15350.867,4.934,0.0,0.0,109.33,0.933,0.1763,1.1137,1.0617,0.0001
2991,15350.933,15355.667,4.734,0.0,0.0,107.07,0.909,0.1762,1.3428,1.3215,0.0002
2992,15355.733,15356.867,1.134,0.0,0.0,96.52,0.61,0.1574,0.8317,0.759,0.0126
2993,15356.933,15359.067,2.134,0.0,0.0,98.64,0.752,0.1665,0.8748,0.8086,0.0116
2994,15359.133,15369.667,10.534,0.0,0.0,110.62,0.904,0.1724,1.3398,1.3063,0.0005
2995,15369.733,15373.067,3.334,0.0,0.0,99.88,0.721,0.1699,1.2688,1.2101,0.0118
2996,15373.133,15380.333,7.2,0.0,0.0,108.16,0.886,0.1754,1.2397,1.1843,0.0019
2997,15380.4,15381.933,1.533,0.0,0.0,85.63,0.831,0.1383,0.8321,0.763,0.0081
2998,15382.0,15390.267,8.267,0.0,0.0,95.44,0.915,0.1691,1.291,1.2244,0.0323
2999,15390.333,15392.067,1.734,0.0,0.0,81.05,0.683,0.1331,1.2393,1.0918,0.022
3000,15392.133,15402.067,9.934,0.0,0.0,80.91,0.688,0.1382,1.046,0.9506,0.0211
3001,15402.133,15412.133,10.0,0.0,0.0,85.53,0.706,0.1444,1.0908,0.96,0.0212
3002,15412.2,15422.2,10.0,0.0,0.0,88.96,0.658,0.1525,1.0775,0.9459,0.0293
3003,15422.267,15429.133,6.866,0.0,0.0,88.29,0.656,0.1504,0.9201,0.7725,0.0314
3004,15429.2,15432.2,3.0,0.0,0.0,86.97,0.702,0.1413,1.3097,1.1925,0.0138
3005,15432.267,15442.2,9.933,0.0,0.0,88.43,0.729,0.1408,1.067,0.9741,0.0244
3006,15442.267,15452.2,9.933,0.0,0.0,99.67,0.91,0.1521,1.0509,0.9741,0.0313
3007,15452.267,15462.2,9.933,0.0,0.0,95.25,0.809,0.1308,0.8613,0.6903,0.0271
3008,15462.267,15472.2,9.933,0.0,0.0,92.83,0.756,0.1397,0.8366,0.6768,0.0239
3009,15472.267,15478.133,5.866,0.0,0.0,91.25,0.831,0.1537,1.0768,0.9899,0.0363
3010,15478.2,15482.267,4.067,0.0,0.0,93.73,0.889,0.1636,1.1464,1.1154,0.0038
3011,15482.333,15492.2,9.867,0.0,0.0,90.96,0.796,0.1546,0.8994,0.8119,0.0273
3012,15492.267,15502.267,10.0,0.0,0.0,88.63,0.778,0.15,1.0338,0.9491,0.0239
3013,15502.333,15512.333,10.0,0.0,0.0,91.13,0.722,0.1534,0.9795,0.8472,0.0318
3014,15512.4,15522.333,9.933,0.0,0.0,78.84,0.759,0.1475,1.2032,1.0883,0.0256
3015,15522.4,15532.333,9.933,0.0,0.0,84.65,0.87,0.1443,0.8208,0.6458,0.0251
3016,15532.4,15542.4,10.0,0.0,0.0,86.41,0.908,0.1404,0.9538,0.7686,0.0318
3017,15542.467,15552.467,10.0,0.0,0.0,85.59,0.896,0.1398,0.7968,0.6401,0.0267
3018,15552.533,15555.467,2.934,0.0,0.0,84.1,0.816,0.1336,0.6258,0.3819,0.0373
3019,15555.533,15592.267,36.734,0.0,0.0,110.44,0.882,0.1442,0.8296,0.5735,0.0666
3020,15592.333,15605.067,12.734,0.0,0.0,127.08,0.876,0.1459,0.702,0.3611,0.1235
3021,15605.133,15610.4,5.267,0.0,0.0,89.09,0.814,0.1367,0.5701,0.3385,0.0405
3022,15610.467,15616.867,6.4,0.0,0.0,99.6,0.892,0.1468,0.8356,0.6709,0.0479
3023,15616.933,15619.133,2.2,0.0,0.0,114.25,0.87,0.1372,1.2623,1.1436,0.0432
3024,15619.2,15624.2,5.0,0.0,0.0,86.54,0.896,0.1538,0.806,0.6342,0.0284
3025,15624.267,15626.667,2.4,0.0,0.0,108.0,0.841,0.1297,0.8967,0.756,0.0438
3026,15626.733,15641.333,14.6,0.0,0.0,82.67,0.852,0.1361,0.7436,0.5901,0.0213
3027,15641.4,15663.933,22.533,0.0,0.0,96.38,0.783,0.1563,0.8665,0.7484,0.0274
3028,15664.0,15683.133,19.133,0.0,0.0,111.03,0.855,0.1469,0.9111,0.742,0.027
3029,15683.2,15695.867,12.667,0.0,0.0,139.33,0.82,0.1476,0.6415,0.355,0.1263
3030,15695.933,15704.333,8.4,0.0,0.0,111.68,0.811,0.1502,0.8144,0.663,0.0252
3031,15704.4,15717.067,12.667,0.0,0.0,143.78,0.838,0.1551,0.761,0.5198,0.1222
3032,15717.133,15728.067,10.934,0.0,0.0,121.42,0.809,0.1543,0.8379,0.6561,0.0239
3033,15728.133,15729.867,1.734,0.0,0.0,88.02,0.615,0.144,0.7754,0.7296,0.0081
3034,15729.933,15731.2,1.267,0.0,0.0,85.63,0.658,0.1557,0.8239,0.7202,0.0366
3035,15731.267,15749.467,18.2,0.0,0.0,85.88,0.678,0.1546,0.94,0.7994,0.0257
3036,15749.533,15767.867,18.334,0.0,0.0,83.01,0.809,0.1416,0.8579,0.6617,0.0276
3037,15767.933,15773.667,5.734,0.0,0.0,81.37,0.661,0.1483,0.9373,0.8273,0.0281
3038,15773.733,15777.0,3.267,0.0,0.0,96.73,0.808,0.1731,1.2193,1.1022,0.0197
3039,15777.067,15790.067,13.0,0.0,0.0,125.53,0.719,0.1566,0.7712,0.5562,0.1208
3040,15790.133,15794.733,4.6,0.0,0.0,86.69,0.643,0.1571,0.7382,0.607,0.0344
3041,15794.8,15799.533,4.733,0.0,0.0,97.95,0.774,0.1631,0.9854,0.8844,0.022
3042,15799.6,15805.333,5.733,0.0,0.0,83.66,0.646,0.1543,0.954,0.8426,0.0318
3043,15805.4,15810.533,5.133,0.0,0.0,90.83,0.794,0.1604,1.059,0.9573,0.0179
3044,15810.6,15823.333,12.733,0.0,0.0,119.69,0.781,0.1459,0.6768,0.3961,0.125
3045,15823.4,15833.8,10.4,0.0,0.0,76.71,0.777,0.1486,0.6947,0.4404,0.0268
3046,15833.867,15836.267,2.4,0.0,0.0,72.34,0.451,0.0938,0.3938,0.2432,0.0197
3047,15836.333,15847.533,11.2,0.0,0.0,85.95,0.822,0.1497,0.8911,0.7111,0.024
3048,15847.6,15853.133,5.533,0.0,0.0,86.02,0.68,0.1534,0.7218,0.616,0.0293
3049,15853.2,15858.0,4.8,0.0,0.0,97.33,0.765,0.1674,1.0939,1.0034,0.0259
3050,15858.067,15859.133,1.066,0.0,0.0,70.25,0.631,0.1237,0.7652,0.7121,0.0019
3051,15859.2,15863.867,4.667,0.0,0.0,86.01,0.637,0.1571,0.8762,0.7683,0.0331
3052,15863.933,15869.133,5.2,0.0,0.0,95.08,0.769,0.1624,0.9769,0.8819,0.0171
3053,15869.2,15879.4,10.2,0.0,0.0,86.65,0.687,0.153,0.9489,0.8385,0.0231
3054,15879.467,15883.267,3.8,0.0,0.0,71.45,0.611,0.11,0.6649,0.4848,0.0402
3055,15883.333,15917.467,34.134,0.0,0.0,79.63,0.803,0.1548,0.8729,0.6701,0.0254
3056,15917.533,15930.267,12.734,0.0,0.0,124.19,0.743,0.1536,0.7417,0.5227,0.1263
3057,15930.333,15937.333,7.0,0.0,0.0,77.43,0.708,0.1387,0.8075,0.609,0.0279
3058,15937.4,15945.4,8.0,0.0,0.0,81.43,0.847,0.1316,0.8741,0.6657,0.0266
3059,15945.467,15951.133,5.666,0.0,0.0,85.39,0.743,0.152,0.8721,0.7158,0.0244
3060,15951.2,16002.533,51.333,0.0,0.0,113.21,0.842,0.1363,0.7782,0.5868,0.03
3061,16002.6,16015.467,12.867,0.0,0.0,92.71,0.849,0.1457,0.7368,0.4733,0.0261
3062,16015.533,16021.133,5.6,0.0,0.0,90.08,0.773,0.1486,1.0663,0.9684,0.0211
3063,16021.2,16026.867,5.667,0.0,0.0,90.95,0.797,0.1495,0.8048,0.5791,0.0264
3064,16026.933,16030.8,3.867,0.0,0.0,92.55,0.732,0.144,0.9933,0.8286,0.0183
3065,16030.867,16043.667,12.8,0.0,0.0,126.79,0.778,0.1519,0.7333,0.5174,0.1237
3066,16043.733,16046.4,2.667,0.0,0.0,90.91,0.653,0.1676,0.9282,0.8447,0.019
3067,16046.467,16047.933,1.466,0.0,0.0,92.29,0.902,0.1642,0.9777,0.9187,0.0228
3068,16048.0,16049.4,1.4,0.0,0.0,88.93,0.733,0.1448,0.8353,0.7948,0.0037
3069,16049.467,16055.133,5.666,0.0,0.0,87.26,0.816,0.1551,1.078,0.9825,0.0307
3070,16055.2,16075.867,20.667,0.0,0.0,99.36,0.875,0.1579,1.1087,1.0253,0.026
3071,16075.933,16088.6,12.667,0.0,0.0,135.3,0.836,0.1542,0.7553,0.5506,0.1256
3072,16088.667,16132.867,44.2,0.0,0.0,105.44,0.861,0.1722,1.0111,0.9245,0.0269
3073,16132.933,16156.533,23.6,0.0,0.0,112.12,0.81,0.1441,0.9352,0.7499,0.0504
3074,16156.6,16157.133,0.533,0.0,0.0,120.03,0.459,0.1366,0.853,0.7477,0.0643
3075,16157.2,16173.333,16.133,0.0,0.0,94.85,0.779,0.1487,0.8786,0.7859,0.0247
3076,16173.4,16174.333,0.933,0.0,0.0,76.31,0.665,0.1281,1.1613,1.0818,0.0107
3077,16174.4,16176.133,1.733,0.0,0.0,101.09,0.698,0.1802,1.0391,0.8509,0.0287
3078,16176.2,16177.267,1.067,0.0,0.0,93.56,0.776,0.1923,1.1595,0.9791,0.0311
3079,16177.333,16178.933,1.6,0.0,0.0,77.32,0.704,0.1416,0.7603,0.5762,0.0152
3080,16179.0,16184.933,5.933,0.0,0.0,88.35,0.713,0.1523,0.9446,0.8366,0.0302
3081,16185.0,16186.6,1.6,0.0,0.0,102.84,0.748,0.1804,1.047,0.9805,0.0214
3082,16186.667,16187.8,1.133,0.0,0.0,97.81,0.767,0.1919,1.2019,1.1238,0.0229
3083,16187.867,16189.667,1.8,0.0,0.0,83.4,0.602,0.1343,0.7942,0.701,0.0081
3084,16189.733,16194.467,4.734,0.0,0.0,91.67,0.768,0.1549,1.2013,1.0477,0.0336
3085,16194.533,16195.467,0.934,0.0,0.0,80.53,0.727,0.1406,1.3091,1.0773,0.0184
3086,16195.533,16197.267,1.734,0.0,0.0,98.46,0.692,0.1735,1.0644,0.9227,0.0195
3087,16197.333,16200.2,2.867,0.0,0.0,82.6,0.619,0.154,0.817,0.76,0.0117
3088,16200.267,16209.667,9.4,0.0,0.0,125.22,0.792,0.1507,0.984,0.8553,0.075
3089,16209.733,16284.133,74.4,0.0,0.0,113.74,0.847,0.1521,0.8951,0.7519,0.0246
3090,16284.2,16287.733,3.533,0.0,0.0,76.64,0.609,0.1386,0.7254,0.5558,0.0333
3091,16287.8,16319.867,32.067,0.0,0.0,87.16,0.689,0.1415,0.912,0.7018,0.0259
3092,16319.933,16330.733,10.8,0.0,0.0,72.18,0.682,0.1382,0.7881,0.509,0.0256
3093,16330.8,16350.267,19.467,0.0,0.0,96.61,0.765,0.1249,0.773,0.5375,0.0564
3094,16350.333,16355.467,5.134,0.0,0.0,104.55,0.665,0.1293,0.667,0.5479,0.0396
3095,16355.533,16356.6,1.067,0.0,0.0,85.83,0.461,0.1318,0.8063,0.6949,0.0258
3096,16356.667,16359.267,2.6,0.0,0.0,90.46,0.766,0.1735,1.0512,0.9193,0.0463
3097,16359.333,16360.333,1.0,0.0,0.0,57.65,0.73,0.1064,1.0534,0.9157,0.0091
3098,16360.4,16362.067,1.667,0.0,0.0,99.42,0.675,0.1798,1.3626,1.2956,0.0194
3099,16362.133,16371.467,9.334,0.0,0.0,70.72,0.726,0.1398,0.8825,0.6723,0.0255
3100,16371.533,16375.733,4.2,0.0,0.0,102.77,0.716,0.1696,0.9618,0.8726,0.0209
3101,16375.8,16376.867,1.067,0.0,0.0,84.98,0.517,0.1335,0.5397,0.3331,0.034
3102,16376.933,16379.133,2.2,0.0,0.0,85.73,0.752,0.1357,0.5831,0.3903,0.0467
3103,16379.2,16394.867,15.667,0.0,0.0,86.7,0.7,0.146,0.8528,0.6464,0.0214
3104,16394.933,16541.333,146.4,0.0,0.0,95.82,0.837,0.1625,0.9123,0.7411,0.0256
3105,16541.4,16548.333,6.933,0.0,0.0,79.95,0.787,0.1492,0.7261,0.5345,0.0246
3106,16548.4,16555.733,7.333,0.0,0.0,81.15,0.773,0.1489,1.1754,1.0037,0.0233
3107,16555.8,16562.933,7.133,0.0,0.0,89.77,0.818,0.1413,1.0482,0.931,0.0292
3108,16563.0,16570.067,7.067,0.0,0.0,79.79,0.745,0.1493,0.7673,0.5984,0.0261
3109,16570.133,16574.0,3.867,0.0,0.0,85.73,0.778,0.1739,1.2584,1.1259,0.0194
3110,16574.067,16604.0,29.933,0.0,0.0,91.34,0.785,0.1563,1.0312,0.9224,0.0256
3111,16604.067,16618.6,14.533,0.0,0.0,85.64,0.69,0.1562,0.9576,0.8437,0.0281
3112,16618.667,16631.533,12.866,0.0,0.0,114.3,0.625,0.106,0.5511,0.2962,0.0243
3113,16631.6,16667.733,36.133,0.0,0.0,93.26,0.581,0.1322,0.5457,0.3687,0.0252
3114,16667.8,16729.533,61.733,0.0,0.0,85.82,0.632,0.1228,0.6047,0.378,0.0263
3115,16729.6,16794.333,64.733,0.0,0.0,90.16,0.624,0.1321,0.5563,0.3693,0.0256
3116,16794.4,16796.133,1.733,0.0,0.0,118.97,0.423,0.098,0.441,0.1673,0.0102
3117,16796.2,16800.933,4.733,0.0,0.0,110.03,0.509,0.1164,0.5501,0.2727,0.0358
3118,16801.0,16804.067,3.067,0.0,0.0,98.42,0.521,0.0849,0.2818,0.0785,0.0505
3119,16804.133,16805.333,1.2,0.0,0.0,109.82,0.754,0.0997,0.4485,0.181,0.054
3120,16805.4,16806.267,0.867,0.0,0.0,108.9,0.831,0.1045,0.4847,0.1982,0.0663
3121,16806.333,16811.333,5.0,0.0,0.0,94.54,0.561,0.0826,0.3664,0.1847,0.0643
3122,16811.4,16817.067,5.667,0.0,0.0,112.41,0.105,0.0822,0.4262,0.231,0.0309
3123,16817.133,16818.667,1.534,0.0,0.0,96.66,0.0,0.0566,0.1558,0.0,0.0066
3124,16818.733,16819.533,0.8,0.0,0.0,102.1,0.207,0.0775,0.4826,0.3359,0.0218
3125,16819.6,16820.667,1.067,0.0,0.0,39.18,0.412,0.0159,0.0416,0.0,0.0
3126,16820.733,16821.467,0.734,0.0,0.0,187.65,0.07,0.0639,0.4387,0.2368,0.031
3127,16821.533,16823.067,1.534,0.0,0.0,142.61,0.258,0.0905,0.4834,0.3032,0.0045
3128,16823.133,16824.333,1.2,0.0,0.0,180.36,0.629,0.0411,0.1363,0.0,0.0
3129,16824.4,16825.533,1.133,0.0,0.0,48.92,0.137,0.037,0.1171,0.0092,0.0
3130,16825.6,16827.2,1.6,0.0,0.0,134.78,0.243,0.057,0.1799,0.0633,0.0022
3131,16827.267,16829.2,1.933,0.0,0.0,140.27,0.0,0.0572,0.2138,0.1194,0.0141
3132,16829.267,16833.333,4.066,0.0,0.0,85.7,0.785,0.0726,0.291,0.0909,0.0201
3133,16833.4,16843.333,9.933,0.0,0.0,65.57,0.662,0.0514,0.2109,0.1005,0.0135
3134,16843.4,16844.067,0.667,0.0,0.0,81.61,0.848,0.1166,0.3269,0.0623,0.0225
3135,16844.133,16845.2,1.067,0.0,0.0,70.28,0.699,0.0385,0.0677,0.0247,0.0052
3136,16845.267,16845.933,0.666,0.0,0.0,70.09,0.643,0.0732,0.2313,0.0604,0.0113
3137,16846.0,16847.667,1.667,0.0,0.0,69.32,0.684,0.0485,0.1389,0.0,0.0371
3138,16847.733,16848.333,0.6,0.0,0.0,72.91,0.892,0.0682,0.1807,0.0,0.0459
3139,16848.4,16849.133,0.733,0.0,0.0,67.52,0.724,0.0569,0.1322,0.0,0.0457
3140,16849.2,16849.733,0.533,0.0,0.0,96.43,0.573,0.0819,0.278,0.0342,0.0326
3141,16849.8,16851.533,1.733,0.0,0.0,71.89,0.717,0.0581,0.0986,0.0122,0.0203
3142,16851.6,16853.2,1.6,0.0,0.0,76.92,0.879,0.0849,0.2568,0.0433,0.0299
3143,16853.267,16854.0,0.733,0.0,0.0,71.82,0.864,0.0807,0.1952,0.0197,0.0315
3144,16854.067,16854.8,0.733,0.0,0.0,68.74,0.799,0.0588,0.2798,0.1016,0.0132
3145,16854.867,16860.667,5.8,0.0,0.0,98.22,0.679,0.0931,0.4239,0.2446,0.027
3146,16860.733,16861.333,0.6,0.0,0.0,85.82,0.627,0.0879,0.2501,0.0549,0.0207
3147,16861.4,16862.733,1.333,0.0,0.0,109.9,0.844,0.088,0.2648,0.0317,0.0213
3148,16862.8,16864.333,1.533,0.0,0.0,108.78,0.773,0.1093,0.3382,0.0337,0.0229
3149,16864.4,16866.733,2.333,0.0,0.0,104.33,0.593,0.0649,0.2395,0.1096,0.0113
3150,16866.8,16867.6,0.8,0.0,0.0,115.29,0.636,0.0846,0.403,0.1655,0.0495
3151,16867.667,16871.0,3.333,0.0,0.0,101.7,0.703,0.0848,0.2555,0.0337,0.0311
3152,16871.067,16876.133,5.066,0.0,0.0,120.19,0.627,0.0871,0.2866,0.0494,0.0161
3153,16876.2,16879.867,3.667,0.0,0.0,135.68,0.695,0.0674,0.2143,0.0519,0.0386
3154,16879.933,16919.533,39.6,0.0,0.0,93.05,0.817,0.0861,0.3235,0.2132,0.0265
3155,16919.6,16920.333,0.733,0.0,0.0,89.86,0.319,0.1031,0.2678,0.1176,0.0062
3156,16920.4,16922.6,2.2,0.0,0.0,94.09,0.375,0.1084,0.2778,0.1466,0.0209
3157,16922.667,16934.333,11.666,0.0,0.0,87.51,0.625,0.1282,0.3704,0.17,0.0236
3158,16934.4,16939.333,4.933,0.0,0.0,86.62,0.702,0.119,0.3975,0.2383,0.0299
3159,16939.4,16949.533,10.133,0.0,0.0,89.31,0.723,0.1337,0.4161,0.2246,0.0282
3160,16949.6,16954.333,4.733,0.0,0.0,94.64,0.726,0.1406,0.3883,0.2089,0.0192
3161,16954.4,16960.733,6.333,0.0,0.0,85.59,0.741,0.1232,0.3321,0.1788,0.0264
3162,16960.8,16963.933,3.133,0.0,0.0,189.0,0.877,0.0582,0.171,0.0164,0.0207
3163,16964.0,16966.533,2.533,0.0,0.0,141.8,0.777,0.0511,0.2741,0.1531,0.0125
3164,16966.6,16987.733,21.133,0.0,0.0,108.65,0.891,0.1094,0.4845,0.2919,0.0271
3165,16987.8,16989.733,1.933,0.0,0.0,72.12,0.0,0.0663,0.3095,0.1406,0.0234
3166,16989.8,16992.067,2.267,0.0,0.0,114.27,0.041,0.077,0.4162,0.2315,0.0147
3167,16992.133,16993.733,1.6,0.0,0.0,95.55,0.0,0.0555,0.1445,0.0,0.0065
3168,16993.8,16994.6,0.8,0.0,0.0,100.72,0.113,0.0769,0.5143,0.3664,0.0129
3169,16994.667,16995.733,1.066,0.0,0.0,38.37,0.432,0.0152,0.0363,0.0,0.0
3170,16995.8,16996.533,0.733,0.0,0.0,188.05,0.064,0.0644,0.4334,0.221,0.0329
3171,16996.6,16998.067,1.467,0.0,0.0,142.48,0.221,0.0915,0.5105,0.3304,0.0033
3172,16998.133,16999.4,1.267,0.0,0.0,179.9,0.626,0.0449,0.1661,0.1014,0.0002
3173,16999.467,17000.533,1.066,0.0,0.0,48.72,0.007,0.0367,0.1153,0.0141,0.0
3174,17000.6,17002.267,1.667,0.0,0.0,135.44,0.276,0.0581,0.1812,0.0603,0.0034
3175,17002.333,17004.267,1.934,0.0,0.0,140.12,0.0,0.0572,0.1991,0.0973,0.0149
3176,17004.333,17008.4,4.067,0.0,0.0,85.71,0.787,0.073,0.2949,0.1018,0.0202
3177,17008.467,17014.333,5.866,0.0,0.0,125.66,0.776,0.1371,0.6412,0.426,0.0153
3178,17014.4,17015.933,1.533,0.0,0.0,112.96,0.54,0.1275,0.6061,0.4461,0.0039
3179,17016.0,17016.867,0.867,0.0,0.0,95.71,0.499,0.1127,0.5468,0.4291,0.0287
3180,17016.933,17019.333,2.4,0.0,0.0,91.96,0.805,0.1425,0.7694,0.5544,0.047
3181,17019.4,17020.267,0.867,0.0,0.0,91.06,0.666,0.1296,0.6847,0.4533,0.0075
3182,17020.333,17022.067,1.734,0.0,0.0,99.32,0.76,0.1396,0.8482,0.5058,0.0197
3183,17022.133,17030.733,8.6,0.0,0.0,67.2,0.753,0.1135,0.8627,0.5917,0.025
3184,17030.8,17033.8,3.0,0.0,0.0,100.15,0.741,0.1261,1.1654,0.942,0.0299
3185,17033.867,17042.467,8.6,0.0,0.0,99.98,0.637,0.1124,0.8261,0.6145,0.0295
3186,17042.533,17045.467,2.934,0.0,0.0,116.94,0.619,0.1034,0.5844,0.398,0.0346
3187,17045.533,17047.667,2.134,0.0,0.0,118.1,0.758,0.1119,0.6695,0.4715,0.006
3188,17047.733,17063.667,15.934,0.0,0.0,93.46,0.606,0.0954,0.5128,0.3687,0.0296
3189,17063.733,17076.2,12.467,0.0,0.0,79.16,0.657,0.1036,0.6624,0.4882,0.0012
3190,17076.267,17085.2,8.933,0.0,0.0,73.37,0.476,0.1318,0.6168,0.4633,0.0134
3191,17085.267,17087.333,2.066,0.0,0.0,215.12,0.316,0.067,0.3314,0.2157,0.0532
3192,17087.4,17092.6,5.2,0.0,0.0,59.75,0.801,0.0648,0.4293,0.207,0.1335
3193,17092.667,17094.2,1.533,0.0,0.0,92.16,0.833,0.0843,0.4941,0.33,0.0013
3194,17094.267,17099.933,5.666,0.0,0.0,142.8,0.752,0.0945,0.6229,0.444,0.0762
3195,17100.0,17102.267,2.267,0.0,0.0,102.99,0.552,0.0781,0.7618,0.5974,0.0052
3196,17102.333,17113.267,10.934,0.0,0.0,49.28,0.625,0.0995,0.3444,0.2182,0.0094
3197,17113.333,17116.867,3.534,0.0,0.0,68.5,0.754,0.0829,0.7152,0.5841,0.0089
3198,17116.933,17117.533,0.6,0.0,0.0,62.68,0.382,0.1172,0.3686,0.0956,0.0962
3199,17117.6,17118.6,1.0,0.0,0.0,138.79,0.043,0.0782,0.4537,0.2051,0.1426
3200,17118.667,17168.267,49.6,0.0,0.0,122.89,0.922,0.0846,0.4392,0.2532,0.0065
3201,17168.333,17176.333,8.0,0.0,0.0,112.72,0.93,0.1091,0.4483,0.1717,0.0
3202,17176.4,17181.6,5.2,0.0,0.0,130.65,0.939,0.0846,0.4538,0.2442,0.0
3203,17181.667,17184.733,3.066,0.0,0.0,50.25,0.866,0.1024,0.3786,0.2385,0.0038
3204,17184.8,17187.8,3.0,0.0,0.0,92.2,0.697,0.114,0.5827,0.349,0.0084
3205,17187.867,17190.333,2.466,0.0,0.0,97.33,0.734,0.1056,0.6587,0.4702,0.0196
3206,17190.4,17192.4,2.0,0.0,0.0,136.05,0.736,0.0903,0.652,0.4724,0.0022
3207,17192.467,17196.133,3.666,0.0,0.0,104.56,0.591,0.0898,0.676,0.3805,0.0245
3208,17196.2,17228.733,32.533,0.0,0.0,126.93,0.918,0.0855,0.415,0.2415,0.0111
3209,17228.8,17235.067,6.267,0.0,0.0,89.07,0.828,0.0986,0.6308,0.4986,0.0128
3210,17235.133,17237.467,2.334,0.0,0.0,125.91,0.836,0.0735,0.3234,0.1726,0.0
3211,17237.533,17247.067,9.534,0.0,0.0,91.47,0.595,0.0977,0.5079,0.3109,0.0291
3212,17247.133,17250.533,3.4,0.0,0.0,119.09,0.723,0.1134,0.6707,0.4745,0.0268
3213,17250.6,17252.333,1.733,0.0,0.0,117.63,0.802,0.1202,0.6294,0.3587,0.1026
3214,17252.4,17269.333,16.933,0.0,0.0,81.2,0.612,0.0925,0.4609,0.3462,0.015
3215,17269.4,17271.867,2.467,0.0,0.0,125.46,0.652,0.1045,0.5445,0.3498,0.0028
3216,17271.933,17273.267,1.334,0.0,0.0,132.7,0.68,0.1102,0.8175,0.5654,0.019
3217,17273.333,17277.133,3.8,0.0,0.0,138.66,0.889,0.1169,0.7584,0.4883,0.0708
3218,17277.2,17282.933,5.733,0.0,0.0,91.7,0.872,0.0866,0.4795,0.3988,0.006
3219,17283.0,17287.4,4.4,0.0,0.0,56.91,0.718,0.1227,0.4777,0.3621,0.0222
3220,17287.467,17291.733,4.266,0.0,0.0,130.32,0.49,0.1501,1.0306,0.9914,0.0004
3221,17291.8,17294.867,3.067,0.0,0.0,84.79,0.514,0.155,0.8771,0.6422,0.0
3222,17294.933,17300.467,5.534,0.0,0.0,73.31,0.517,0.1227,0.5819,0.42,0.0171
3223,17300.533,17302.667,2.134,0.0,0.0,124.28,0.022,0.0782,0.4812,0.2599,0.0215
3224,17302.733,17304.467,1.734,0.0,0.0,94.21,0.0,0.0539,0.1398,0.0012,0.0062
3225,17304.533,17305.333,0.8,0.0,0.0,101.38,0.114,0.0758,0.4784,0.3358,0.0138
3226,17305.4,17306.467,1.067,0.0,0.0,40.01,0.525,0.0165,0.0405,0.0,0.0
3227,17306.533,17307.267,0.734,0.0,0.0,186.53,0.057,0.065,0.4428,0.24,0.0309
3228,17307.333,17308.8,1.467,0.0,0.0,142.59,0.225,0.0927,0.5511,0.4191,0.005
3229,17308.867,17310.133,1.266,0.0,0.0,180.13,0.627,0.0423,0.1366,0.0138,0.0
3230,17310.2,17311.267,1.067,0.0,0.0,49.41,0.031,0.0376,0.1182,0.0103,0.0
3231,17311.333,17312.933,1.6,0.0,0.0,135.27,0.246,0.0567,0.1761,0.0553,0.0032
3232,17313.0,17314.933,1.933,0.0,0.0,141.56,0.0,0.0568,0.2085,0.112,0.0145
3233,17315.0,17319.2,4.2,0.0,0.0,84.94,0.753,0.0729,0.2919,0.0948,0.0211
3234,17319.267,17324.267,5.0,0.0,0.0,44.63,0.385,0.0391,0.21,0.1329,0.0034
3235,17324.333,17325.8,1.467,0.0,0.0,95.9,0.454,0.0694,0.2487,0.0397,0.0345
3236,17325.867,17326.467,0.6,0.0,0.0,77.51,0.725,0.0734,0.2367,0.0186,0.0319
3237,17326.533,17329.467,2.934,0.0,0.0,103.16,0.72,0.0841,0.261,0.0099,0.0251
3238,17329.533,17331.867,2.334,0.0,0.0,113.73,0.737,0.093,0.3012,0.0877,0.0193
3239,17331.933,17336.133,4.2,0.0,0.0,103.89,0.672,0.0799,0.2764,0.0763,0.024
3240,17336.2,17341.267,5.067,0.0,0.0,119.3,0.631,0.0886,0.2873,0.0356,0.0302
3241,17341.333,17345.067,3.734,0.0,0.0,138.28,0.669,0.0669,0.2159,0.0763,0.0202
3242,17345.133,17384.667,39.534,0.0,0.0,92.69,0.817,0.0866,0.3215,0.1975,0.0255
3243,17384.733,17442.067,57.334,0.0,0.0,90.59,0.808,0.1314,0.4602,0.2187,0.0264
3244,17442.133,17445.6,3.467,0.0,0.0,172.14,0.659,0.0424,0.1174,0.0276,0.0211
3245,17445.667,17452.467,6.8,0.0,0.0,68.75,0.768,0.0865,0.2921,0.1443,0.026
3246,17452.533,17484.533,32.0,0.0,0.0,166.3,0.808,0.0571,0.197,0.0814,0.0246
3247,17484.6,17485.2,0.6,0.0,0.0,65.12,0.743,0.0014,0.0111,0.0,0.0021
3248,17485.267,17490.133,4.866,0.0,0.0,55.95,0.161,0.0549,0.2374,0.121,0.0125
3249,17490.2,17492.133,1.933,0.0,0.0,70.72,0.523,0.0502,0.1811,0.0733,0.0064
3250,17492.2,17514.8,22.6,0.0,0.0,67.9,0.969,0.0499,0.1374,0.075,0.0116
3251,17514.867,17519.2,4.333,0.0,0.0,220.78,0.818,0.0279,0.2292,0.2047,0.0095
3252,17519.267,17521.8,2.533,0.0,0.0,4.25,0.764,0.0098,0.0361,0.0261,0.0
3253,17521.867,17526.867,5.0,0.0,0.0,42.92,0.426,0.0399,0.2119,0.1326,0.0052
3254,17526.933,17528.467,1.534,0.0,0.0,97.21,0.417,0.0714,0.2569,0.0325,0.0236
3255,17528.533,17529.133,0.6,0.0,0.0,84.89,0.562,0.0851,0.2342,0.0487,0.0205
3256,17529.2,17532.533,3.333,0.0,0.0,110.49,0.772,0.0999,0.3107,0.0447,0.022
3257,17532.6,17534.533,1.933,0.0,0.0,104.36,0.619,0.0646,0.2222,0.1094,0.01
3258,17534.6,17535.4,0.8,0.0,0.0,113.73,0.6,0.0808,0.3915,0.1756,0.0375
3259,17535.467,17538.8,3.333,0.0,0.0,100.94,0.718,0.0847,0.2595,0.0342,0.0334
3260,17538.867,17543.933,5.066,0.0,0.0,120.7,0.626,0.0881,0.2895,0.0563,0.0151
3261,17544.0,17547.667,3.667,0.0,0.0,136.7,0.713,0.0656,0.2245,0.0537,0.0407
3262,17547.733,17587.6,39.867,0.0,0.0,92.74,0.814,0.0867,0.3244,0.2057,0.0261
3263,17587.667,17589.0,1.333,0.0,0.0,120.47,0.442,0.1467,0.5673,0.3798,0.0117
3264,17589.067,17590.267,1.2,0.0,0.0,113.49,0.716,0.1066,0.3055,0.105,0.0209
3265,17590.333,17593.267,2.934,0.0,0.0,80.56,0.402,0.1161,0.4377,0.1887,0.0165
3266,17593.333,17594.733,1.4,0.0,0.0,65.76,0.531,0.1101,0.4433,0.3338,0.0168
3267,17594.8,17595.333,0.533,0.0,0.0,52.53,0.471,0.1085,0.407,0.1956,0.0422
3268,17595.4,17598.333,2.933,0.0,0.0,70.44,0.667,0.1275,0.3661,0.2023,0.0358
3269,17598.4,17600.133,1.733,0.0,0.0,83.32,0.695,0.1014,0.2639,0.131,0.0184
3270,17600.2,17602.533,2.333,0.0,0.0,139.55,0.819,0.1112,0.414,0.2166,0.02
3271,17602.6,17604.533,1.933,0.0,0.0,54.17,0.637,0.0744,0.1712,0.1149,0.0104
3272,17604.6,17605.867,1.267,0.0,0.0,53.32,0.695,0.1036,0.2266,0.0564,0.0383
3273,17605.933,17607.867,1.934,0.0,0.0,95.78,0.605,0.1262,0.3271,0.0581,0.0427
3274,17607.933,17609.667,1.734,0.0,0.0,65.29,0.701,0.1089,0.2992,0.155,0.0201
3275,17609.733,17612.467,2.734,0.0,0.0,86.99,0.878,0.1133,0.2777,0.1314,0.0305
3276,17612.533,17614.933,2.4,0.0,0.0,102.63,0.649,0.0868,0.2742,0.151,0.0134
3277,17615.0,17617.333,2.333,0.0,0.0,72.32,0.813,0.0983,0.2752,0.1168,0.0453
3278,17617.4,17619.333,1.933,0.0,0.0,110.71,0.642,0.1107,0.3595,0.2196,0.0186
3279,17619.4,17624.8,5.4,0.0,0.0,57.09,0.657,0.1106,0.3052,0.1263,0.0175
3280,17624.867,17630.267,5.4,0.0,0.0,81.2,0.751,0.0985,0.2699,0.0544,0.0301
3281,17630.333,17631.467,1.134,0.0,0.0,96.01,0.858,0.1145,0.2354,0.0362,0.0201
3282,17631.533,17635.133,3.6,0.0,0.0,105.93,0.635,0.0786,0.1955,0.0798,0.0166
3283,17635.2,17636.667,1.467,0.0,0.0,86.79,0.817,0.08,0.2719,0.0892,0.047
3284,17636.733,17637.467,0.734,0.0,0.0,75.34,0.691,0.0884,0.1942,0.0744,0.0465
3285,17637.533,17639.4,1.867,0.0,0.0,86.23,0.584,0.1043,0.3373,0.1889,0.0191
3286,17639.467,17644.4,4.933,0.0,0.0,69.92,0.822,0.1113,0.3422,0.1791,0.0223
3287,17644.467,17647.133,2.666,0.0,0.0,68.88,0.692,0.1228,0.4753,0.1813,0.0425
3288,17647.2,17650.133,2.933,0.0,0.0,86.0,0.762,0.0906,0.1946,0.0895,0.0211
3289,17650.2,17656.533,6.333,0.0,0.0,125.88,0.792,0.0994,0.4515,0.2748,0.0251
3290,17656.6,17658.867,2.267,0.0,0.0,99.74,0.64,0.1697,0.8856,0.7996,0.0262
3291,17658.933,17660.467,1.534,0.0,0.0,111.09,0.453,0.1454,0.7157,0.4299,0.0185
3292,17660.533,17664.267,3.734,0.0,0.0,177.63,0.739,0.0505,0.1464,0.0315,0.0146
3293,17664.333,17670.533,6.2,0.0,0.0,61.25,0.762,0.0819,0.2861,0.1444,0.0329
3294,17670.6,17671.867,1.267,0.0,0.0,48.13,0.205,0.0326,0.2486,0.1663,0.007
3295,17671.933,17672.6,0.667,0.0,0.0,63.69,0.75,0.0831,0.2128,0.0406,0.0288
3296,17672.667,17677.667,5.0,0.0,0.0,65.85,0.947,0.0458,0.1514,0.0495,0.0002
3297,17677.733,17679.067,1.334,0.0,0.0,133.11,0.0,0.0826,0.4571,0.2411,0.0367
3298,17679.133,17680.067,0.934,0.0,0.0,112.19,0.0,0.0556,0.2992,0.0869,0.0297
3299,17680.133,17700.533,20.4,0.0,0.0,126.15,0.297,0.0915,0.4806,0.2476,0.0323
3300,17700.6,17702.067,1.467,0.0,0.0,123.79,0.733,0.1718,0.3308,0.2164,0.0211
3301,17702.133,17706.333,4.2,0.0,0.0,104.59,0.617,0.1158,0.5791,0.4451,0.0144
3302,17706.4,17710.067,3.667,0.0,0.0,137.91,0.206,0.0929,0.3981,0.1037,0.0673
3303,17710.133,17713.867,3.734,0.0,0.0,126.83,0.173,0.0934,0.4114,0.1957,0.0525
3304,17713.933,17714.733,0.8,0.0,0.0,143.25,0.179,0.0294,0.0417,0.0,0.0151
3305,17714.8,17722.733,7.933,0.0,0.0,139.07,0.483,0.099,0.461,0.1744,0.0373
3306,17722.8,17730.8,8.0,0.0,0.0,116.81,0.756,0.128,0.6355,0.4786,0.0129
3307,17730.867,17735.133,4.266,0.0,0.0,108.73,0.262,0.0999,0.3601,0.1844,0.0252
3308,17735.2,17736.733,1.533,0.0,0.0,93.22,0.471,0.0744,0.2772,0.2271,0.0176
3309,17736.8,17738.667,1.867,0.0,0.0,95.75,0.447,0.0801,0.3125,0.2408,0.0185
3310,17738.733,17741.667,2.934,0.0,0.0,99.99,0.373,0.0739,0.2499,0.1681,0.0217
3311,17741.733,17743.333,1.6,0.0,0.0,91.53,0.211,0.1161,0.5764,0.4239,0.0169
3312,17743.4,17747.2,3.8,0.0,0.0,100.8,0.544,0.1233,0.5664,0.4124,0.0158
3313,17747.267,17764.2,16.933,0.0,0.0,102.95,0.312,0.1047,0.4347,0.2341,0.0279
3314,17764.267,17767.4,3.133,0.0,0.0,125.38,0.601,0.0727,0.5135,0.4299,0.0194
3315,17767.467,17769.133,1.666,0.0,0.0,74.08,0.958,0.0634,0.2004,0.0205,0.0276
3316,17769.2,17771.0,1.8,0.0,0.0,152.45,0.572,0.0153,0.0411,0.0,0.004
3317,17771.067,17775.0,3.933,0.0,0.0,82.77,0.759,0.0472,0.1179,0.0028,0.0093
3318,17775.067,17778.933,3.866,0.0,0.0,132.25,0.928,0.0837,0.1477,0.0631,0.0015
3319,17779.0,17783.0,4.0,0.0,0.0,100.46,0.931,0.0267,0.0943,0.051,0.0001
3320,17783.067,17786.933,3.866,0.0,0.0,112.61,0.932,0.0832,0.3345,0.2607,0.0157
3321,17787.0,17791.0,4.0,0.0,0.0,115.09,0.868,0.1137,0.3661,0.1359,0.0821
3322,17791.067,17794.867,3.8,0.0,0.0,109.66,0.945,0.0393,0.1209,0.0286,0.0135
3323,17794.933,17799.0,4.067,0.0,0.0,119.25,0.841,0.1016,0.2137,0.0311,0.0606
3324,17799.067,17802.867,3.8,0.0,0.0,113.9,0.928,0.0794,0.1266,0.0055,0.0268
3325,17802.933,17807.0,4.067,0.0,0.0,114.12,0.882,0.0987,0.268,0.0873,0.0626
3326,17807.067,17810.933,3.866,0.0,0.0,112.78,0.906,0.0731,0.1499,0.0305,0.0187
3327,17811.0,17814.933,3.933,0.0,0.0,103.91,0.906,0.0929,0.3696,0.2768,0.0016
3328,17815.0,17819.067,4.067,0.0,0.0,108.43,0.936,0.0773,0.1183,0.0026,0.0006
3329,17819.133,17822.933,3.8,0.0,0.0,109.48,0.851,0.1417,0.5468,0.3027,0.0994
3330,17823.0,17826.933,3.933,0.0,0.0,126.3,0.874,0.0857,0.1606,0.0389,0.01
3331,17827.0,17830.933,3.933,0.0,0.0,120.85,0.914,0.1177,0.3038,0.038,0.0783
3332,17831.0,17835.733,4.733,0.0,0.0,120.7,0.821,0.1012,0.2706,0.2082,0.0
3333,17835.8,17837.867,2.067,0.0,0.0,116.02,0.641,0.091,0.2492,0.159,0.0
3334,17837.933,17840.0,2.067,0.0,0.0,99.61,0.884,0.0819,0.3026,0.2096,0.0
3335,17840.067,17844.6,4.533,0.0,0.0,83.26,0.88,0.0559,0.3738,0.3115,0.0
3336,17844.667,17849.2,4.533,0.0,0.0,171.86,0.684,0.086,0.4907,0.2971,0.003
3337,17849.267,17851.067,1.8,0.0,0.0,138.76,0.519,0.1121,0.4797,0.3539,0.0001
3338,17851.133,17855.933,4.8,0.0,0.0,158.03,0.862,0.1122,0.3345,0.1382,0.0089
3339,17856.0,17856.933,0.933,0.0,0.0,55.7,0.0,0.0381,0.0653,0.0,0.0061
3340,17857.0,17863.867,6.867,0.0,0.0,76.16,0.871,0.0816,0.2176,0.1218,0.004
3341,17863.933,17866.267,2.334,0.0,0.0,115.08,0.631,0.0521,0.2077,0.0786,0.0011
3342,17866.333,17868.067,1.734,0.0,0.0,80.69,0.697,0.0476,0.0862,0.0057,0.001
3343,17868.133,17876.133,8.0,0.0,0.0,137.87,0.793,0.0923,0.4444,0.1675,0.1204
3344,17876.2,17877.467,1.267,0.0,0.0,83.09,0.457,0.1066,0.5418,0.2986,0.0218
3345,17877.533,17879.533,2.0,0.0,0.0,100.42,0.813,0.1448,0.878,0.6078,0.0269
3346,17879.6,17886.267,6.667,0.0,0.0,133.25,0.814,0.0935,0.4182,0.1617,0.1166
3347,17886.333,17889.267,2.934,0.0,0.0,80.11,0.695,0.1705,1.0171,0.8751,0.0062
3348,17889.333,17894.0,4.667,0.0,0.0,146.26,0.775,0.0843,0.4261,0.1567,0.1356
3349,17894.067,17894.933,0.866,0.0,0.0,108.76,0.577,0.0842,0.4864,0.2259,0.0
3350,17895.0,17896.867,1.867,0.0,0.0,110.68,0.556,0.0845,0.3531,0.2189,0.0113
3351,17896.933,17901.467,4.534,0.0,0.0,146.66,0.777,0.0843,0.4273,0.1705,0.1349
3352,17901.533,17905.067,3.534,0.0,0.0,82.42,0.31,0.1546,0.8682,0.6964,0.0346
3353,17905.133,17909.533,4.4,0.0,0.0,145.58,0.786,0.0819,0.4811,0.1944,0.168
3354,17909.6,17910.8,1.2,0.0,0.0,50.17,0.594,0.1001,0.5222,0.2478,0.0089
3355,17910.867,17911.533,0.666,0.0,0.0,43.94,0.78,0.0876,0.4457,0.2026,0.0059
3356,17911.6,17913.333,1.733,0.0,0.0,68.87,0.758,0.1237,0.7103,0.247,0.002
3357,17913.4,17917.867,4.467,0.0,0.0,144.85,0.78,0.0818,0.4551,0.1744,0.1568
3358,17917.933,17919.8,1.867,0.0,0.0,129.91,0.888,0.188,0.9802,0.932,0.0275
3359,17919.867,17921.667,1.8,0.0,0.0,175.1,0.858,0.0725,0.5298,0.1369,0.0032
3360,17921.733,17928.8,7.067,0.0,0.0,141.29,0.869,0.0909,0.4635,0.2036,0.15
3361,17928.867,17930.533,1.666,0.0,0.0,110.9,0.821,0.1578,0.8476,0.4736,0.0081
3362,17930.6,17935.867,5.267,0.0,0.0,114.22,0.835,0.1478,0.8305,0.6762,0.0092
3363,17935.933,17951.8,15.867,0.0,0.0,112.49,0.941,0.1625,0.9433,0.724,0.0565
3364,17951.867,17954.133,2.266,0.0,0.0,109.7,0.822,0.1516,0.8807,0.7817,0.0099
3365,17954.2,17969.533,15.333,0.0,0.0,112.51,0.937,0.1627,0.8205,0.5889,0.0609
3366,17969.6,17972.933,3.333,0.0,0.0,93.86,0.625,0.1092,0.4904,0.3168,0.0277
3367,17973.0,17974.333,1.333,0.0,0.0,104.49,0.77,0.1438,0.8718,0.7438,0.0069
3368,17974.4,17976.133,1.733,0.0,0.0,116.89,0.895,0.1484,1.0658,0.934,0.0018
3369,17976.2,17981.0,4.8,0.0,0.0,114.45,0.933,0.157,1.1717,1.0605,0.0002
3370,17981.067,17982.533,1.466,0.0,0.0,111.72,0.887,0.152,1.0467,0.8975,0.0002
3371,17982.6,17983.8,1.2,0.0,0.0,112.41,0.982,0.1568,0.9421,0.817,0.0
3372,17983.867,17985.933,2.066,0.0,0.0,114.86,0.935,0.1571,1.1958,0.9932,0.0004
3373,17986.0,17988.867,2.867,0.0,0.0,105.69,0.727,0.1395,0.9112,0.671,0.0157
3374,17988.933,17990.867,1.934,0.0,0.0,113.14,0.89,0.14,0.7708,0.5094,0.0052
3375,17990.933,17998.667,7.734,0.0,0.0,104.91,0.929,0.1432,0.8853,0.5768,0.037
3376,17998.733,18002.8,4.067,0.0,0.0,101.57,0.968,0.1456,0.937,0.6244,0.0532
3377,18002.867,18005.133,2.266,0.0,0.0,112.46,0.868,0.1374,0.8608,0.6312,0.0007
3378,18005.2,18036.467,31.267,0.0,0.0,111.38,0.927,0.1526,0.8279,0.6574,0.0575
3379,18036.533,18092.067,55.534,0.0,0.0,96.72,0.905,0.1023,0.705,0.5211,0.0477
3380,18092.133,18094.333,2.2,0.0,0.0,94.44,0.833,0.1355,0.9885,0.9145,0.0005
3381,18094.4,18095.267,0.867,0.0,0.0,84.98,0.798,0.1509,0.8341,0.6742,0.0542
3382,18095.333,18132.067,36.734,0.0,0.0,107.54,0.933,0.1502,0.9255,0.7478,0.054
3383,18132.133,18141.4,9.267,0.0,0.0,107.53,0.921,0.1468,0.9168,0.7772,0.0336
3384,18141.467,18174.267,32.8,0.0,0.0,111.28,0.888,0.1494,0.9919,0.8873,0.019
3385,18174.333,18176.933,2.6,0.0,0.0,101.86,0.72,0.1339,0.8155,0.7423,0.0167
3386,18177.0,18181.667,4.667,0.0,0.0,102.54,0.853,0.1739,0.9571,0.8333,0.0523
3387,18181.733,18183.867,2.134,0.0,0.0,111.33,0.734,0.1634,1.058,0.997,0.0094
3388,18183.933,18186.467,2.534,0.0,0.0,102.03,0.79,0.1718,0.8805,0.7549,0.0539
3389,18186.533,18187.267,0.734,0.0,0.0,95.57,0.479,0.1441,0.759,0.7075,0.0
3390,18187.333,18204.267,16.934,0.0,0.0,113.55,0.889,0.1517,0.8723,0.6915,0.0502
3391,18204.333,18222.733,18.4,0.0,0.0,110.11,0.92,0.1432,0.9732,0.858,0.0383
3392,18222.8,18272.6,49.8,0.0,0.0,112.12,0.901,0.1424,1.0698,0.9773,0.0379
3393,18272.667,18286.0,13.333,0.0,0.0,124.31,0.921,0.142,0.7738,0.6686,0.0486
3394,18286.067,18293.867,7.8,0.0,0.0,123.41,0.922,0.1346,0.8103,0.7193,0.0372
3395,18293.933,18333.867,39.934,0.0,0.0,124.34,0.921,0.1375,0.9038,0.8096,0.0506
3396,18333.933,18377.733,43.8,0.0,0.0,113.18,0.914,0.1488,0.9605,0.8529,0.046
3397,18377.8,18381.667,3.867,0.0,0.0,85.66,0.91,0.1486,0.8012,0.6581,0.078
3398,18381.733,18384.067,2.334,0.0,0.0,100.79,0.686,0.1482,1.2822,1.2096,0.0004
3399,18384.133,18389.533,5.4,0.0,0.0,89.55,0.796,0.159,0.9899,0.9016,0.0558
3400,18389.6,18395.933,6.333,0.0,0.0,93.13,0.837,0.1623,0.9804,0.8955,0.0347
3401,18396.0,18398.267,2.267,0.0,0.0,97.95,0.758,0.1768,0.9959,0.9521,0.0007
3402,18398.333,18403.133,4.8,0.0,0.0,89.86,0.924,0.1696,0.8818,0.7267,0.0961
3403,18403.2,18409.8,6.6,0.0,0.0,92.77,0.851,0.1697,0.8891,0.7597,0.052
3404,18409.867,18412.133,2.266,0.0,0.0,99.17,0.716,0.1592,0.9543,0.8603,0.0011
3405,18412.2,18416.667,4.467,0.0,0.0,90.85,0.839,0.1714,0.782,0.5891,0.08
3406,18416.733,18418.933,2.2,0.0,0.0,102.51,0.76,0.1556,0.9696,0.8728,0.0012
3407,18419.0,18423.267,4.267,0.0,0.0,87.3,0.859,0.16,0.7392,0.5666,0.0647
3408,18423.333,18425.533,2.2,0.0,0.0,94.69,0.875,0.1612,1.1855,1.0908,0.0002
3409,18425.6,18429.667,4.067,0.0,0.0,86.16,0.87,0.1746,0.8373,0.6752,0.0751
3410,18429.733,18431.933,2.2,0.0,0.0,99.54,0.733,0.1629,0.9482,0.8582,0.0016
3411,18432.0,18437.4,5.4,0.0,0.0,86.26,0.798,0.1533,0.7641,0.6043,0.0555
3412,18437.467,18439.667,2.2,0.0,0.0,107.27,0.78,0.1533,1.0687,0.9585,0.0006
3413,18439.733,18443.8,4.067,0.0,0.0,93.95,0.901,0.1709,1.0134,0.87,0.0549
3414,18443.867,18446.067,2.2,0.0,0.0,97.19,0.859,0.1675,1.0382,0.9704,0.0002
3415,18446.133,18446.733,0.6,0.0,0.0,91.79,0.892,0.1709,1.0292,0.8956,0.0844
3416,18446.8,18448.133,1.333,0.0,0.0,72.35,0.889,0.1395,0.6676,0.4706,0.0964
3417,18448.2,18449.467,1.267,0.0,0.0,94.6,0.911,0.1552,0.6621,0.4391,0.0971
3418,18449.533,18451.0,1.467,0.0,0.0,90.73,0.918,0.1567,0.7317,0.5476,0.0944
3419,18451.067,18476.867,25.8,0.0,0.0,107.67,0.895,0.1536,1.0753,0.9588,0.0504
3420,18476.933,18489.667,12.734,0.0,0.0,140.16,0.866,0.1594,0.7804,0.5949,0.1229
3421,18489.733,18491.667,1.934,0.0,0.0,108.78,0.748,0.1635,0.8099,0.6809,0.0509
3422,18491.733,18495.267,3.534,0.0,0.0,115.04,0.908,0.1572,0.9486,0.8502,0.0347
3423,18495.333,18508.067,12.734,0.0,0.0,141.82,0.865,0.1544,0.7424,0.5582,0.1215
3424,18508.133,18525.267,17.134,0.0,0.0,108.81,0.913,0.1384,0.9902,0.9058,0.0549
3425,18525.333,18530.533,5.2,0.0,0.0,111.96,0.928,0.1464,0.7364,0.6366,0.0309
3426,18530.6,18531.733,1.133,0.0,0.0,109.1,0.82,0.1441,0.6461,0.5216,0.0561
3427,18531.8,18544.533,12.733,0.0,0.0,142.01,0.869,0.1645,0.7719,0.5895,0.12
3428,18544.6,18546.067,1.467,0.0,0.0,110.18,0.633,0.1649,0.9741,0.8196,0.0759
3429,18546.133,18558.333,12.2,0.0,0.0,136.86,0.929,0.1482,0.9308,0.7925,0.0803
3430,18558.4,18570.333,11.933,0.0,0.0,137.53,0.951,0.1505,0.9024,0.7606,0.0792
3431,18570.4,18575.467,5.067,0.0,0.0,135.43,0.919,0.1495,0.9029,0.7579,0.0791
3432,18575.533,18602.333,26.8,0.0,0.0,111.54,0.89,0.1568,0.859,0.7586,0.0236
3433,18602.4,18607.333,4.933,0.0,0.0,118.07,0.932,0.1374,1.0889,0.9708,0.0945
3434,18607.4,18633.667,26.267,0.0,0.0,122.55,0.921,0.1364,0.9255,0.8362,0.0507
3435,18633.733,18640.467,6.734,0.0,0.0,119.36,0.908,0.1354,0.9613,0.895,0.0364
3436,18640.533,18641.533,1.0,0.0,0.0,86.65,0.854,0.15,1.0922,1.0075,0.0551
3437,18641.6,18647.933,6.333,0.0,0.0,88.62,0.849,0.147,1.0089,0.8802,0.0361
3438,18648.0,18655.133,7.133,0.0,0.0,91.46,0.805,0.1629,1.0277,0.9233,0.0657
3439,18655.2,18657.467,2.267,0.0,0.0,98.01,0.808,0.1587,1.1489,1.0933,0.0007
3440,18657.533,18661.8,4.267,0.0,0.0,90.62,0.844,0.1823,1.0612,0.9436,0.0809
3441,18661.867,18664.133,2.266,0.0,0.0,101.18,0.84,0.1589,0.9564,0.9134,0.0012
3442,18664.2,18668.667,4.467,0.0,0.0,89.01,0.916,0.1668,0.968,0.855,0.0816
3443,18668.733,18670.933,2.2,0.0,0.0,99.07,0.874,0.1534,0.9982,0.9442,0.0012
3444,18671.0,18675.267,4.267,0.0,0.0,88.25,0.793,0.1666,0.9346,0.8495,0.0662
3445,18675.333,18677.533,2.2,0.0,0.0,97.12,0.749,0.1527,0.8824,0.8254,0.0003
3446,18677.6,18681.533,3.933,0.0,0.0,91.26,0.829,0.1616,0.9089,0.8051,0.0797
3447,18681.6,18683.867,2.267,0.0,0.0,99.49,0.777,0.1469,0.9543,0.9164,0.0
3448,18683.933,18689.867,5.934,0.0,0.0,86.06,0.848,0.1547,0.9301,0.8217,0.0522
3449,18689.933,18707.733,17.8,0.0,0.0,88.62,0.801,0.1647,0.96,0.9119,0.004
3450,18707.8,18709.267,1.467,0.0,0.0,85.91,0.928,0.1954,0.9677,0.9254,0.0256
3451,18709.333,18710.533,1.2,0.0,0.0,92.45,0.917,0.1872,0.9674,0.9063,0.0256
3452,18710.6,18713.267,2.667,0.0,0.0,78.14,0.81,0.1475,0.9922,0.9483,0.0069
3453,18713.333,18717.533,4.2,0.0,0.0,89.57,0.79,0.1662,0.9569,0.9218,0.0008
3454,18717.6,18720.6,3.0,0.0,0.0,104.95,0.874,0.1896,1.0134,0.9803,0.0082
3455,18720.667,18746.533,25.866,0.0,0.0,88.06,0.852,0.1608,0.9555,0.8827,0.0048
3456,18746.6,18759.667,13.067,0.0,0.0,92.31,0.843,0.1593,0.8912,0.8415,0.0073
3457,18759.733,18761.133,1.4,0.0,0.0,100.82,0.914,0.1748,1.3191,1.1803,0.0174
3458,18761.2,18773.933,12.733,0.0,0.0,138.76,0.839,0.1536,0.8217,0.6072,0.129
3459,18774.0,18789.467,15.467,0.0,0.0,113.17,0.891,0.1488,1.0569,1.0036,0.0037
3460,18789.533,18860.733,71.2,0.0,0.0,110.81,0.908,0.1578,0.9631,0.9039,0.0063
3461,18860.8,18873.467,12.667,0.0,0.0,138.75,0.862,0.1523,0.7886,0.5208,0.1256
3462,18873.533,18888.933,15.4,0.0,0.0,110.73,0.895,0.1447,1.0126,0.9148,0.0343
3463,18889.0,18889.867,0.867,0.0,0.0,89.84,0.698,0.1504,0.8317,0.7597,0.0545
3464,18889.933,18892.133,2.2,0.0,0.0,99.7,0.701,0.1482,1.1776,1.1239,0.0007
3465,18892.2,18897.067,4.867,0.0,0.0,91.04,0.815,0.168,0.9144,0.7323,0.0959
3466,18897.133,18899.333,2.2,0.0,0.0,99.99,0.791,0.152,0.9701,0.8732,0.0
3467,18899.4,18903.667,4.267,0.0,0.0,87.74,0.871,0.168,0.7874,0.5945,0.0783
3468,18903.733,18906.0,2.267,0.0,0.0,97.41,0.873,0.165,1.0438,0.9473,0.001
3469,18906.067,18910.533,4.466,0.0,0.0,87.96,0.838,0.1756,0.7966,0.6273,0.0831
3470,18910.6,18917.2,6.6,0.0,0.0,98.09,0.786,0.169,0.9592,0.8263,0.0433
3471,18917.267,18919.467,2.2,0.0,0.0,110.93,0.828,0.1681,1.04,0.9704,0.0005
3472,18919.533,18923.4,3.867,0.0,0.0,95.71,0.918,0.1827,0.8375,0.6933,0.0786
3473,18923.467,18925.733,2.266,0.0,0.0,102.63,0.858,0.1717,1.0024,0.9454,0.0
3474,18925.8,18927.133,1.333,0.0,0.0,75.92,0.866,0.1463,0.6421,0.5085,0.0559
3475,18927.2,18928.467,1.267,0.0,0.0,90.89,0.91,0.1575,0.9351,0.8016,0.0566
3476,18928.533,18930.267,1.734,0.0,0.0,88.05,0.896,0.1625,0.7756,0.6532,0.0573
3477,18930.333,18940.867,10.534,0.0,0.0,97.88,0.816,0.1636,0.8872,0.8125,0.0055
3478,18940.933,18951.067,10.134,0.0,0.0,88.01,0.869,0.1602,1.0458,0.9884,0.0096
3479,18951.133,18962.733,11.6,0.0,0.0,121.38,0.863,0.1482,1.021,0.845,0.0836
3480,18962.8,18965.867,3.067,0.0,0.0,120.15,0.85,0.1546,0.9363,0.6266,0.0744
3481,18965.933,18975.533,9.6,0.0,0.0,84.38,0.866,0.162,1.0024,0.9303,0.003
3482,18975.6,18985.533,9.933,0.0,0.0,89.49,0.843,0.1511,0.9016,0.8018,0.0083
3483,18985.6,18987.267,1.667,0.0,0.0,100.0,0.841,0.1882,1.0619,1.0153,0.0256
3484,18987.333,19021.533,34.2,0.0,0.0,99.36,0.834,0.16,0.9406,0.8538,0.0045
3485,19021.6,19024.333,2.733,0.0,0.0,103.69,0.82,0.1398,0.6149,0.5819,0.0043
3486,19024.4,19027.133,2.733,0.0,0.0,124.09,0.948,0.1229,0.8474,0.8114,0.0147
3487,19027.2,19045.733,18.533,0.0,0.0,98.34,0.724,0.1634,0.9207,0.859,0.0066
3488,19045.8,19094.267,48.467,0.0,0.0,125.4,0.905,0.1302,0.9615,0.8913,0.0177
3489,19094.333,19119.533,25.2,0.0,0.0,119.12,0.919,0.1467,0.8445,0.7758,0.0455
3490,19119.6,19122.467,2.867,0.0,0.0,108.43,0.866,0.1534,0.668,0.533,0.0368
3491,19122.533,19123.867,1.334,0.0,0.0,98.43,0.905,0.1333,0.6539,0.6048,0.0012
3492,19123.933,19124.933,1.0,0.0,0.0,127.56,0.7,0.1544,0.8572,0.808,0.0064
3493,19125.0,19133.8,8.8,0.0,0.0,108.57,0.888,0.161,0.9171,0.798,0.0213
3494,19133.867,19134.867,1.0,0.0,0.0,124.33,0.619,0.1481,0.8156,0.7411,0.0072
3495,19134.933,19138.8,3.867,0.0,0.0,105.22,0.876,0.1484,0.731,0.6269,0.0128
3496,19138.867,19139.667,0.8,0.0,0.0,131.5,0.552,0.1392,1.1802,1.1295,0.0015
3497,19139.733,19148.8,9.067,0.0,0.0,109.82,0.873,0.1468,0.9836,0.909,0.0216
3498,19148.867,19149.867,1.0,0.0,0.0,128.31,0.657,0.1385,1.1087,1.0754,0.0059
3499,19149.933,19202.333,52.4,0.0,0.0,107.87,0.894,0.1602,0.9445,0.885,0.0059
3500,19202.4,19212.067,9.667,0.0,0.0,89.66,0.8,0.1619,0.9871,0.9291,0.0053
3501,19212.133,19224.867,12.734,0.0,0.0,125.22,0.802,0.1662,0.7548,0.5642,0.1242
3502,19224.933,19226.933,2.0,0.0,0.0,93.4,0.562,0.1621,0.9061,0.8364,0.0079
3503,19227.0,19230.267,3.267,0.0,0.0,87.36,0.836,0.1569,0.7188,0.6748,0.0026
3504,19230.333,19231.067,0.734,0.0,0.0,95.3,0.871,0.1859,0.9062,0.7969,0.0669
3505,19231.133,19235.467,4.334,0.0,0.0,87.03,0.888,0.1867,0.9911,0.8984,0.0518
3506,19235.533,19236.867,1.334,0.0,0.0,69.82,0.881,0.1523,0.6328,0.5268,0.0752
3507,19236.933,19238.2,1.267,0.0,0.0,93.01,0.851,0.1666,1.0296,0.9242,0.0625
3508,19238.267,19242.733,4.466,0.0,0.0,94.53,0.793,0.1736,0.9695,0.8474,0.0728
3509,19242.8,19247.867,5.067,0.0,0.0,101.6,0.868,0.1848,0.9901,0.8904,0.0546
3510,19247.933,19250.6,2.667,0.0,0.0,94.98,0.813,0.1524,1.0575,0.9431,0.0215
3511,19250.667,19255.467,4.8,0.0,0.0,83.13,0.897,0.1664,0.7472,0.6118,0.0324
3512,19255.533,19257.533,2.0,0.0,0.0,97.69,0.86,0.1694,1.1285,1.0618,0.0078
3513,19257.6,19263.067,5.467,0.0,0.0,83.19,0.905,0.1753,0.8051,0.6517,0.0522
3514,19263.133,19265.267,2.134,0.0,0.0,90.47,0.739,0.1486,0.9454,0.856,0.0003
3515,19265.333,19269.467,4.134,0.0,0.0,91.23,0.84,0.1741,0.7439,0.6168,0.0559
3516,19269.533,19272.533,3.0,0.0,0.0,102.95,0.816,0.1469,0.9721,0.8461,0.0257
3517,19272.6,19276.667,4.067,0.0,0.0,84.73,0.917,0.1728,0.9452,0.7425,0.0952
3518,19276.733,19279.133,2.4,0.0,0.0,94.25,0.862,0.1659,1.0512,0.9654,0.007
3519,19279.2,19283.267,4.067,0.0,0.0,89.65,0.841,0.183,0.8519,0.6537,0.0802
3520,19283.333,19290.133,6.8,0.0,0.0,91.51,0.838,0.1675,0.8091,0.5876,0.0549
3521,19290.2,19302.133,11.933,0.0,0.0,106.68,0.894,0.1445,0.7066,0.5488,0.0451
3522,19302.2,19309.333,7.133,0.0,0.0,91.06,0.819,0.1418,0.8461,0.7479,0.0246
3523,19309.4,19315.933,6.533,0.0,0.0,116.38,0.915,0.1556,0.9477,0.8398,0.0702
3524,19316.0,19328.733,12.733,0.0,0.0,143.9,0.867,0.1548,0.6747,0.4582,0.1263
3525,19328.8,19333.867,5.067,0.0,0.0,108.33,0.825,0.1343,0.7585,0.5796,0.0112
3526,19333.933,19384.267,50.334,0.0,0.0,109.98,0.915,0.1469,0.9485,0.8548,0.0049
3527,19384.333,19397.133,12.8,0.0,0.0,139.42,0.866,0.152,0.7688,0.5674,0.1242
3528,19397.2,19417.533,20.333,0.0,0.0,109.51,0.886,0.1435,0.9508,0.8171,0.0114
3529,19417.6,19422.133,4.533,0.0,0.0,86.46,0.802,0.1608,0.8641,0.788,0.0526
3530,19422.2,19424.467,2.267,0.0,0.0,95.87,0.74,0.1508,0.968,0.9214,0.0008
3531,19424.533,19428.533,4.0,0.0,0.0,88.24,0.848,0.1533,0.8928,0.8207,0.0531
3532,19428.6,19430.867,2.267,0.0,0.0,98.56,0.807,0.1433,1.1289,1.0809,0.0009
3533,19430.933,19435.733,4.8,0.0,0.0,83.4,0.89,0.1565,1.0393,0.9185,0.0968
3534,19435.8,19438.067,2.267,0.0,0.0,97.49,0.87,0.1594,0.9991,0.9555,0.0007
3535,19438.133,19441.0,2.867,0.0,0.0,86.26,0.783,0.1653,0.8111,0.7116,0.0808
3536,19441.067,19441.667,0.6,0.0,0.0,82.42,0.661,0.1391,0.6966,0.6858,0.0003
3537,19441.733,19453.333,11.6,0.0,0.0,120.54,0.849,0.1489,0.979,0.8458,0.0857
3538,19453.4,19454.533,1.133,0.0,0.0,103.39,0.589,0.1355,0.9403,0.888,0.045
3539,19454.6,19462.067,7.467,0.0,0.0,91.96,0.777,0.1641,0.8819,0.7765,0.0419
3540,19462.133,19468.467,6.334,0.0,0.0,88.84,0.843,0.1622,0.9783,0.8401,0.0341
3541,19468.533,19475.667,7.134,0.0,0.0,91.15,0.834,0.1718,0.9684,0.8556,0.0641
3542,19475.733,19482.333,6.6,0.0,0.0,93.27,0.865,0.1709,0.8271,0.7012,0.0524
3543,19482.4,19484.667,2.267,0.0,0.0,99.49,0.746,0.1624,1.034,0.9588,0.001
3544,19484.733,19489.2,4.467,0.0,0.0,88.76,0.813,0.1698,0.8219,0.6428,0.0838
3545,19489.267,19491.467,2.2,0.0,0.0,103.3,0.8,0.1609,0.982,0.893,0.0003
3546,19491.533,19495.867,4.334,0.0,0.0,89.05,0.841,0.1608,0.8495,0.68,0.0659
3547,19495.933,19498.133,2.2,0.0,0.0,94.46,0.833,0.1594,0.8703,0.7731,0.0011
3548,19498.2,19500.733,2.533,0.0,0.0,87.48,0.869,0.1729,0.7846,0.6285,0.0638
3549,19500.8,19505.6,4.8,0.0,0.0,85.43,0.798,0.1558,0.7779,0.6876,0.0207
3550,19505.667,19512.867,7.2,0.0,0.0,87.93,0.773,0.1592,0.8797,0.8133,0.0007
3551,19512.933,19520.2,7.267,0.0,0.0,91.31,0.867,0.1832,0.9995,0.9669,0.0079
3552,19520.267,19521.6,1.333,0.0,0.0,77.39,0.925,0.1518,0.6907,0.6551,0.0003
3553,19521.667,19522.933,1.266,0.0,0.0,94.37,0.764,0.153,0.7014,0.6577,0.0049
3554,19523.0,19525.733,2.733,0.0,0.0,99.94,0.861,0.1758,1.0683,1.0156,0.0255
3555,19525.8,19526.533,0.733,0.0,0.0,103.76,0.83,0.1835,1.0586,1.0022,0.0256
3556,19526.6,19532.667,6.067,0.0,0.0,104.3,0.796,0.1769,0.9633,0.9124,0.0003
3557,19532.733,19534.267,1.534,0.0,0.0,96.08,0.785,0.1629,1.0169,0.9849,0.0085
3558,19534.333,19547.067,12.734,0.0,0.0,123.18,0.851,0.1638,0.8182,0.6303,0.1269
3559,19547.133,19554.0,6.867,0.0,0.0,85.53,0.745,0.1646,0.9426,0.8786,0.0042
3560,19554.067,19554.933,0.866,0.0,0.0,90.26,0.903,0.1727,1.149,1.0685,0.0207
3561,19555.0,19567.667,12.667,0.0,0.0,125.33,0.84,0.1637,0.7972,0.5682,0.1262
3562,19567.733,19686.067,118.334,0.0,0.0,109.66,0.91,0.1423,0.9894,0.8915,0.0054
3563,19686.133,19693.133,7.0,0.0,0.0,90.2,0.733,0.1512,0.9154,0.8687,0.0019
3564,19693.2,19702.733,9.533,0.0,0.0,90.45,0.791,0.1581,0.9582,0.8693,0.0133
3565,19702.8,19704.467,1.667,0.0,0.0,88.37,0.817,0.1728,0.9471,0.8437,0.0185
3566,19704.533,19705.267,0.734,0.0,0.0,92.18,0.955,0.1834,1.0162,0.8573,0.031
3567,19705.333,19706.333,1.0,0.0,0.0,93.47,0.792,0.1777,0.9989,0.8309,0.0328
3568,19706.4,19707.933,1.533,0.0,0.0,88.48,0.691,0.1686,0.9205,0.7904,0.0267
3569,19708.0,19712.667,4.667,0.0,0.0,95.49,0.694,0.1652,0.9428,0.844,0.0125
3570,19712.733,19720.8,8.067,0.0,0.0,93.1,0.714,0.1666,0.9474,0.8359,0.0144
3571,19720.867,19722.667,1.8,0.0,0.0,88.77,0.718,0.1507,0.9465,0.8122,0.0135
3572,19722.733,19724.467,1.734,0.0,0.0,88.87,0.673,0.1652,0.9064,0.7939,0.017
3573,19724.533,19725.133,0.6,0.0,0.0,94.24,0.869,0.1769,0.9688,0.798,0.0301
3574,19725.2,19725.933,0.733,0.0,0.0,96.35,0.811,0.1775,0.9842,0.8157,0.0313
3575,19726.0,19732.667,6.667,0.0,0.0,94.35,0.755,0.1584,0.9809,0.8668,0.0172
3576,19732.733,19734.267,1.534,0.0,0.0,81.55,0.797,0.165,0.9673,0.8792,0.0015
3577,19734.333,19742.733,8.4,0.0,0.0,93.32,0.763,0.1691,0.9388,0.8269,0.0073
3578,19742.8,19744.467,1.667,0.0,0.0,89.01,0.693,0.1644,0.928,0.8132,0.0182
3579,19744.533,19746.2,1.667,0.0,0.0,95.75,0.838,0.1766,1.0128,0.843,0.0318
3580,19746.267,19747.933,1.666,0.0,0.0,95.22,0.741,0.1647,0.9523,0.8134,0.0275
3581,19748.0,19752.667,4.667,0.0,0.0,98.6,0.784,0.1754,0.9398,0.8754,0.0127
3582,19752.733,19754.467,1.734,0.0,0.0,81.86,0.791,0.178,0.8793,0.8267,0.0111
3583,19754.533,19755.733,1.2,0.0,0.0,91.73,0.905,0.1827,0.9711,0.8667,0.0181
3584,19755.8,19757.133,1.333,0.0,0.0,71.07,0.863,0.1527,0.6813,0.4858,0.0195
3585,19757.2,19762.733,5.533,0.0,0.0,95.61,0.713,0.1569,0.939,0.8512,0.0128
3586,19762.8,19765.733,2.933,0.0,0.0,100.41,0.795,0.1795,0.9621,0.8922,0.023
3587,19765.8,19772.667,6.867,0.0,0.0,98.49,0.797,0.166,1.0804,0.9682,0.0174
3588,19772.733,19782.8,10.067,0.0,0.0,89.07,0.836,0.1672,0.9583,0.8662,0.0067
3589,19782.867,19785.0,2.133,0.0,0.0,81.47,0.85,0.1549,1.0663,0.9695,0.0215
3590,19785.067,19786.6,1.533,0.0,0.0,86.12,0.88,0.1427,0.9977,0.7653,0.0326
3591,19786.667,19788.067,1.4,0.0,0.0,85.53,0.758,0.1435,0.8736,0.7035,0.0266
3592,19788.133,19789.667,1.534,0.0,0.0,95.77,0.662,0.1366,0.7098,0.5971,0.0109
3593,19789.733,19792.667,2.934,0.0,0.0,88.21,0.824,0.1406,0.9261,0.7813,0.013
3594,19792.733,19795.067,2.334,0.0,0.0,84.74,0.773,0.141,0.9338,0.7857,0.0139
3595,19795.133,19798.133,3.0,0.0,0.0,89.83,0.836,0.1459,0.7359,0.6298,0.0172
3596,19798.2,19802.667,4.467,0.0,0.0,90.37,0.816,0.1385,0.837,0.7182,0.0127
3597,19802.733,19804.133,1.4,0.0,0.0,76.37,0.798,0.1416,0.8671,0.7339,0.018
3598,19804.2,19806.333,2.133,0.0,0.0,94.82,0.912,0.1386,0.7036,0.5617,0.0309
3599,19806.4,19812.867,6.467,0.0,0.0,100.5,0.747,0.1685,1.1021,1.0268,0.0164
3600,19812.933,19822.733,9.8,0.0,0.0,92.9,0.842,0.1672,0.9011,0.755,0.007
3601,19822.8,19825.333,2.533,0.0,0.0,92.71,0.827,0.1715,1.0253,0.8271,0.0229
3602,19825.4,19832.867,7.467,0.0,0.0,90.09,0.783,0.1723,0.9355,0.8484,0.0188
3603,19832.933,19834.333,1.4,0.0,0.0,87.05,0.693,0.16,0.9985,0.9026,0.0118
3604,19834.4,19838.067,3.667,0.0,0.0,92.04,0.735,0.1544,1.0834,0.9573,0.0176
3605,19838.133,19842.8,4.667,0.0,0.0,100.1,0.712,0.1483,0.978,0.9088,0.0125
3606,19842.867,19848.067,5.2,0.0,0.0,90.27,0.813,0.1559,0.995,0.937,0.0263
3607,19848.133,19852.8,4.667,0.0,0.0,97.06,0.738,0.1568,1.0825,1.0242,0.0129
3608,19852.867,19862.533,9.666,0.0,0.0,96.51,0.715,0.1548,0.9673,0.9171,0.0065
3609,19862.6,19868.067,5.467,0.0,0.0,90.63,0.826,0.1457,1.0497,0.9553,0.0259
3610,19868.133,19872.667,4.534,0.0,0.0,98.85,0.645,0.1542,0.9627,0.8987,0.0125
3611,19872.733,19878.067,5.334,0.0,0.0,90.94,0.782,0.1599,0.9503,0.9094,0.016
3612,19878.133,19882.733,4.6,0.0,0.0,99.09,0.721,0.1651,0.9408,0.8612,0.0125
3613,19882.8,19886.867,4.067,0.0,0.0,91.73,0.814,0.1792,1.0515,0.975,0.0262
3614,19886.933,19892.8,5.867,0.0,0.0,94.79,0.681,0.165,0.9275,0.8255,0.015
3615,19892.867,19902.867,10.0,0.0,0.0,94.76,0.747,0.1622,0.9777,0.8619,0.0073
3616,19902.933,19903.933,1.0,0.0,0.0,79.75,0.795,0.1616,0.7501,0.6512,0.0136
3617,19904.0,19908.067,4.067,0.0,0.0,89.12,0.893,0.1784,1.025,0.8716,0.03
3618,19908.133,19912.8,4.667,0.0,0.0,94.59,0.697,0.166,0.9283,0.8369,0.0128
3619,19912.867,19922.667,9.8,0.0,0.0,92.49,0.764,0.1618,0.9363,0.8203,0.0143
3620,19922.733,19932.667,9.934,0.0,0.0,93.44,0.736,0.1642,0.9246,0.8547,0.0198
3621,19932.733,19942.733,10.0,0.0,0.0,93.84,0.785,0.1741,0.9427,0.8933,0.007
3622,19942.8,19947.2,4.4,0.0,0.0,85.88,0.804,0.1551,0.9243,0.8636,0.0203
3623,19947.267,19951.933,4.666,0.0,0.0,97.51,0.761,0.1598,0.9721,0.8848,0.0131
3624,19952.0,19953.533,1.533,0.0,0.0,86.26,0.653,0.1652,0.8804,0.7783,0.0186
3625,19953.6,19957.067,3.467,0.0,0.0,91.67,0.774,0.1692,1.0403,0.8916,0.0296
3626,19957.133,19961.867,4.734,0.0,0.0,97.58,0.684,0.1532,0.9237,0.8327,0.0128
3627,19961.933,19967.067,5.134,0.0,0.0,89.54,0.781,0.1434,1.0803,1.0193,0.0158
3628,19967.133,19970.067,2.934,0.0,0.0,93.8,0.768,0.1531,0.977,0.9078,0.0128
3629,19970.133,19976.933,6.8,0.0,0.0,122.12,0.882,0.1345,0.9806,0.9126,0.024
3630,19977.0,19986.933,9.933,0.0,0.0,124.62,0.851,0.1285,0.8588,0.7998,0.007
3631,19987.0,19996.933,9.933,0.0,0.0,124.61,0.847,0.1305,0.9472,0.8944,0.0198
3632,19997.0,20007.933,10.933,0.0,0.0,124.65,0.853,0.1454,0.8628,0.8074,0.0133
3633,20008.0,20017.067,9.067,0.0,0.0,121.04,0.884,0.1474,0.8642,0.7976,0.0219
3634,20017.133,20018.067,0.934,0.0,0.0,136.63,0.697,0.1474,0.7914,0.7873,0.0041
3635,20018.133,20026.933,8.8,0.0,0.0,121.67,0.882,0.1495,0.8704,0.815,0.0071
3636,20027.0,20027.933,0.933,0.0,0.0,141.37,0.695,0.144,0.8348,0.8192,0.0036
3637,20028.0,20036.933,8.933,0.0,0.0,122.98,0.89,0.1473,0.8796,0.8119,0.0217
3638,20037.0,20046.933,9.933,0.0,0.0,123.49,0.865,0.1393,0.8317,0.7582,0.0144
3639,20047.0,20066.933,19.933,0.0,0.0,124.02,0.869,0.1429,0.8924,0.8358,0.0138
3640,20067.0,20076.933,9.933,0.0,0.0,123.91,0.864,0.1469,0.8883,0.8256,0.0199
3641,20077.0,20097.067,20.067,0.0,0.0,122.73,0.867,0.1452,0.8895,0.8314,0.0172
3642,20097.133,20106.933,9.8,0.0,0.0,122.95,0.865,0.15,0.8225,0.7741,0.0066
3643,20107.0,20111.933,4.933,0.0,0.0,125.94,0.839,0.1442,0.9468,0.8959,0.013
3644,20112.0,20117.067,5.067,0.0,0.0,82.04,0.855,0.1832,1.0207,0.9437,0.0267
3645,20117.133,20121.8,4.667,0.0,0.0,87.2,0.819,0.1712,0.9982,0.8992,0.0125
3646,20121.867,20124.533,2.666,0.0,0.0,78.62,0.868,0.1805,0.9357,0.8846,0.0143
3647,20124.6,20127.2,2.6,0.0,0.0,111.28,0.763,0.1677,0.9123,0.7949,0.0166
3648,20127.267,20131.533,4.266,0.0,0.0,113.15,0.778,0.1632,0.8734,0.7568,0.0128
3649,20131.6,20133.067,1.467,0.0,0.0,103.56,0.612,0.1546,0.8586,0.7773,0.0165
3650,20133.133,20141.867,8.734,0.0,0.0,96.31,0.669,0.1707,0.9892,0.8987,0.0202
3651,20141.933,20144.867,2.934,0.0,0.0,86.22,0.825,0.1686,0.9573,0.8867,0.003
3652,20144.933,20147.933,3.0,0.0,0.0,114.78,0.781,0.1651,0.8501,0.7956,0.0009
3653,20148.0,20150.467,2.467,0.0,0.0,108.79,0.801,0.1392,0.8243,0.7463,0.0157
3654,20150.533,20153.733,3.2,0.0,0.0,121.14,0.856,0.1205,0.8503,0.7896,0.0173
3655,20153.8,20154.8,1.0,0.0,0.0,94.93,0.855,0.1384,0.5581,0.4465,0.0316
3656,20154.867,20161.733,6.866,0.0,0.0,104.39,0.669,0.1563,0.7921,0.6534,0.0178
3657,20161.8,20167.067,5.267,0.0,0.0,97.83,0.615,0.1756,0.957,0.8637,0.0157
3658,20167.133,20171.733,4.6,0.0,0.0,100.88,0.761,0.1688,0.9411,0.8718,0.0124
3659,20171.8,20173.333,1.533,0.0,0.0,90.97,0.692,0.1697,0.9256,0.8667,0.0185
3660,20173.4,20174.733,1.333,0.0,0.0,97.2,0.8,0.1532,1.0443,0.932,0.0302
3661,20174.8,20177.067,2.267,0.0,0.0,89.3,0.847,0.1641,0.9567,0.8452,0.0284
3662,20177.133,20178.133,1.0,0.0,0.0,105.24,0.643,0.1489,0.8766,0.8346,0.0059
3663,20178.2,20181.667,3.467,0.0,0.0,88.66,0.83,0.1507,0.7537,0.6599,0.014
3664,20181.733,20191.733,10.0,0.0,0.0,112.61,0.828,0.1446,0.8373,0.7503,0.0071
3665,20191.8,20196.933,5.133,0.0,0.0,110.01,0.862,0.1542,0.9356,0.8388,0.027
3666,20197.0,20207.067,10.067,0.0,0.0,111.47,0.867,0.1561,0.9611,0.8492,0.0148
3667,20207.133,20217.067,9.934,0.0,0.0,111.47,0.869,0.159,0.9805,0.8716,0.0198
3668,20217.133,20237.333,20.2,0.0,0.0,112.0,0.862,0.1547,0.935,0.8335,0.0135
3669,20237.4,20241.733,4.333,0.0,0.0,101.92,0.767,0.1363,0.9288,0.762,0.0141
3670,20241.8,20247.133,5.333,0.0,0.0,100.89,0.883,0.1512,0.9366,0.7784,0.0157
3671,20247.2,20251.733,4.533,0.0,0.0,109.28,0.839,0.1446,1.1132,0.9468,0.0123
3672,20251.8,20257.133,5.333,0.0,0.0,100.03,0.883,0.155,1.0783,0.924,0.0252
3673,20257.2,20261.933,4.733,0.0,0.0,89.8,0.657,0.1398,0.8528,0.7752,0.0129
3674,20262.0,20265.8,3.8,0.0,0.0,91.97,0.773,0.1568,1.0363,1.0107,0.0015
3675,20265.867,20267.133,1.266,0.0,0.0,112.41,0.719,0.135,1.0966,1.0603,0.001
3676,20267.2,20268.2,1.0,0.0,0.0,125.59,0.675,0.146,0.8675,0.8375,0.0062
3677,20268.267,20277.133,8.866,0.0,0.0,109.07,0.88,0.1516,1.0471,0.985,0.0213
3678,20277.2,20281.533,4.333,0.0,0.0,115.65,0.808,0.1442,0.9462,0.8792,0.0124
3679,20281.6,20287.2,5.6,0.0,0.0,105.05,0.888,0.1521,0.9649,0.9199,0.0151
3680,20287.267,20288.267,1.0,0.0,0.0,124.34,0.638,0.1394,0.9608,0.9351,0.0061
3681,20288.333,20295.667,7.334,0.0,0.0,108.11,0.856,0.1522,1.0013,0.9358,0.0219
3682,20295.733,20297.2,1.467,0.0,0.0,111.53,0.88,0.164,0.8921,0.7988,0.0249
3683,20297.267,20298.6,1.333,0.0,0.0,126.86,0.708,0.155,0.8819,0.8288,0.0102
3684,20298.667,20307.2,8.533,0.0,0.0,112.2,0.896,0.1637,0.9923,0.9108,0.0068
3685,20307.267,20308.267,1.0,0.0,0.0,129.03,0.69,0.1582,0.9169,0.8779,0.006
3686,20308.333,20318.267,9.934,0.0,0.0,113.09,0.852,0.1601,0.9298,0.8437,0.0195
3687,20318.333,20327.267,8.934,0.0,0.0,111.11,0.899,0.1619,0.9999,0.9206,0.0158
3688,20327.333,20337.267,9.934,0.0,0.0,113.78,0.838,0.1575,0.9707,0.8909,0.0202
3689,20337.333,20338.267,0.934,0.0,0.0,133.03,0.676,0.1423,0.9679,0.9392,0.0041
3690,20338.333,20348.333,10.0,0.0,0.0,115.04,0.837,0.1448,1.0935,1.0372,0.0071
3691,20348.4,20357.333,8.933,0.0,0.0,111.91,0.871,0.1466,1.0293,0.9392,0.0212
3692,20357.4,20361.933,4.533,0.0,0.0,95.92,0.717,0.1445,0.9671,0.8368,0.0127
3693,20362.0,20367.533,5.533,0.0,0.0,91.82,0.723,0.1586,1.0115,0.9693,0.0147
3694,20367.6,20371.933,4.333,0.0,0.0,96.85,0.787,0.1568,1.1576,1.0891,0.0129
3695,20372.0,20375.333,3.333,0.0,0.0,89.9,0.756,0.1785,1.0893,1.0457,0.028
3696,20375.4,20382.0,6.6,0.0,0.0,97.07,0.812,0.1553,1.0662,1.0098,0.0166
3697,20382.067,20387.333,5.266,0.0,0.0,93.17,0.771,0.1554,1.1365,1.0842,0.0014
3698,20387.4,20392.133,4.733,0.0,0.0,94.92,0.659,0.1643,0.9294,0.829,0.0124
3699,20392.2,20393.867,1.667,0.0,0.0,92.37,0.737,0.1659,0.9728,0.8636,0.02
3700,20393.933,20394.6,0.667,0.0,0.0,97.53,0.841,0.1755,1.0457,0.8823,0.031
3701,20394.667,20395.533,0.866,0.0,0.0,94.0,0.815,0.1699,1.0239,0.866,0.0324
3702,20395.6,20397.333,1.733,0.0,0.0,91.63,0.779,0.1612,0.9044,0.7713,0.0259
3703,20397.4,20402.067,4.667,0.0,0.0,93.19,0.754,0.156,0.8492,0.7331,0.0125
3704,20402.133,20407.333,5.2,0.0,0.0,84.61,0.844,0.1705,1.0152,0.9036,0.0155
3705,20407.4,20412.067,4.667,0.0,0.0,95.71,0.692,0.1681,0.9738,0.8786,0.0135
3706,20412.133,20417.333,5.2,0.0,0.0,91.18,0.767,0.1724,0.9264,0.7962,0.0253
3707,20417.4,20422.067,4.667,0.0,0.0,97.18,0.785,0.1779,0.9463,0.8739,0.0126
3708,20422.133,20423.0,0.867,0.0,0.0,77.98,0.818,0.1743,0.8364,0.8077,0.005
3709,20423.067,20424.267,1.2,0.0,0.0,92.75,0.821,0.1817,0.9647,0.9176,0.0
3710,20424.333,20425.667,1.334,0.0,0.0,75.9,0.888,0.1574,1.0305,0.8759,0.0
3711,20425.733,20432.067,6.334,0.0,0.0,98.58,0.729,0.1649,0.9346,0.8434,0.0098
3712,20432.133,20434.333,2.2,0.0,0.0,100.52,0.822,0.1798,0.912,0.862,0.0213
3713,20434.4,20436.067,1.667,0.0,0.0,103.04,0.942,0.1903,1.1131,1.0715,0.0328
3714,20436.133,20442.067,5.934,0.0,0.0,95.9,0.758,0.1525,0.9889,0.8669,0.015
3715,20442.133,20447.333,5.2,0.0,0.0,86.75,0.859,0.1573,1.2105,1.0724,0.0151
3716,20447.4,20451.933,4.533,0.0,0.0,92.5,0.768,0.1527,1.033,0.9022,0.0124
3717,20452.0,20454.267,2.267,0.0,0.0,81.03,0.73,0.1509,1.0443,0.9204,0.0239
3718,20454.333,20457.333,3.0,0.0,0.0,93.5,0.799,0.1676,0.9113,0.7594,0.0277
3719,20457.4,20462.067,4.667,0.0,0.0,100.42,0.777,0.1542,0.9786,0.8138,0.013
3720,20462.133,20463.333,1.2,0.0,0.0,89.65,0.792,0.1497,0.7731,0.5224,0.0036
3721,20463.4,20467.467,4.067,0.0,0.0,85.71,0.885,0.1669,1.2403,1.1769,0.0006
3722,20467.533,20472.133,4.6,0.0,0.0,89.1,0.815,0.1596,1.2573,1.1661,0.0132
3723,20472.2,20474.067,1.867,0.0,0.0,93.15,0.756,0.1539,1.2277,1.1501,0.0195
3724,20474.133,20482.133,8.0,0.0,0.0,87.78,0.821,0.1353,1.0379,0.878,0.0197
3725,20482.2,20497.467,15.267,0.0,0.0,85.49,0.827,0.1327,0.9133,0.8045,0.019
3726,20497.533,20498.533,1.0,0.0,0.0,107.71,0.62,0.1269,1.0548,0.9569,0.0064
3727,20498.6,20502.067,3.467,0.0,0.0,93.86,0.834,0.1337,1.1038,0.9639,0.0146
3728,20502.133,20503.733,1.6,0.0,0.0,86.27,0.717,0.1364,0.8341,0.7867,0.0056
3729,20503.8,20507.4,3.6,0.0,0.0,115.48,0.877,0.152,0.966,0.9061,0.0
3730,20507.467,20508.533,1.066,0.0,0.0,130.59,0.627,0.138,0.9283,0.9002,0.0079
3731,20508.6,20510.067,1.467,0.0,0.0,115.71,0.717,0.1499,0.9593,0.892,0.0172
3732,20510.133,20510.667,0.534,0.0,0.0,114.99,0.947,0.1636,1.0789,0.9789,0.0125
3733,20510.733,20517.533,6.8,0.0,0.0,111.4,0.909,0.1661,0.8588,0.7666,0.0229
3734,20517.6,20518.4,0.8,0.0,0.0,132.28,0.696,0.156,0.9864,0.9365,0.0012
3735,20518.467,20527.533,9.066,0.0,0.0,109.8,0.871,0.159,0.9907,0.9123,0.0155
3736,20527.6,20528.6,1.0,0.0,0.0,127.64,0.682,0.1579,0.9348,0.9103,0.0062
3737,20528.667,20537.667,9.0,0.0,0.0,110.43,0.903,0.1662,0.9925,0.9033,0.0218
3738,20537.733,20538.733,1.0,0.0,0.0,127.77,0.621,0.1526,1.0034,0.9671,0.0045
3739,20538.8,20547.667,8.867,0.0,0.0,112.63,0.902,0.1641,1.0066,0.9357,0.0068
3740,20547.733,20548.867,1.134,0.0,0.0,129.77,0.698,0.1552,0.9442,0.9019,0.0082
3741,20548.933,20557.667,8.734,0.0,0.0,111.07,0.898,0.1613,1.0046,0.9257,0.0215
3742,20557.733,20558.8,1.067,0.0,0.0,129.81,0.696,0.1538,0.934,0.9011,0.0082
3743,20558.867,20562.6,3.733,0.0,0.0,96.83,0.751,0.1607,0.9166,0.8033,0.015
3744,20562.667,20565.133,2.466,0.0,0.0,92.8,0.788,0.1659,0.9695,0.8439,0.0139
3745,20565.2,20572.467,7.267,0.0,0.0,94.13,0.8,0.1749,0.9084,0.8385,0.0143
3746,20572.533,20573.867,1.334,0.0,0.0,66.07,0.761,0.1328,0.9826,0.8095,0.0223
3747,20573.933,20575.133,1.2,0.0,0.0,90.91,0.821,0.1604,0.8705,0.6415,0.0301
3748,20575.2,20576.667,1.467,0.0,0.0,86.44,0.902,0.1649,0.8721,0.7456,0.0321
3749,20576.733,20582.467,5.734,0.0,0.0,101.79,0.721,0.165,0.8781,0.8261,0.0143
3750,20582.533,20584.2,1.667,0.0,0.0,96.94,0.774,0.168,1.0606,1.0468,0.0024
3751,20584.267,20587.933,3.666,0.0,0.0,96.1,0.826,0.1594,0.9724,0.9423,0.0006
3752,20588.0,20592.667,4.667,0.0,0.0,90.28,0.806,0.1587,0.9698,0.9251,0.0126
3753,20592.733,20602.667,9.934,0.0,0.0,87.0,0.8,0.1617,0.9517,0.8754,0.0196
3754,20602.733,20606.867,4.134,0.0,0.0,92.76,0.788,0.1705,0.9649,0.9274,0.0153
3755,20606.933,20612.733,5.8,0.0,0.0,95.26,0.801,0.1693,0.9693,0.8035,0.0137
3756,20612.8,20634.067,21.267,0.0,0.0,113.45,0.848,0.1522,0.8124,0.7184,0.015
3757,20634.133,20638.067,3.934,0.0,0.0,114.05,0.88,0.1662,0.7263,0.589,0.0299
3758,20638.133,20642.733,4.6,0.0,0.0,116.04,0.849,0.1633,0.7916,0.6834,0.0129
3759,20642.8,20648.067,5.267,0.0,0.0,110.07,0.901,0.1686,0.9568,0.8571,0.0158
3760,20648.133,20652.733,4.6,0.0,0.0,116.25,0.842,0.1636,0.8127,0.7018,0.0123
3761,20652.8,20658.267,5.467,0.0,0.0,110.93,0.891,0.1733,0.8386,0.7226,0.0272
3762,20658.333,20662.733,4.4,0.0,0.0,117.54,0.866,0.166,0.866,0.7584,0.0136
3763,20662.8,20668.467,5.667,0.0,0.0,113.6,0.888,0.1713,0.828,0.7433,0.0022
3764,20668.533,20673.0,4.467,0.0,0.0,116.97,0.848,0.1643,0.997,0.8979,0.013
3765,20673.067,20676.067,3.0,0.0,0.0,109.33,0.873,0.1676,0.7861,0.684,0.0241
3766,20676.133,20678.2,2.067,0.0,0.0,109.7,0.814,0.141,0.8814,0.7811,0.0283
3767,20678.267,20682.867,4.6,0.0,0.0,109.32,0.849,0.1364,0.7394,0.6659,0.0127
3768,20682.933,20688.267,5.334,0.0,0.0,103.92,0.869,0.1335,0.8114,0.7144,0.0152
3769,20688.333,20692.8,4.467,0.0,0.0,106.71,0.842,0.1249,0.8722,0.6297,0.0136
3770,20692.867,20698.267,5.4,0.0,0.0,100.22,0.883,0.1341,0.7486,0.4762,0.0256
3771,20698.333,20702.867,4.534,0.0,0.0,105.15,0.829,0.1281,0.8091,0.66,0.0123
3772,20702.933,20706.067,3.134,0.0,0.0,100.66,0.841,0.1314,0.9303,0.838,0.0023
3773,20706.133,20708.4,2.267,0.0,0.0,110.41,0.823,0.1479,0.9043,0.8822,0.0009
3774,20708.467,20713.067,4.6,0.0,0.0,115.01,0.827,0.1561,1.0758,0.9852,0.013
3775,20713.133,20714.6,1.467,0.0,0.0,105.02,0.744,0.1573,0.927,0.853,0.0168
3776,20714.667,20718.467,3.8,0.0,0.0,112.7,0.915,0.1705,0.8499,0.7216,0.0292
3777,20718.533,20723.133,4.6,0.0,0.0,118.41,0.846,0.163,0.8647,0.7527,0.0125
3778,20723.2,20728.467,5.267,0.0,0.0,111.08,0.907,0.1672,0.8509,0.7465,0.0152
3779,20728.533,20733.133,4.6,0.0,0.0,116.06,0.846,0.1641,0.8448,0.7449,0.0129
3780,20733.2,20738.667,5.467,0.0,0.0,111.7,0.887,0.1693,0.8869,0.7776,0.0253
3781,20738.733,20743.067,4.334,0.0,0.0,111.04,0.801,0.133,0.724,0.6468,0.0129
3782,20743.133,20748.4,5.267,0.0,0.0,105.96,0.867,0.13,0.7614,0.645,0.0018
3783,20748.467,20752.867,4.4,0.0,0.0,111.24,0.85,0.1159,1.0568,0.8184,0.0124
3784,20752.933,20758.467,5.534,0.0,0.0,105.79,0.888,0.1213,0.644,0.3538,0.0255
3785,20758.533,20762.933,4.4,0.0,0.0,110.02,0.851,0.1202,1.0292,0.8659,0.0121
3786,20763.0,20765.467,2.467,0.0,0.0,98.96,0.846,0.1201,0.8593,0.6234,0.0134
3787,20765.533,20768.467,2.934,0.0,0.0,113.46,0.87,0.1395,1.3152,1.2341,0.0173
3788,20768.533,20773.067,4.534,0.0,0.0,117.88,0.849,0.1448,1.0243,0.933,0.0133
3789,20773.133,20775.6,2.467,0.0,0.0,110.56,0.829,0.1559,1.1519,1.0562,0.0242
3790,20775.667,20778.6,2.933,0.0,0.0,113.8,0.902,0.1707,0.867,0.7408,0.0265
3791,20778.667,20783.133,4.466,0.0,0.0,117.66,0.853,0.1628,0.8051,0.6956,0.0129
3792,20783.2,20788.533,5.333,0.0,0.0,113.84,0.899,0.1678,0.8659,0.7732,0.0014
3793,20788.6,20793.133,4.533,0.0,0.0,117.51,0.861,0.1625,0.9667,0.8587,0.0126
3794,20793.2,20798.467,5.267,0.0,0.0,111.77,0.894,0.1676,0.7926,0.6766,0.0258
3795,20798.533,20803.133,4.6,0.0,0.0,104.95,0.792,0.1483,0.9034,0.7482,0.0124
3796,20803.2,20804.467,1.267,0.0,0.0,85.0,0.818,0.1378,0.5891,0.4212,0.0097
3797,20804.533,20807.267,2.734,0.0,0.0,103.99,0.855,0.1479,0.7043,0.6303,0.0186
3798,20807.333,20811.0,3.667,0.0,0.0,124.43,0.769,0.1182,0.8872,0.8479,0.0132
3799,20811.067,20814.333,3.266,0.0,0.0,92.82,0.798,0.1105,0.6186,0.4901,0.0131
3800,20814.4,20816.867,2.467,0.0,0.0,93.49,0.914,0.1707,1.0335,0.9539,0.0308
3801,20816.933,20818.4,1.467,0.0,0.0,70.79,0.85,0.1282,0.6349,0.508,0.0258
3802,20818.467,20823.133,4.666,0.0,0.0,104.24,0.698,0.1354,1.1187,0.9494,0.0126
3803,20823.2,20828.4,5.2,0.0,0.0,101.71,0.64,0.1557,1.2164,1.1391,0.0016
3804,20828.467,20833.067,4.6,0.0,0.0,105.91,0.584,0.1548,0.9097,0.8024,0.0121
3805,20833.133,20835.933,2.8,0.0,0.0,96.8,0.793,0.1619,0.952,0.8749,0.0232
3806,20836.0,20842.933,6.933,0.0,0.0,94.31,0.741,0.1591,1.0525,0.8941,0.0185
3807,20843.0,20846.867,3.867,0.0,0.0,87.39,0.812,0.1583,0.9722,0.8584,0.0157
3808,20846.933,20848.467,1.534,0.0,0.0,90.28,0.802,0.1382,0.9224,0.8277,0.0157
3809,20848.533,20853.267,4.734,0.0,0.0,97.27,0.805,0.1428,1.0386,0.9358,0.0125
3810,20853.333,20854.733,1.4,0.0,0.0,82.8,0.752,0.1485,0.7695,0.6422,0.0178
3811,20854.8,20859.467,4.667,0.0,0.0,98.8,0.761,0.1796,0.9633,0.8667,0.0233
3812,20859.533,20863.067,3.534,0.0,0.0,97.01,0.807,0.1483,0.9169,0.7999,0.0149
3813,20863.133,20867.8,4.667,0.0,0.0,88.71,0.796,0.1502,1.0318,0.979,0.0017
3814,20867.867,20868.467,0.6,0.0,0.0,91.64,0.676,0.1404,0.8124,0.7668,0.0057
3815,20868.533,20873.133,4.6,0.0,0.0,102.69,0.723,0.1528,0.9092,0.8266,0.0134
3816,20873.2,20878.533,5.333,0.0,0.0,97.1,0.741,0.1607,0.9283,0.8372,0.0262
3817,20878.6,20883.133,4.533,0.0,0.0,104.43,0.775,0.1737,1.0953,1.014,0.0125
3818,20883.2,20888.533,5.333,0.0,0.0,94.78,0.841,0.1429,0.8431,0.6802,0.0152
3819,20888.6,20893.133,4.533,0.0,0.0,108.88,0.835,0.1418,1.0531,0.8777,0.0124
3820,20893.2,20903.0,9.8,0.0,0.0,104.57,0.861,0.1492,0.93,0.7767,0.0208
3821,20903.067,20908.4,5.333,0.0,0.0,104.27,0.883,0.1497,1.1286,0.9811,0.0017
3822,20908.467,20913.067,4.6,0.0,0.0,107.87,0.859,0.1437,0.9906,0.8327,0.0126
3823,20913.133,20918.533,5.4,0.0,0.0,103.13,0.897,0.1515,0.9696,0.7999,0.0258
3824,20918.6,20923.133,4.533,0.0,0.0,108.69,0.832,0.1423,1.0477,0.8127,0.0128
3825,20923.2,20928.533,5.333,0.0,0.0,97.72,0.799,0.15,0.9753,0.8391,0.0158
3826,20928.6,20933.333,4.733,0.0,0.0,95.33,0.691,0.1439,1.0139,0.9009,0.0123
3827,20933.4,20938.533,5.133,0.0,0.0,86.98,0.821,0.1491,0.7992,0.6931,0.0276
3828,20938.6,20943.267,4.667,0.0,0.0,99.27,0.812,0.1632,0.9508,0.8905,0.0126
3829,20943.333,20944.467,1.134,0.0,0.0,90.6,0.751,0.1526,0.8596,0.8346,0.0051
3830,20944.533,20948.533,4.0,0.0,0.0,97.43,0.8,0.1616,1.3703,1.3144,0.0005
3831,20948.6,20953.267,4.667,0.0,0.0,102.11,0.625,0.1367,0.8816,0.7528,0.0126
3832,20953.333,20958.667,5.334,0.0,0.0,94.76,0.671,0.1442,1.0207,0.8845,0.0253
3833,20958.733,20963.333,4.6,0.0,0.0,99.96,0.588,0.1489,1.0124,0.9036,0.0133
3834,20963.4,20973.333,9.933,0.0,0.0,96.11,0.686,0.1596,0.934,0.8895,0.014
3835,20973.4,20976.8,3.4,0.0,0.0,92.71,0.773,0.1617,1.047,0.9444,0.0249
3836,20976.867,20978.6,1.733,0.0,0.0,89.63,0.735,0.1316,0.6665,0.5124,0.0256
3837,20978.667,20982.533,3.866,0.0,0.0,111.36,0.827,0.1477,0.9113,0.7749,0.0126
3838,20982.6,20986.867,4.267,0.0,0.0,106.03,0.891,0.1531,0.9534,0.8264,0.0026
3839,20986.933,20988.667,1.734,0.0,0.0,89.79,0.7,0.1265,0.663,0.5156,0.0001
3840,20988.733,20991.933,3.2,0.0,0.0,111.58,0.805,0.144,0.7571,0.4781,0.0237
3841,20992.0,20993.2,1.2,0.0,0.0,107.82,0.938,0.1554,0.8367,0.6439,0.0506
3842,20993.267,20994.067,0.8,0.0,0.0,107.87,0.735,0.1493,0.7796,0.5636,0.0179
3843,20994.133,20996.133,2.0,0.0,0.0,108.42,0.822,0.1519,0.8421,0.6808,0.0092
3844,20996.2,20997.2,1.0,0.0,0.0,111.82,0.828,0.1545,0.8079,0.5661,0.0077
3845,20997.267,20998.533,1.266,0.0,0.0,72.49,0.237,0.0584,0.1652,0.049,0.077
3846,20998.6,21005.267,6.667,0.0,0.0,76.63,0.899,0.0869,0.2576,0.1625,0.0031
3847,21005.333,21057.067,51.734,0.0,0.0,91.43,0.75,0.0843,0.3297,0.2297,0.0148
3848,21057.133,21072.867,15.734,0.0,0.0,175.6,0.798,0.0581,0.2184,0.1093,0.0148
3849,21072.933,21076.467,3.534,0.0,0.0,62.61,0.0,0.0498,0.2377,0.1205,0.0083
3850,21076.533,21078.267,1.734,0.0,0.0,67.73,0.659,0.0427,0.1478,0.0559,0.0007
3851,21078.333,21100.933,22.6,0.0,0.0,67.65,0.969,0.0488,0.1373,0.0761,0.0116
3852,21101.0,21105.333,4.333,0.0,0.0,220.57,0.792,0.0282,0.2363,0.2106,0.0098
3853,21105.4,21107.933,2.533,0.0,0.0,4.56,0.764,0.01,0.0372,0.0261,0.0
3854,21108.0,21112.467,4.467,0.0,0.0,40.93,0.445,0.0389,0.2071,0.1422,0.0004
3855,21112.533,21159.667,47.134,0.0,0.0,96.42,0.775,0.0888,0.3405,0.2405,0.0165
3856,21159.733,21191.933,32.2,0.0,0.0,175.38,0.806,0.0584,0.2152,0.1096,0.0139
3857,21192.0,21194.067,2.067,0.0,0.0,65.16,0.156,0.0539,0.1987,0.0925,0.0193
3858,21194.133,21195.933,1.8,0.0,0.0,67.28,0.594,0.0459,0.1509,0.0571,0.0063
3859,21196.0,21218.6,22.6,0.0,0.0,67.89,0.969,0.0499,0.1354,0.0768,0.0116
3860,21218.667,21223.0,4.333,0.0,0.0,221.08,0.817,0.0282,0.2309,0.2036,0.0111
3861,21223.067,21225.6,2.533,0.0,0.0,4.55,0.764,0.0101,0.0372,0.0261,0.0
3862,21225.667,21277.333,51.666,0.0,0.0,91.27,0.751,0.0844,0.3316,0.2329,0.0151
3863,21277.4,21292.933,15.533,0.0,0.0,174.13,0.762,0.0573,0.2152,0.1196,0.0096
3864,21293.0,21293.533,0.533,0.0,0.0,65.11,0.715,0.0011,0.0037,0.0,0.0
3865,21293.6,21300.867,7.267,0.0,0.0,40.62,0.5,0.037,0.2113,0.1484,0.001
3866,21300.933,21306.467,5.534,0.0,0.0,67.02,0.916,0.0524,0.1739,0.0621,0.0028
3867,21306.533,21307.867,1.334,0.0,0.0,132.93,0.0,0.0832,0.455,0.2489,0.0458
3868,21307.933,21308.733,0.8,0.0,0.0,110.05,0.0,0.0557,0.328,0.1028,0.0332
3869,21308.8,21329.333,20.533,0.0,0.0,126.05,0.291,0.0911,0.4837,0.2527,0.033
3870,21329.4,21330.867,1.467,0.0,0.0,123.31,0.739,0.164,0.3327,0.1866,0.0248
3871,21330.933,21335.133,4.2,0.0,0.0,104.57,0.617,0.1162,0.608,0.4704,0.0158
3872,21335.2,21338.867,3.667,0.0,0.0,138.23,0.205,0.0935,0.3937,0.1095,0.0677
3873,21338.933,21342.667,3.734,0.0,0.0,126.91,0.173,0.0934,0.429,0.2331,0.05
3874,21342.733,21343.533,0.8,0.0,0.0,143.19,0.18,0.0286,0.0468,0.0079,0.0156
3875,21343.6,21351.533,7.933,0.0,0.0,138.79,0.483,0.0986,0.4671,0.1729,0.0452
3876,21351.6,21359.6,8.0,0.0,0.0,117.08,0.756,0.1292,0.6236,0.4643,0.0186
3877,21359.667,21363.933,4.266,0.0,0.0,108.79,0.266,0.0986,0.3411,0.176,0.0232
3878,21364.0,21367.533,3.533,0.0,0.0,94.34,0.457,0.0773,0.302,0.2427,0.0177
3879,21367.6,21370.467,2.867,0.0,0.0,99.7,0.373,0.0724,0.2639,0.1995,0.0229
3880,21370.533,21372.133,1.6,0.0,0.0,91.21,0.208,0.1155,0.5612,0.4054,0.018
3881,21372.2,21376.0,3.8,0.0,0.0,101.06,0.544,0.1236,0.541,0.3866,0.015
3882,21376.067,21393.067,17.0,0.0,0.0,102.84,0.311,0.104,0.436,0.2387,0.0289
3883,21393.133,21396.2,3.067,0.0,0.0,126.51,0.619,0.0727,0.5053,0.4298,0.0199
3884,21396.267,21397.933,1.666,0.0,0.0,74.46,0.956,0.0634,0.2029,0.0209,0.0273
3885,21398.0,21399.8,1.8,0.0,0.0,152.6,0.572,0.0155,0.0381,0.0,0.003
3886,21399.867,21403.8,3.933,0.0,0.0,82.73,0.759,0.0471,0.1201,0.0028,0.0094
3887,21403.867,21407.733,3.866,0.0,0.0,131.84,0.928,0.0794,0.1441,0.0626,0.0009
3888,21407.8,21411.8,4.0,0.0,0.0,100.34,0.93,0.0269,0.0922,0.0511,0.0
3889,21411.867,21415.733,3.866,0.0,0.0,113.07,0.933,0.0857,0.333,0.2596,0.0151
3890,21415.8,21419.8,4.0,0.0,0.0,115.27,0.867,0.1136,0.3593,0.1167,0.083
3891,21419.867,21423.667,3.8,0.0,0.0,109.49,0.947,0.0386,0.1217,0.0258,0.014
3892,21423.733,21427.8,4.067,0.0,0.0,119.05,0.841,0.1018,0.2111,0.0315,0.058
3893,21427.867,21431.667,3.8,0.0,0.0,113.97,0.927,0.0804,0.124,0.0077,0.0265
3894,21431.733,21435.8,4.067,0.0,0.0,114.38,0.881,0.1006,0.2772,0.0874,0.0668
3895,21435.867,21439.733,3.866,0.0,0.0,112.94,0.906,0.0708,0.1393,0.0305,0.02
3896,21439.8,21443.733,3.933,0.0,0.0,103.72,0.906,0.0927,0.3319,0.2403,0.0013
3897,21443.8,21447.867,4.067,0.0,0.0,108.13,0.936,0.0801,0.1215,0.0033,0.0008
3898,21447.933,21451.733,3.8,0.0,0.0,109.65,0.847,0.1441,0.5664,0.2992,0.1109
3899,21451.8,21455.733,3.933,0.0,0.0,126.51,0.875,0.0841,0.1579,0.04,0.0099
3900,21455.8,21459.733,3.933,0.0,0.0,120.85,0.912,0.1188,0.314,0.0713,0.0779
3901,21459.8,21464.533,4.733,0.0,0.0,120.48,0.822,0.1007,0.2696,0.2087,0.0
3902,21464.6,21466.667,2.067,0.0,0.0,115.72,0.64,0.0906,0.248,0.1579,0.0
3903,21466.733,21468.8,2.067,0.0,0.0,99.48,0.887,0.0853,0.2972,0.2088,0.0
3904,21468.867,21470.667,1.8,0.0,0.0,153.25,0.548,0.0158,0.043,0.002,0.0038
3905,21470.733,21474.667,3.934,0.0,0.0,83.44,0.764,0.0475,0.1202,0.0019,0.0093
3906,21474.733,21478.533,3.8,0.0,0.0,132.29,0.936,0.0843,0.1446,0.0625,0.002
3907,21478.6,21482.667,4.067,0.0,0.0,100.14,0.922,0.0261,0.093,0.0513,0.0002
3908,21482.733,21486.667,3.934,0.0,0.0,112.49,0.924,0.0858,0.3392,0.2609,0.0186
3909,21486.733,21490.667,3.934,0.0,0.0,115.49,0.875,0.1145,0.3548,0.0912,0.0849
3910,21490.733,21494.467,3.734,0.0,0.0,109.95,0.95,0.0391,0.1203,0.0287,0.0132
3911,21494.533,21498.667,4.134,0.0,0.0,118.67,0.841,0.0987,0.2076,0.0327,0.0561
3912,21498.733,21502.467,3.734,0.0,0.0,114.07,0.933,0.0814,0.1345,0.0109,0.0284
3913,21502.533,21506.667,4.134,0.0,0.0,113.84,0.875,0.1011,0.2701,0.0865,0.0595
3914,21506.733,21510.533,3.8,0.0,0.0,113.41,0.91,0.0723,0.1339,0.0306,0.017
3915,21510.6,21514.6,4.0,0.0,0.0,103.7,0.9,0.0905,0.3492,0.2565,0.0015
3916,21514.667,21518.733,4.066,0.0,0.0,108.01,0.93,0.0786,0.1183,0.0035,0.0006
3917,21518.8,21522.6,3.8,0.0,0.0,109.56,0.847,0.1453,0.5637,0.2985,0.1099
3918,21522.667,21526.533,3.866,0.0,0.0,126.55,0.887,0.0844,0.1595,0.0387,0.01
3919,21526.6,21530.533,3.933,0.0,0.0,120.83,0.917,0.1169,0.2977,0.0306,0.0735
3920,21530.6,21535.467,4.867,0.0,0.0,120.78,0.808,0.1,0.2653,0.2012,0.0
3921,21535.533,21537.667,2.134,0.0,0.0,113.26,0.638,0.0917,0.2587,0.1643,0.0
3922,21537.733,21539.667,1.934,0.0,0.0,100.01,0.959,0.0826,0.2968,0.2073,0.0
3923,21539.733,21544.267,4.534,0.0,0.0,110.13,0.202,0.0367,0.3476,0.1541,0.0027
3924,21544.333,21547.6,3.267,0.0,0.0,146.5,0.862,0.0599,0.4306,0.3778,0.0005
3925,21547.667,21575.667,28.0,0.0,0.0,115.16,0.835,0.1338,0.8437,0.7413,0.0099
3926,21575.733,21585.933,10.2,0.0,0.0,104.8,0.848,0.1378,0.903,0.8737,0.004
3927,21586.0,21593.733,7.733,0.0,0.0,115.1,0.804,0.1481,0.9813,0.9143,0.0032
3928,21593.8,21615.4,21.6,0.0,0.0,115.63,0.874,0.1267,0.8856,0.8729,0.0027
3929,21615.467,21619.067,3.6,0.0,0.0,110.53,0.861,0.2333,1.0555,0.9562,0.0138
3930,21619.133,21621.333,2.2,0.0,0.0,69.5,0.762,0.1799,1.088,0.9891,0.0091
3931,21621.4,21625.333,3.933,0.0,0.0,119.38,0.84,0.183,0.8145,0.7707,0.0099
3932,21625.4,21628.467,3.067,0.0,0.0,103.75,0.635,0.1454,0.9115,0.7735,0.0142
3933,21628.533,21630.0,1.467,0.0,0.0,133.59,0.886,0.0501,0.2173,0.1847,0.0219
3934,21630.067,21631.733,1.666,0.0,0.0,138.27,0.945,0.046,0.2099,0.1857,0.0133
3935,21631.8,21635.133,3.333,0.0,0.0,181.04,0.898,0.0492,0.7058,0.6855,0.0023
3936,21635.2,21637.533,2.333,0.0,0.0,170.49,0.872,0.0922,0.286,0.1026,0.1169
3937,21637.6,21640.867,3.267,0.0,0.0,163.06,0.904,0.0807,0.2503,0.0558,0.1298
3938,21640.933,21647.533,6.6,0.0,0.0,170.08,0.929,0.0867,0.2868,0.0928,0.1286
3939,21647.6,21651.533,3.933,0.0,0.0,114.12,0.326,0.1212,0.6494,0.5496,0.0342
3940,21651.6,21653.867,2.267,0.0,0.0,130.54,0.414,0.1522,1.1901,1.109,0.0057
3941,21653.933,21656.2,2.267,0.0,0.0,101.52,0.721,0.1535,1.0583,0.9249,0.0054
3942,21656.267,21658.933,2.666,0.0,0.0,57.95,0.576,0.1035,0.4747,0.303,0.0189
3943,21659.0,21661.333,2.333,0.0,0.0,80.52,0.617,0.1403,0.827,0.6444,0.0045
3944,21661.4,21673.0,11.6,0.0,0.0,119.45,0.384,0.1739,0.8575,0.6552,0.0601
3945,21673.067,21683.467,10.4,0.0,0.0,131.84,0.838,0.1435,0.6412,0.3837,0.0112
3946,21683.533,21686.933,3.4,0.0,0.0,114.54,0.871,0.1355,0.5348,0.451,0.0039
3947,21687.0,21692.4,5.4,0.0,0.0,134.75,0.81,0.1454,0.6719,0.3976,0.0016
3948,21692.467,21696.867,4.4,0.0,0.0,117.5,0.938,0.1857,0.6429,0.4847,0.0012
3949,21696.933,21700.067,3.134,0.0,0.0,133.83,0.834,0.1439,0.6938,0.4677,0.0082
3950,21700.133,21702.467,2.334,0.0,0.0,140.13,0.911,0.0419,0.19,0.0402,0.1362
3951,21702.533,21705.4,2.867,0.0,0.0,164.98,0.851,0.0689,0.1725,0.1031,0.0337
3952,21705.467,21711.933,6.466,0.0,0.0,138.44,0.836,0.163,0.6675,0.4823,0.0456
3953,21712.0,21714.667,2.667,0.0,0.0,107.49,0.885,0.1497,0.5878,0.3217,0.0939
3954,21714.733,21722.467,7.734,0.0,0.0,129.2,0.847,0.1408,0.5493,0.3058,0.0798
3955,21722.533,21728.4,5.867,0.0,0.0,114.11,0.803,0.1653,1.1713,0.9739,0.0028
3956,21728.467,21735.067,6.6,0.0,0.0,119.9,0.725,0.0966,0.5085,0.3556,0.0211
3957,21735.133,21746.133,11.0,0.0,0.0,105.36,0.575,0.1301,0.7428,0.5834,0.0081
3958,21746.2,21751.533,5.333,0.0,0.0,178.0,0.884,0.0618,0.1653,0.0435,0.1039
3959,21751.6,21754.067,2.467,0.0,0.0,182.85,0.799,0.0647,0.3011,0.2769,0.0004
3960,21754.133,21756.067,1.934,0.0,0.0,106.82,0.799,0.1111,0.5039,0.3581,0.0061
3961,21756.133,21759.4,3.267,0.0,0.0,134.9,0.899,0.0451,0.1926,0.1713,0.0103
3962,21759.467,21763.133,3.666,0.0,0.0,131.41,0.967,0.0655,0.2658,0.248,0.0062
3963,21763.2,21769.6,6.4,0.0,0.0,145.76,0.857,0.0657,0.4656,0.4042,0.0185
3964,21769.667,21773.533,3.866,0.0,0.0,139.75,0.91,0.0878,0.7138,0.6718,0.0001
3965,21773.6,21778.533,4.933,0.0,0.0,191.82,0.829,0.0794,0.4789,0.3711,0.0926
3966,21778.6,21783.867,5.267,0.0,0.0,136.15,0.753,0.1395,0.7395,0.4515,0.0138
3967,21783.933,21785.733,1.8,0.0,0.0,152.92,0.856,0.0451,0.1654,0.1513,0.0036
3968,21785.8,21788.667,2.867,0.0,0.0,160.89,0.875,0.0645,0.1885,0.1724,0.0014
3969,21788.733,21798.067,9.334,0.0,0.0,131.55,0.742,0.1141,0.5097,0.3585,0.0476
3970,21798.133,21800.667,2.534,0.0,0.0,156.57,0.676,0.0847,0.4565,0.3617,0.0001
3971,21800.733,21807.933,7.2,0.0,0.0,96.41,0.92,0.1531,1.1854,0.949,0.0001
3972,21808.0,21811.733,3.733,0.0,0.0,87.76,0.777,0.1435,1.0887,0.7633,0.01
3973,21811.8,21824.267,12.467,0.0,0.0,95.55,0.873,0.1476,1.1873,1.0028,0.0024
3974,21824.333,21826.133,1.8,0.0,0.0,175.63,0.537,0.06,0.2853,0.1984,0.0081
3975,21826.2,21827.133,0.933,0.0,0.0,104.73,0.659,0.1393,1.2549,1.2199,0.0
3976,21827.2,21841.0,13.8,0.0,0.0,110.38,0.907,0.1534,1.2694,1.2416,0.0004
3977,21841.067,21844.867,3.8,0.0,0.0,100.53,0.723,0.1453,0.9541,0.8928,0.009
3978,21844.933,21850.267,5.334,0.0,0.0,109.37,0.876,0.1538,1.1628,1.1241,0.0008
3979,21850.333,21853.067,2.734,0.0,0.0,103.98,0.888,0.1628,1.1827,1.1314,0.0002
3980,21853.133,21859.133,6.0,0.0,0.0,101.99,0.914,0.1593,1.2698,1.256,0.0002
3981,21859.2,21863.933,4.733,0.0,0.0,96.2,0.758,0.1501,0.9687,0.9448,0.0074
3982,21864.0,21865.733,1.733,0.0,0.0,107.22,0.831,0.1442,1.1314,1.0946,0.0017
3983,21865.8,21871.933,6.133,0.0,0.0,104.17,0.908,0.1453,1.1819,1.1519,0.0003
3984,21872.0,21876.933,4.933,0.0,0.0,103.73,0.909,0.1504,1.1343,1.0965,0.0001
3985,21877.0,21895.133,18.133,0.0,0.0,110.74,0.875,0.1227,1.0168,0.9027,0.0023
3986,21895.2,21896.467,1.267,0.0,0.0,110.49,0.96,0.1387,1.1997,1.0786,0.0
3987,21896.533,21940.133,43.6,0.0,0.0,115.3,0.877,0.1389,1.1157,1.0848,0.0019
3988,21940.2,22016.533,76.333,0.0,0.0,116.71,0.879,0.1462,1.0984,1.021,0.003
3989,22016.6,22018.467,1.867,0.0,0.0,171.77,0.456,0.061,0.2625,0.1648,0.0136
3990,22018.533,22062.933,44.4,0.0,0.0,114.74,0.892,0.1506,1.0789,0.969,0.0025
3991,22063.0,22069.6,6.6,0.0,0.0,133.91,0.936,0.1211,0.7959,0.7707,0.0003
3992,22069.667,22080.933,11.266,0.0,0.0,113.22,0.873,0.1242,0.7997,0.7535,0.0035
3993,22081.0,22088.133,7.133,0.0,0.0,119.59,0.918,0.1265,0.9259,0.8995,0.0005
3994,22088.2,22096.2,8.0,0.0,0.0,106.32,0.848,0.1266,0.7894,0.7287,0.0049
3995,22096.267,22111.333,15.066,0.0,0.0,124.28,0.919,0.1204,0.9682,0.8874,0.0543
3996,22111.4,22121.533,10.133,0.0,0.0,134.76,0.944,0.1254,0.9473,0.8307,0.0798
3997,22121.6,22122.4,0.8,0.0,0.0,143.13,0.913,0.1045,0.9454,0.8546,0.0806
3998,22122.467,22130.333,7.866,0.0,0.0,111.2,0.891,0.1043,0.7403,0.6836,0.0274
3999,22130.4,22131.867,1.467,0.0,0.0,101.51,0.893,0.1273,0.9918,0.8917,0.0573
4000,22131.933,22133.067,1.134,0.0,0.0,102.6,0.924,0.1433,1.1557,0.9795,0.0791
4001,22133.133,22146.267,13.134,0.0,0.0,139.09,0.839,0.136,0.7808,0.5992,0.1206
4002,22146.333,22156.533,10.2,0.0,0.0,97.35,0.938,0.1404,0.8901,0.7908,0.0356
4003,22156.6,22158.667,2.067,0.0,0.0,103.49,0.833,0.1476,0.935,0.8075,0.0361
4004,22158.733,22194.133,35.4,0.0,0.0,103.47,0.902,0.1539,1.0272,0.9346,0.0432
4005,22194.2,22203.733,9.533,0.0,0.0,105.51,0.838,0.1521,1.033,0.9892,0.0043
4006,22203.8,22209.133,5.333,0.0,0.0,108.25,0.912,0.1616,1.1582,1.1249,0.0002
4007,22209.2,22212.467,3.267,0.0,0.0,96.13,0.701,0.1655,0.7456,0.7269,0.0104
4008,22212.533,22241.867,29.334,0.0,0.0,103.93,0.814,0.1649,0.9739,0.9491,0.004
4009,22241.933,22246.933,5.0,0.0,0.0,60.99,0.91,0.1142,0.9991,0.8878,0.021
4010,22247.0,22263.933,16.933,0.0,0.0,93.64,0.771,0.1605,0.8689,0.795,0.0214
4011,22264.0,22266.933,2.933,0.0,0.0,93.86,0.833,0.1629,1.0357,0.922,0.0221
4012,22267.0,22268.867,1.867,0.0,0.0,168.81,0.696,0.075,0.3253,0.1631,0.0302
4013,22268.933,22281.267,12.334,0.0,0.0,81.2,0.891,0.1466,1.0358,0.8959,0.0207
4014,22281.333,22283.867,2.534,0.0,0.0,89.04,0.939,0.15,0.8564,0.5817,0.0177
4015,22283.933,22289.0,5.067,0.0,0.0,89.5,0.896,0.1573,1.0229,0.9048,0.0101
4016,22289.067,22290.867,1.8,0.0,0.0,161.08,0.662,0.0674,0.3067,0.1578,0.0163
4017,22290.933,22299.467,8.534,0.0,0.0,102.5,0.904,0.1308,0.9307,0.7799,0.0213
4018,22299.533,22311.133,11.6,0.0,0.0,117.01,0.919,0.1266,1.0505,0.9154,0.0789
4019,22311.2,22329.0,17.8,0.0,0.0,98.96,0.897,0.1212,0.8342,0.764,0.018
4020,22329.067,22333.733,4.666,0.0,0.0,98.94,0.905,0.1414,1.0918,1.0432,0.0288
4021,22333.8,22336.0,2.2,0.0,0.0,79.99,0.87,0.1342,0.8801,0.7566,0.0205
4022,22336.067,22373.867,37.8,0.0,0.0,102.42,0.913,0.139,1.0049,0.8668,0.0177
4023,22373.933,22386.533,12.6,0.0,0.0,140.72,0.861,0.1385,0.7221,0.4773,0.1235
4024,22386.6,22397.6,11.0,0.0,0.0,108.79,0.852,0.1303,1.1976,1.1273,0.0505
4025,22397.667,22403.667,6.0,0.0,0.0,119.83,0.926,0.1276,1.0984,1.0128,0.0786
4026,22403.733,22408.2,4.467,0.0,0.0,92.31,0.838,0.1276,0.7536,0.7197,0.0102
4027,22408.267,22422.6,14.333,0.0,0.0,102.4,0.918,0.1464,0.9977,0.9142,0.0622
4028,22422.667,22429.933,7.266,0.0,0.0,92.69,0.896,0.1412,0.8571,0.7875,0.0342
4029,22430.0,22432.333,2.333,0.0,0.0,89.7,0.722,0.1287,0.7279,0.6484,0.0077
4030,22432.4,22435.867,3.467,0.0,0.0,103.28,0.953,0.1536,0.823,0.6625,0.0178
4031,22435.933,22445.533,9.6,0.0,0.0,100.98,0.882,0.1546,0.8932,0.7307,0.0205
4032,22445.6,22458.6,13.0,0.0,0.0,132.63,0.819,0.1577,0.7539,0.5441,0.127
4033,22458.667,22464.333,5.666,0.0,0.0,99.24,0.897,0.1559,0.9102,0.8264,0.0095
4034,22464.4,22466.067,1.667,0.0,0.0,100.99,0.933,0.1533,0.7936,0.5675,0.0212
4035,22466.133,22467.533,1.4,0.0,0.0,98.75,0.8,0.1524,0.9056,0.813,0.0143
4036,22467.6,22537.067,69.467,0.0,0.0,113.71,0.91,0.1489,0.8583,0.7909,0.0195
4037,22537.133,22541.467,4.334,0.0,0.0,75.25,0.846,0.1486,1.3962,1.2828,0.0309
4038,22541.533,22579.133,37.6,0.0,0.0,115.41,0.902,0.153,0.8782,0.8066,0.0185
4039,22579.2,22601.867,22.667,0.0,0.0,110.27,0.912,0.1405,1.0629,0.9648,0.0358
4040,22601.933,22634.133,32.2,0.0,0.0,100.77,0.908,0.1434,1.0884,1.0033,0.0179
4041,22634.2,22645.267,11.067,0.0,0.0,70.4,0.856,0.1277,0.9671,0.8418,0.0208
4042,22645.333,22649.133,3.8,0.0,0.0,79.1,0.887,0.1371,1.0328,0.9122,0.0155
4043,22649.2,22657.4,8.2,0.0,0.0,91.98,0.894,0.1416,1.1431,1.0544,0.0243
4044,22657.467,22666.533,9.066,0.0,0.0,88.53,0.899,0.1375,1.1016,1.0277,0.0132
4045,22666.6,22670.133,3.533,0.0,0.0,89.75,0.885,0.1306,0.7736,0.702,0.0181
4046,22670.2,22676.333,6.133,0.0,0.0,89.17,0.927,0.1169,0.845,0.7487,0.0218
4047,22676.4,22683.667,7.267,0.0,0.0,85.05,0.917,0.1272,1.0814,0.9952,0.0234
4048,22683.733,22708.8,25.067,0.0,0.0,100.05,0.906,0.1354,0.857,0.7401,0.0167
4049,22708.867,22714.6,5.733,0.0,0.0,72.77,0.835,0.1294,1.1054,0.9857,0.0288
4050,22714.667,22718.267,3.6,0.0,0.0,69.08,0.914,0.1234,0.7961,0.6066,0.0171
4051,22718.333,22725.267,6.934,0.0,0.0,75.21,0.834,0.1382,1.0634,0.9593,0.0115
4052,22725.333,22727.4,2.067,0.0,0.0,81.74,0.931,0.1406,0.8779,0.6612,0.0177
4053,22727.467,22735.667,8.2,0.0,0.0,92.88,0.885,0.1423,0.8391,0.6962,0.0212
4054,22735.733,22736.867,1.134,0.0,0.0,89.71,0.93,0.1327,0.8524,0.6974,0.0177
4055,22736.933,22738.667,1.734,0.0,0.0,168.68,0.685,0.0525,0.2434,0.0677,0.0141
4056,22738.733,22746.467,7.734,0.0,0.0,100.93,0.859,0.1471,0.9667,0.8839,0.0247
4057,22746.533,22748.067,1.534,0.0,0.0,95.41,0.948,0.1487,0.8872,0.7566,0.0173
4058,22748.133,22757.867,9.734,0.0,0.0,94.95,0.889,0.1466,0.9452,0.8673,0.013
4059,22757.933,22769.2,11.267,0.0,0.0,99.91,0.843,0.1431,0.8191,0.718,0.0193
4060,22769.267,22776.0,6.733,0.0,0.0,115.94,0.835,0.1088,0.6475,0.509,0.0257
4061,22776.067,22790.4,14.333,0.0,0.0,97.7,0.891,0.138,0.8722,0.8066,0.0154
4062,22790.467,22796.133,5.666,0.0,0.0,85.99,0.878,0.1335,1.1348,1.0727,0.0226
4063,22796.2,22798.133,1.933,0.0,0.0,92.4,0.921,0.1428,0.7618,0.6428,0.0177
4064,22798.2,22800.667,2.467,0.0,0.0,95.18,0.836,0.1418,0.9083,0.8681,0.0227
4065,22800.733,22813.133,12.4,0.0,0.0,101.28,0.869,0.1556,1.0082,0.864,0.0188
4066,22813.2,22815.067,1.867,0.0,0.0,162.67,0.594,0.0541,0.2789,0.1447,0.0139
4067,22815.133,22838.133,23.0,0.0,0.0,81.42,0.905,0.1473,0.9953,0.8469,0.0224
4068,22838.2,22848.133,9.933,0.0,0.0,80.23,0.907,0.1465,1.0835,0.9571,0.0137
4069,22848.2,22851.333,3.133,0.0,0.0,82.36,0.891,0.152,1.0682,0.8959,0.0222
4070,22851.4,22852.067,0.667,0.0,0.0,101.28,0.643,0.0947,0.6025,0.406,0.0302
4071,22852.133,22866.267,14.134,0.0,0.0,99.76,0.876,0.1356,0.8213,0.7461,0.0211
4072,22866.333,22872.133,5.8,0.0,0.0,89.6,0.899,0.1465,0.9587,0.9024,0.0139
4073,22872.2,22872.933,0.733,0.0,0.0,102.19,0.613,0.0998,0.7131,0.6015,0.0
4074,22873.0,22878.067,5.067,0.0,0.0,81.37,0.808,0.1116,0.7891,0.6329,0.0158
4075,22878.133,22888.0,9.867,0.0,0.0,76.04,0.866,0.1303,0.972,0.8647,0.0214
4076,22888.067,22891.467,3.4,0.0,0.0,85.74,0.834,0.1415,1.2706,1.1739,0.0265
4077,22891.533,22899.467,7.934,0.0,0.0,95.52,0.901,0.1378,1.049,0.9257,0.0217
4078,22899.533,22907.4,7.867,0.0,0.0,102.65,0.896,0.1291,1.0546,0.9393,0.0118
4079,22907.467,22911.267,3.8,0.0,0.0,102.23,0.895,0.1252,0.7782,0.6939,0.0218
4080,22911.333,22912.0,0.667,0.0,0.0,103.18,0.646,0.093,0.5327,0.3371,0.0302
4081,22912.067,22915.533,3.466,0.0,0.0,90.31,0.796,0.1303,0.8598,0.6909,0.0198
4082,22915.6,22920.867,5.267,0.0,0.0,106.79,0.848,0.127,0.6201,0.372,0.0228
4083,22920.933,22922.467,1.534,0.0,0.0,79.87,0.52,0.0665,0.4238,0.3002,0.0344
4084,22922.533,22925.533,3.0,0.0,0.0,125.32,0.149,0.0493,0.3144,0.1082,0.0118
4085,22925.6,22929.067,3.467,0.0,0.0,144.23,0.78,0.0599,0.4017,0.3473,0.0001
4086,22929.133,22937.933,8.8,0.0,0.0,49.21,0.636,0.0535,0.226,0.1282,0.0094
4087,22938.0,22938.533,0.533,0.0,0.0,59.12,0.433,0.111,0.4758,0.2325,0.0142
4088,22938.6,22939.133,0.533,0.0,0.0,86.14,0.681,0.1075,0.5945,0.4902,0.0143
4089,22939.2,22940.867,1.667,0.0,0.0,71.21,0.674,0.1136,0.4656,0.1878,0.0279
4090,22940.933,22943.267,2.334,0.0,0.0,94.55,0.887,0.074,0.1782,0.0518,0.026
4091,22943.333,22945.267,1.934,0.0,0.0,65.5,0.711,0.1351,0.5008,0.4023,0.0161
4092,22945.333,22949.333,4.0,0.0,0.0,49.09,0.81,0.0902,0.3791,0.2179,0.0169
4093,22949.4,22950.467,1.067,0.0,0.0,93.38,0.765,0.09,0.2951,0.1945,0.0325
4094,22950.533,22951.133,0.6,0.0,0.0,75.44,0.829,0.1156,0.4323,0.1874,0.0337
4095,22951.2,22952.667,1.467,0.0,0.0,78.68,0.923,0.0824,0.3237,0.2197,0.0344
4096,22952.733,22955.133,2.4,0.0,0.0,86.39,0.765,0.0745,0.1911,0.0923,0.0184
4097,22955.2,22959.533,4.333,0.0,0.0,75.17,0.803,0.082,0.3486,0.205,0.0208
4098,22959.6,22961.4,1.8,0.0,0.0,67.17,0.658,0.077,0.2621,0.2042,0.0089
4099,22961.467,22962.867,1.4,0.0,0.0,75.8,0.89,0.0958,0.3216,0.2267,0.0
4100,22962.933,22964.467,1.534,0.0,0.0,80.48,0.773,0.0442,0.1104,0.0246,0.012
4101,22964.533,22966.133,1.6,0.0,0.0,71.16,0.875,0.0655,0.1969,0.1,0.0197
4102,22966.2,22968.267,2.067,0.0,0.0,38.61,0.898,0.0939,0.323,0.1628,0.0201
4103,22968.333,22969.867,1.534,0.0,0.0,82.85,0.764,0.07,0.1565,0.0335,0.0191
4104,22969.933,22971.067,1.134,0.0,0.0,82.7,0.899,0.1234,0.3663,0.1511,0.0281
4105,22971.133,22976.067,4.934,0.0,0.0,51.69,0.783,0.0925,0.4034,0.2851,0.0213
4106,22976.133,22978.067,1.934,0.0,0.0,87.33,0.88,0.0689,0.1912,0.0787,0.0181
4107,22978.133,22978.933,0.8,0.0,0.0,71.46,0.377,0.071,0.3747,0.2644,0.0032
4108,22979.0,22979.867,0.867,0.0,0.0,75.25,0.782,0.0798,0.2642,0.1319,0.0306
4109,22979.933,22981.133,1.2,0.0,0.0,119.79,0.732,0.1292,0.6135,0.4342,0.0333
4110,22981.2,22982.667,1.467,0.0,0.0,92.62,0.623,0.1343,0.519,0.3858,0.0347
4111,22982.733,22986.533,3.8,0.0,0.0,139.33,0.814,0.0656,0.2173,0.1199,0.0176
4112,22986.6,22992.267,5.667,0.0,0.0,79.7,0.874,0.0702,0.189,0.118,0.0138
4113,22992.333,22996.667,4.334,0.0,0.0,104.31,0.903,0.072,0.2105,0.1085,0.0158
4114,22996.733,23004.467,7.734,0.0,0.0,37.01,0.823,0.0694,0.2712,0.1194,0.0223
4115,23004.533,23044.467,39.934,0.0,0.0,95.63,0.835,0.0877,0.3602,0.2622,0.0197
4116,23044.533,23104.333,59.8,0.0,0.0,101.69,0.813,0.1225,0.3437,0.1534,0.0191
4117,23104.4,23107.933,3.533,0.0,0.0,186.44,0.925,0.0468,0.1543,0.0458,0.0177
4118,23108.0,23110.133,2.133,0.0,0.0,77.6,0.0,0.0562,0.2299,0.1122,0.03
4119,23110.2,23111.933,1.733,0.0,0.0,66.57,0.648,0.0428,0.1511,0.058,0.0003
4120,23112.0,23134.6,22.6,0.0,0.0,67.87,0.969,0.0499,0.1368,0.0747,0.0116
4121,23134.667,23139.0,4.333,0.0,0.0,220.77,0.818,0.0277,0.2309,0.2042,0.0108
4122,23139.067,23141.6,2.533,0.0,0.0,4.26,0.764,0.0098,0.0356,0.0261,0.0
4123,23141.667,23146.2,4.533,0.0,0.0,40.16,0.426,0.0378,0.205,0.13,0.0006
4124,23146.267,23188.333,42.066,0.0,0.0,94.06,0.829,0.0907,0.3627,0.2393,0.0197
4125,23188.4,23189.933,1.533,0.0,0.0,72.04,0.669,0.1514,0.62,0.5036,0.0198
4126,23190.0,23192.933,2.933,0.0,0.0,78.28,0.789,0.1636,0.7791,0.665,0.0344
4127,23193.0,23194.533,1.533,0.0,0.0,69.1,0.637,0.1416,0.6596,0.5291,0.0149
4128,23194.6,23197.667,3.067,0.0,0.0,103.7,0.897,0.1602,0.6136,0.371,0.0177
4129,23197.733,23201.267,3.534,0.0,0.0,66.5,0.791,0.1617,0.7237,0.589,0.0155
4130,23201.333,23208.2,6.867,0.0,0.0,74.16,0.732,0.1568,0.7168,0.58,0.0121
4131,23208.267,23210.067,1.8,0.0,0.0,67.71,0.77,0.1494,0.6507,0.5338,0.0174
4132,23210.133,23212.933,2.8,0.0,0.0,79.75,0.68,0.1602,0.6639,0.5042,0.0295
4133,23213.0,23214.133,1.133,0.0,0.0,66.44,0.689,0.1279,0.6845,0.5961,0.0107
4134,23214.2,23216.533,2.333,0.0,0.0,74.08,0.742,0.1513,0.7617,0.6374,0.0192
4135,23216.6,23238.2,21.6,0.0,0.0,109.6,0.833,0.1451,0.5768,0.4649,0.0184
4136,23238.267,23240.8,2.533,0.0,0.0,75.2,0.72,0.1572,0.6922,0.5865,0.0209
4137,23240.867,23242.933,2.066,0.0,0.0,75.69,0.812,0.1623,0.7303,0.5654,0.0299
4138,23243.0,23246.267,3.267,0.0,0.0,78.15,0.661,0.1179,0.5758,0.4482,0.0149
4139,23246.333,23255.667,9.334,0.0,0.0,81.69,0.772,0.1586,0.8864,0.8104,0.0228
4140,23255.733,23292.533,36.8,0.0,0.0,115.05,0.857,0.1504,0.8148,0.7177,0.0181
4141,23292.6,23298.067,5.467,0.0,0.0,83.29,0.79,0.1612,0.7799,0.6627,0.0153
4142,23298.133,23300.267,2.134,0.0,0.0,82.11,0.727,0.1614,0.7826,0.6506,0.0201
4143,23300.333,23310.067,9.734,0.0,0.0,76.54,0.726,0.1047,0.325,0.1532,0.0212
4144,23310.133,23314.267,4.134,0.0,0.0,180.6,0.761,0.0517,0.2325,0.1302,0.0286
4145,23314.333,23320.4,6.067,0.0,0.0,61.34,0.754,0.077,0.2877,0.1642,0.0215
4146,23320.467,23321.067,0.6,0.0,0.0,65.11,0.744,0.0012,0.0028,0.0,0.0
4147,23321.133,23326.867,5.734,0.0,0.0,42.72,0.38,0.0376,0.2133,0.1398,0.0027
4148,23326.933,23333.933,7.0,0.0,0.0,112.21,0.367,0.0816,0.3943,0.1466,0.0164
4149,23334.0,23335.333,1.333,0.0,0.0,104.48,0.0,0.049,0.3636,0.1119,0.0052
4150,23335.4,23341.0,5.6,0.0,0.0,89.5,0.817,0.1318,0.5329,0.3646,0.005
4151,23341.067,23341.8,0.733,0.0,0.0,95.47,0.79,0.0926,0.7033,0.5263,0.0156
4152,23341.867,23345.467,3.6,0.0,0.0,94.62,0.878,0.1146,0.4335,0.221,0.0
4153,23345.533,23364.133,18.6,0.0,0.0,80.23,0.876,0.0882,0.4246,0.1221,0.0058
4154,23364.2,23368.133,3.933,0.0,0.0,90.06,0.747,0.1309,0.6759,0.483,0.0087
4155,23368.2,23369.267,1.067,0.0,0.0,77.17,0.665,0.1166,0.6645,0.4437,0.0071
4156,23369.333,23375.467,6.134,0.0,0.0,84.64,0.64,0.1227,0.8851,0.6139,0.0007
4157,23375.533,23376.4,0.867,0.0,0.0,92.28,0.574,0.134,1.1604,0.8018,0.0
4158,23376.467,23377.267,0.8,0.0,0.0,92.57,0.582,0.1449,1.3055,1.0261,0.0
4159,23377.333,23378.133,0.8,0.0,0.0,85.86,0.773,0.1235,1.2441,0.9099,0.0002
4160,23378.2,23381.267,3.067,0.0,0.0,87.08,0.809,0.121,1.0082,0.7243,0.0002
4161,23381.333,23384.2,2.867,0.0,0.0,88.18,0.843,0.1325,1.2391,0.9585,0.0001
4162,23384.267,23386.6,2.333,0.0,0.0,87.18,0.725,0.1204,0.8142,0.5664,0.0096
4163,23386.667,23388.333,1.666,0.0,0.0,85.46,0.722,0.1155,0.6719,0.275,0.0135
4164,23388.4,23391.667,3.267,0.0,0.0,87.89,0.849,0.1171,0.7847,0.4784,0.0005
4165,23391.733,23393.533,1.8,0.0,0.0,98.54,0.635,0.12,0.964,0.8087,0.0004
4166,23393.6,23398.333,4.733,0.0,0.0,82.58,0.754,0.1288,1.0625,0.7089,0.0002
4167,23398.4,23404.267,5.867,0.0,0.0,88.72,0.766,0.1297,1.0789,0.8162,0.0062
4168,23404.333,23405.0,0.667,0.0,0.0,77.73,0.824,0.1113,0.5607,0.1966,0.0427
4169,23405.067,23407.267,2.2,0.0,0.0,82.04,0.583,0.1022,0.487,0.0661,0.0164
4170,23407.333,23408.667,1.334,0.0,0.0,84.54,0.769,0.1164,0.5656,0.1309,0.0061
4171,23408.733,23412.933,4.2,0.0,0.0,93.33,0.793,0.1211,0.8843,0.6001,0.0013
4172,23413.0,23436.133,23.133,0.0,0.0,81.01,0.895,0.0991,0.3917,0.1733,0.006
4173,23436.2,23437.867,1.667,0.0,0.0,149.38,0.576,0.1024,0.7115,0.5693,0.0002
4174,23437.933,23438.667,0.734,0.0,0.0,111.42,0.694,0.1994,0.8804,0.7817,0.0378
4175,23438.733,23439.467,0.734,0.0,0.0,139.06,0.711,0.1066,0.6659,0.6286,0.0012
4176,23439.533,23440.267,0.734,0.0,0.0,113.8,0.705,0.1834,0.5729,0.3237,0.0008
4177,23440.333,23445.267,4.934,0.0,0.0,88.43,0.665,0.1005,0.9195,0.8082,0.0001
4178,23445.333,23449.067,3.734,0.0,0.0,156.71,0.828,0.097,0.8884,0.8058,0.0115
4179,23449.133,23453.067,3.934,0.0,0.0,108.65,0.558,0.2033,0.8122,0.6663,0.02
4180,23453.133,23458.333,5.2,0.0,0.0,102.07,0.623,0.1277,0.817,0.6357,0.0145
4181,23458.4,23461.8,3.4,0.0,0.0,123.84,0.383,0.1259,1.0113,0.7925,0.0112
4182,23461.867,23467.933,6.066,0.0,0.0,147.88,0.515,0.1366,0.754,0.5014,0.0545
4183,23468.0,23472.4,4.4,0.0,0.0,87.39,0.681,0.1145,0.579,0.4355,0.0126
4184,23472.467,23479.4,6.933,0.0,0.0,106.27,0.886,0.1326,0.6953,0.4133,0.0821
4185,23479.467,23483.933,4.466,0.0,0.0,128.94,0.916,0.1327,0.746,0.5026,0.0904
4186,23484.0,23488.133,4.133,0.0,0.0,156.1,0.859,0.1154,0.9496,0.8088,0.0211
4187,23488.2,23496.467,8.267,0.0,0.0,149.74,0.853,0.1336,0.4755,0.4156,0.014
4188,23496.533,23505.6,9.067,0.0,0.0,101.13,0.712,0.2075,0.7643,0.6705,0.0072
4189,23505.667,23508.6,2.933,0.0,0.0,187.03,0.829,0.0935,0.9309,0.8595,0.0
4190,23508.667,23512.067,3.4,0.0,0.0,121.94,0.813,0.1919,0.9169,0.8103,0.008
4191,23512.133,23515.333,3.2,0.0,0.0,109.8,0.77,0.1899,1.1714,1.0681,0.0095
4192,23515.4,23519.133,3.733,0.0,0.0,144.38,0.551,0.1067,0.283,0.1526,0.0118
4193,23519.2,23522.4,3.2,0.0,0.0,112.38,0.729,0.2041,1.0498,0.9693,0.006
4194,23522.467,23528.267,5.8,0.0,0.0,95.84,0.909,0.1115,0.8299,0.7484,0.0024
4195,23528.333,23532.267,3.934,0.0,0.0,129.56,0.787,0.1691,0.8541,0.6391,0.0267
4196,23532.333,23608.267,75.934,0.0,0.0,152.29,0.91,0.0962,0.6873,0.4867,0.0209
4197,23608.333,23616.667,8.334,0.0,0.0,155.56,0.692,0.1027,0.4716,0.2754,0.0593
4198,23616.733,23626.667,9.934,0.0,0.0,106.08,0.52,0.1264,0.5328,0.3862,0.0161
4199,23626.733,23633.067,6.334,0.0,0.0,146.98,0.394,0.1245,0.7116,0.629,0.008
4200,23633.133,23637.6,4.467,0.0,0.0,146.04,0.457,0.1559,0.9531,0.9158,0.0012
4201,23637.667,23641.0,3.333,0.0,0.0,125.88,0.811,0.1764,0.9287,0.684,0.063
4202,23641.067,23644.0,2.933,0.0,0.0,156.99,0.821,0.1187,0.9097,0.721,0.017
4203,23644.067,23652.933,8.866,0.0,0.0,119.87,0.721,0.146,0.9585,0.878,0.0066
4204,23653.0,23658.733,5.733,0.0,0.0,113.42,0.876,0.1589,0.41,0.2858,0.0252
4205,23658.8,23664.533,5.733,0.0,0.0,87.97,0.912,0.0814,0.3238,0.2852,0.0079
4206,23664.6,23669.667,5.067,0.0,0.0,145.19,0.853,0.1311,1.2053,1.1165,0.0066
4207,23669.733,23673.133,3.4,0.0,0.0,163.13,0.78,0.1013,0.8322,0.6669,0.0345
4208,23673.2,23677.133,3.933,0.0,0.0,86.85,0.841,0.1431,0.7705,0.6738,0.0031
4209,23677.2,23679.6,2.4,0.0,0.0,113.91,0.887,0.0985,0.7117,0.5927,0.0098
4210,23679.667,23680.8,1.133,0.0,0.0,101.82,0.126,0.2549,1.0041,0.9695,0.0016
4211,23680.867,23694.467,13.6,0.0,0.0,83.74,0.777,0.1307,0.8141,0.649,0.0119
4212,23694.533,23698.667,4.134,0.0,0.0,130.53,0.869,0.1306,0.301,0.1588,0.0745
4213,23698.733,23702.0,3.267,0.0,0.0,133.59,0.895,0.1304,0.6071,0.405,0.0648
4214,23702.067,23705.667,3.6,0.0,0.0,131.75,0.94,0.1507,0.722,0.5298,0.092
4215,23705.733,23712.4,6.667,0.0,0.0,146.69,0.803,0.1065,0.4142,0.2941,0.0065
4216,23712.467,23721.2,8.733,0.0,0.0,112.5,0.821,0.1055,0.749,0.6233,0.0095
4217,23721.267,23726.067,4.8,0.0,0.0,129.77,0.866,0.1266,0.8775,0.6453,0.0678
4218,23726.133,23731.333,5.2,0.0,0.0,152.85,0.895,0.1087,0.9124,0.8352,0.0048
4219,23731.4,23737.267,5.867,0.0,0.0,158.67,0.874,0.0948,0.8768,0.7832,0.0096
4220,23737.333,23742.267,4.934,0.0,0.0,95.76,0.84,0.1031,0.6678,0.5464,0.0213
4221,23742.333,23748.067,5.734,0.0,0.0,126.95,0.867,0.1773,0.9278,0.7239,0.0171
4222,23748.133,23754.2,6.067,0.0,0.0,142.57,0.797,0.1207,0.8229,0.6176,0.0529
4223,23754.267,23781.8,27.533,0.0,0.0,77.57,0.905,0.1057,0.4534,0.1384,0.0598
4224,23781.867,23783.733,1.866,0.0,0.0,68.7,0.827,0.0876,0.4234,0.3027,0.0013
4225,23783.8,23785.933,2.133,0.0,0.0,76.82,0.639,0.1386,0.6122,0.3824,0.0199
4226,23786.0,23787.667,1.667,0.0,0.0,114.24,0.722,0.097,0.5443,0.3032,0.0159
4227,23787.733,23790.4,2.667,0.0,0.0,120.94,0.887,0.1437,0.9134,0.7699,0.0
4228,23790.467,23793.467,3.0,0.0,0.0,89.15,0.692,0.1267,0.985,0.9354,0.0008
4229,23793.533,23797.867,4.334,0.0,0.0,85.75,0.754,0.1418,0.9225,0.7299,0.0045
4230,23797.933,23806.4,8.467,0.0,0.0,85.78,0.759,0.1363,0.8817,0.7201,0.0117
4231,23806.467,23807.933,1.466,0.0,0.0,84.63,0.817,0.1434,1.0064,0.8938,0.0045
4232,23808.0,23809.2,1.2,0.0,0.0,85.02,0.793,0.1367,1.0448,0.8904,0.0038
4233,23809.267,23816.467,7.2,0.0,0.0,96.49,0.863,0.1141,0.5382,0.3666,0.0038
4234,23816.533,23825.133,8.6,0.0,0.0,105.86,0.882,0.1078,0.9496,0.8051,0.0047
4235,23825.2,23840.133,14.933,0.0,0.0,98.95,0.876,0.0968,0.554,0.4009,0.0041
4236,23840.2,23855.333,15.133,0.0,0.0,173.13,0.788,0.1366,0.7648,0.7361,0.0039
4237,23855.4,23855.933,0.533,0.0,0.0,149.13,0.581,0.1641,0.8915,0.7879,0.0008
4238,23856.0,23861.267,5.267,0.0,0.0,144.01,0.737,0.2388,0.9641,0.956,0.0048
4239,23861.333,23865.067,3.734,0.0,0.0,148.45,0.777,0.2431,0.9322,0.9235,0.002
4240,23865.133,23876.733,11.6,0.0,0.0,79.32,0.895,0.1067,0.5541,0.3181,0.0077
4241,23876.8,23893.867,17.067,0.0,0.0,80.46,0.909,0.1071,0.4633,0.2049,0.003
4242,23893.933,23894.933,1.0,0.0,0.0,76.55,0.858,0.1042,0.5108,0.2988,0.0051
4243,23895.0,23903.067,8.067,0.0,0.0,80.11,0.925,0.108,0.4186,0.1725,0.001
4244,23903.133,23912.0,8.867,0.0,0.0,129.39,0.917,0.0873,0.9399,0.7666,0.0008
4245,23912.067,23932.333,20.266,0.0,0.0,93.34,0.872,0.1063,0.4545,0.3288,0.007
4246,23932.4,23937.733,5.333,0.0,0.0,79.19,0.849,0.1031,0.6067,0.2446,0.0487
4247,23937.8,23950.133,12.333,0.0,0.0,83.21,0.821,0.118,0.8208,0.7253,0.0142
4248,23950.2,23955.933,5.733,0.0,0.0,132.95,0.241,0.1207,0.7669,0.484,0.0217
4249,23956.0,23963.8,7.8,0.0,0.0,115.92,0.475,0.1663,1.0367,0.8834,0.0186
4250,23963.867,23965.533,1.666,0.0,0.0,92.08,0.812,0.1207,0.6861,0.3217,0.0137
4251,23965.6,23995.6,30.0,0.0,0.0,121.61,0.912,0.1322,0.8569,0.7473,0.0169
4252,23995.667,24002.533,6.866,0.0,0.0,71.73,0.875,0.1365,0.6978,0.5584,0.0076
4253,24002.6,24004.467,1.867,0.0,0.0,133.02,0.701,0.0685,0.2566,0.1464,0.0188
4254,24004.533,24007.867,3.334,0.0,0.0,117.43,0.812,0.0967,0.3911,0.3038,0.002
4255,24007.933,24009.867,1.934,0.0,0.0,125.88,0.683,0.1116,0.2714,0.1231,0.0932
4256,24009.933,24012.467,2.534,0.0,0.0,127.6,0.79,0.0898,0.3384,0.2777,0.0
4257,24012.533,24015.6,3.067,0.0,0.0,94.71,0.521,0.1268,0.5143,0.3584,0.0022
4258,24015.667,24024.067,8.4,0.0,0.0,78.77,0.546,0.1444,0.6608,0.4525,0.0315
4259,24024.133,24049.133,25.0,0.0,0.0,77.27,0.917,0.1107,0.554,0.1259,0.1166
4260,24049.2,24137.067,87.867,0.0,0.0,131.75,0.86,0.0842,0.5377,0.3693,0.0065
4261,24137.133,24156.667,19.534,0.0,0.0,75.74,0.934,0.1056,0.5367,0.1358,0.0938
4262,24156.733,24157.667,0.934,0.0,0.0,86.29,0.453,0.0775,0.607,0.4434,0.0001
4263,24157.733,24160.467,2.734,0.0,0.0,88.44,0.539,0.1851,0.8002,0.7256,0.0023
4264,24160.533,24161.333,0.8,0.0,0.0,146.17,0.515,0.1073,0.9011,0.7028,0.0
4265,24161.4,24162.267,0.867,0.0,0.0,84.36,0.713,0.1008,0.299,0.1708,0.0585
4266,24162.333,24166.667,4.334,0.0,0.0,176.43,0.71,0.1004,0.2646,0.1454,0.0362
4267,24166.733,24169.333,2.6,0.0,0.0,100.5,0.597,0.1209,0.7011,0.5173,0.0006
4268,24169.4,24172.533,3.133,0.0,0.0,52.48,0.85,0.0672,0.2799,0.1877,0.0109
4269,24172.6,24181.467,8.867,0.0,0.0,58.65,0.834,0.1416,0.6557,0.5923,0.0003
4270,24181.533,24183.467,1.934,0.0,0.0,86.52,0.608,0.0953,0.8036,0.654,0.0002
4271,24183.533,24184.8,1.267,0.0,0.0,101.82,0.661,0.0902,0.6789,0.5165,0.0002
4272,24184.867,24189.6,4.733,0.0,0.0,115.08,0.823,0.1623,0.6274,0.5637,0.0106
4273,24189.667,24193.6,3.933,0.0,0.0,57.82,0.851,0.0776,0.2684,0.0855,0.0986
4274,24193.667,24198.933,5.266,0.0,0.0,73.13,0.611,0.101,0.3831,0.206,0.0456
4275,24199.0,24199.533,0.533,0.0,0.0,63.71,0.437,0.107,0.8199,0.5173,0.0044
4276,24199.6,24203.933,4.333,0.0,0.0,82.45,0.617,0.1164,0.7328,0.4853,0.0276
4277,24204.0,24206.267,2.267,0.0,0.0,150.15,0.825,0.1264,0.9062,0.6765,0.0024
4278,24206.333,24207.467,1.134,0.0,0.0,108.4,0.68,0.0602,0.2739,0.0,0.1659
4279,24207.533,24210.067,2.534,0.0,0.0,181.06,0.795,0.0657,0.3759,0.0817,0.1364
4280,24210.133,24213.133,3.0,0.0,0.0,73.5,0.72,0.076,0.2346,0.1615,0.0346
4281,24213.2,24217.267,4.067,0.0,0.0,64.14,0.839,0.0665,0.2257,0.1615,0.0015
4282,24217.333,24219.933,2.6,0.0,0.0,110.01,0.603,0.1161,0.9918,0.69,0.0139
4283,24220.0,24222.267,2.267,0.0,0.0,60.53,0.777,0.1105,0.3839,0.2421,0.0002
4284,24222.333,24225.133,2.8,0.0,0.0,112.12,0.592,0.0763,0.3405,0.2591,0.0089
4285,24225.2,24227.933,2.733,0.0,0.0,64.69,0.9,0.0857,0.6385,0.4428,0.0
4286,24228.0,24230.333,2.333,0.0,0.0,90.53,0.806,0.0649,0.2237,0.1302,0.0229
4287,24230.4,24235.867,5.467,0.0,0.0,88.47,0.7,0.074,0.4418,0.2987,0.0055
4288,24235.933,24239.667,3.734,0.0,0.0,86.52,0.759,0.1583,0.667,0.5461,0.0513
4289,24239.733,24242.933,3.2,0.0,0.0,113.64,0.419,0.1376,0.4205,0.2534,0.0234
4290,24243.0,24246.533,3.533,0.0,0.0,104.33,0.677,0.0919,0.78,0.5825,0.0338
4291,24246.6,24250.733,4.133,0.0,0.0,128.4,0.354,0.0937,0.4934,0.3177,0.0179
4292,24250.8,24253.2,2.4,0.0,0.0,162.32,0.883,0.1227,0.4288,0.3288,0.0086
4293,24253.267,24255.733,2.466,0.0,0.0,114.5,0.505,0.1465,0.8508,0.598,0.043
4294,24255.8,24261.0,5.2,0.0,0.0,119.25,0.802,0.1083,0.3645,0.2577,0.0
4295,24261.067,24266.467,5.4,0.0,0.0,126.35,0.46,0.1053,0.2307,0.1111,0.0747
4296,24266.533,24268.667,2.134,0.0,0.0,65.51,0.573,0.1181,0.8913,0.6145,0.0175
4297,24268.733,24271.933,3.2,0.0,0.0,62.92,0.735,0.104,0.5949,0.3946,0.0009
4298,24272.0,24275.733,3.733,0.0,0.0,76.28,0.91,0.1064,0.3899,0.3092,0.008
4299,24275.8,24278.733,2.933,0.0,0.0,63.94,0.865,0.0819,0.2899,0.2067,0.0002
4300,24278.8,24285.067,6.267,0.0,0.0,80.8,0.725,0.1092,0.5867,0.3969,0.0192
4301,24285.133,24290.8,5.667,0.0,0.0,105.35,0.307,0.1249,0.7759,0.6024,0.0062
4302,24290.867,24298.6,7.733,0.0,0.0,63.24,0.834,0.1325,0.3961,0.2933,0.0012
4303,24298.667,24300.533,1.866,0.0,0.0,71.03,0.928,0.1456,0.4515,0.3312,0.0
4304,24300.6,24307.867,7.267,0.0,0.0,110.06,0.197,0.0997,0.7668,0.4968,0.0103
4305,24307.933,24310.067,2.134,0.0,0.0,106.96,0.297,0.1053,1.0212,0.829,0.0275
4306,24310.133,24312.867,2.734,0.0,0.0,160.26,0.69,0.0908,0.816,0.7069,0.0309
4307,24312.933,24315.333,2.4,0.0,0.0,123.99,0.41,0.1327,1.029,0.7652,0.0004
4308,24315.4,24318.733,3.333,0.0,0.0,84.24,0.884,0.1031,0.3073,0.1615,0.0581
4309,24318.8,24320.733,1.933,0.0,0.0,94.47,0.444,0.0874,0.4795,0.292,0.0253
4310,24320.8,24321.667,0.867,0.0,0.0,96.04,0.419,0.0872,0.578,0.3791,0.0109
4311,24321.733,24325.533,3.8,0.0,0.0,147.04,0.706,0.1009,0.614,0.4101,0.0005
4312,24325.6,24331.133,5.533,0.0,0.0,148.19,0.799,0.1046,0.5354,0.2675,0.0785
4313,24331.2,24337.467,6.267,0.0,0.0,76.39,0.939,0.11,0.5111,0.0658,0.1498
4314,24337.533,24350.467,12.934,0.0,0.0,88.68,0.497,0.1061,0.443,0.2801,0.0088
4315,24350.533,24357.933,7.4,0.0,0.0,87.1,0.535,0.1061,0.6011,0.4311,0.0168
4316,24358.0,24380.6,22.6,0.0,0.0,107.21,0.619,0.1314,0.8017,0.5775,0.011
4317,24380.667,24381.667,1.0,0.0,0.0,107.49,0.016,0.1226,0.5396,0.243,0.0743
4318,24381.733,24382.533,0.8,0.0,0.0,98.45,0.65,0.1153,1.0348,0.9366,0.0058
4319,24382.6,24393.267,10.667,0.0,0.0,101.38,0.855,0.1209,0.6803,0.4398,0.0151
4320,24393.333,24409.133,15.8,0.0,0.0,106.92,0.81,0.1359,1.1245,0.8961,0.004
4321,24409.2,24409.867,0.667,0.0,0.0,134.31,0.797,0.1319,0.7713,0.4909,0.0031
4322,24409.933,24410.467,0.534,0.0,0.0,141.0,0.745,0.1105,0.6315,0.3453,0.0009
4323,24410.533,24412.267,1.734,0.0,0.0,131.05,0.841,0.125,0.6214,0.2798,0.0609
4324,24412.333,24418.267,5.934,0.0,0.0,123.06,0.666,0.1353,0.8047,0.6091,0.0145
4325,24418.333,24419.333,1.0,0.0,0.0,105.76,0.069,0.1309,0.6117,0.2519,0.1281
4326,24419.4,24420.667,1.267,0.0,0.0,97.61,0.829,0.1125,0.7711,0.6324,0.0067
4327,24420.733,24429.6,8.867,0.0,0.0,95.88,0.921,0.1228,0.745,0.5914,0.0055
4328,24429.667,24436.467,6.8,0.0,0.0,94.95,0.903,0.1366,0.7939,0.5471,0.0199
4329,24436.533,24439.667,3.134,0.0,0.0,133.28,0.896,0.095,0.4983,0.3394,0.006
4330,24439.733,24442.867,3.134,0.0,0.0,143.3,0.826,0.0896,0.5823,0.4465,0.0042
4331,24442.933,24447.2,4.267,0.0,0.0,101.33,0.592,0.1129,0.6507,0.5169,0.0093
4332,24447.267,24451.333,4.066,0.0,0.0,112.94,0.581,0.1379,0.7046,0.4254,0.0431
4333,24451.4,24454.467,3.067,0.0,0.0,103.6,0.705,0.1317,0.7997,0.6636,0.0047
4334,24454.533,24456.667,2.134,0.0,0.0,94.3,0.704,0.1266,0.7141,0.582,0.0031
4335,24456.733,24459.933,3.2,0.0,0.0,135.65,0.787,0.1483,1.0271,0.8327,0.0042
4336,24460.0,24463.867,3.867,0.0,0.0,136.42,0.924,0.1002,0.9801,0.8619,0.0054
4337,24463.933,24467.533,3.6,0.0,0.0,127.39,0.713,0.1258,0.9289,0.7529,0.0054
4338,24467.6,24470.067,2.467,0.0,0.0,103.05,0.923,0.1506,0.84,0.6225,0.0061
4339,24470.133,24473.067,2.934,0.0,0.0,126.23,0.795,0.1219,0.5154,0.267,0.0397
4340,24473.133,24477.067,3.934,0.0,0.0,90.75,0.775,0.103,0.4941,0.3291,0.0068
4341,24477.133,24479.667,2.534,0.0,0.0,130.62,0.928,0.1503,0.6956,0.4663,0.0055
4342,24479.733,24484.933,5.2,0.0,0.0,114.81,0.855,0.153,1.1382,0.9423,0.0045
4343,24485.0,24503.2,18.2,0.0,0.0,76.39,0.827,0.1038,0.6127,0.2833,0.0349
4344,24503.267,24505.0,1.733,0.0,0.0,127.99,0.207,0.1261,0.9088,0.7542,0.0011
4345,24505.067,24505.933,0.866,0.0,0.0,88.95,0.362,0.1718,0.9047,0.8239,0.0029
4346,24506.0,24508.533,2.533,0.0,0.0,102.35,0.529,0.16,0.7962,0.685,0.0242
4347,24508.6,24510.133,1.533,0.0,0.0,114.03,0.084,0.0601,0.1471,0.0741,0.0271
4348,24510.2,24526.267,16.067,0.0,0.0,77.99,0.758,0.1223,0.4537,0.2676,0.0087
4349,24526.333,24527.267,0.934,0.0,0.0,81.02,0.554,0.0812,0.3673,0.1842,0.0364
4350,24527.333,24528.467,1.134,0.0,0.0,85.14,0.506,0.079,0.4628,0.2596,0.0076
4351,24528.533,24529.933,1.4,0.0,0.0,72.57,0.632,0.0819,0.3424,0.2216,0.0027
4352,24530.0,24533.267,3.267,0.0,0.0,107.37,0.775,0.0993,0.5457,0.4756,0.0039
4353,24533.333,24534.133,0.8,0.0,0.0,113.51,0.738,0.1471,0.6884,0.5845,0.0467
4354,24534.2,24536.067,1.867,0.0,0.0,106.68,0.32,0.074,0.307,0.226,0.0417
4355,24536.133,24549.867,13.734,0.0,0.0,74.19,0.814,0.1199,0.4862,0.3616,0.0048
4356,24549.933,24551.467,1.534,0.0,0.0,118.79,0.406,0.1255,0.7341,0.5674,0.0328
4357,24551.533,24554.267,2.734,0.0,0.0,138.81,0.534,0.104,0.4398,0.2233,0.022
4358,24554.333,24556.533,2.2,0.0,0.0,122.46,0.843,0.0907,0.6,0.3215,0.0369
4359,24556.6,24557.467,0.867,0.0,0.0,123.18,0.881,0.0934,0.7687,0.5753,0.0043
4360,24557.533,24564.4,6.867,0.0,0.0,136.93,0.623,0.134,0.6072,0.5178,0.0019
4361,24564.467,24566.533,2.066,0.0,0.0,106.27,0.634,0.2448,0.9566,0.9318,0.0006
4362,24566.6,24567.467,0.867,0.0,0.0,89.15,0.511,0.1845,1.0193,0.9226,0.0055
4363,24567.533,24568.133,0.6,0.0,0.0,91.95,0.598,0.1699,0.8898,0.7898,0.0036
4364,24568.2,24572.733,4.533,0.0,0.0,110.42,0.799,0.0835,0.6058,0.4753,0.0038
4365,24572.8,24585.467,12.667,0.0,0.0,79.34,0.618,0.1159,0.4511,0.239,0.0472
4366,24585.533,24635.867,50.334,0.0,0.0,72.27,0.887,0.1496,0.6013,0.3958,0.0094
4367,24635.933,24636.933,1.0,0.0,0.0,105.32,0.404,0.1226,0.6782,0.5186,0.0001
4368,24637.0,24676.333,39.333,0.0,0.0,75.36,0.925,0.1905,0.8849,0.7298,0.0034
4369,24676.4,24677.333,0.933,0.0,0.0,104.14,0.388,0.1068,0.5733,0.3628,0.0472
4370,24677.4,24697.133,19.733,0.0,0.0,97.63,0.762,0.14,0.8622,0.7516,0.0048
4371,24697.2,24735.333,38.133,0.0,0.0,89.26,0.829,0.1349,0.776,0.6053,0.0081
4372,24735.4,24736.0,0.6,0.0,0.0,109.41,0.377,0.1013,0.5304,0.348,0.0005
4373,24736.067,24759.2,23.133,0.0,0.0,69.63,0.863,0.1074,0.3633,0.2084,0.0087
4374,24759.267,24766.667,7.4,0.0,0.0,115.67,0.347,0.0851,0.3437,0.085,0.0515
4375,24766.733,24767.933,1.2,0.0,0.0,103.66,0.0,0.0467,0.3382,0.1262,0.0053
4376,24768.0,24773.6,5.6,0.0,0.0,89.12,0.802,0.1286,0.4807,0.31,0.0075
4377,24773.667,24778.133,4.466,0.0,0.0,40.85,0.413,0.0379,0.2079,0.133,0.0004
4378,24778.2,24818.333,40.133,0.0,0.0,107.28,0.813,0.0919,0.4008,0.3444,0.0022
4379,24818.4,24821.333,2.933,0.0,0.0,107.99,0.797,0.1373,0.462,0.2641,0.0002
4380,24821.4,24869.333,47.933,0.0,0.0,106.68,0.817,0.1348,0.5011,0.3158,0.0019
4381,24869.4,24875.667,6.267,0.0,0.0,102.78,0.762,0.1303,0.4958,0.3319,0.0067
4382,24875.733,24879.2,3.467,0.0,0.0,193.31,0.75,0.0579,0.2401,0.187,0.0002
4383,24879.267,24886.067,6.8,0.0,0.0,84.89,0.782,0.0867,0.3734,0.3149,0.0003
4384,24886.133,24902.467,16.334,0.0,0.0,179.79,0.807,0.066,0.2774,0.2236,0.0027
4385,24902.533,24934.133,31.6,0.0,0.0,113.18,0.795,0.0922,0.3974,0.3651,0.0039
4386,24934.2,24934.867,0.667,0.0,0.0,65.13,0.767,0.0016,0.0099,0.0,0.0
4387,24934.933,24944.667,9.734,0.0,0.0,45.99,0.445,0.039,0.2182,0.1537,0.0043
4388,24944.733,24946.467,1.734,0.0,0.0,67.67,0.66,0.0432,0.1302,0.0544,0.0006
4389,24946.533,24969.133,22.6,0.0,0.0,67.67,0.969,0.05,0.139,0.0777,0.0116
4390,24969.2,24973.533,4.333,0.0,0.0,220.7,0.793,0.0284,0.2388,0.2126,0.0108
4391,24973.6,24976.2,2.6,0.0,0.0,7.16,0.663,0.0107,0.042,0.0255,0.0002
4392,24976.267,24980.733,4.466,0.0,0.0,40.59,0.393,0.0376,0.2053,0.1261,0.0006
4393,24980.8,25021.2,40.4,0.0,0.0,107.33,0.808,0.0925,0.4027,0.3441,0.0024
4394,25021.267,25022.6,1.333,0.0,0.0,137.04,0.604,0.1607,0.6935,0.5369,0.0
4395,25022.667,25023.867,1.2,0.0,0.0,124.61,0.744,0.1029,0.3747,0.2411,0.0008
4396,25023.933,25027.067,3.134,0.0,0.0,93.81,0.358,0.1192,0.4995,0.3041,0.0004
4397,25027.133,25028.933,1.8,0.0,0.0,81.07,0.729,0.1293,0.5345,0.3924,0.0005
4398,25029.0,25031.933,2.933,0.0,0.0,89.68,0.672,0.1397,0.4789,0.3759,0.0005
4399,25032.0,25033.733,1.733,0.0,0.0,95.38,0.762,0.1002,0.3393,0.2963,0.0006
4400,25033.8,25036.133,2.333,0.0,0.0,143.04,0.591,0.0975,0.3478,0.1819,0.0098
4401,25036.2,25038.133,1.933,0.0,0.0,67.7,0.636,0.0838,0.2096,0.1523,0.0063
4402,25038.2,25041.467,3.267,0.0,0.0,98.35,0.654,0.1271,0.3778,0.2334,0.0003
4403,25041.533,25043.267,1.734,0.0,0.0,80.4,0.795,0.1189,0.415,0.3299,0.0006
4404,25043.333,25046.267,2.934,0.0,0.0,98.21,0.794,0.1061,0.3316,0.2662,0.0004
4405,25046.333,25048.733,2.4,0.0,0.0,120.36,0.777,0.1154,0.4172,0.312,0.0004
4406,25048.8,25050.933,2.133,0.0,0.0,91.05,0.841,0.1092,0.3312,0.2475,0.0002
4407,25051.0,25053.067,2.067,0.0,0.0,123.5,0.71,0.1218,0.4913,0.3646,0.0005
4408,25053.133,25058.4,5.267,0.0,0.0,64.62,0.568,0.1033,0.3287,0.196,0.0083
4409,25058.467,25063.867,5.4,0.0,0.0,97.72,0.781,0.1099,0.3772,0.2421,0.0006
4410,25063.933,25065.067,1.134,0.0,0.0,106.7,0.859,0.1148,0.2864,0.1965,0.0
4411,25065.133,25068.733,3.6,0.0,0.0,120.27,0.619,0.0884,0.2651,0.1914,0.0049
4412,25068.8,25070.267,1.467,0.0,0.0,95.88,0.749,0.0784,0.2814,0.1855,0.0065
4413,25070.333,25071.067,0.734,0.0,0.0,93.31,0.404,0.0836,0.1601,0.1073,0.018
4414,25071.133,25073.267,2.134,0.0,0.0,101.83,0.562,0.1041,0.4113,0.3353,0.0005
4415,25073.333,25078.0,4.667,0.0,0.0,85.66,0.899,0.117,0.4112,0.3179,0.0005
4416,25078.067,25080.733,2.666,0.0,0.0,90.12,0.74,0.1386,0.5805,0.3544,0.0004
4417,25080.8,25081.467,0.667,0.0,0.0,105.43,0.704,0.0907,0.3225,0.3018,0.0
4418,25081.533,25083.733,2.2,0.0,0.0,90.06,0.66,0.0795,0.171,0.1181,0.0093
4419,25083.8,25090.667,6.867,0.0,0.0,140.89,0.784,0.1101,0.5661,0.4591,0.0025
4420,25090.733,25092.467,1.734,0.0,0.0,118.04,0.662,0.1779,1.026,0.9962,0.0009
4421,25092.533,25094.067,1.534,0.0,0.0,123.24,0.499,0.1438,0.8094,0.6188,0.0
4422,25094.133,25097.867,3.734,0.0,0.0,185.65,0.642,0.0514,0.176,0.1137,0.0073
4423,25097.933,25136.4,38.467,0.0,0.0,107.79,0.809,0.0917,0.4025,0.3637,0.0028
4424,25136.467,25137.067,0.6,0.0,0.0,65.12,0.743,0.0018,0.0033,0.0,0.0
4425,25137.133,25151.133,14.0,0.0,0.0,44.68,0.454,0.0388,0.2134,0.1425,0.0032
4426,25151.2,25156.467,5.267,0.0,0.0,54.24,0.247,0.0444,0.3184,0.1898,0.0035
4427,25156.533,25157.533,1.0,0.0,0.0,40.93,0.006,0.0257,0.1054,0.0118,0.0123
4428,25157.6,25166.067,8.467,0.0,0.0,38.18,0.566,0.0349,0.2048,0.1426,0.0014
4429,25166.133,25174.667,8.534,0.0,0.0,91.68,0.69,0.0954,0.5783,0.4045,0.0156
4430,25174.733,25175.733,1.0,0.0,0.0,140.74,0.0,0.0249,0.0824,0.0,0.0
4431,25175.8,25181.933,6.133,0.0,0.0,71.71,0.699,0.1107,0.6854,0.4748,0.0628
4432,25182.0,25184.267,2.267,0.0,0.0,81.03,0.705,0.1354,0.7651,0.5268,0.1048
4433,25184.333,25190.333,6.0,0.0,0.0,96.37,0.882,0.1022,0.4052,0.0365,0.0697
4434,25190.4,25195.333,4.933,0.0,0.0,93.34,0.799,0.1255,0.7028,0.4071,0.099
4435,25195.4,25196.333,0.933,0.0,0.0,143.01,0.0,0.0367,0.0132,0.0,0.0
4436,25196.4,25197.467,1.067,0.0,0.0,136.81,0.0,0.0256,0.0847,0.0,0.0
4437,25197.533,25199.2,1.667,0.0,0.0,111.2,0.301,0.0454,0.1808,0.0655,0.0042
4438,25199.267,25202.267,3.0,0.0,0.0,119.13,0.823,0.0882,0.2908,0.0527,0.0865
4439,25202.333,25205.133,2.8,0.0,0.0,98.62,0.888,0.0786,0.4423,0.2121,0.0105
4440,25205.2,25205.8,0.6,0.0,0.0,93.94,0.632,0.1749,1.1707,0.8986,0.0022
4441,25205.867,25208.8,2.933,0.0,0.0,110.62,0.643,0.1365,0.9145,0.5837,0.1463
4442,25208.867,25211.733,2.866,0.0,0.0,108.75,0.697,0.1025,0.613,0.1705,0.1796
4443,25211.8,25213.333,1.533,0.0,0.0,124.32,0.762,0.1076,0.982,0.7471,0.0008
4444,25213.4,25216.4,3.0,0.0,0.0,85.7,0.673,0.1387,0.6773,0.3933,0.0054
4445,25216.467,25217.267,0.8,0.0,0.0,108.73,0.726,0.0962,0.4743,0.1044,0.0883
4446,25217.333,25218.267,0.934,0.0,0.0,145.05,0.0,0.0378,0.0123,0.0,0.0
4447,25218.333,25219.333,1.0,0.0,0.0,140.75,0.0,0.0253,0.0894,0.0,0.0
4448,25219.4,25222.067,2.667,0.0,0.0,125.79,0.53,0.0585,0.1859,0.1172,0.0129
4449,25222.133,25225.533,3.4,0.0,0.0,114.09,0.909,0.0715,0.1409,0.0053,0.0757
4450,25225.6,25228.933,3.333,0.0,0.0,133.9,0.789,0.1372,0.7028,0.4159,0.0182
4451,25229.0,25230.733,1.733,0.0,0.0,134.17,0.862,0.1644,0.5338,0.2334,0.0831
4452,25230.8,25233.467,2.667,0.0,0.0,103.84,0.904,0.1439,0.4679,0.2141,0.0614
4453,25233.533,25235.067,1.534,0.0,0.0,132.68,0.795,0.138,0.4827,0.252,0.0613
4454,25235.133,25236.067,0.934,0.0,0.0,142.24,0.0,0.0368,0.0103,0.0,0.0
4455,25236.133,25237.133,1.0,0.0,0.0,143.25,0.0,0.0242,0.0875,0.0,0.0
4456,25237.2,25238.533,1.333,0.0,0.0,86.55,0.308,0.0383,0.0969,0.0287,0.0017
4457,25238.6,25241.667,3.067,0.0,0.0,120.76,0.769,0.1445,0.7493,0.5191,0.0636
4458,25241.733,25245.0,3.267,0.0,0.0,90.65,0.535,0.1233,0.77,0.4058,0.1403
4459,25245.067,25248.533,3.466,0.0,0.0,89.9,0.775,0.0582,0.1726,0.0,0.0607
4460,25248.6,25249.2,0.6,0.0,0.0,96.19,0.579,0.1256,0.6618,0.4477,0.0809
4461,25249.267,25252.867,3.6,0.0,0.0,119.85,0.798,0.153,0.7613,0.5053,0.092
4462,25252.933,25255.467,2.534,0.0,0.0,127.52,0.0,0.0304,0.0516,0.0,0.0
4463,25255.533,25258.467,2.934,0.0,0.0,107.85,0.509,0.087,0.3801,0.1357,0.0485
4464,25258.533,25260.267,1.734,0.0,0.0,114.28,0.799,0.1091,0.5175,0.1822,0.0798
4465,25260.333,25265.267,4.934,0.0,0.0,98.28,0.513,0.087,0.385,0.1514,0.0811
4466,25265.333,25267.0,1.667,0.0,0.0,88.77,0.833,0.0763,0.3171,0.0323,0.082
4467,25267.067,25271.467,4.4,0.0,0.0,138.69,0.752,0.0853,0.562,0.3364,0.0745
4468,25271.533,25275.533,4.0,0.0,0.0,106.74,0.676,0.0986,0.4673,0.1347,0.0798
4469,25275.6,25277.067,1.467,0.0,0.0,122.54,0.0,0.0244,0.0785,0.0,0.0
4470,25277.133,25277.733,0.6,0.0,0.0,53.32,0.901,0.0194,0.0386,0.0,0.0
4471,25277.8,25278.867,1.067,0.0,0.0,55.74,0.883,0.0188,0.0417,0.0,0.0
4472,25278.933,25284.733,5.8,0.0,0.0,84.5,0.952,0.0934,0.7561,0.5641,0.018
4473,25284.8,25289.333,4.533,0.0,0.0,83.87,0.759,0.0837,0.7853,0.6171,0.0081
4474,25289.4,25290.6,1.2,0.0,0.0,98.06,0.763,0.1348,0.8989,0.8311,0.0012
4475,25290.667,25295.733,5.066,0.0,0.0,105.13,0.881,0.151,1.093,1.0237,0.0003
4476,25295.8,25297.067,1.267,0.0,0.0,114.04,0.812,0.1426,1.0478,0.9696,0.0
4477,25297.133,25298.333,1.2,0.0,0.0,75.3,0.058,0.0667,0.3174,0.2355,0.0008
4478,25298.4,25307.533,9.133,0.0,0.0,106.43,0.793,0.1244,0.958,0.7753,0.004
4479,25307.6,25309.933,2.333,0.0,0.0,108.25,0.804,0.1383,1.2764,1.0825,0.0007
4480,25310.0,25312.533,2.533,0.0,0.0,113.58,0.9,0.1421,1.1655,0.9229,0.0004
4481,25312.6,25318.333,5.733,0.0,0.0,106.48,0.747,0.1336,0.9386,0.7896,0.0075
4482,25318.4,25324.0,5.6,0.0,0.0,110.66,0.884,0.1436,1.0514,0.8753,0.0004
4483,25324.067,25325.333,1.266,0.0,0.0,72.6,0.08,0.0683,0.2639,0.1777,0.0005
4484,25325.4,25333.933,8.533,0.0,0.0,111.88,0.777,0.1456,0.7799,0.5582,0.0031
4485,25334.0,25339.733,5.733,0.0,0.0,130.33,0.72,0.1287,0.7535,0.6581,0.0026
4486,25339.8,25353.733,13.933,0.0,0.0,129.86,0.837,0.1415,0.9274,0.8059,0.0028
4487,25353.8,25374.333,20.533,0.0,0.0,120.29,0.822,0.1502,1.0496,0.8034,0.0024
4488,25374.4,25378.667,4.267,0.0,0.0,96.12,0.851,0.135,0.9246,0.7321,0.0006
4489,25378.733,25388.667,9.934,0.0,0.0,92.02,0.852,0.1382,0.914,0.7392,0.0006
4490,25388.733,25389.733,1.0,0.0,0.0,91.3,0.51,0.1319,0.5382,0.313,0.0099
4491,25389.8,25391.933,2.133,0.0,0.0,92.69,0.701,0.1427,0.8279,0.613,0.0104
4492,25392.0,25392.933,0.933,0.0,0.0,108.9,0.731,0.1424,1.0022,0.7703,0.0044
4493,25393.0,25395.133,2.133,0.0,0.0,112.56,0.848,0.1467,0.9212,0.7909,0.0002
4494,25395.2,25397.0,1.8,0.0,0.0,111.32,0.922,0.1544,0.7318,0.6206,0.0006
4495,25397.067,25401.133,4.066,0.0,0.0,114.35,0.88,0.1567,1.1384,0.9799,0.0003
4496,25401.2,25407.267,6.067,0.0,0.0,106.29,0.786,0.1413,0.8899,0.6869,0.0066
4497,25407.333,25408.667,1.334,0.0,0.0,110.89,0.825,0.1318,0.784,0.6929,0.0004
4498,25408.733,25413.867,5.134,0.0,0.0,107.12,0.893,0.1341,0.7728,0.697,0.0004
4499,25413.933,25420.067,6.134,0.0,0.0,99.32,0.784,0.1142,0.6793,0.6061,0.0063
4500,25420.133,25427.533,7.4,0.0,0.0,107.97,0.859,0.1279,0.829,0.6821,0.0007
4501,25427.6,25436.2,8.6,0.0,0.0,126.4,0.708,0.1325,0.827,0.7111,0.0049
4502,25436.267,25450.2,13.933,0.0,0.0,128.1,0.813,0.1418,1.0116,0.9329,0.0029
4503,25450.267,25453.2,2.933,0.0,0.0,115.9,0.903,0.1544,0.7693,0.5585,0.0001
4504,25453.267,25465.8,12.533,0.0,0.0,119.46,0.817,0.1483,0.9202,0.6834,0.003
4505,25465.867,25468.667,2.8,0.0,0.0,113.96,0.856,0.1477,1.0328,0.7984,0.0004
4506,25468.733,25470.933,2.2,0.0,0.0,118.14,0.88,0.1639,1.0188,0.776,0.0003
4507,25471.0,25472.867,1.867,0.0,0.0,127.18,0.866,0.1468,0.8134,0.703,0.0001
4508,25472.933,25477.533,4.6,0.0,0.0,86.34,0.692,0.1357,0.8029,0.647,0.0082
4509,25477.6,25481.6,4.0,0.0,0.0,86.29,0.858,0.1314,0.8226,0.6793,0.0002
4510,25481.667,25489.733,8.066,0.0,0.0,99.22,0.82,0.1416,1.0723,0.9043,0.0003
4511,25489.8,25491.467,1.667,0.0,0.0,104.49,0.877,0.1466,1.1804,0.9805,0.0006
4512,25491.533,25496.733,5.2,0.0,0.0,109.2,0.69,0.1381,0.733,0.5734,0.0071
4513,25496.8,25498.6,1.8,0.0,0.0,85.47,0.221,0.0851,0.353,0.2184,0.0002
4514,25498.667,25499.733,1.066,0.0,0.0,114.84,0.915,0.1498,0.604,0.3647,0.0007
4515,25499.8,25505.8,6.0,0.0,0.0,108.2,0.906,0.1425,0.973,0.8374,0.0001
4516,25505.867,25512.4,6.533,0.0,0.0,108.5,0.818,0.1335,0.7998,0.736,0.0034
4517,25512.467,25518.6,6.133,0.0,0.0,109.15,0.869,0.1207,0.7485,0.6833,0.0025
4518,25518.667,25526.067,7.4,0.0,0.0,106.32,0.884,0.1267,0.9247,0.822,0.0004
4519,25526.133,25530.6,4.467,0.0,0.0,94.93,0.824,0.1252,1.0352,0.9025,0.0002
4520,25530.667,25534.733,4.066,0.0,0.0,90.93,0.9,0.1293,1.0197,0.895,0.0003
4521,25534.8,25539.6,4.8,0.0,0.0,91.21,0.93,0.0915,0.8575,0.7518,0.0002
4522,25539.667,25558.667,19.0,0.0,0.0,89.2,0.912,0.0918,0.8374,0.7236,0.002
4523,25558.733,25563.533,4.8,0.0,0.0,82.96,0.78,0.0849,0.7698,0.623,0.0079
4524,25563.6,25565.2,1.6,0.0,0.0,93.48,0.341,0.1289,0.7816,0.5786,0.0227
4525,25565.267,25575.8,10.533,0.0,0.0,87.67,0.811,0.1083,0.6356,0.479,0.0144
4526,25575.867,25581.533,5.666,0.0,0.0,81.69,0.866,0.1281,0.6355,0.4651,0.0395
4527,25581.6,25583.733,2.133,0.0,0.0,83.29,0.83,0.1668,0.8844,0.8277,0.012
4528,25583.8,25602.867,19.067,0.0,0.0,93.67,0.853,0.1488,0.9139,0.812,0.0042
4529,25602.933,25608.4,5.467,0.0,0.0,62.78,0.75,0.0837,0.3927,0.3346,0.0028
4530,25608.467,25611.133,2.666,0.0,0.0,127.18,0.563,0.0829,0.7268,0.5906,0.0003
4531,25611.2,25616.8,5.6,0.0,0.0,83.42,0.745,0.1471,0.9086,0.7025,0.0447
4532,25616.867,25621.267,4.4,0.0,0.0,99.22,0.852,0.1091,0.7646,0.664,0.0056
4533,25621.333,25632.8,11.467,0.0,0.0,98.66,0.83,0.1132,0.7981,0.6665,0.0272
4534,25632.867,25638.467,5.6,0.0,0.0,213.76,0.086,0.1313,1.0459,1.0197,0.0047
4535,25638.533,25653.6,15.067,0.0,0.0,146.66,0.914,0.093,0.464,0.2892,0.0839
4536,25653.667,25679.133,25.466,0.0,0.0,80.09,0.881,0.1285,0.5718,0.2959,0.1101
4537,25679.2,25683.2,4.0,0.0,0.0,137.0,0.591,0.2061,0.9144,0.8187,0.0311
4538,25683.267,25689.2,5.933,0.0,0.0,97.77,0.606,0.1183,0.5796,0.3229,0.0535
4539,25689.267,25695.4,6.133,0.0,0.0,122.94,0.603,0.1552,0.7058,0.3813,0.0768
4540,25695.467,25698.0,2.533,0.0,0.0,127.48,0.566,0.1449,0.6266,0.3457,0.0609
4541,25698.067,25714.067,16.0,0.0,0.0,98.46,0.682,0.1338,0.7442,0.5238,0.0395
4542,25714.133,25714.867,0.734,0.0,0.0,52.1,0.988,0.1279,0.6711,0.5501,0.0
4543,25714.933,25729.933,15.0,0.0,0.0,86.87,0.9,0.094,0.8655,0.7475,0.0031
4544,25730.0,25739.333,9.333,0.0,0.0,86.86,0.876,0.0897,0.8344,0.7136,0.0046
4545,25739.4,25743.933,4.533,0.0,0.0,85.47,0.427,0.1156,0.4728,0.3045,0.001
4546,25744.0,25747.467,3.467,0.0,0.0,83.97,0.395,0.1033,0.4218,0.1829,0.0137
4547,25747.533,25748.133,0.6,0.0,0.0,93.15,0.194,0.0755,0.2962,0.1748,0.0005
4548,25748.2,25749.333,1.133,0.0,0.0,95.13,0.262,0.0918,0.4229,0.2502,0.0014
4549,25749.4,25759.6,10.2,0.0,0.0,100.9,0.68,0.145,0.6242,0.5295,0.002
4550,25759.667,25765.133,5.466,0.0,0.0,112.78,0.759,0.089,0.2518,0.1887,0.008
4551,25765.2,25787.333,22.133,0.0,0.0,114.13,0.891,0.0974,0.2708,0.1096,0.0576
4552,25787.4,25792.2,4.8,0.0,0.0,94.66,0.864,0.0908,0.3034,0.1572,0.0626
4553,25792.267,25808.733,16.466,0.0,0.0,115.44,0.852,0.0884,0.1977,0.0475,0.0668
4554,25808.8,25819.6,10.8,0.0,0.0,105.3,0.684,0.1084,0.4333,0.1797,0.0751
4555,25819.667,25820.2,0.533,0.0,0.0,51.85,0.224,0.0633,0.2872,0.1712,0.0002
4556,25820.267,25821.4,1.133,0.0,0.0,52.61,0.426,0.0805,0.3748,0.1863,0.0586
4557,25821.467,25822.333,0.866,0.0,0.0,63.14,0.0,0.0791,0.3295,0.1668,0.0368
4558,25822.4,25825.333,2.933,0.0,0.0,87.16,0.6,0.1362,0.8339,0.6387,0.0053
4559,25825.4,25827.933,2.533,0.0,0.0,93.23,0.741,0.0785,0.4343,0.3602,0.0
4560,25828.0,25843.333,15.333,0.0,0.0,110.62,0.762,0.127,0.655,0.4623,0.0251
4561,25843.4,25854.267,10.867,0.0,0.0,94.83,0.784,0.0955,0.4316,0.2353,0.022
4562,25854.333,25863.867,9.534,0.0,0.0,95.37,0.813,0.1214,0.5508,0.3693,0.0005
4563,25863.933,25872.2,8.267,0.0,0.0,138.01,0.784,0.113,0.7387,0.5436,0.0457
4564,25872.267,25879.8,7.533,0.0,0.0,130.7,0.852,0.1535,0.742,0.7078,0.0068
4565,25879.867,25881.933,2.066,0.0,0.0,129.34,0.869,0.1449,0.6284,0.5763,0.0161
4566,25882.0,25894.0,12.0,0.0,0.0,131.32,0.92,0.1521,0.8126,0.7777,0.0072
4567,25894.067,25900.733,6.666,0.0,0.0,140.86,0.803,0.1606,0.9079,0.7575,0.0614
4568,25900.8,25902.267,1.467,0.0,0.0,113.05,0.575,0.1442,1.1287,0.9234,0.1029
4569,25902.333,25919.133,16.8,0.0,0.0,126.24,0.874,0.1,0.3221,0.1636,0.0787
4570,25919.2,25932.6,13.4,0.0,0.0,99.17,0.289,0.1116,0.6098,0.3895,0.017
4571,25932.667,25948.0,15.333,0.0,0.0,86.91,0.897,0.0928,0.8385,0.7278,0.0039
4572,25948.067,25951.4,3.333,0.0,0.0,79.5,0.764,0.0831,0.7521,0.6373,0.0093
4573,25951.467,25955.533,4.066,0.0,0.0,128.29,0.858,0.1409,0.6364,0.4395,0.0009
4574,25955.6,25957.267,1.667,0.0,0.0,93.33,0.863,0.1747,0.8164,0.6065,0.0003
4575,25957.333,25960.533,3.2,0.0,0.0,121.51,0.875,0.141,0.5981,0.4655,0.0005
4576,25960.6,25962.0,1.4,0.0,0.0,112.92,0.491,0.0834,0.4136,0.3533,0.0006
4577,25962.067,25972.0,9.933,0.0,0.0,119.54,0.484,0.0972,0.5056,0.3622,0.0037
4578,25972.067,25972.933,0.866,0.0,0.0,126.46,0.325,0.1001,0.3468,0.2671,0.0007
4579,25973.0,25981.533,8.533,0.0,0.0,128.15,0.543,0.1061,0.4001,0.2825,0.0003
4580,25981.6,25996.0,14.4,0.0,0.0,131.88,0.568,0.0958,0.4056,0.2849,0.0031
4581,25996.067,26000.0,3.933,0.0,0.0,117.49,0.564,0.0899,0.3848,0.2745,0.0002
4582,26000.067,26003.4,3.333,0.0,0.0,112.19,0.334,0.0938,0.3102,0.1643,0.0101
4583,26003.467,26005.533,2.066,0.0,0.0,134.92,0.415,0.1121,0.3869,0.2324,0.0013
4584,26005.6,26011.0,5.4,0.0,0.0,135.83,0.802,0.0632,0.4055,0.2813,0.0004
4585,26011.067,26024.8,13.733,0.0,0.0,146.07,0.84,0.1113,0.5344,0.3993,0.0003
4586,26024.867,26031.4,6.533,0.0,0.0,112.5,0.862,0.1047,0.5435,0.3516,0.0045
4587,26031.467,26037.2,5.733,0.0,0.0,103.78,0.84,0.092,0.361,0.1972,0.0026
4588,26037.267,26040.533,3.266,0.0,0.0,89.3,0.907,0.1322,0.7733,0.5982,0.0003
4589,26040.6,26045.2,4.6,0.0,0.0,107.87,0.872,0.0975,0.4436,0.3325,0.0005
4590,26045.267,26048.0,2.733,0.0,0.0,101.65,0.942,0.1591,0.8932,0.768,0.0001
4591,26048.067,26055.267,7.2,0.0,0.0,137.54,0.767,0.0992,0.4329,0.3076,0.0045
4592,26055.333,26058.6,3.267,0.0,0.0,86.95,0.909,0.1465,0.4028,0.2752,0.0004
4593,26058.667,26060.6,1.933,0.0,0.0,105.71,0.905,0.1102,0.5551,0.4341,0.0
4594,26060.667,26070.6,9.933,0.0,0.0,85.65,0.85,0.1423,0.329,0.1813,0.0036
4595,26070.667,26080.2,9.533,0.0,0.0,161.55,0.879,0.1142,0.5234,0.4762,0.0003
4596,26080.267,26083.2,2.933,0.0,0.0,130.84,0.745,0.0421,0.1178,0.0935,0.0081
4597,26083.267,26085.4,2.133,0.0,0.0,138.77,0.8,0.0648,0.2622,0.2003,0.0067
4598,26085.467,26090.933,5.466,0.0,0.0,144.6,0.704,0.1205,0.5553,0.453,0.0011
4599,26091.0,26094.467,3.467,0.0,0.0,130.66,0.462,0.1054,0.5662,0.3808,0.0093
4600,26094.533,26101.8,7.267,0.0,0.0,124.86,0.535,0.0993,0.5014,0.3831,0.0006
4601,26101.867,26109.133,7.266,0.0,0.0,90.1,0.948,0.0984,0.8442,0.6779,0.0004
4602,26109.2,26111.6,2.4,0.0,0.0,84.8,0.595,0.0953,0.7702,0.5716,0.0106
4603,26111.667,26112.4,0.733,0.0,0.0,82.98,0.507,0.0922,0.4395,0.1778,0.0135
4604,26112.467,26113.333,0.866,0.0,0.0,95.08,0.642,0.0857,0.642,0.4098,0.0052
4605,26113.4,26114.467,1.067,0.0,0.0,94.06,0.757,0.1002,0.7845,0.5287,0.0003
4606,26114.533,26119.0,4.467,0.0,0.0,98.45,0.851,0.1028,0.7707,0.5343,0.0004
4607,26119.067,26121.0,1.933,0.0,0.0,103.85,0.832,0.1295,0.9246,0.6806,0.0004
4608,26121.067,26122.6,1.533,0.0,0.0,105.4,0.914,0.1323,0.993,0.7293,0.0007
4609,26122.667,26126.8,4.133,0.0,0.0,99.78,0.725,0.1222,0.8849,0.6348,0.01
4610,26126.867,26127.933,1.066,0.0,0.0,110.55,0.83,0.1278,1.1134,0.9107,0.0
4611,26128.0,26129.6,1.6,0.0,0.0,102.86,0.913,0.1384,1.2009,0.9592,0.0007
4612,26129.667,26133.333,3.666,0.0,0.0,110.8,0.596,0.114,0.7088,0.46,0.0015
4613,26133.4,26134.533,1.133,0.0,0.0,126.92,0.82,0.1164,0.5232,0.3073,0.0006
4614,26134.6,26137.133,2.533,0.0,0.0,120.75,0.761,0.1147,0.5257,0.3304,0.0005
4615,26137.2,26138.6,1.4,0.0,0.0,111.03,0.487,0.0937,0.4497,0.2045,0.0149
4616,26138.667,26152.4,13.733,0.0,0.0,89.79,0.576,0.0911,0.4572,0.3176,0.037
4617,26152.467,26154.4,1.933,0.0,0.0,124.61,0.606,0.1077,0.6361,0.3826,0.002
4618,26154.467,26167.133,12.666,0.0,0.0,79.74,0.646,0.1027,0.6479,0.4743,0.0091
4619,26167.2,26176.067,8.867,0.0,0.0,73.21,0.514,0.1342,0.6636,0.4826,0.0398
4620,26176.133,26178.267,2.134,0.0,0.0,205.0,0.27,0.0684,0.3291,0.2032,0.0484
4621,26178.333,26183.533,5.2,0.0,0.0,60.3,0.763,0.0585,0.374,0.2115,0.0644
4622,26183.6,26185.133,1.533,0.0,0.0,92.53,0.852,0.081,0.513,0.3222,0.0044
4623,26185.2,26190.867,5.667,0.0,0.0,143.14,0.753,0.0945,0.664,0.4634,0.0791
4624,26190.933,26193.133,2.2,0.0,0.0,102.51,0.542,0.0777,0.7441,0.5758,0.0054
4625,26193.2,26204.2,11.0,0.0,0.0,49.33,0.62,0.1006,0.3692,0.2376,0.0132
4626,26204.267,26207.8,3.533,0.0,0.0,68.58,0.753,0.0767,0.61,0.4506,0.0331
4627,26207.867,26208.467,0.6,0.0,0.0,62.79,0.384,0.119,0.3775,0.1197,0.0973
4628,26208.533,26209.533,1.0,0.0,0.0,138.95,0.032,0.0791,0.4572,0.1743,0.1811
4629,26209.6,26259.2,49.6,0.0,0.0,122.78,0.929,0.0847,0.4156,0.2456,0.0169
4630,26259.267,26267.267,8.0,0.0,0.0,113.35,0.872,0.1058,0.4099,0.1083,0.0128
4631,26267.333,26272.533,5.2,0.0,0.0,130.09,0.946,0.0823,0.428,0.2536,0.0
4632,26272.6,26275.6,3.0,0.0,0.0,48.79,0.872,0.0996,0.338,0.2214,0.0036
4633,26275.667,26278.733,3.066,0.0,0.0,92.65,0.71,0.1153,0.5336,0.275,0.0206
4634,26278.8,26281.2,2.4,0.0,0.0,98.11,0.852,0.1158,0.9522,0.7717,0.0034
4635,26281.267,26283.333,2.066,0.0,0.0,137.62,0.761,0.0976,0.6222,0.3506,0.0919
4636,26283.4,26287.067,3.667,0.0,0.0,103.4,0.51,0.0845,0.6446,0.3478,0.0181
4637,26287.133,26319.667,32.534,0.0,0.0,126.68,0.917,0.0846,0.4195,0.2605,0.0016
4638,26319.733,26325.933,6.2,0.0,0.0,90.19,0.887,0.1042,0.8311,0.713,0.0026
4639,26326.0,26328.4,2.4,0.0,0.0,121.33,0.761,0.0659,0.2301,0.0656,0.0102
4640,26328.467,26338.0,9.533,0.0,0.0,92.33,0.614,0.1008,0.5195,0.2912,0.0592
4641,26338.067,26343.2,5.133,0.0,0.0,117.59,0.679,0.1087,0.5974,0.4108,0.0225
4642,26343.267,26360.6,17.333,0.0,0.0,82.88,0.633,0.0928,0.4762,0.3474,0.0222
4643,26360.667,26362.8,2.133,0.0,0.0,124.36,0.579,0.1068,0.6309,0.415,0.0084
4644,26362.867,26364.2,1.333,0.0,0.0,124.36,0.702,0.112,0.8058,0.562,0.0322
4645,26364.267,26368.067,3.8,0.0,0.0,138.75,0.843,0.1053,0.5807,0.3566,0.0069
4646,26368.133,26373.8,5.667,0.0,0.0,92.04,0.871,0.0851,0.515,0.4369,0.0087
4647,26373.867,26378.333,4.466,0.0,0.0,56.92,0.8,0.1279,0.5268,0.4395,0.0008
4648,26378.4,26382.667,4.267,0.0,0.0,128.75,0.425,0.1465,0.9773,0.924,0.0175
4649,26382.733,26385.733,3.0,0.0,0.0,85.07,0.485,0.1468,0.7683,0.5499,0.0005
4650,26385.8,26390.2,4.4,0.0,0.0,56.77,0.813,0.1214,0.5802,0.4434,0.0088
4651,26390.267,26397.133,6.866,0.0,0.0,88.39,0.951,0.103,0.8551,0.5833,0.0989
4652,26397.2,26398.933,1.733,0.0,0.0,81.67,0.565,0.1119,0.6725,0.4682,0.0916
4653,26399.0,26400.2,1.2,0.0,0.0,90.01,0.646,0.127,0.7636,0.5525,0.0743
4654,26400.267,26402.2,1.933,0.0,0.0,91.04,0.447,0.1169,0.7488,0.637,0.0138
4655,26402.267,26404.733,2.466,0.0,0.0,88.19,0.651,0.1336,1.0012,0.8231,0.0119
4656,26404.8,26407.533,2.733,0.0,0.0,98.93,0.78,0.1399,1.2161,1.1421,0.0013
4657,26407.6,26408.533,0.933,0.0,0.0,96.85,0.904,0.1505,1.2558,1.1454,0.0003
4658,26408.6,26415.133,6.533,0.0,0.0,98.69,0.792,0.1422,1.1978,1.0091,0.0002
4659,26415.2,26421.8,6.6,0.0,0.0,92.82,0.664,0.1334,1.0586,0.8944,0.0062
4660,26421.867,26426.733,4.866,0.0,0.0,101.66,0.781,0.1424,1.2112,1.1043,0.0004
4661,26426.8,26430.133,3.333,0.0,0.0,95.77,0.769,0.142,1.4011,1.2271,0.0003
4662,26430.2,26432.333,2.133,0.0,0.0,94.69,0.432,0.0982,0.5638,0.4584,0.0172
4663,26432.4,26434.533,2.133,0.0,0.0,105.72,0.083,0.0921,0.5166,0.3878,0.0201
4664,26434.6,26435.133,0.533,0.0,0.0,95.36,0.443,0.0485,0.1256,0.0122,0.0297
4665,26435.2,26435.733,0.533,0.0,0.0,63.3,0.624,0.0651,0.4203,0.2836,0.0267
4666,26435.8,26436.733,0.933,0.0,0.0,119.99,0.071,0.1229,0.8036,0.6568,0.0007
4667,26436.8,26437.733,0.933,0.0,0.0,65.55,0.672,0.0805,0.3369,0.1661,0.0012
4668,26437.8,26442.933,5.133,0.0,0.0,86.64,0.286,0.1517,0.5872,0.5243,0.025
4669,26443.0,26445.533,2.533,0.0,0.0,75.53,0.473,0.1367,0.7499,0.6852,0.0
4670,26445.6,26452.533,6.933,0.0,0.0,84.43,0.207,0.1551,0.7359,0.6422,0.0129
4671,26452.6,26453.4,0.8,0.0,0.0,97.48,0.0,0.1167,0.6445,0.3675,0.016
4672,26453.467,26457.0,3.533,0.0,0.0,91.56,0.023,0.1305,0.5456,0.3939,0.0047
4673,26457.067,26458.6,1.533,0.0,0.0,117.73,0.0,0.1036,0.4686,0.2613,0.0026
4674,26458.667,26460.933,2.266,0.0,0.0,112.92,0.489,0.1318,0.7974,0.6343,0.0304
4675,26461.0,26471.4,10.4,0.0,0.0,99.35,0.669,0.1039,0.661,0.5766,0.0036
4676,26471.467,26472.133,0.666,0.0,0.0,105.04,0.314,0.0795,0.6301,0.5416,0.0002
4677,26472.2,26473.933,1.733,0.0,0.0,152.16,0.658,0.086,0.2884,0.2496,0.0012
4678,26474.0,26475.867,1.867,0.0,0.0,141.94,0.888,0.1394,0.5608,0.4773,0.005
4679,26475.933,26477.133,1.2,0.0,0.0,79.31,0.625,0.1222,0.55,0.4357,0.022
4680,26477.2,26478.133,0.933,0.0,0.0,78.4,0.841,0.1207,0.5317,0.4749,0.0125
4681,26478.2,26481.733,3.533,0.0,0.0,79.9,0.768,0.1338,1.1127,0.9649,0.0098
4682,26481.8,26484.333,2.533,0.0,0.0,121.75,0.0,0.1238,0.6643,0.4127,0.0516
4683,26484.4,26490.133,5.733,0.0,0.0,113.25,0.424,0.0611,0.257,0.1951,0.0136
4684,26490.2,26491.133,0.933,0.0,0.0,70.7,0.512,0.0658,0.5799,0.5009,0.0526
4685,26491.2,26493.4,2.2,0.0,0.0,119.75,0.45,0.0751,0.5304,0.4538,0.0088
4686,26493.467,26497.6,4.133,0.0,0.0,109.6,0.705,0.0621,0.2253,0.097,0.0268
4687,26497.667,26498.6,0.933,0.0,0.0,59.85,0.554,0.0857,0.4753,0.4053,0.0036
4688,26498.667,26499.533,0.866,0.0,0.0,78.41,0.837,0.1269,0.8686,0.8198,0.0019
4689,26499.6,26502.733,3.133,0.0,0.0,56.49,0.778,0.0732,0.7023,0.6338,0.0003
4690,26502.8,26503.8,1.0,0.0,0.0,68.45,0.434,0.0981,0.803,0.7284,0.0023
4691,26503.867,26504.933,1.066,0.0,0.0,52.16,0.779,0.0806,0.627,0.5917,0.0
4692,26505.0,26507.933,2.933,0.0,0.0,48.45,0.838,0.0611,0.3276,0.2561,0.0005
4693,26508.0,26512.267,4.267,0.0,0.0,88.89,0.519,0.0762,0.427,0.3346,0.0223
4694,26512.333,26514.733,2.4,0.0,0.0,62.45,0.759,0.0946,0.6621,0.5897,0.0027
4695,26514.8,26519.667,4.867,0.0,0.0,104.47,0.512,0.1375,0.9006,0.7175,0.0184
4696,26519.733,26521.667,1.934,0.0,0.0,56.42,0.854,0.0611,0.2479,0.164,0.0
4697,26521.733,26524.267,2.534,0.0,0.0,82.14,0.774,0.0885,0.4496,0.2575,0.0063
4698,26524.333,26528.133,3.8,0.0,0.0,107.75,0.594,0.1488,1.079,0.8886,0.0004
4699,26528.2,26544.2,16.0,0.0,0.0,108.42,0.591,0.1525,1.1068,0.9263,0.0007
4700,26544.267,26550.0,5.733,0.0,0.0,84.43,0.884,0.1036,0.7262,0.4011,0.1186
4701,26550.067,26565.8,15.733,0.0,0.0,79.81,0.822,0.1245,0.8921,0.6713,0.0067
4702,26565.867,26567.333,1.466,0.0,0.0,157.76,0.475,0.0416,0.1878,0.1692,0.0104
4703,26567.4,26569.333,1.933,0.0,0.0,102.26,0.57,0.0903,0.3022,0.1838,0.0404
4704,26569.4,26573.533,4.133,0.0,0.0,140.31,0.0,0.0768,0.4758,0.3536,0.0142
4705,26573.6,26603.267,29.667,0.0,0.0,108.16,0.614,0.1266,0.8931,0.6873,0.0265
4706,26603.333,26608.933,5.6,0.0,0.0,126.71,0.336,0.0816,0.3969,0.2243,0.0073
4707,26609.0,26609.8,0.8,0.0,0.0,137.33,0.27,0.0864,0.5815,0.4943,0.0
4708,26609.867,26610.533,0.666,0.0,0.0,110.24,0.055,0.0809,0.3326,0.2354,0.0325
4709,26610.6,26611.733,1.133,0.0,0.0,106.1,0.077,0.1096,0.7479,0.6415,0.0055
4710,26611.8,26614.067,2.267,0.0,0.0,111.52,0.0,0.1342,0.8484,0.6162,0.0204
4711,26614.133,26616.6,2.467,0.0,0.0,132.6,0.231,0.0801,0.2402,0.127,0.0628
4712,26616.667,26617.2,0.533,0.0,0.0,124.31,0.361,0.075,0.2966,0.2595,0.0
4713,26617.267,26619.067,1.8,0.0,0.0,111.15,0.337,0.1414,0.459,0.2915,0.0499
4714,26619.133,26621.667,2.534,0.0,0.0,118.89,0.393,0.0708,0.1438,0.0342,0.0409
4715,26621.733,26622.4,0.667,0.0,0.0,122.07,0.414,0.0345,0.0844,0.0506,0.0161
4716,26622.467,26624.4,1.933,0.0,0.0,69.59,0.374,0.0984,0.7158,0.6126,0.0055
4717,26624.467,26627.133,2.666,0.0,0.0,86.74,0.249,0.074,0.4529,0.3202,0.0151
4718,26627.2,26632.667,5.467,0.0,0.0,87.97,0.916,0.1259,0.5978,0.5061,0.0
4719,26632.733,26647.267,14.534,0.0,0.0,87.0,0.892,0.0937,0.8178,0.6699,0.0059
4720,26647.333,26655.6,8.267,0.0,0.0,86.68,0.865,0.0884,0.7884,0.6302,0.0044
4721,26655.667,26657.2,1.533,0.0,0.0,140.07,0.747,0.1271,0.5598,0.5065,0.0
4722,26657.267,26658.8,1.533,0.0,0.0,116.61,0.444,0.0772,0.4415,0.3757,0.0004
4723,26658.867,26661.2,2.333,0.0,0.0,126.02,0.612,0.0777,0.3375,0.2029,0.0002
4724,26661.267,26663.267,2.0,0.0,0.0,75.53,0.284,0.0651,0.1818,0.0668,0.0103
4725,26663.333,26664.133,0.8,0.0,0.0,90.08,0.55,0.0597,0.2473,0.0652,0.0198
4726,26664.2,26664.867,0.667,0.0,0.0,180.55,0.398,0.057,0.2796,0.2301,0.0241
4727,26664.933,26666.867,1.934,0.0,0.0,114.41,0.271,0.1407,0.8913,0.7061,0.0177
4728,26666.933,26667.933,1.0,0.0,0.0,78.19,0.822,0.0845,0.4066,0.2761,0.0
4729,26668.0,26669.2,1.2,0.0,0.0,162.25,0.789,0.0739,0.4603,0.3693,0.0001
4730,26669.267,26670.333,1.066,0.0,0.0,128.0,0.377,0.0729,0.3029,0.1278,0.0152
4731,26670.4,26671.933,1.533,0.0,0.0,160.53,0.738,0.0526,0.3271,0.2771,0.0233
4732,26672.0,26675.133,3.133,0.0,0.0,136.87,0.473,0.1335,0.7421,0.5408,0.0383
4733,26675.2,26676.8,1.6,0.0,0.0,122.58,0.645,0.106,0.6477,0.5187,0.0027
4734,26676.867,26678.133,1.266,0.0,0.0,145.16,0.794,0.133,1.0591,0.9032,0.0019
4735,26678.2,26679.2,1.0,0.0,0.0,171.52,0.837,0.1616,0.9139,0.8954,0.0
4736,26679.267,26688.0,8.733,0.0,0.0,93.63,0.714,0.0624,0.3499,0.2371,0.0175
4737,26688.067,26692.467,4.4,0.0,0.0,36.99,0.897,0.0442,0.191,0.1729,0.008
4738,26692.533,26695.4,2.867,0.0,0.0,96.23,0.522,0.1107,0.7055,0.4943,0.0838
4739,26695.467,26697.667,2.2,0.0,0.0,156.15,0.473,0.1629,1.1812,1.1113,0.0175
4740,26697.733,26700.067,2.334,0.0,0.0,154.54,0.656,0.1509,0.9954,0.7795,0.0887
4741,26700.133,26702.333,2.2,0.0,0.0,169.57,0.134,0.191,1.0155,0.9583,0.0185
4742,26702.4,26704.2,1.8,0.0,0.0,125.99,0.488,0.1342,0.7953,0.7006,0.0035
4743,26704.267,26715.6,11.333,0.0,0.0,135.49,0.666,0.1597,0.9925,0.8492,0.0338
4744,26715.667,26717.667,2.0,0.0,0.0,80.18,0.607,0.1457,0.9261,0.7817,0.0004
4745,26717.733,26722.933,5.2,0.0,0.0,155.07,0.073,0.1519,1.0237,0.7433,0.0263
4746,26723.0,26726.8,3.8,0.0,0.0,137.84,0.304,0.1421,0.903,0.6989,0.018
4747,26726.867,26727.8,0.933,0.0,0.0,160.46,0.459,0.0667,0.2229,0.1194,0.0086
4748,26727.867,26729.0,1.133,0.0,0.0,145.38,0.445,0.1479,1.0376,0.9076,0.0538
4749,26729.067,26730.4,1.333,0.0,0.0,141.47,0.557,0.1,0.3983,0.2213,0.003
4750,26730.467,26731.733,1.266,0.0,0.0,164.68,0.127,0.1527,0.8491,0.7169,0.0091
4751,26731.8,26732.667,0.867,0.0,0.0,153.83,0.402,0.156,1.0052,0.8524,0.082
4752,26732.733,26737.333,4.6,0.0,0.0,40.84,0.701,0.0521,0.2196,0.1996,0.0001
4753,26737.4,26744.867,7.467,0.0,0.0,100.32,0.457,0.1354,0.7697,0.6708,0.003
4754,26744.933,26750.0,5.067,0.0,0.0,127.62,0.001,0.1601,0.8719,0.6839,0.0271
4755,26750.067,26753.2,3.133,0.0,0.0,68.79,0.239,0.0845,0.3241,0.1786,0.0076
4756,26753.267,26756.933,3.666,0.0,0.0,95.69,0.112,0.1108,0.6135,0.4138,0.012
4757,26757.0,26758.933,1.933,0.0,0.0,123.23,0.0,0.1258,0.7384,0.4975,0.0255
4758,26759.0,26772.4,13.4,0.0,0.0,152.41,0.115,0.1734,1.0197,0.9124,0.0178
4759,26772.467,26775.8,3.333,0.0,0.0,146.28,0.066,0.1764,1.0515,0.8676,0.0544
4760,26775.867,26776.867,1.0,0.0,0.0,151.8,0.285,0.1806,1.0948,0.9425,0.0179
4761,26776.933,26781.733,4.8,0.0,0.0,131.58,0.858,0.0845,0.5854,0.4121,0.0354
4762,26781.8,26786.067,4.267,0.0,0.0,217.84,0.812,0.1032,0.3406,0.2439,0.0734
4763,26786.133,26786.8,0.667,0.0,0.0,134.54,0.0,0.0824,0.3078,0.0573,0.0295
4764,26786.867,26788.133,1.266,0.0,0.0,103.91,0.301,0.0606,0.1918,0.1434,0.0003
4765,26788.2,26788.933,0.733,0.0,0.0,124.82,0.266,0.0691,0.1481,0.1168,0.0002
4766,26789.0,26792.333,3.333,0.0,0.0,53.21,0.655,0.0444,0.1652,0.1277,0.0067
4767,26792.4,26793.067,0.667,0.0,0.0,89.09,0.519,0.1034,0.3528,0.1705,0.0307
4768,26793.133,26793.933,0.8,0.0,0.0,91.16,0.742,0.0749,0.3588,0.2136,0.0004
4769,26794.0,26794.667,0.667,0.0,0.0,178.59,0.592,0.0677,0.3396,0.1643,0.0788
4770,26794.733,26796.667,1.934,0.0,0.0,118.42,0.363,0.1485,1.1131,0.9446,0.0002
4771,26796.733,26797.733,1.0,0.0,0.0,79.0,0.763,0.0781,0.4253,0.2697,0.0005
4772,26797.8,26799.0,1.2,0.0,0.0,163.73,0.762,0.0771,0.6103,0.4873,0.0276
4773,26799.067,26800.133,1.066,0.0,0.0,128.15,0.397,0.0803,0.3089,0.0703,0.0955
4774,26800.2,26801.733,1.533,0.0,0.0,159.69,0.821,0.0648,0.4506,0.3523,0.0829
4775,26801.8,26804.933,3.133,0.0,0.0,137.92,0.432,0.1289,0.7576,0.5595,0.0242
4776,26805.0,26806.6,1.6,0.0,0.0,122.4,0.682,0.1122,0.6233,0.4872,0.0006
4777,26806.667,26807.933,1.266,0.0,0.0,144.73,0.86,0.1387,1.1273,0.9966,0.0007
4778,26808.0,26808.733,0.733,0.0,0.0,175.84,0.641,0.1432,0.8469,0.8284,0.0
4779,26808.8,26819.267,10.467,0.0,0.0,86.65,0.777,0.1006,0.7889,0.6242,0.0139
4780,26819.333,26824.533,5.2,0.0,0.0,51.54,0.264,0.0408,0.3019,0.1746,0.003
4781,26824.6,26825.667,1.067,0.0,0.0,40.45,0.059,0.025,0.1038,0.0204,0.0105
4782,26825.733,26834.2,8.467,0.0,0.0,38.29,0.569,0.0343,0.1999,0.1406,0.002
4783,26834.267,26840.6,6.333,0.0,0.0,46.86,0.468,0.0405,0.1847,0.1156,0.0039
4784,26840.667,26845.533,4.866,0.0,0.0,84.17,0.477,0.1074,0.5957,0.558,0.0028
4785,26845.6,26865.933,20.333,0.0,0.0,75.85,0.642,0.0956,0.3729,0.2778,0.0021
4786,26866.0,26874.6,8.6,0.0,0.0,71.73,0.821,0.0923,0.4931,0.3788,0.0002
4787,26874.667,26914.867,40.2,0.0,0.0,108.6,0.805,0.0898,0.3973,0.3584,0.0031
4788,26914.933,26929.667,14.734,0.0,0.0,148.89,0.829,0.0929,0.57,0.3298,0.0026
4789,26929.733,26935.8,6.067,0.0,0.0,75.5,0.73,0.0843,0.3529,0.291,0.0026
4790,26935.867,26936.4,0.533,0.0,0.0,65.09,0.715,0.0013,0.0018,0.0,0.0
4791,26936.467,26941.2,4.733,0.0,0.0,76.61,0.016,0.0556,0.2951,0.2013,0.0033
4792,26941.267,26943.067,1.8,0.0,0.0,67.59,0.568,0.0419,0.1536,0.0563,0.0006
4793,26943.133,26965.733,22.6,0.0,0.0,67.79,0.971,0.0495,0.1379,0.0753,0.0116
4794,26965.8,26970.133,4.333,0.0,0.0,221.0,0.799,0.0278,0.2327,0.209,0.0097
4795,26970.2,26972.667,2.467,0.0,0.0,4.51,0.756,0.0099,0.0364,0.0261,0.0
4796,26972.733,26977.333,4.6,0.0,0.0,40.82,0.423,0.0388,0.2098,0.1288,0.0003
4797,26977.4,27023.667,46.267,0.0,0.0,104.9,0.809,0.0898,0.3991,0.3577,0.0019
4798,27023.733,27024.333,0.6,0.0,0.0,65.12,0.743,0.0015,0.0403,0.032,0.0
4799,27024.4,27033.0,8.6,0.0,0.0,41.5,0.542,0.037,0.2155,0.1528,0.0039
4800,27033.067,27034.867,1.8,0.0,0.0,65.08,0.0,0.0659,0.2687,0.1087,0.0021
4801,27034.933,27037.333,2.4,0.0,0.0,132.82,0.078,0.082,0.4226,0.18,0.0457
4802,27037.4,27040.4,3.0,0.0,0.0,157.64,0.244,0.1039,0.7054,0.5096,0.0048
4803,27040.467,27041.933,1.466,0.0,0.0,124.04,0.18,0.1289,0.7652,0.6538,0.019
4804,27042.0,27042.6,0.6,0.0,0.0,109.31,0.783,0.1097,0.5259,0.4013,0.0532
4805,27042.667,27043.2,0.533,0.0,0.0,108.97,0.878,0.1244,0.5887,0.304,0.1643
4806,27043.267,27044.933,1.666,0.0,0.0,63.01,0.618,0.0715,0.3381,0.0038,0.177
4807,27045.0,27047.8,2.8,0.0,0.0,105.64,0.0,0.1507,1.0599,0.9425,0.012
4808,27047.867,27050.867,3.0,0.0,0.0,111.23,0.821,0.0819,0.3125,0.0642,0.061
4809,27050.933,27131.933,81.0,0.0,0.0,74.85,0.86,0.0914,0.4692,0.2763,0.0776
4810,27132.0,27143.333,11.333,0.0,0.0,69.05,0.86,0.1268,0.6127,0.4695,0.0175
4811,27143.4,27148.267,4.867,0.0,0.0,121.59,0.899,0.1083,0.561,0.3226,0.0789
4812,27148.333,27236.333,88.0,0.0,0.0,79.02,0.846,0.0932,0.5645,0.3611,0.0502
4813,27236.4,27240.933,4.533,0.0,0.0,54.26,0.77,0.1451,0.7777,0.679,0.0019
4814,27241.0,27268.133,27.133,0.0,0.0,72.65,0.856,0.1026,0.6086,0.4736,0.0189
4815,27268.2,27289.133,20.933,0.0,0.0,71.31,0.853,0.1058,0.545,0.3792,0.0394
4816,27289.2,27292.467,3.267,0.0,0.0,56.27,0.695,0.1221,0.8928,0.7699,0.0037
4817,27292.533,27367.333,74.8,0.0,0.0,79.08,0.835,0.0978,0.4858,0.2663,0.0587
4818,27367.4,27369.2,1.8,0.0,0.0,116.94,0.725,0.0937,0.443,0.2296,0.0252
4819,27369.267,27375.667,6.4,0.0,0.0,88.39,0.867,0.1015,0.8334,0.7173,0.0008
4820,27375.733,27386.667,10.934,0.0,0.0,84.13,0.856,0.1062,0.7735,0.5967,0.0562
4821,27386.733,27391.6,4.867,0.0,0.0,62.1,0.579,0.1631,0.9714,0.7864,0.0162
4822,27391.667,27397.0,5.333,0.0,0.0,64.95,0.798,0.0776,0.4167,0.3165,0.0253
4823,27397.067,27399.733,2.666,0.0,0.0,60.39,0.833,0.1594,0.9611,0.8484,0.0002
4824,27399.8,27454.733,54.933,0.0,0.0,82.76,0.854,0.0968,0.52,0.2967,0.0625
4825,27454.8,27470.6,15.8,0.0,0.0,77.03,0.836,0.0875,0.4049,0.1424,0.0776
4826,27470.667,27474.8,4.133,0.0,0.0,56.43,0.751,0.1549,0.8055,0.6375,0.0011
4827,27474.867,27524.667,49.8,0.0,0.0,82.69,0.86,0.1018,0.6381,0.5017,0.014
4828,27524.733,27562.2,37.467,0.0,0.0,71.19,0.857,0.0945,0.4122,0.2816,0.0333
4829,27562.267,27566.8,4.533,0.0,0.0,57.44,0.704,0.1461,0.7459,0.5733,0.0343
4830,27566.867,27576.0,9.133,0.0,0.0,99.39,0.862,0.1001,0.5657,0.3143,0.0893
4831,27576.067,27580.0,3.933,0.0,0.0,56.94,0.705,0.1449,0.862,0.6879,0.0189
4832,27580.067,27588.667,8.6,0.0,0.0,86.21,0.824,0.0958,0.6921,0.5722,0.0269
4833,27588.733,27603.067,14.334,0.0,0.0,121.29,0.913,0.1083,0.5373,0.2934,0.0791
4834,27603.133,27609.733,6.6,0.0,0.0,70.39,0.789,0.0954,0.5996,0.535,0.0177
4835,27609.8,27616.533,6.733,0.0,0.0,55.57,0.792,0.1501,0.8453,0.7125,0.0001
4836,27616.6,27626.8,10.2,0.0,0.0,64.1,0.84,0.0911,0.3878,0.2511,0.0238
4837,27626.867,27719.333,92.466,0.0,0.0,75.83,0.847,0.1022,0.5744,0.3804,0.0436
4838,27719.4,27724.933,5.533,0.0,0.0,118.98,0.83,0.1024,0.45,0.2013,0.0356
4839,27725.0,27798.8,73.8,0.0,0.0,74.99,0.854,0.09,0.5318,0.305,0.065
4840,27798.867,27802.133,3.266,0.0,0.0,58.68,0.755,0.1481,0.8363,0.7088,0.0005
4841,27802.2,27832.667,30.467,0.0,0.0,78.6,0.863,0.1029,0.5851,0.4201,0.0153
4842,27832.733,27837.733,5.0,0.0,0.0,47.03,0.8,0.1109,0.4165,0.2306,0.0214
4843,27837.8,27937.533,99.733,0.0,0.0,75.93,0.847,0.1018,0.5542,0.3555,0.0425
4844,27937.6,27985.6,48.0,0.0,0.0,75.63,0.833,0.0943,0.5714,0.347,0.0735
4845,27985.667,27998.933,13.266,0.0,0.0,79.98,0.714,0.1132,0.7113,0.4401,0.0747
4846,27999.0,28004.733,5.733,0.0,0.0,121.19,0.908,0.1096,0.43,0.1682,0.0809
4847,28004.8,28036.533,31.733,0.0,0.0,82.29,0.854,0.0874,0.5477,0.2873,0.0852
4848,28036.6,28078.733,42.133,0.0,0.0,71.13,0.846,0.0996,0.4998,0.3178,0.0507
4849,28078.8,28081.333,2.533,0.0,0.0,77.21,0.432,0.1601,0.9038,0.5694,0.0334
4850,28081.4,28102.333,20.933,0.0,0.0,90.27,0.843,0.0866,0.4709,0.2325,0.0784
4851,28102.4,28105.6,3.2,0.0,0.0,54.22,0.592,0.1419,0.8021,0.6582,0.0011
4852,28105.667,28119.6,13.933,0.0,0.0,61.98,0.848,0.086,0.3918,0.2314,0.0471
4853,28119.667,28125.8,6.133,0.0,0.0,65.9,0.88,0.1043,0.4856,0.3909,0.0205
4854,28125.867,28129.2,3.333,0.0,0.0,57.9,0.864,0.154,0.7886,0.5761,0.004
4855,28129.267,28211.0,81.733,0.0,0.0,76.97,0.873,0.0981,0.5549,0.3808,0.0411
4856,28211.067,28214.0,2.933,0.0,0.0,122.63,0.891,0.1102,0.5391,0.2246,0.0671
4857,28214.067,28223.0,8.933,0.0,0.0,85.42,0.819,0.0883,0.3929,0.1676,0.0818
4858,28223.067,28227.933,4.866,0.0,0.0,122.9,0.91,0.1092,0.5645,0.3261,0.0467
4859,28228.0,28235.467,7.467,0.0,0.0,88.01,0.868,0.0883,0.4648,0.1581,0.1032
4860,28235.533,28239.333,3.8,0.0,0.0,120.19,0.88,0.1079,0.555,0.2319,0.0765
4861,28239.4,28250.667,11.267,0.0,0.0,74.42,0.833,0.0846,0.3746,0.168,0.069
4862,28250.733,28278.933,28.2,0.0,0.0,65.12,0.854,0.1013,0.4793,0.3098,0.0629
4863,28279.0,28280.867,1.867,0.0,0.0,72.63,0.035,0.1422,0.6055,0.2413,0.0481
4864,28280.933,28285.133,4.2,0.0,0.0,87.29,0.804,0.0857,0.4532,0.3129,0.0401
4865,28285.2,28287.2,2.0,0.0,0.0,119.95,0.845,0.1065,0.5268,0.2593,0.0783
4866,28287.267,28358.533,71.266,0.0,0.0,77.38,0.83,0.0987,0.4986,0.3021,0.0483
4867,28358.6,28360.867,2.267,0.0,0.0,57.84,0.851,0.1352,0.8722,0.757,0.0
4868,28360.933,28373.933,13.0,0.0,0.0,87.39,0.856,0.0904,0.5615,0.3169,0.0913
4869,28374.0,28377.733,3.733,0.0,0.0,119.2,0.771,0.0958,0.4258,0.238,0.022
4870,28377.8,28421.0,43.2,0.0,0.0,69.82,0.863,0.0901,0.4387,0.2726,0.0357
4871,28421.067,28428.533,7.466,0.0,0.0,93.43,0.919,0.1391,0.7542,0.5555,0.0001
4872,28428.6,28501.267,72.667,0.0,0.0,74.59,0.849,0.0997,0.569,0.3884,0.045
4873,28501.333,28565.2,63.867,0.0,0.0,76.58,0.843,0.1027,0.512,0.314,0.0351
4874,28565.267,28571.4,6.133,0.0,0.0,81.87,0.858,0.1059,0.5887,0.4352,0.0115
4875,28571.467,28574.2,2.733,0.0,0.0,137.32,0.247,0.0879,0.4651,0.2283,0.0614
4876,28574.267,28577.333,3.066,0.0,0.0,157.16,0.226,0.104,0.7281,0.5269,0.0082
4877,28577.4,28580.133,2.733,0.0,0.0,117.04,0.49,0.1232,0.6632,0.5289,0.0549
4878,28580.2,28581.8,1.6,0.0,0.0,62.03,0.614,0.0717,0.3321,0.0051,0.1757
4879,28581.867,28584.733,2.866,0.0,0.0,106.31,0.0,0.1525,1.048,0.9376,0.0113
4880,28584.8,28588.133,3.333,0.0,0.0,110.06,0.842,0.0821,0.2995,0.0641,0.0701
4881,28588.2,28592.733,4.533,0.0,0.0,41.44,0.407,0.0388,0.2069,0.1321,0.0003
4882,28592.8,28606.467,13.667,0.0,0.0,75.99,0.743,0.0877,0.361,0.2948,0.0022
4883,28606.533,28609.2,2.667,0.0,0.0,91.41,0.128,0.0571,0.2781,0.2073,0.0076
4884,28609.267,28611.067,1.8,0.0,0.0,77.68,0.585,0.0642,0.2493,0.157,0.0004
4885,28611.133,28633.733,22.6,0.0,0.0,67.78,0.972,0.0498,0.1369,0.0741,0.0115
4886,28633.8,28638.133,4.333,0.0,0.0,221.0,0.798,0.0278,0.2306,0.2055,0.0108
4887,28638.2,28640.733,2.533,0.0,0.0,4.27,0.763,0.0098,0.0357,0.0261,0.0
4888,28640.8,28645.267,4.467,0.0,0.0,41.1,0.412,0.0393,0.2039,0.1253,0.0005
4889,28645.333,28659.0,13.667,0.0,0.0,76.17,0.74,0.0872,0.3559,0.2916,0.0029
4890,28659.067,28661.0,1.933,0.0,0.0,50.81,0.156,0.0392,0.2202,0.1449,0.0123
4891,28661.067,28662.8,1.733,0.0,0.0,147.8,0.566,0.0424,0.169,0.1365,0.0001
4892,28662.867,28666.8,3.933,0.0,0.0,82.37,0.767,0.0469,0.118,0.0011,0.0091
4893,28666.867,28670.733,3.866,0.0,0.0,132.32,0.931,0.0806,0.1539,0.064,0.0017
4894,28670.8,28674.8,4.0,0.0,0.0,100.16,0.928,0.0264,0.091,0.0508,0.0
4895,28674.867,28678.8,3.933,0.0,0.0,112.57,0.921,0.085,0.3367,0.2613,0.0178
4896,28678.867,28682.8,3.933,0.0,0.0,115.14,0.875,0.1139,0.3549,0.1075,0.0848
4897,28682.867,28686.8,3.933,0.0,0.0,109.47,0.924,0.0387,0.1153,0.0286,0.0121
4898,28686.867,28690.8,3.933,0.0,0.0,119.86,0.859,0.1033,0.2137,0.0318,0.057
4899,28690.867,28694.8,3.933,0.0,0.0,113.31,0.905,0.0789,0.1265,0.0071,0.0248
4900,28694.867,28698.8,3.933,0.0,0.0,114.46,0.899,0.1006,0.274,0.0888,0.061
4901,28698.867,28702.8,3.933,0.0,0.0,112.56,0.896,0.0698,0.1374,0.034,0.0188
4902,28702.867,28706.8,3.933,0.0,0.0,104.04,0.908,0.0933,0.3622,0.2661,0.002
4903,28706.867,28710.933,4.066,0.0,0.0,108.23,0.927,0.0784,0.1217,0.0039,0.0005
4904,28711.0,28714.8,3.8,0.0,0.0,109.47,0.85,0.1394,0.5385,0.2924,0.1001
4905,28714.867,28718.8,3.933,0.0,0.0,125.95,0.876,0.0839,0.1564,0.0398,0.0103
4906,28718.867,28722.733,3.866,0.0,0.0,121.0,0.928,0.1181,0.3053,0.0519,0.0745
4907,28722.8,28727.667,4.867,0.0,0.0,121.04,0.799,0.0999,0.2657,0.2024,0.0
4908,28727.733,28729.667,1.934,0.0,0.0,115.13,0.65,0.093,0.2632,0.1689,0.0
4909,28729.733,28731.8,2.067,0.0,0.0,99.65,0.885,0.0847,0.2982,0.2089,0.0
4910,28731.867,28732.733,0.866,0.0,0.0,51.17,0.085,0.0368,0.0705,0.0,0.0106
4911,28732.8,28739.8,7.0,0.0,0.0,76.39,0.854,0.0809,0.2219,0.1253,0.0035
4912,28739.867,28742.133,2.266,0.0,0.0,114.01,0.645,0.0521,0.1865,0.0529,0.0012
4913,28742.2,28743.933,1.733,0.0,0.0,81.02,0.698,0.0465,0.0744,0.0054,0.0017
4914,28744.0,28752.0,8.0,0.0,0.0,137.83,0.794,0.0924,0.4774,0.175,0.1438
4915,28752.067,28753.333,1.266,0.0,0.0,82.81,0.46,0.1042,0.5312,0.2916,0.0178
4916,28753.4,28755.4,2.0,0.0,0.0,100.39,0.814,0.1467,0.8693,0.5856,0.0381
4917,28755.467,28762.133,6.666,0.0,0.0,133.38,0.814,0.0935,0.4063,0.1481,0.1143
4918,28762.2,28765.133,2.933,0.0,0.0,80.47,0.695,0.1709,0.9932,0.8624,0.008
4919,28765.2,28769.867,4.667,0.0,0.0,146.18,0.776,0.0842,0.4251,0.1616,0.1327
4920,28769.933,28770.8,0.867,0.0,0.0,108.4,0.577,0.0848,0.4868,0.2225,0.0003
4921,28770.867,28772.733,1.866,0.0,0.0,110.45,0.557,0.0835,0.3588,0.2257,0.0113
4922,28772.8,28777.333,4.533,0.0,0.0,146.66,0.778,0.0845,0.4298,0.1692,0.1361
4923,28777.4,28780.933,3.533,0.0,0.0,82.57,0.309,0.1535,0.8877,0.7199,0.0316
4924,28781.0,28785.4,4.4,0.0,0.0,145.88,0.786,0.083,0.4698,0.2076,0.1381
4925,28785.467,28786.733,1.266,0.0,0.0,49.85,0.608,0.1021,0.4996,0.188,0.0061
4926,28786.8,28787.4,0.6,0.0,0.0,43.5,0.773,0.0873,0.4437,0.197,0.0061
4927,28787.467,28789.2,1.733,0.0,0.0,68.62,0.758,0.1223,0.7093,0.2553,0.0022
4928,28789.267,28793.733,4.466,0.0,0.0,144.5,0.782,0.0812,0.4153,0.1698,0.1309
4929,28793.8,28795.667,1.867,0.0,0.0,129.84,0.885,0.1858,0.9697,0.9189,0.0244
4930,28795.733,28797.533,1.8,0.0,0.0,175.14,0.859,0.0729,0.5325,0.133,0.0021
4931,28797.6,28809.4,11.8,0.0,0.0,141.1,0.92,0.0931,0.4809,0.2071,0.1571
4932,28809.467,28810.733,1.266,0.0,0.0,110.22,0.784,0.157,0.8034,0.444,0.0146
4933,28810.8,28812.733,1.933,0.0,0.0,113.88,0.835,0.1481,0.7491,0.5641,0.0023
4934,28812.8,28830.467,17.667,0.0,0.0,115.04,0.923,0.1524,0.8073,0.6542,0.0026
4935,28830.533,28845.2,14.667,0.0,0.0,114.31,0.883,0.1493,0.7783,0.6182,0.0044
4936,28845.267,28849.133,3.866,0.0,0.0,102.47,0.841,0.1271,0.7261,0.5797,0.0006
4937,28849.2,28852.733,3.533,0.0,0.0,103.88,0.769,0.1452,0.9713,0.8344,0.0091
4938,28852.8,28860.467,7.667,0.0,0.0,112.72,0.91,0.1557,1.2016,1.0455,0.0008
4939,28860.533,28863.467,2.934,0.0,0.0,112.81,0.955,0.1592,1.1223,0.9095,0.0004
4940,28863.533,28877.2,13.667,0.0,0.0,111.05,0.878,0.1532,1.1356,0.909,0.0029
4941,28877.267,28882.0,4.733,0.0,0.0,111.78,0.923,0.1587,0.9216,0.6826,0.0005
4942,28882.067,28882.733,0.666,0.0,0.0,88.5,0.839,0.1368,0.7658,0.6572,0.0
4943,28882.8,28969.8,87.0,0.0,0.0,107.59,0.862,0.1252,0.8845,0.7987,0.0029
4944,28969.867,28970.867,1.0,0.0,0.0,97.22,0.848,0.1598,1.1441,1.1031,0.0003
4945,28970.933,29036.733,65.8,0.0,0.0,114.77,0.9,0.1528,1.1074,1.0233,0.0019
4946,29036.8,29041.0,4.2,0.0,0.0,111.45,0.799,0.1401,0.8668,0.8299,0.0053
4947,29041.067,29050.933,9.866,0.0,0.0,116.54,0.886,0.1601,1.2247,1.1722,0.0016
4948,29051.0,29053.067,2.067,0.0,0.0,89.27,0.859,0.1549,0.9224,0.8642,0.0005
4949,29053.133,29063.067,9.934,0.0,0.0,95.6,0.709,0.1707,0.9353,0.8746,0.0038
4950,29063.133,29079.933,16.8,0.0,0.0,122.12,0.859,0.1602,1.0282,0.9064,0.0024
4951,29080.0,29148.2,68.2,0.0,0.0,117.49,0.872,0.1496,1.1292,1.0764,0.0027
4952,29148.267,29172.533,24.266,0.0,0.0,129.93,0.872,0.1445,0.906,0.884,0.0027
4953,29172.6,29214.933,42.333,0.0,0.0,130.4,0.889,0.1443,1.0115,0.9944,0.002
4954,29215.0,29253.267,38.267,0.0,0.0,116.79,0.855,0.1544,1.0262,0.974,0.0032
4955,29253.333,29259.667,6.334,0.0,0.0,99.05,0.841,0.1562,1.1838,1.1305,0.0007
4956,29259.733,29265.8,6.067,0.0,0.0,96.91,0.64,0.1589,0.9722,0.9399,0.0055
4957,29265.867,29269.2,3.333,0.0,0.0,98.09,0.877,0.1674,1.0637,1.0228,0.0002
4958,29269.267,29270.6,1.333,0.0,0.0,102.45,0.76,0.1792,1.1265,1.1073,0.0
4959,29270.667,29274.133,3.466,0.0,0.0,99.66,0.856,0.1921,1.0313,1.0188,0.0002
4960,29274.2,29277.533,3.333,0.0,0.0,91.67,0.681,0.1667,0.8042,0.7829,0.0105
4961,29277.6,29278.333,0.733,0.0,0.0,104.7,0.84,0.1606,1.1154,1.0894,0.0011
4962,29278.4,29288.133,9.733,0.0,0.0,100.06,0.837,0.1726,1.0793,1.0342,0.0003
4963,29288.2,29289.733,1.533,0.0,0.0,89.06,0.493,0.1582,0.7363,0.6556,0.015
4964,29289.8,29291.467,1.667,0.0,0.0,94.01,0.723,0.1698,0.8038,0.7319,0.0064
4965,29291.533,29292.333,0.8,0.0,0.0,108.33,0.72,0.165,0.8835,0.8126,0.0023
4966,29292.4,29307.067,14.667,0.0,0.0,98.2,0.846,0.1729,1.0603,1.0023,0.0003
4967,29307.133,29310.4,3.267,0.0,0.0,89.28,0.593,0.164,0.7563,0.689,0.0103
4968,29310.467,29316.333,5.866,0.0,0.0,103.59,0.795,0.1599,1.1201,1.0519,0.0007
4969,29316.4,29322.4,6.0,0.0,0.0,101.63,0.876,0.1789,1.2081,1.1525,0.0003
4970,29322.467,29323.8,1.333,0.0,0.0,83.05,0.884,0.1469,0.8233,0.7549,0.0
4971,29323.867,29326.133,2.266,0.0,0.0,103.49,0.904,0.1599,1.0402,0.9874,0.0006
4972,29326.2,29327.933,1.733,0.0,0.0,94.93,0.528,0.1522,0.8157,0.7666,0.013
4973,29328.0,29348.4,20.4,0.0,0.0,115.53,0.893,0.1519,1.2624,1.213,0.0009
4974,29348.467,29362.933,14.466,0.0,0.0,116.77,0.869,0.1576,0.9934,0.9628,0.0029
4975,29363.0,29373.533,10.533,0.0,0.0,121.23,0.938,0.1675,0.9944,0.9665,0.0002
4976,29373.6,29397.2,23.6,0.0,0.0,114.67,0.859,0.1429,1.0644,1.0475,0.0032
4977,29397.267,29406.2,8.933,0.0,0.0,118.27,0.935,0.1575,1.0116,0.9984,0.0003
4978,29406.267,29425.267,19.0,0.0,0.0,117.23,0.85,0.1675,0.9627,0.9202,0.004
4979,29425.333,29478.0,52.667,0.0,0.0,115.54,0.884,0.1646,0.9427,0.8806,0.0024
4980,29478.067,29516.067,38.0,0.0,0.0,127.76,0.881,0.1415,1.0237,1.003,0.0022
4981,29516.133,29523.4,7.267,0.0,0.0,92.42,0.774,0.1518,1.1175,1.0502,0.0053
4982,29523.467,29533.933,10.466,0.0,0.0,99.66,0.811,0.1729,1.1837,1.1459,0.0007
4983,29534.0,29539.067,5.067,0.0,0.0,100.52,0.834,0.1813,1.2208,1.2014,0.0003
4984,29539.133,29542.4,3.267,0.0,0.0,90.07,0.709,0.1595,1.0807,1.0488,0.0106
4985,29542.467,29553.067,10.6,0.0,0.0,98.38,0.814,0.1689,1.2212,1.1997,0.0007
4986,29553.133,29556.467,3.334,0.0,0.0,92.08,0.602,0.1533,0.8017,0.7715,0.0107
4987,29556.533,29557.2,0.667,0.0,0.0,107.24,0.766,0.1526,0.9213,0.9026,0.0024
4988,29557.267,29558.6,1.333,0.0,0.0,99.0,0.763,0.1547,1.1222,1.1098,0.0012
4989,29558.667,29567.067,8.4,0.0,0.0,98.33,0.864,0.1648,1.1308,1.0885,0.0005
4990,29567.133,29568.8,1.667,0.0,0.0,86.67,0.551,0.1576,0.7454,0.6889,0.0129
4991,29568.867,29570.533,1.666,0.0,0.0,90.86,0.678,0.1675,0.8016,0.7471,0.0081
4992,29570.6,29578.867,8.267,0.0,0.0,101.89,0.795,0.171,1.0246,0.9706,0.0006
4993,29578.933,29581.067,2.134,0.0,0.0,104.48,0.812,0.1761,0.917,0.9024,0.0005
4994,29581.133,29582.133,1.0,0.0,0.0,92.3,0.524,0.1667,0.7162,0.6822,0.011
4995,29582.2,29586.2,4.0,0.0,0.0,92.25,0.787,0.1805,0.8808,0.8404,0.0067
4996,29586.267,29587.6,1.333,0.0,0.0,80.15,0.898,0.1547,0.9539,0.9369,0.0006
4997,29587.667,29595.0,7.333,0.0,0.0,104.45,0.825,0.1791,1.0014,0.9813,0.0004
4998,29595.067,29596.2,1.133,0.0,0.0,99.41,0.63,0.1726,0.732,0.6908,0.0114
4999,29596.267,29598.4,2.133,0.0,0.0,98.88,0.746,0.1802,0.878,0.7961,0.01
5000,29598.467,29604.133,5.666,0.0,0.0,100.58,0.869,0.1749,1.0809,1.0004,0.0004
5001,29604.2,29609.067,4.867,0.0,0.0,97.16,0.893,0.1799,1.1739,1.1426,0.0001
5002,29609.133,29612.4,3.267,0.0,0.0,89.96,0.693,0.1585,0.7805,0.7533,0.0103
5003,29612.467,29618.333,5.866,0.0,0.0,98.11,0.787,0.16,1.0611,0.9719,0.0007
5004,29618.4,29623.067,4.667,0.0,0.0,95.37,0.87,0.1541,1.2287,1.2011,0.0003
5005,29623.133,29626.467,3.334,0.0,0.0,96.44,0.666,0.1626,0.7842,0.7578,0.0106
5006,29626.533,29632.333,5.8,0.0,0.0,102.81,0.852,0.1641,1.0826,1.0439,0.0005
5007,29632.4,29639.067,6.667,0.0,0.0,104.09,0.885,0.1652,1.1585,1.0782,0.0002
5008,29639.133,29696.0,56.867,0.0,0.0,118.42,0.889,0.1553,1.0242,0.9793,0.0022
5009,29696.067,29718.533,22.466,0.0,0.0,120.25,0.894,0.1668,1.0085,0.9685,0.0019
5010,29718.6,29764.933,46.333,0.0,0.0,116.81,0.869,0.1559,1.0649,1.0147,0.0026
5011,29765.0,29770.067,5.067,0.0,0.0,100.95,0.756,0.1659,1.0683,1.0376,0.0006
5012,29770.133,29770.933,0.8,0.0,0.0,91.01,0.514,0.1552,0.7208,0.6616,0.0061
5013,29771.0,29771.933,0.933,0.0,0.0,91.91,0.544,0.1622,0.8093,0.7347,0.0171
5014,29772.0,29773.467,1.467,0.0,0.0,93.68,0.71,0.1639,0.7773,0.7043,0.0076
5015,29773.533,29774.333,0.8,0.0,0.0,103.82,0.75,0.1557,0.8689,0.8132,0.0022
5016,29774.4,29776.933,2.533,0.0,0.0,100.13,0.838,0.1627,1.0945,1.0268,0.0006
5017,29777.0,29784.133,7.133,0.0,0.0,98.03,0.879,0.1766,1.0488,0.9878,0.0005
5018,29784.2,29786.133,1.933,0.0,0.0,89.41,0.54,0.165,0.7596,0.7035,0.0119
5019,29786.2,29787.533,1.333,0.0,0.0,94.26,0.665,0.1711,0.8769,0.8205,0.0087
5020,29787.6,29794.933,7.333,0.0,0.0,102.58,0.789,0.1752,0.9941,0.9268,0.0005
5021,29795.0,29798.067,3.067,0.0,0.0,101.01,0.894,0.1874,0.9385,0.9134,0.0004
5022,29798.133,29800.133,2.0,0.0,0.0,83.04,0.679,0.1726,0.7892,0.7528,0.0132
5023,29800.2,29801.4,1.2,0.0,0.0,91.07,0.752,0.1702,0.8076,0.7759,0.0097
5024,29801.467,29802.8,1.333,0.0,0.0,84.2,0.773,0.144,0.9779,0.9401,0.0021
5025,29802.867,29804.133,1.266,0.0,0.0,101.31,0.857,0.1645,1.0727,1.0308,0.0004
5026,29804.2,29807.0,2.8,0.0,0.0,101.38,0.861,0.173,0.9356,0.9109,0.0004
5027,29807.067,29812.333,5.266,0.0,0.0,109.43,0.838,0.1828,0.9455,0.9096,0.0005
5028,29812.4,29817.2,4.8,0.0,0.0,107.02,0.835,0.1636,1.2357,1.1451,0.0005
5029,29817.267,29820.533,3.266,0.0,0.0,87.44,0.716,0.1562,0.931,0.8776,0.0098
5030,29820.6,29825.8,5.2,0.0,0.0,100.36,0.89,0.1661,1.2322,1.1917,0.001
