video_name,shot_id,start_time,end_time,duration,classification,confidence_score,rule_explanation
SIR_Row_Live__Protests___Politics_Over_Poll_Panel___Govt_VS_Oppn___CEC___Rahul_G.mp4,1,0.0,2.533,2.533,Title Card,78.0,"Title Card: headline=1.0570, textcov=1.0925, stability=0.89"
SIR_Row_Live__Protests___Politics_Over_Poll_Panel___Govt_VS_Oppn___CEC___Rahul_G.mp4,2,2.6,7.333,4.733,Title Card,78.0,"Title Card: headline=0.9488, textcov=0.9992, stability=0.86"
SIR_Row_Live__Protests___Politics_Over_Poll_Panel___Govt_VS_Oppn___CEC___Rahul_G.mp4,3,7.4,11.867,4.467,Title Card,78.0,"Title Card: headline=0.9954, textcov=1.0281, stability=0.81"
SIR_Row_Live__Protests___Politics_Over_Poll_Panel___Govt_VS_Oppn___CEC___Rahul_G.mp4,4,11.933,13.2,1.267,Title Card,78.0,"Title Card: headline=1.0411, textcov=1.1632, stability=0.85"
SIR_Row_Live__Protests___Politics_Over_Poll_Panel___Govt_VS_Oppn___CEC___Rahul_G.mp4,5,13.267,16.867,3.6,Title Card,78.0,"Title Card: headline=1.2268, textcov=1.2854, stability=0.88"
SIR_Row_Live__Protests___Politics_Over_Poll_Panel___Govt_VS_Oppn___CEC___Rahul_G.mp4,6,16.933,17.933,1.0,Title Card,68.0,"Title Card: headline=1.0155, textcov=1.0582, stability=0.78"
SIR_Row_Live__Protests___Politics_Over_Poll_Panel___Govt_VS_Oppn___CEC___Rahul_G.mp4,7,18.0,21.8,3.8,Title Card,68.0,"Title Card: headline=0.8435, textcov=0.8936, stability=0.79"
SIR_Row_Live__Protests___Politics_Over_Poll_Panel___Govt_VS_Oppn___CEC___Rahul_G.mp4,8,21.867,23.467,1.6,Title Card,78.0,"Title Card: headline=0.9459, textcov=1.0526, stability=0.88"
SIR_Row_Live__Protests___Politics_Over_Poll_Panel___Govt_VS_Oppn___CEC___Rahul_G.mp4,9,23.533,24.133,0.6,Title Card,78.0,"Title Card: headline=0.7921, textcov=0.8250, stability=0.87"
SIR_Row_Live__Protests___Politics_Over_Poll_Panel___Govt_VS_Oppn___CEC___Rahul_G.mp4,10,24.2,26.8,2.6,Title Card,78.0,"Title Card: headline=0.8815, textcov=0.9290, stability=0.82"
SIR_Row_Live__Protests___Politics_Over_Poll_Panel___Govt_VS_Oppn___CEC___Rahul_G.mp4,11,26.867,31.4,4.533,Title Card,78.0,"Title Card: headline=1.0323, textcov=1.0634, stability=0.86"
SIR_Row_Live__Protests___Politics_Over_Poll_Panel___Govt_VS_Oppn___CEC___Rahul_G.mp4,12,31.467,35.8,4.333,Title Card,78.0,"Title Card: headline=1.1578, textcov=1.1827, stability=0.84"
SIR_Row_Live__Protests___Politics_Over_Poll_Panel___Govt_VS_Oppn___CEC___Rahul_G.mp4,13,35.867,52.867,17.0,Anchor Studio,84.0,"Anchor Studio: stable=0.90, symmetry=0.87, centered=True, faces=1, face_area=0.0033"
SIR_Row_Live__Protests___Politics_Over_Poll_Panel___Govt_VS_Oppn___CEC___Rahul_G.mp4,14,52.933,54.333,1.4,Title Card,78.0,"Title Card: headline=0.8733, textcov=0.9805, stability=0.82"
SIR_Row_Live__Protests___Politics_Over_Poll_Panel___Govt_VS_Oppn___CEC___Rahul_G.mp4,15,54.4,54.933,0.533,Title Card,78.0,"Title Card: headline=1.2528, textcov=1.3612, stability=0.96"
SIR_Row_Live__Protests___Politics_Over_Poll_Panel___Govt_VS_Oppn___CEC___Rahul_G.mp4,16,55.0,56.8,1.8,Title Card,78.0,"Title Card: headline=1.2567, textcov=1.3212, stability=0.92"
SIR_Row_Live__Protests___Politics_Over_Poll_Panel___Govt_VS_Oppn___CEC___Rahul_G.mp4,17,56.867,66.867,10.0,Title Card,78.0,"Title Card: headline=1.0878, textcov=1.2057, stability=0.93"
SIR_Row_Live__Protests___Politics_Over_Poll_Panel___Govt_VS_Oppn___CEC___Rahul_G.mp4,18,66.933,70.2,3.267,Title Card,78.0,"Title Card: headline=0.6046, textcov=0.7873, stability=0.80"
SIR_Row_Live__Protests___Politics_Over_Poll_Panel___Govt_VS_Oppn___CEC___Rahul_G.mp4,19,70.267,71.4,1.133,B-Roll,70.0,"B-Roll: motion=0.0754, edge=0.1391, face_area=0.0000, symmetry=0.95"
SIR_Row_Live__Protests___Politics_Over_Poll_Panel___Govt_VS_Oppn___CEC___Rahul_G.mp4,20,71.467,72.4,0.933,Title Card,78.0,"Title Card: headline=0.8700, textcov=0.9611, stability=0.88"
SIR_Row_Live__Protests___Politics_Over_Poll_Panel___Govt_VS_Oppn___CEC___Rahul_G.mp4,21,72.467,73.8,1.333,Title Card,78.0,"Title Card: headline=0.8689, textcov=1.0019, stability=0.89"
SIR_Row_Live__Protests___Politics_Over_Poll_Panel___Govt_VS_Oppn___CEC___Rahul_G.mp4,22,73.867,82.2,8.333,Title Card,78.0,"Title Card: headline=0.9138, textcov=1.0621, stability=0.90"
SIR_Row_Live__Protests___Politics_Over_Poll_Panel___Govt_VS_Oppn___CEC___Rahul_G.mp4,23,82.267,82.933,0.666,B-Roll,70.0,"B-Roll: motion=0.1009, edge=0.1408, face_area=0.0046, symmetry=0.97"
SIR_Row_Live__Protests___Politics_Over_Poll_Panel___Govt_VS_Oppn___CEC___Rahul_G.mp4,24,83.0,85.067,2.067,Anchor Studio,94.0,"Anchor Studio: stable=0.79, symmetry=0.99, centered=True, faces=2, face_area=0.0458"
SIR_Row_Live__Protests___Politics_Over_Poll_Panel___Govt_VS_Oppn___CEC___Rahul_G.mp4,25,85.133,89.867,4.734,Anchor Studio,94.0,"Anchor Studio: stable=0.88, symmetry=0.98, centered=True, faces=3, face_area=0.0474"
SIR_Row_Live__Protests___Politics_Over_Poll_Panel___Govt_VS_Oppn___CEC___Rahul_G.mp4,26,89.933,90.867,0.934,Anchor Studio,94.0,"Anchor Studio: stable=0.90, symmetry=0.99, centered=True, faces=3, face_area=0.0980"
SIR_Row_Live__Protests___Politics_Over_Poll_Panel___Govt_VS_Oppn___CEC___Rahul_G.mp4,27,90.933,94.2,3.267,Anchor Studio,94.0,"Anchor Studio: stable=0.92, symmetry=0.99, centered=True, faces=2, face_area=0.0409"
SIR_Row_Live__Protests___Politics_Over_Poll_Panel___Govt_VS_Oppn___CEC___Rahul_G.mp4,28,94.267,99.0,4.733,Anchor Studio,94.0,"Anchor Studio: stable=0.86, symmetry=0.98, centered=True, faces=3, face_area=0.0529"
SIR_Row_Live__Protests___Politics_Over_Poll_Panel___Govt_VS_Oppn___CEC___Rahul_G.mp4,29,99.067,100.333,1.266,Anchor Studio,94.0,"Anchor Studio: stable=0.89, symmetry=0.98, centered=True, faces=2, face_area=0.0486"
SIR_Row_Live__Protests___Politics_Over_Poll_Panel___Govt_VS_Oppn___CEC___Rahul_G.mp4,30,100.4,103.8,3.4,Anchor Studio,94.0,"Anchor Studio: stable=0.83, symmetry=0.98, centered=True, faces=2, face_area=0.0382"
SIR_Row_Live__Protests___Politics_Over_Poll_Panel___Govt_VS_Oppn___CEC___Rahul_G.mp4,31,103.867,108.4,4.533,Anchor Studio,94.0,"Anchor Studio: stable=0.83, symmetry=0.95, centered=True, faces=3, face_area=0.0480"
SIR_Row_Live__Protests___Politics_Over_Poll_Panel___Govt_VS_Oppn___CEC___Rahul_G.mp4,32,108.467,110.467,2.0,Anchor Studio,94.0,"Anchor Studio: stable=0.84, symmetry=0.95, centered=True, faces=2, face_area=0.0285"
SIR_Row_Live__Protests___Politics_Over_Poll_Panel___Govt_VS_Oppn___CEC___Rahul_G.mp4,33,110.533,129.8,19.267,Title Card,78.0,"Title Card: headline=1.0397, textcov=1.1738, stability=0.94"
SIR_Row_Live__Protests___Politics_Over_Poll_Panel___Govt_VS_Oppn___CEC___Rahul_G.mp4,34,129.867,130.4,0.533,Title Card,78.0,"Title Card: headline=0.5747, textcov=0.7541, stability=0.82"
SIR_Row_Live__Protests___Politics_Over_Poll_Panel___Govt_VS_Oppn___CEC___Rahul_G.mp4,35,130.467,133.333,2.866,Title Card,68.0,"Title Card: headline=0.5931, textcov=0.7570, stability=0.77"
SIR_Row_Live__Protests___Politics_Over_Poll_Panel___Govt_VS_Oppn___CEC___Rahul_G.mp4,36,133.4,146.533,13.133,Title Card,78.0,"Title Card: headline=0.9553, textcov=1.0900, stability=0.91"
SIR_Row_Live__Protests___Politics_Over_Poll_Panel___Govt_VS_Oppn___CEC___Rahul_G.mp4,37,146.6,147.267,0.667,B-Roll,70.0,"B-Roll: motion=0.0493, edge=0.0965, face_area=0.0000, symmetry=0.75"
SIR_Row_Live__Protests___Politics_Over_Poll_Panel___Govt_VS_Oppn___CEC___Rahul_G.mp4,38,147.333,152.6,5.267,Title Card,78.0,"Title Card: headline=1.1590, textcov=1.2612, stability=0.89"
SIR_Row_Live__Protests___Politics_Over_Poll_Panel___Govt_VS_Oppn___CEC___Rahul_G.mp4,39,152.667,170.133,17.466,Title Card,78.0,"Title Card: headline=0.9290, textcov=1.0734, stability=0.92"
SIR_Row_Live__Protests___Politics_Over_Poll_Panel___Govt_VS_Oppn___CEC___Rahul_G.mp4,40,170.2,191.6,21.4,Anchor Studio,84.0,"Anchor Studio: stable=0.88, symmetry=0.86, centered=True, faces=1, face_area=0.0026"
SIR_Row_Live__Protests___Politics_Over_Poll_Panel___Govt_VS_Oppn___CEC___Rahul_G.mp4,41,191.667,207.6,15.933,Anchor Studio,94.0,"Anchor Studio: stable=0.85, symmetry=0.87, centered=True, faces=1, face_area=0.0190"
SIR_Row_Live__Protests___Politics_Over_Poll_Panel___Govt_VS_Oppn___CEC___Rahul_G.mp4,42,207.667,265.733,58.066,Anchor Studio,84.0,"Anchor Studio: stable=0.88, symmetry=0.85, centered=True, faces=1, face_area=0.0035"
SIR_Row_Live__Protests___Politics_Over_Poll_Panel___Govt_VS_Oppn___CEC___Rahul_G.mp4,43,265.8,302.8,37.0,Anchor Studio,84.0,"Anchor Studio: stable=0.82, symmetry=0.84, centered=True, faces=1, face_area=0.0044"
SIR_Row_Live__Protests___Politics_Over_Poll_Panel___Govt_VS_Oppn___CEC___Rahul_G.mp4,44,302.867,332.0,29.133,Anchor Studio,94.0,"Anchor Studio: stable=0.87, symmetry=0.86, centered=True, faces=1, face_area=0.0203"
SIR_Row_Live__Protests___Politics_Over_Poll_Panel___Govt_VS_Oppn___CEC___Rahul_G.mp4,45,332.067,335.267,3.2,Anchor Studio,72.0,"Anchor Studio: stable=0.71, symmetry=0.95, centered=False, faces=1, face_area=0.0134"
SIR_Row_Live__Protests___Politics_Over_Poll_Panel___Govt_VS_Oppn___CEC___Rahul_G.mp4,46,335.333,340.267,4.934,Anchor Studio,82.0,"Anchor Studio: stable=0.85, symmetry=0.91, centered=False, faces=1, face_area=0.0214"
SIR_Row_Live__Protests___Politics_Over_Poll_Panel___Govt_VS_Oppn___CEC___Rahul_G.mp4,47,340.333,344.8,4.467,Anchor Studio,82.0,"Anchor Studio: stable=0.80, symmetry=0.95, centered=False, faces=1, face_area=0.0203"
SIR_Row_Live__Protests___Politics_Over_Poll_Panel___Govt_VS_Oppn___CEC___Rahul_G.mp4,48,344.867,346.733,1.866,Anchor Studio,82.0,"Anchor Studio: stable=0.85, symmetry=0.94, centered=False, faces=1, face_area=0.0210"
SIR_Row_Live__Protests___Politics_Over_Poll_Panel___Govt_VS_Oppn___CEC___Rahul_G.mp4,49,346.8,348.533,1.733,Anchor Studio,82.0,"Anchor Studio: stable=0.84, symmetry=0.95, centered=False, faces=1, face_area=0.0200"
SIR_Row_Live__Protests___Politics_Over_Poll_Panel___Govt_VS_Oppn___CEC___Rahul_G.mp4,50,348.6,349.8,1.2,Anchor Studio,82.0,"Anchor Studio: stable=0.87, symmetry=0.95, centered=False, faces=1, face_area=0.0196"
SIR_Row_Live__Protests___Politics_Over_Poll_Panel___Govt_VS_Oppn___CEC___Rahul_G.mp4,51,349.867,351.4,1.533,Anchor Studio,82.0,"Anchor Studio: stable=0.83, symmetry=0.95, centered=False, faces=1, face_area=0.0219"
SIR_Row_Live__Protests___Politics_Over_Poll_Panel___Govt_VS_Oppn___CEC___Rahul_G.mp4,52,351.467,354.8,3.333,Anchor Studio,82.0,"Anchor Studio: stable=0.84, symmetry=0.95, centered=False, faces=1, face_area=0.0215"
SIR_Row_Live__Protests___Politics_Over_Poll_Panel___Govt_VS_Oppn___CEC___Rahul_G.mp4,53,354.867,359.8,4.933,Anchor Studio,82.0,"Anchor Studio: stable=0.87, symmetry=0.95, centered=False, faces=1, face_area=0.0176"
SIR_Row_Live__Protests___Politics_Over_Poll_Panel___Govt_VS_Oppn___CEC___Rahul_G.mp4,54,359.867,364.333,4.466,Anchor Studio,82.0,"Anchor Studio: stable=0.76, symmetry=0.95, centered=False, faces=1, face_area=0.0148"
SIR_Row_Live__Protests___Politics_Over_Poll_Panel___Govt_VS_Oppn___CEC___Rahul_G.mp4,55,364.4,373.0,8.6,Anchor Studio,94.0,"Anchor Studio: stable=0.86, symmetry=0.94, centered=True, faces=2, face_area=0.0149"
SIR_Row_Live__Protests___Politics_Over_Poll_Panel___Govt_VS_Oppn___CEC___Rahul_G.mp4,56,373.067,376.0,2.933,Anchor Studio,94.0,"Anchor Studio: stable=0.88, symmetry=0.98, centered=True, faces=2, face_area=0.0162"
SIR_Row_Live__Protests___Politics_Over_Poll_Panel___Govt_VS_Oppn___CEC___Rahul_G.mp4,57,376.067,382.667,6.6,Anchor Studio,94.0,"Anchor Studio: stable=0.77, symmetry=0.91, centered=True, faces=3, face_area=0.0147"
SIR_Row_Live__Protests___Politics_Over_Poll_Panel___Govt_VS_Oppn___CEC___Rahul_G.mp4,58,382.733,386.0,3.267,Anchor Studio,84.0,"Anchor Studio: stable=0.69, symmetry=0.94, centered=True, faces=2, face_area=0.0186"
SIR_Row_Live__Protests___Politics_Over_Poll_Panel___Govt_VS_Oppn___CEC___Rahul_G.mp4,59,386.067,389.067,3.0,Anchor Studio,94.0,"Anchor Studio: stable=0.93, symmetry=0.98, centered=True, faces=2, face_area=0.0297"
SIR_Row_Live__Protests___Politics_Over_Poll_Panel___Govt_VS_Oppn___CEC___Rahul_G.mp4,60,389.133,396.0,6.867,Anchor Studio,94.0,"Anchor Studio: stable=0.86, symmetry=0.99, centered=True, faces=2, face_area=0.0197"
SIR_Row_Live__Protests___Politics_Over_Poll_Panel___Govt_VS_Oppn___CEC___Rahul_G.mp4,61,396.067,402.533,6.466,Anchor Studio,94.0,"Anchor Studio: stable=0.83, symmetry=0.94, centered=True, faces=2, face_area=0.0291"
SIR_Row_Live__Protests___Politics_Over_Poll_Panel___Govt_VS_Oppn___CEC___Rahul_G.mp4,62,402.6,404.2,1.6,Anchor Studio,94.0,"Anchor Studio: stable=0.82, symmetry=0.85, centered=True, faces=1, face_area=0.0241"
SIR_Row_Live__Protests___Politics_Over_Poll_Panel___Govt_VS_Oppn___CEC___Rahul_G.mp4,63,404.267,406.333,2.066,Anchor Studio,94.0,"Anchor Studio: stable=0.76, symmetry=0.95, centered=True, faces=1, face_area=0.0171"
SIR_Row_Live__Protests___Politics_Over_Poll_Panel___Govt_VS_Oppn___CEC___Rahul_G.mp4,64,406.4,409.533,3.133,Anchor Studio,94.0,"Anchor Studio: stable=0.83, symmetry=0.96, centered=True, faces=2, face_area=0.0298"
SIR_Row_Live__Protests___Politics_Over_Poll_Panel___Govt_VS_Oppn___CEC___Rahul_G.mp4,65,409.6,413.2,3.6,Anchor Studio,94.0,"Anchor Studio: stable=0.86, symmetry=0.98, centered=True, faces=1, face_area=0.0238"
SIR_Row_Live__Protests___Politics_Over_Poll_Panel___Govt_VS_Oppn___CEC___Rahul_G.mp4,66,413.267,413.933,0.666,Anchor Studio,94.0,"Anchor Studio: stable=0.81, symmetry=0.99, centered=True, faces=2, face_area=0.0384"
SIR_Row_Live__Protests___Politics_Over_Poll_Panel___Govt_VS_Oppn___CEC___Rahul_G.mp4,67,414.0,418.267,4.267,Anchor Studio,94.0,"Anchor Studio: stable=0.83, symmetry=0.99, centered=True, faces=2, face_area=0.0193"
SIR_Row_Live__Protests___Politics_Over_Poll_Panel___Govt_VS_Oppn___CEC___Rahul_G.mp4,68,418.333,419.6,1.267,Anchor Studio,84.0,"Anchor Studio: stable=0.78, symmetry=0.98, centered=True, faces=1, face_area=0.0011"
SIR_Row_Live__Protests___Politics_Over_Poll_Panel___Govt_VS_Oppn___CEC___Rahul_G.mp4,69,419.667,422.8,3.133,Anchor Studio,94.0,"Anchor Studio: stable=0.81, symmetry=0.98, centered=True, faces=2, face_area=0.0244"
SIR_Row_Live__Protests___Politics_Over_Poll_Panel___Govt_VS_Oppn___CEC___Rahul_G.mp4,70,422.867,423.933,1.066,Anchor Studio,94.0,"Anchor Studio: stable=0.84, symmetry=1.00, centered=True, faces=2, face_area=0.0332"
SIR_Row_Live__Protests___Politics_Over_Poll_Panel___Govt_VS_Oppn___CEC___Rahul_G.mp4,71,424.0,428.667,4.667,Anchor Studio,94.0,"Anchor Studio: stable=0.83, symmetry=0.99, centered=True, faces=2, face_area=0.0246"
SIR_Row_Live__Protests___Politics_Over_Poll_Panel___Govt_VS_Oppn___CEC___Rahul_G.mp4,72,428.733,432.733,4.0,Anchor Studio,94.0,"Anchor Studio: stable=0.86, symmetry=0.98, centered=True, faces=2, face_area=0.0210"
SIR_Row_Live__Protests___Politics_Over_Poll_Panel___Govt_VS_Oppn___CEC___Rahul_G.mp4,73,432.8,438.6,5.8,Anchor Studio,94.0,"Anchor Studio: stable=0.81, symmetry=0.96, centered=True, faces=2, face_area=0.0256"
SIR_Row_Live__Protests___Politics_Over_Poll_Panel___Govt_VS_Oppn___CEC___Rahul_G.mp4,74,438.667,440.267,1.6,Anchor Studio,94.0,"Anchor Studio: stable=0.79, symmetry=0.94, centered=True, faces=1, face_area=0.0219"
SIR_Row_Live__Protests___Politics_Over_Poll_Panel___Govt_VS_Oppn___CEC___Rahul_G.mp4,75,440.333,441.0,0.667,Anchor Studio,72.0,"Anchor Studio: stable=0.59, symmetry=0.79, centered=True, faces=2, face_area=0.0146"
SIR_Row_Live__Protests___Politics_Over_Poll_Panel___Govt_VS_Oppn___CEC___Rahul_G.mp4,76,441.067,442.333,1.266,Anchor Studio,74.0,"Anchor Studio: stable=0.66, symmetry=0.85, centered=True, faces=1, face_area=0.0009"
SIR_Row_Live__Protests___Politics_Over_Poll_Panel___Govt_VS_Oppn___CEC___Rahul_G.mp4,77,442.4,446.467,4.067,Anchor Studio,84.0,"Anchor Studio: stable=0.81, symmetry=0.95, centered=True, faces=2, face_area=0.0089"
SIR_Row_Live__Protests___Politics_Over_Poll_Panel___Govt_VS_Oppn___CEC___Rahul_G.mp4,78,446.533,451.467,4.934,Anchor Studio,94.0,"Anchor Studio: stable=0.82, symmetry=0.83, centered=True, faces=2, face_area=0.0174"
SIR_Row_Live__Protests___Politics_Over_Poll_Panel___Govt_VS_Oppn___CEC___Rahul_G.mp4,79,451.533,489.733,38.2,Anchor Studio,84.0,"Anchor Studio: stable=0.84, symmetry=0.93, centered=True, faces=1, face_area=0.0028"
SIR_Row_Live__Protests___Politics_Over_Poll_Panel___Govt_VS_Oppn___CEC___Rahul_G.mp4,80,489.8,517.133,27.333,Anchor Studio,94.0,"Anchor Studio: stable=0.89, symmetry=0.88, centered=True, faces=2, face_area=0.0108"
SIR_Row_Live__Protests___Politics_Over_Poll_Panel___Govt_VS_Oppn___CEC___Rahul_G.mp4,81,517.2,518.8,1.6,Anchor Studio,84.0,"Anchor Studio: stable=0.65, symmetry=0.89, centered=True, faces=4, face_area=0.0622"
SIR_Row_Live__Protests___Politics_Over_Poll_Panel___Govt_VS_Oppn___CEC___Rahul_G.mp4,82,518.867,520.0,1.133,Anchor Studio,94.0,"Anchor Studio: stable=0.85, symmetry=0.89, centered=True, faces=3, face_area=0.1151"
SIR_Row_Live__Protests___Politics_Over_Poll_Panel___Govt_VS_Oppn___CEC___Rahul_G.mp4,83,520.067,520.733,0.666,Anchor Studio,72.0,"Anchor Studio: stable=0.55, symmetry=0.76, centered=True, faces=2, face_area=0.0166"
SIR_Row_Live__Protests___Politics_Over_Poll_Panel___Govt_VS_Oppn___CEC___Rahul_G.mp4,84,520.8,525.0,4.2,Anchor Studio,84.0,"Anchor Studio: stable=0.74, symmetry=0.87, centered=True, faces=2, face_area=0.0412"
SIR_Row_Live__Protests___Politics_Over_Poll_Panel___Govt_VS_Oppn___CEC___Rahul_G.mp4,85,525.067,528.933,3.866,Anchor Studio,94.0,"Anchor Studio: stable=0.87, symmetry=0.99, centered=True, faces=3, face_area=0.1099"
SIR_Row_Live__Protests___Politics_Over_Poll_Panel___Govt_VS_Oppn___CEC___Rahul_G.mp4,86,529.0,538.8,9.8,Anchor Studio,94.0,"Anchor Studio: stable=0.90, symmetry=0.98, centered=True, faces=3, face_area=0.1197"
SIR_Row_Live__Protests___Politics_Over_Poll_Panel___Govt_VS_Oppn___CEC___Rahul_G.mp4,87,538.867,556.0,17.133,Anchor Studio,94.0,"Anchor Studio: stable=0.88, symmetry=0.97, centered=True, faces=3, face_area=0.1143"
SIR_Row_Live__Protests___Politics_Over_Poll_Panel___Govt_VS_Oppn___CEC___Rahul_G.mp4,88,556.067,558.6,2.533,Anchor Studio,94.0,"Anchor Studio: stable=0.90, symmetry=0.95, centered=True, faces=3, face_area=0.1180"
SIR_Row_Live__Protests___Politics_Over_Poll_Panel___Govt_VS_Oppn___CEC___Rahul_G.mp4,89,558.667,559.333,0.666,Anchor Studio,72.0,"Anchor Studio: stable=0.61, symmetry=0.80, centered=True, faces=3, face_area=0.0408"
SIR_Row_Live__Protests___Politics_Over_Poll_Panel___Govt_VS_Oppn___CEC___Rahul_G.mp4,90,559.4,560.533,1.133,B-Roll,70.0,"B-Roll: motion=0.0369, edge=0.1092, face_area=0.0023, symmetry=0.86"
SIR_Row_Live__Protests___Politics_Over_Poll_Panel___Govt_VS_Oppn___CEC___Rahul_G.mp4,91,560.6,578.8,18.2,Anchor Studio,94.0,"Anchor Studio: stable=0.90, symmetry=0.84, centered=True, faces=2, face_area=0.0220"
SIR_Row_Live__Protests___Politics_Over_Poll_Panel___Govt_VS_Oppn___CEC___Rahul_G.mp4,92,578.867,583.933,5.066,Anchor Studio,94.0,"Anchor Studio: stable=0.84, symmetry=0.94, centered=True, faces=2, face_area=0.0213"
SIR_Row_Live__Protests___Politics_Over_Poll_Panel___Govt_VS_Oppn___CEC___Rahul_G.mp4,93,584.0,584.533,0.533,Anchor Studio,82.0,"Anchor Studio: stable=0.90, symmetry=0.98, centered=False, faces=1, face_area=0.0212"
SIR_Row_Live__Protests___Politics_Over_Poll_Panel___Govt_VS_Oppn___CEC___Rahul_G.mp4,94,584.6,585.933,1.333,B-Roll,70.0,"B-Roll: motion=0.0694, edge=0.1517, face_area=0.0000, symmetry=0.96"
SIR_Row_Live__Protests___Politics_Over_Poll_Panel___Govt_VS_Oppn___CEC___Rahul_G.mp4,95,586.0,586.6,0.6,Title Card,68.0,"Title Card: headline=0.8790, textcov=0.9632, stability=0.79"
SIR_Row_Live__Protests___Politics_Over_Poll_Panel___Govt_VS_Oppn___CEC___Rahul_G.mp4,96,586.667,588.133,1.466,Anchor Studio,82.0,"Anchor Studio: stable=0.88, symmetry=0.95, centered=False, faces=1, face_area=0.0176"
SIR_Row_Live__Protests___Politics_Over_Poll_Panel___Govt_VS_Oppn___CEC___Rahul_G.mp4,97,588.2,588.933,0.733,Anchor Studio,82.0,"Anchor Studio: stable=0.90, symmetry=0.94, centered=False, faces=1, face_area=0.0225"
SIR_Row_Live__Protests___Politics_Over_Poll_Panel___Govt_VS_Oppn___CEC___Rahul_G.mp4,98,589.0,593.467,4.467,Title Card,74.0,"Title Card: headline=0.8368, textcov=0.9495, stability=0.83"
SIR_Row_Live__Protests___Politics_Over_Poll_Panel___Govt_VS_Oppn___CEC___Rahul_G.mp4,99,593.533,595.933,2.4,Title Card,78.0,"Title Card: headline=0.8632, textcov=0.9922, stability=0.89"
SIR_Row_Live__Protests___Politics_Over_Poll_Panel___Govt_VS_Oppn___CEC___Rahul_G.mp4,100,596.0,598.467,2.467,Field Report,68.0,"Field Report: motion=0.0459, faces=1, centered=False, symmetry=0.96"
SIR_Row_Live__Protests___Politics_Over_Poll_Panel___Govt_VS_Oppn___CEC___Rahul_G.mp4,101,598.533,603.4,4.867,Anchor Studio,94.0,"Anchor Studio: stable=0.85, symmetry=0.94, centered=True, faces=2, face_area=0.0224"
SIR_Row_Live__Protests___Politics_Over_Poll_Panel___Govt_VS_Oppn___CEC___Rahul_G.mp4,102,603.467,605.8,2.333,Anchor Studio,94.0,"Anchor Studio: stable=0.84, symmetry=0.96, centered=True, faces=2, face_area=0.0196"
SIR_Row_Live__Protests___Politics_Over_Poll_Panel___Govt_VS_Oppn___CEC___Rahul_G.mp4,103,605.867,608.4,2.533,Anchor Studio,82.0,"Anchor Studio: stable=0.86, symmetry=0.92, centered=False, faces=1, face_area=0.0171"
SIR_Row_Live__Protests___Politics_Over_Poll_Panel___Govt_VS_Oppn___CEC___Rahul_G.mp4,104,608.467,611.067,2.6,Anchor Studio,82.0,"Anchor Studio: stable=0.86, symmetry=0.92, centered=False, faces=1, face_area=0.0193"
SIR_Row_Live__Protests___Politics_Over_Poll_Panel___Govt_VS_Oppn___CEC___Rahul_G.mp4,105,611.133,613.0,1.867,Field Report,68.0,"Field Report: motion=0.0341, faces=1, centered=False, symmetry=0.96"
SIR_Row_Live__Protests___Politics_Over_Poll_Panel___Govt_VS_Oppn___CEC___Rahul_G.mp4,106,613.067,615.733,2.666,Anchor Studio,82.0,"Anchor Studio: stable=0.84, symmetry=0.97, centered=False, faces=1, face_area=0.0217"
SIR_Row_Live__Protests___Politics_Over_Poll_Panel___Govt_VS_Oppn___CEC___Rahul_G.mp4,107,615.8,617.2,1.4,Anchor Studio,82.0,"Anchor Studio: stable=0.84, symmetry=0.95, centered=False, faces=1, face_area=0.0216"
SIR_Row_Live__Protests___Politics_Over_Poll_Panel___Govt_VS_Oppn___CEC___Rahul_G.mp4,108,617.267,622.733,5.466,Anchor Studio,94.0,"Anchor Studio: stable=0.90, symmetry=0.86, centered=True, faces=2, face_area=0.0232"
SIR_Row_Live__Protests___Politics_Over_Poll_Panel___Govt_VS_Oppn___CEC___Rahul_G.mp4,109,622.8,685.6,62.8,Anchor Studio,94.0,"Anchor Studio: stable=0.92, symmetry=0.85, centered=True, faces=2, face_area=0.0193"
SIR_Row_Live__Protests___Politics_Over_Poll_Panel___Govt_VS_Oppn___CEC___Rahul_G.mp4,110,685.667,723.0,37.333,Anchor Studio,82.0,"Anchor Studio: stable=0.91, symmetry=0.92, centered=False, faces=1, face_area=0.0206"
SIR_Row_Live__Protests___Politics_Over_Poll_Panel___Govt_VS_Oppn___CEC___Rahul_G.mp4,111,723.067,725.8,2.733,Anchor Studio,94.0,"Anchor Studio: stable=0.81, symmetry=0.93, centered=True, faces=2, face_area=0.0652"
SIR_Row_Live__Protests___Politics_Over_Poll_Panel___Govt_VS_Oppn___CEC___Rahul_G.mp4,112,725.867,732.933,7.066,Anchor Studio,94.0,"Anchor Studio: stable=0.85, symmetry=0.95, centered=True, faces=3, face_area=0.1148"
SIR_Row_Live__Protests___Politics_Over_Poll_Panel___Govt_VS_Oppn___CEC___Rahul_G.mp4,113,733.0,758.8,25.8,Anchor Studio,94.0,"Anchor Studio: stable=0.89, symmetry=0.95, centered=True, faces=3, face_area=0.1174"
SIR_Row_Live__Protests___Politics_Over_Poll_Panel___Govt_VS_Oppn___CEC___Rahul_G.mp4,114,758.867,759.533,0.666,Anchor Studio,72.0,"Anchor Studio: stable=0.61, symmetry=0.78, centered=True, faces=1, face_area=0.0278"
SIR_Row_Live__Protests___Politics_Over_Poll_Panel___Govt_VS_Oppn___CEC___Rahul_G.mp4,115,759.6,789.4,29.8,Anchor Studio,82.0,"Anchor Studio: stable=0.90, symmetry=0.80, centered=True, faces=2, face_area=0.0228"
SIR_Row_Live__Protests___Politics_Over_Poll_Panel___Govt_VS_Oppn___CEC___Rahul_G.mp4,116,789.467,827.467,38.0,Title Card,74.0,"Title Card: headline=0.7706, textcov=0.9129, stability=0.93"
SIR_Row_Live__Protests___Politics_Over_Poll_Panel___Govt_VS_Oppn___CEC___Rahul_G.mp4,117,827.533,828.933,1.4,Anchor Studio,82.0,"Anchor Studio: stable=0.81, symmetry=0.94, centered=False, faces=1, face_area=0.0223"
SIR_Row_Live__Protests___Politics_Over_Poll_Panel___Govt_VS_Oppn___CEC___Rahul_G.mp4,118,829.0,830.333,1.333,Anchor Studio,82.0,"Anchor Studio: stable=0.83, symmetry=0.92, centered=False, faces=1, face_area=0.0201"
SIR_Row_Live__Protests___Politics_Over_Poll_Panel___Govt_VS_Oppn___CEC___Rahul_G.mp4,119,830.4,835.333,4.933,Anchor Studio,94.0,"Anchor Studio: stable=0.84, symmetry=0.94, centered=True, faces=2, face_area=0.0244"
SIR_Row_Live__Protests___Politics_Over_Poll_Panel___Govt_VS_Oppn___CEC___Rahul_G.mp4,120,835.4,839.0,3.6,Anchor Studio,82.0,"Anchor Studio: stable=0.84, symmetry=0.95, centered=False, faces=1, face_area=0.0105"
SIR_Row_Live__Protests___Politics_Over_Poll_Panel___Govt_VS_Oppn___CEC___Rahul_G.mp4,121,839.067,839.933,0.866,Anchor Studio,72.0,"Anchor Studio: stable=0.67, symmetry=0.87, centered=False, faces=1, face_area=0.0177"
SIR_Row_Live__Protests___Politics_Over_Poll_Panel___Govt_VS_Oppn___CEC___Rahul_G.mp4,122,840.0,841.8,1.8,Title Card,74.0,"Title Card: headline=0.8078, textcov=0.9771, stability=0.87"
SIR_Row_Live__Protests___Politics_Over_Poll_Panel___Govt_VS_Oppn___CEC___Rahul_G.mp4,123,841.867,844.933,3.066,Anchor Studio,82.0,"Anchor Studio: stable=0.83, symmetry=0.95, centered=False, faces=1, face_area=0.0128"
SIR_Row_Live__Protests___Politics_Over_Poll_Panel___Govt_VS_Oppn___CEC___Rahul_G.mp4,124,845.0,845.867,0.867,Anchor Studio,82.0,"Anchor Studio: stable=0.86, symmetry=0.96, centered=False, faces=1, face_area=0.0186"
SIR_Row_Live__Protests___Politics_Over_Poll_Panel___Govt_VS_Oppn___CEC___Rahul_G.mp4,125,845.933,849.133,3.2,Anchor Studio,94.0,"Anchor Studio: stable=0.87, symmetry=0.97, centered=True, faces=3, face_area=0.0556"
SIR_Row_Live__Protests___Politics_Over_Poll_Panel___Govt_VS_Oppn___CEC___Rahul_G.mp4,126,849.2,852.867,3.667,Anchor Studio,94.0,"Anchor Studio: stable=0.89, symmetry=0.95, centered=True, faces=3, face_area=0.0701"
SIR_Row_Live__Protests___Politics_Over_Poll_Panel___Govt_VS_Oppn___CEC___Rahul_G.mp4,127,852.933,857.2,4.267,Anchor Studio,94.0,"Anchor Studio: stable=0.87, symmetry=0.96, centered=True, faces=4, face_area=0.0658"
SIR_Row_Live__Protests___Politics_Over_Poll_Panel___Govt_VS_Oppn___CEC___Rahul_G.mp4,128,857.267,859.0,1.733,Anchor Studio,94.0,"Anchor Studio: stable=0.83, symmetry=0.93, centered=True, faces=3, face_area=0.0666"
SIR_Row_Live__Protests___Politics_Over_Poll_Panel___Govt_VS_Oppn___CEC___Rahul_G.mp4,129,859.067,862.0,2.933,Anchor Studio,94.0,"Anchor Studio: stable=0.88, symmetry=0.96, centered=True, faces=3, face_area=0.0581"
SIR_Row_Live__Protests___Politics_Over_Poll_Panel___Govt_VS_Oppn___CEC___Rahul_G.mp4,130,862.067,865.333,3.266,Anchor Studio,94.0,"Anchor Studio: stable=0.86, symmetry=0.96, centered=True, faces=3, face_area=0.0547"
SIR_Row_Live__Protests___Politics_Over_Poll_Panel___Govt_VS_Oppn___CEC___Rahul_G.mp4,131,865.4,869.0,3.6,Anchor Studio,94.0,"Anchor Studio: stable=0.88, symmetry=0.97, centered=True, faces=3, face_area=0.0703"
SIR_Row_Live__Protests___Politics_Over_Poll_Panel___Govt_VS_Oppn___CEC___Rahul_G.mp4,132,869.067,869.933,0.866,Anchor Studio,94.0,"Anchor Studio: stable=0.82, symmetry=0.94, centered=True, faces=3, face_area=0.0592"
SIR_Row_Live__Protests___Politics_Over_Poll_Panel___Govt_VS_Oppn___CEC___Rahul_G.mp4,133,870.0,871.0,1.0,Anchor Studio,82.0,"Anchor Studio: stable=0.77, symmetry=0.95, centered=False, faces=2, face_area=0.0424"
SIR_Row_Live__Protests___Politics_Over_Poll_Panel___Govt_VS_Oppn___CEC___Rahul_G.mp4,134,871.067,873.4,2.333,Anchor Studio,94.0,"Anchor Studio: stable=0.90, symmetry=0.95, centered=True, faces=3, face_area=0.0437"
SIR_Row_Live__Protests___Politics_Over_Poll_Panel___Govt_VS_Oppn___CEC___Rahul_G.mp4,135,873.467,875.2,1.733,Anchor Studio,94.0,"Anchor Studio: stable=0.80, symmetry=0.91, centered=True, faces=3, face_area=0.0532"
SIR_Row_Live__Protests___Politics_Over_Poll_Panel___Govt_VS_Oppn___CEC___Rahul_G.mp4,136,875.267,879.0,3.733,Anchor Studio,94.0,"Anchor Studio: stable=0.87, symmetry=0.90, centered=True, faces=2, face_area=0.0211"
SIR_Row_Live__Protests___Politics_Over_Poll_Panel___Govt_VS_Oppn___CEC___Rahul_G.mp4,137,879.067,888.933,9.866,Anchor Studio,82.0,"Anchor Studio: stable=0.85, symmetry=0.86, centered=False, faces=2, face_area=0.0215"
SIR_Row_Live__Protests___Politics_Over_Poll_Panel___Govt_VS_Oppn___CEC___Rahul_G.mp4,138,889.0,898.933,9.933,Anchor Studio,94.0,"Anchor Studio: stable=0.86, symmetry=0.88, centered=True, faces=2, face_area=0.0192"
SIR_Row_Live__Protests___Politics_Over_Poll_Panel___Govt_VS_Oppn___CEC___Rahul_G.mp4,139,899.0,909.0,10.0,Anchor Studio,94.0,"Anchor Studio: stable=0.84, symmetry=0.88, centered=True, faces=2, face_area=0.0214"
SIR_Row_Live__Protests___Politics_Over_Poll_Panel___Govt_VS_Oppn___CEC___Rahul_G.mp4,140,909.067,918.933,9.866,Anchor Studio,82.0,"Anchor Studio: stable=0.85, symmetry=0.85, centered=False, faces=1, face_area=0.0207"
SIR_Row_Live__Protests___Politics_Over_Poll_Panel___Govt_VS_Oppn___CEC___Rahul_G.mp4,141,919.0,923.333,4.333,Anchor Studio,82.0,"Anchor Studio: stable=0.88, symmetry=0.91, centered=False, faces=1, face_area=0.0175"
SIR_Row_Live__Protests___Politics_Over_Poll_Panel___Govt_VS_Oppn___CEC___Rahul_G.mp4,142,923.4,927.6,4.2,Anchor Studio,94.0,"Anchor Studio: stable=0.77, symmetry=0.91, centered=True, faces=3, face_area=0.0666"
SIR_Row_Live__Protests___Politics_Over_Poll_Panel___Govt_VS_Oppn___CEC___Rahul_G.mp4,143,927.667,928.4,0.733,Anchor Studio,72.0,"Anchor Studio: stable=0.54, symmetry=0.80, centered=False, faces=2, face_area=0.0357"
SIR_Row_Live__Protests___Politics_Over_Poll_Panel___Govt_VS_Oppn___CEC___Rahul_G.mp4,144,928.467,944.733,16.266,Anchor Studio,94.0,"Anchor Studio: stable=0.88, symmetry=0.92, centered=True, faces=2, face_area=0.0446"
SIR_Row_Live__Protests___Politics_Over_Poll_Panel___Govt_VS_Oppn___CEC___Rahul_G.mp4,145,944.8,957.4,12.6,Anchor Studio,94.0,"Anchor Studio: stable=0.77, symmetry=0.91, centered=True, faces=2, face_area=0.0277"
SIR_Row_Live__Protests___Politics_Over_Poll_Panel___Govt_VS_Oppn___CEC___Rahul_G.mp4,146,957.467,967.6,10.133,Anchor Studio,84.0,"Anchor Studio: stable=0.55, symmetry=0.96, centered=True, faces=2, face_area=0.0339"
SIR_Row_Live__Protests___Politics_Over_Poll_Panel___Govt_VS_Oppn___CEC___Rahul_G.mp4,147,967.667,968.2,0.533,Anchor Studio,72.0,"Anchor Studio: stable=0.50, symmetry=0.96, centered=False, faces=1, face_area=0.0227"
SIR_Row_Live__Protests___Politics_Over_Poll_Panel___Govt_VS_Oppn___CEC___Rahul_G.mp4,148,968.267,970.533,2.266,Anchor Studio,72.0,"Anchor Studio: stable=0.57, symmetry=0.95, centered=False, faces=2, face_area=0.0327"
SIR_Row_Live__Protests___Politics_Over_Poll_Panel___Govt_VS_Oppn___CEC___Rahul_G.mp4,149,970.6,993.133,22.533,Anchor Studio,94.0,"Anchor Studio: stable=0.88, symmetry=0.94, centered=True, faces=3, face_area=0.0382"
SIR_Row_Live__Protests___Politics_Over_Poll_Panel___Govt_VS_Oppn___CEC___Rahul_G.mp4,150,993.2,1005.733,12.533,Anchor Studio,82.0,"Anchor Studio: stable=0.85, symmetry=0.91, centered=False, faces=3, face_area=0.0555"
SIR_Row_Live__Protests___Politics_Over_Poll_Panel___Govt_VS_Oppn___CEC___Rahul_G.mp4,151,1005.8,1028.133,22.333,Anchor Studio,82.0,"Anchor Studio: stable=0.86, symmetry=0.89, centered=False, faces=3, face_area=0.0507"
SIR_Row_Live__Protests___Politics_Over_Poll_Panel___Govt_VS_Oppn___CEC___Rahul_G.mp4,152,1028.2,1037.467,9.267,Anchor Studio,74.0,"Anchor Studio: stable=0.36, symmetry=0.86, centered=True, faces=1, face_area=0.0003"
SIR_Row_Live__Protests___Politics_Over_Poll_Panel___Govt_VS_Oppn___CEC___Rahul_G.mp4,153,1037.533,1050.067,12.534,Anchor Studio,84.0,"Anchor Studio: stable=0.48, symmetry=0.91, centered=True, faces=3, face_area=0.0168"
SIR_Row_Live__Protests___Politics_Over_Poll_Panel___Govt_VS_Oppn___CEC___Rahul_G.mp4,154,1050.133,1053.333,3.2,Anchor Studio,74.0,"Anchor Studio: stable=0.28, symmetry=0.91, centered=True, faces=1, face_area=0.0027"
SIR_Row_Live__Protests___Politics_Over_Poll_Panel___Govt_VS_Oppn___CEC___Rahul_G.mp4,155,1053.4,1058.6,5.2,B-Roll,70.0,"B-Roll: motion=0.0601, edge=0.1709, face_area=0.0005, symmetry=0.85"
SIR_Row_Live__Protests___Politics_Over_Poll_Panel___Govt_VS_Oppn___CEC___Rahul_G.mp4,156,1058.667,1061.533,2.866,Anchor Studio,84.0,"Anchor Studio: stable=0.42, symmetry=0.96, centered=True, faces=2, face_area=0.0735"
SIR_Row_Live__Protests___Politics_Over_Poll_Panel___Govt_VS_Oppn___CEC___Rahul_G.mp4,157,1061.6,1064.6,3.0,B-Roll,70.0,"B-Roll: motion=0.0767, edge=0.1462, face_area=0.0000, symmetry=0.95"
SIR_Row_Live__Protests___Politics_Over_Poll_Panel___Govt_VS_Oppn___CEC___Rahul_G.mp4,158,1064.667,1066.267,1.6,B-Roll,70.0,"B-Roll: motion=0.1122, edge=0.1310, face_area=0.0000, symmetry=0.96"
SIR_Row_Live__Protests___Politics_Over_Poll_Panel___Govt_VS_Oppn___CEC___Rahul_G.mp4,159,1066.333,1071.467,5.134,Anchor Studio,74.0,"Anchor Studio: stable=0.10, symmetry=0.92, centered=True, faces=2, face_area=0.0082"
SIR_Row_Live__Protests___Politics_Over_Poll_Panel___Govt_VS_Oppn___CEC___Rahul_G.mp4,160,1071.533,1074.133,2.6,B-Roll,70.0,"B-Roll: motion=0.0781, edge=0.1333, face_area=0.0000, symmetry=0.89"
SIR_Row_Live__Protests___Politics_Over_Poll_Panel___Govt_VS_Oppn___CEC___Rahul_G.mp4,161,1074.2,1079.867,5.667,Anchor Studio,84.0,"Anchor Studio: stable=0.22, symmetry=0.93, centered=True, faces=1, face_area=0.0237"
SIR_Row_Live__Protests___Politics_Over_Poll_Panel___Govt_VS_Oppn___CEC___Rahul_G.mp4,162,1079.933,1082.733,2.8,Anchor Studio,72.0,"Anchor Studio: stable=0.20, symmetry=0.87, centered=False, faces=1, face_area=0.0105"
SIR_Row_Live__Protests___Politics_Over_Poll_Panel___Govt_VS_Oppn___CEC___Rahul_G.mp4,163,1082.8,1085.733,2.933,B-Roll,70.0,"B-Roll: motion=0.0918, edge=0.1563, face_area=0.0037, symmetry=0.95"
SIR_Row_Live__Protests___Politics_Over_Poll_Panel___Govt_VS_Oppn___CEC___Rahul_G.mp4,164,1085.8,1087.267,1.467,B-Roll,70.0,"B-Roll: motion=0.0969, edge=0.1618, face_area=0.0000, symmetry=0.96"
SIR_Row_Live__Protests___Politics_Over_Poll_Panel___Govt_VS_Oppn___CEC___Rahul_G.mp4,165,1087.333,1088.133,0.8,B-Roll,70.0,"B-Roll: motion=0.1151, edge=0.1821, face_area=0.0000, symmetry=0.98"
SIR_Row_Live__Protests___Politics_Over_Poll_Panel___Govt_VS_Oppn___CEC___Rahul_G.mp4,166,1088.2,1090.0,1.8,B-Roll,70.0,"B-Roll: motion=0.0567, edge=0.1392, face_area=0.0000, symmetry=0.91"
SIR_Row_Live__Protests___Politics_Over_Poll_Panel___Govt_VS_Oppn___CEC___Rahul_G.mp4,167,1090.067,1099.333,9.266,Anchor Studio,74.0,"Anchor Studio: stable=0.72, symmetry=0.95, centered=True, faces=1, face_area=0.0016"
SIR_Row_Live__Protests___Politics_Over_Poll_Panel___Govt_VS_Oppn___CEC___Rahul_G.mp4,168,1099.4,1134.933,35.533,Title Card,78.0,"Title Card: headline=0.2643, textcov=0.3866, stability=0.92"
SIR_Row_Live__Protests___Politics_Over_Poll_Panel___Govt_VS_Oppn___CEC___Rahul_G.mp4,169,1135.0,1138.067,3.067,Anchor Studio,84.0,"Anchor Studio: stable=0.03, symmetry=0.90, centered=True, faces=2, face_area=0.0171"
SIR_Row_Live__Protests___Politics_Over_Poll_Panel___Govt_VS_Oppn___CEC___Rahul_G.mp4,170,1138.133,1139.8,1.667,Title Card,78.0,"Title Card: headline=0.6396, textcov=0.8428, stability=0.84"
SIR_Row_Live__Protests___Politics_Over_Poll_Panel___Govt_VS_Oppn___CEC___Rahul_G.mp4,171,1139.867,1141.333,1.466,Title Card,78.0,"Title Card: headline=0.5038, textcov=0.6196, stability=0.87"
SIR_Row_Live__Protests___Politics_Over_Poll_Panel___Govt_VS_Oppn___CEC___Rahul_G.mp4,172,1141.4,1142.133,0.733,Anchor Studio,84.0,"Anchor Studio: stable=0.69, symmetry=0.92, centered=True, faces=1, face_area=0.0304"
SIR_Row_Live__Protests___Politics_Over_Poll_Panel___Govt_VS_Oppn___CEC___Rahul_G.mp4,173,1142.2,1144.0,1.8,B-Roll,70.0,"B-Roll: motion=0.0680, edge=0.1654, face_area=0.0000, symmetry=0.93"
SIR_Row_Live__Protests___Politics_Over_Poll_Panel___Govt_VS_Oppn___CEC___Rahul_G.mp4,174,1144.067,1145.333,1.266,B-Roll,70.0,"B-Roll: motion=0.0339, edge=0.1259, face_area=0.0000, symmetry=0.98"
SIR_Row_Live__Protests___Politics_Over_Poll_Panel___Govt_VS_Oppn___CEC___Rahul_G.mp4,175,1145.4,1147.733,2.333,Anchor Studio,84.0,"Anchor Studio: stable=0.88, symmetry=0.86, centered=True, faces=1, face_area=0.0082"
SIR_Row_Live__Protests___Politics_Over_Poll_Panel___Govt_VS_Oppn___CEC___Rahul_G.mp4,176,1147.8,1151.8,4.0,Anchor Studio,74.0,"Anchor Studio: stable=0.46, symmetry=0.90, centered=True, faces=1, face_area=0.0008"
SIR_Row_Live__Protests___Politics_Over_Poll_Panel___Govt_VS_Oppn___CEC___Rahul_G.mp4,177,1151.867,1155.8,3.933,Anchor Studio,74.0,"Anchor Studio: stable=0.61, symmetry=0.94, centered=True, faces=1, face_area=0.0046"
SIR_Row_Live__Protests___Politics_Over_Poll_Panel___Govt_VS_Oppn___CEC___Rahul_G.mp4,178,1155.867,1186.267,30.4,Anchor Studio,94.0,"Anchor Studio: stable=0.84, symmetry=0.95, centered=True, faces=4, face_area=0.0904"
SIR_Row_Live__Protests___Politics_Over_Poll_Panel___Govt_VS_Oppn___CEC___Rahul_G.mp4,179,1186.333,1187.067,0.734,Anchor Studio,94.0,"Anchor Studio: stable=0.87, symmetry=0.89, centered=True, faces=1, face_area=0.0101"
SIR_Row_Live__Protests___Politics_Over_Poll_Panel___Govt_VS_Oppn___CEC___Rahul_G.mp4,180,1187.133,1192.333,5.2,Anchor Studio,82.0,"Anchor Studio: stable=0.89, symmetry=0.88, centered=False, faces=1, face_area=0.0218"
SIR_Row_Live__Protests___Politics_Over_Poll_Panel___Govt_VS_Oppn___CEC___Rahul_G.mp4,181,1192.4,1200.133,7.733,Anchor Studio,82.0,"Anchor Studio: stable=0.92, symmetry=0.89, centered=False, faces=1, face_area=0.0250"
SIR_Row_Live__Protests___Politics_Over_Poll_Panel___Govt_VS_Oppn___CEC___Rahul_G.mp4,182,1200.2,1201.867,1.667,Field Report,68.0,"Field Report: motion=0.0340, faces=1, centered=False, symmetry=0.80"
SIR_Row_Live__Protests___Politics_Over_Poll_Panel___Govt_VS_Oppn___CEC___Rahul_G.mp4,183,1201.933,1205.4,3.467,Title Card,74.0,"Title Card: headline=0.8337, textcov=0.9576, stability=0.82"
SIR_Row_Live__Protests___Politics_Over_Poll_Panel___Govt_VS_Oppn___CEC___Rahul_G.mp4,184,1205.467,1208.533,3.066,Anchor Studio,94.0,"Anchor Studio: stable=0.89, symmetry=0.84, centered=True, faces=3, face_area=0.0481"
SIR_Row_Live__Protests___Politics_Over_Poll_Panel___Govt_VS_Oppn___CEC___Rahul_G.mp4,185,1208.6,1214.0,5.4,Anchor Studio,94.0,"Anchor Studio: stable=0.89, symmetry=0.90, centered=True, faces=1, face_area=0.0212"
SIR_Row_Live__Protests___Politics_Over_Poll_Panel___Govt_VS_Oppn___CEC___Rahul_G.mp4,186,1214.067,1214.733,0.666,Anchor Studio,82.0,"Anchor Studio: stable=0.91, symmetry=0.92, centered=False, faces=1, face_area=0.0281"
SIR_Row_Live__Protests___Politics_Over_Poll_Panel___Govt_VS_Oppn___CEC___Rahul_G.mp4,187,1214.8,1218.4,3.6,Anchor Studio,84.0,"Anchor Studio: stable=0.34, symmetry=0.96, centered=True, faces=1, face_area=0.0312"
SIR_Row_Live__Protests___Politics_Over_Poll_Panel___Govt_VS_Oppn___CEC___Rahul_G.mp4,188,1218.467,1222.333,3.866,Anchor Studio,84.0,"Anchor Studio: stable=0.52, symmetry=0.95, centered=True, faces=2, face_area=0.0142"
SIR_Row_Live__Protests___Politics_Over_Poll_Panel___Govt_VS_Oppn___CEC___Rahul_G.mp4,189,1222.4,1223.2,0.8,B-Roll,70.0,"B-Roll: motion=0.0624, edge=0.1265, face_area=0.0000, symmetry=0.92"
SIR_Row_Live__Protests___Politics_Over_Poll_Panel___Govt_VS_Oppn___CEC___Rahul_G.mp4,190,1223.267,1225.867,2.6,B-Roll,70.0,"B-Roll: motion=0.0429, edge=0.1437, face_area=0.0000, symmetry=0.91"
SIR_Row_Live__Protests___Politics_Over_Poll_Panel___Govt_VS_Oppn___CEC___Rahul_G.mp4,191,1225.933,1228.4,2.467,Title Card,68.0,"Title Card: headline=0.0675, textcov=0.3293, stability=0.79"
SIR_Row_Live__Protests___Politics_Over_Poll_Panel___Govt_VS_Oppn___CEC___Rahul_G.mp4,192,1228.467,1231.533,3.066,Anchor Studio,82.0,"Anchor Studio: stable=0.89, symmetry=0.79, centered=True, faces=2, face_area=0.1186"
SIR_Row_Live__Protests___Politics_Over_Poll_Panel___Govt_VS_Oppn___CEC___Rahul_G.mp4,193,1231.6,1233.6,2.0,Anchor Studio,82.0,"Anchor Studio: stable=0.77, symmetry=0.78, centered=True, faces=1, face_area=0.0619"
SIR_Row_Live__Protests___Politics_Over_Poll_Panel___Govt_VS_Oppn___CEC___Rahul_G.mp4,194,1233.667,1245.067,11.4,Anchor Studio,84.0,"Anchor Studio: stable=0.58, symmetry=0.94, centered=True, faces=1, face_area=0.0309"
SIR_Row_Live__Protests___Politics_Over_Poll_Panel___Govt_VS_Oppn___CEC___Rahul_G.mp4,195,1245.133,1247.6,2.467,Anchor Studio,72.0,"Anchor Studio: stable=0.75, symmetry=0.87, centered=False, faces=1, face_area=0.0256"
SIR_Row_Live__Protests___Politics_Over_Poll_Panel___Govt_VS_Oppn___CEC___Rahul_G.mp4,196,1247.667,1251.733,4.066,Anchor Studio,82.0,"Anchor Studio: stable=0.80, symmetry=0.95, centered=False, faces=1, face_area=0.0244"
SIR_Row_Live__Protests___Politics_Over_Poll_Panel___Govt_VS_Oppn___CEC___Rahul_G.mp4,197,1251.8,1260.467,8.667,Anchor Studio,84.0,"Anchor Studio: stable=0.72, symmetry=0.97, centered=True, faces=2, face_area=0.0272"
SIR_Row_Live__Protests___Politics_Over_Poll_Panel___Govt_VS_Oppn___CEC___Rahul_G.mp4,198,1260.533,1271.333,10.8,Anchor Studio,84.0,"Anchor Studio: stable=0.64, symmetry=0.86, centered=True, faces=1, face_area=0.0135"
SIR_Row_Live__Protests___Politics_Over_Poll_Panel___Govt_VS_Oppn___CEC___Rahul_G.mp4,199,1271.4,1273.2,1.8,Title Card,78.0,"Title Card: headline=0.6285, textcov=0.8086, stability=0.83"
SIR_Row_Live__Protests___Politics_Over_Poll_Panel___Govt_VS_Oppn___CEC___Rahul_G.mp4,200,1273.267,1273.933,0.666,Title Card,68.0,"Title Card: headline=0.0271, textcov=0.4151, stability=0.77"
SIR_Row_Live__Protests___Politics_Over_Poll_Panel___Govt_VS_Oppn___CEC___Rahul_G.mp4,201,1274.0,1277.067,3.067,Title Card,78.0,"Title Card: headline=0.2262, textcov=0.5349, stability=0.83"
SIR_Row_Live__Protests___Politics_Over_Poll_Panel___Govt_VS_Oppn___CEC___Rahul_G.mp4,202,1277.133,1279.133,2.0,Title Card,78.0,"Title Card: headline=0.4570, textcov=0.5403, stability=0.90"
SIR_Row_Live__Protests___Politics_Over_Poll_Panel___Govt_VS_Oppn___CEC___Rahul_G.mp4,203,1279.2,1285.0,5.8,Title Card,78.0,"Title Card: headline=0.7467, textcov=0.8508, stability=0.93"
SIR_Row_Live__Protests___Politics_Over_Poll_Panel___Govt_VS_Oppn___CEC___Rahul_G.mp4,204,1285.067,1291.4,6.333,Anchor Studio,74.0,"Anchor Studio: stable=0.51, symmetry=0.92, centered=True, faces=1, face_area=0.0009"
SIR_Row_Live__Protests___Politics_Over_Poll_Panel___Govt_VS_Oppn___CEC___Rahul_G.mp4,205,1291.467,1296.4,4.933,B-Roll,70.0,"B-Roll: motion=0.0419, edge=0.1548, face_area=0.0000, symmetry=0.97"
SIR_Row_Live__Protests___Politics_Over_Poll_Panel___Govt_VS_Oppn___CEC___Rahul_G.mp4,206,1296.467,1300.4,3.933,B-Roll,70.0,"B-Roll: motion=0.1213, edge=0.0850, face_area=0.0000, symmetry=0.89"
SIR_Row_Live__Protests___Politics_Over_Poll_Panel___Govt_VS_Oppn___CEC___Rahul_G.mp4,207,1300.467,1302.067,1.6,B-Roll,70.0,"B-Roll: motion=0.0750, edge=0.1297, face_area=0.0000, symmetry=0.95"
SIR_Row_Live__Protests___Politics_Over_Poll_Panel___Govt_VS_Oppn___CEC___Rahul_G.mp4,208,1302.133,1305.333,3.2,Anchor Studio,82.0,"Anchor Studio: stable=0.80, symmetry=0.90, centered=False, faces=1, face_area=0.0454"
SIR_Row_Live__Protests___Politics_Over_Poll_Panel___Govt_VS_Oppn___CEC___Rahul_G.mp4,209,1305.4,1306.8,1.4,Anchor Studio,84.0,"Anchor Studio: stable=0.79, symmetry=0.90, centered=True, faces=1, face_area=0.0054"
SIR_Row_Live__Protests___Politics_Over_Poll_Panel___Govt_VS_Oppn___CEC___Rahul_G.mp4,210,1306.867,1309.267,2.4,Anchor Studio,84.0,"Anchor Studio: stable=0.84, symmetry=0.92, centered=True, faces=1, face_area=0.0077"
SIR_Row_Live__Protests___Politics_Over_Poll_Panel___Govt_VS_Oppn___CEC___Rahul_G.mp4,211,1309.333,1311.533,2.2,Anchor Studio,94.0,"Anchor Studio: stable=0.76, symmetry=0.98, centered=True, faces=1, face_area=0.0128"
SIR_Row_Live__Protests___Politics_Over_Poll_Panel___Govt_VS_Oppn___CEC___Rahul_G.mp4,212,1311.6,1315.667,4.067,Anchor Studio,94.0,"Anchor Studio: stable=0.76, symmetry=0.83, centered=True, faces=2, face_area=0.0179"
SIR_Row_Live__Protests___Politics_Over_Poll_Panel___Govt_VS_Oppn___CEC___Rahul_G.mp4,213,1315.733,1323.333,7.6,Anchor Studio,84.0,"Anchor Studio: stable=0.69, symmetry=0.88, centered=True, faces=2, face_area=0.0208"
SIR_Row_Live__Protests___Politics_Over_Poll_Panel___Govt_VS_Oppn___CEC___Rahul_G.mp4,214,1323.4,1328.533,5.133,Anchor Studio,94.0,"Anchor Studio: stable=0.78, symmetry=0.89, centered=True, faces=1, face_area=0.0122"
SIR_Row_Live__Protests___Politics_Over_Poll_Panel___Govt_VS_Oppn___CEC___Rahul_G.mp4,215,1328.6,1329.467,0.867,Anchor Studio,74.0,"Anchor Studio: stable=0.73, symmetry=0.94, centered=True, faces=1, face_area=0.0037"
SIR_Row_Live__Protests___Politics_Over_Poll_Panel___Govt_VS_Oppn___CEC___Rahul_G.mp4,216,1329.533,1333.067,3.534,Anchor Studio,84.0,"Anchor Studio: stable=0.74, symmetry=0.95, centered=True, faces=1, face_area=0.0169"
SIR_Row_Live__Protests___Politics_Over_Poll_Panel___Govt_VS_Oppn___CEC___Rahul_G.mp4,217,1333.133,1334.6,1.467,Title Card,78.0,"Title Card: headline=0.2296, textcov=0.4380, stability=0.86"
SIR_Row_Live__Protests___Politics_Over_Poll_Panel___Govt_VS_Oppn___CEC___Rahul_G.mp4,218,1334.667,1336.4,1.733,B-Roll,70.0,"B-Roll: motion=0.0262, edge=0.0837, face_area=0.0000, symmetry=0.90"
SIR_Row_Live__Protests___Politics_Over_Poll_Panel___Govt_VS_Oppn___CEC___Rahul_G.mp4,219,1336.467,1339.2,2.733,Title Card,78.0,"Title Card: headline=0.3871, textcov=0.5570, stability=0.87"
SIR_Row_Live__Protests___Politics_Over_Poll_Panel___Govt_VS_Oppn___CEC___Rahul_G.mp4,220,1339.267,1340.533,1.266,Title Card,78.0,"Title Card: headline=0.2081, textcov=0.3620, stability=0.85"
SIR_Row_Live__Protests___Politics_Over_Poll_Panel___Govt_VS_Oppn___CEC___Rahul_G.mp4,221,1340.6,1342.0,1.4,B-Roll,70.0,"B-Roll: motion=0.0387, edge=0.1131, face_area=0.0000, symmetry=0.80"
SIR_Row_Live__Protests___Politics_Over_Poll_Panel___Govt_VS_Oppn___CEC___Rahul_G.mp4,222,1342.067,1345.933,3.866,Anchor Studio,94.0,"Anchor Studio: stable=0.86, symmetry=0.82, centered=True, faces=2, face_area=0.0160"
SIR_Row_Live__Protests___Politics_Over_Poll_Panel___Govt_VS_Oppn___CEC___Rahul_G.mp4,223,1346.0,1347.667,1.667,Anchor Studio,82.0,"Anchor Studio: stable=0.83, symmetry=0.79, centered=True, faces=2, face_area=0.0321"
SIR_Row_Live__Protests___Politics_Over_Poll_Panel___Govt_VS_Oppn___CEC___Rahul_G.mp4,224,1347.733,1348.267,0.534,Anchor Studio,72.0,"Anchor Studio: stable=0.74, symmetry=0.78, centered=True, faces=1, face_area=0.0195"
SIR_Row_Live__Protests___Politics_Over_Poll_Panel___Govt_VS_Oppn___CEC___Rahul_G.mp4,225,1348.333,1353.0,4.667,Anchor Studio,84.0,"Anchor Studio: stable=0.76, symmetry=0.94, centered=True, faces=1, face_area=0.0062"
SIR_Row_Live__Protests___Politics_Over_Poll_Panel___Govt_VS_Oppn___CEC___Rahul_G.mp4,226,1353.067,1355.867,2.8,B-Roll,70.0,"B-Roll: motion=0.0261, edge=0.1145, face_area=0.0000, symmetry=0.94"
SIR_Row_Live__Protests___Politics_Over_Poll_Panel___Govt_VS_Oppn___CEC___Rahul_G.mp4,227,1355.933,1357.2,1.267,B-Roll,70.0,"B-Roll: motion=0.0426, edge=0.2018, face_area=0.0000, symmetry=0.87"
SIR_Row_Live__Protests___Politics_Over_Poll_Panel___Govt_VS_Oppn___CEC___Rahul_G.mp4,228,1357.267,1368.2,10.933,Anchor Studio,74.0,"Anchor Studio: stable=0.38, symmetry=0.92, centered=True, faces=1, face_area=0.0016"
SIR_Row_Live__Protests___Politics_Over_Poll_Panel___Govt_VS_Oppn___CEC___Rahul_G.mp4,229,1368.267,1375.133,6.866,Anchor Studio,94.0,"Anchor Studio: stable=0.87, symmetry=0.88, centered=True, faces=1, face_area=0.0283"
SIR_Row_Live__Protests___Politics_Over_Poll_Panel___Govt_VS_Oppn___CEC___Rahul_G.mp4,230,1375.2,1397.0,21.8,Anchor Studio,94.0,"Anchor Studio: stable=0.89, symmetry=0.89, centered=True, faces=4, face_area=0.1235"
SIR_Row_Live__Protests___Politics_Over_Poll_Panel___Govt_VS_Oppn___CEC___Rahul_G.mp4,231,1397.067,1423.867,26.8,Anchor Studio,94.0,"Anchor Studio: stable=0.92, symmetry=0.88, centered=True, faces=4, face_area=0.1457"
SIR_Row_Live__Protests___Politics_Over_Poll_Panel___Govt_VS_Oppn___CEC___Rahul_G.mp4,232,1423.933,1424.6,0.667,Anchor Studio,72.0,"Anchor Studio: stable=0.49, symmetry=0.73, centered=True, faces=3, face_area=0.0249"
SIR_Row_Live__Protests___Politics_Over_Poll_Panel___Govt_VS_Oppn___CEC___Rahul_G.mp4,233,1424.667,1452.067,27.4,Anchor Studio,84.0,"Anchor Studio: stable=0.88, symmetry=0.90, centered=True, faces=1, face_area=0.0020"
SIR_Row_Live__Protests___Politics_Over_Poll_Panel___Govt_VS_Oppn___CEC___Rahul_G.mp4,234,1452.133,1455.6,3.467,Anchor Studio,94.0,"Anchor Studio: stable=0.80, symmetry=0.89, centered=True, faces=1, face_area=0.0148"
SIR_Row_Live__Protests___Politics_Over_Poll_Panel___Govt_VS_Oppn___CEC___Rahul_G.mp4,235,1455.667,1459.933,4.266,Anchor Studio,94.0,"Anchor Studio: stable=0.88, symmetry=0.97, centered=True, faces=1, face_area=0.0194"
SIR_Row_Live__Protests___Politics_Over_Poll_Panel___Govt_VS_Oppn___CEC___Rahul_G.mp4,236,1460.0,1460.533,0.533,Anchor Studio,94.0,"Anchor Studio: stable=0.93, symmetry=0.98, centered=True, faces=1, face_area=0.0191"
SIR_Row_Live__Protests___Politics_Over_Poll_Panel___Govt_VS_Oppn___CEC___Rahul_G.mp4,237,1460.6,1472.0,11.4,Anchor Studio,94.0,"Anchor Studio: stable=0.89, symmetry=0.91, centered=True, faces=1, face_area=0.0182"
SIR_Row_Live__Protests___Politics_Over_Poll_Panel___Govt_VS_Oppn___CEC___Rahul_G.mp4,238,1472.067,1473.2,1.133,Anchor Studio,94.0,"Anchor Studio: stable=0.83, symmetry=0.95, centered=True, faces=1, face_area=0.0193"
SIR_Row_Live__Protests___Politics_Over_Poll_Panel___Govt_VS_Oppn___CEC___Rahul_G.mp4,239,1473.267,1484.2,10.933,Anchor Studio,94.0,"Anchor Studio: stable=0.91, symmetry=0.95, centered=True, faces=1, face_area=0.0164"
SIR_Row_Live__Protests___Politics_Over_Poll_Panel___Govt_VS_Oppn___CEC___Rahul_G.mp4,240,1484.267,1490.6,6.333,Anchor Studio,94.0,"Anchor Studio: stable=0.84, symmetry=0.97, centered=True, faces=2, face_area=0.0345"
SIR_Row_Live__Protests___Politics_Over_Poll_Panel___Govt_VS_Oppn___CEC___Rahul_G.mp4,241,1490.667,1495.133,4.466,Anchor Studio,84.0,"Anchor Studio: stable=0.92, symmetry=0.91, centered=True, faces=1, face_area=0.0078"
SIR_Row_Live__Protests___Politics_Over_Poll_Panel___Govt_VS_Oppn___CEC___Rahul_G.mp4,242,1495.2,1504.8,9.6,Anchor Studio,94.0,"Anchor Studio: stable=0.92, symmetry=0.95, centered=True, faces=1, face_area=0.0158"
SIR_Row_Live__Protests___Politics_Over_Poll_Panel___Govt_VS_Oppn___CEC___Rahul_G.mp4,243,1504.867,1505.6,0.733,Anchor Studio,94.0,"Anchor Studio: stable=0.92, symmetry=0.98, centered=True, faces=1, face_area=0.0193"
SIR_Row_Live__Protests___Politics_Over_Poll_Panel___Govt_VS_Oppn___CEC___Rahul_G.mp4,244,1505.667,1513.2,7.533,Anchor Studio,94.0,"Anchor Studio: stable=0.91, symmetry=0.94, centered=True, faces=1, face_area=0.0193"
SIR_Row_Live__Protests___Politics_Over_Poll_Panel___Govt_VS_Oppn___CEC___Rahul_G.mp4,245,1513.267,1560.2,46.933,Anchor Studio,94.0,"Anchor Studio: stable=0.93, symmetry=0.96, centered=True, faces=1, face_area=0.0170"
SIR_Row_Live__Protests___Politics_Over_Poll_Panel___Govt_VS_Oppn___CEC___Rahul_G.mp4,246,1560.267,1561.0,0.733,Anchor Studio,72.0,"Anchor Studio: stable=0.58, symmetry=0.78, centered=True, faces=1, face_area=0.0103"
SIR_Row_Live__Protests___Politics_Over_Poll_Panel___Govt_VS_Oppn___CEC___Rahul_G.mp4,247,1561.067,1574.6,13.533,Title Card,78.0,"Title Card: headline=0.8000, textcov=0.9500, stability=0.89"
SIR_Row_Live__Protests___Politics_Over_Poll_Panel___Govt_VS_Oppn___CEC___Rahul_G.mp4,248,1574.667,1586.8,12.133,Anchor Studio,84.0,"Anchor Studio: stable=0.88, symmetry=0.92, centered=True, faces=1, face_area=0.0051"
SIR_Row_Live__Protests___Politics_Over_Poll_Panel___Govt_VS_Oppn___CEC___Rahul_G.mp4,249,1586.867,1662.8,75.933,Anchor Studio,82.0,"Anchor Studio: stable=0.91, symmetry=0.93, centered=False, faces=2, face_area=0.0160"
SIR_Row_Live__Protests___Politics_Over_Poll_Panel___Govt_VS_Oppn___CEC___Rahul_G.mp4,250,1662.867,1663.867,1.0,Field Report,68.0,"Field Report: motion=0.0379, faces=1, centered=False, symmetry=0.81"
SIR_Row_Live__Protests___Politics_Over_Poll_Panel___Govt_VS_Oppn___CEC___Rahul_G.mp4,251,1663.933,1668.6,4.667,Anchor Studio,72.0,"Anchor Studio: stable=0.72, symmetry=0.83, centered=False, faces=1, face_area=0.0114"
SIR_Row_Live__Protests___Politics_Over_Poll_Panel___Govt_VS_Oppn___CEC___Rahul_G.mp4,252,1668.667,1692.533,23.866,Anchor Studio,94.0,"Anchor Studio: stable=0.86, symmetry=0.81, centered=True, faces=1, face_area=0.0147"
SIR_Row_Live__Protests___Politics_Over_Poll_Panel___Govt_VS_Oppn___CEC___Rahul_G.mp4,253,1692.6,1693.267,0.667,Anchor Studio,72.0,"Anchor Studio: stable=0.54, symmetry=0.63, centered=True, faces=2, face_area=0.0239"
SIR_Row_Live__Protests___Politics_Over_Poll_Panel___Govt_VS_Oppn___CEC___Rahul_G.mp4,254,1693.333,1695.533,2.2,Title Card,74.0,"Title Card: headline=0.4176, textcov=0.5549, stability=0.82"
SIR_Row_Live__Protests___Politics_Over_Poll_Panel___Govt_VS_Oppn___CEC___Rahul_G.mp4,255,1695.6,1718.067,22.467,Title Card,78.0,"Title Card: headline=0.8494, textcov=0.9509, stability=0.90"
SIR_Row_Live__Protests___Politics_Over_Poll_Panel___Govt_VS_Oppn___CEC___Rahul_G.mp4,256,1718.133,1748.133,30.0,Anchor Studio,84.0,"Anchor Studio: stable=0.90, symmetry=0.80, centered=True, faces=1, face_area=0.0001"
SIR_Row_Live__Protests___Politics_Over_Poll_Panel___Govt_VS_Oppn___CEC___Rahul_G.mp4,257,1748.2,1752.2,4.0,Title Card,78.0,"Title Card: headline=1.0234, textcov=1.1489, stability=0.87"
SIR_Row_Live__Protests___Politics_Over_Poll_Panel___Govt_VS_Oppn___CEC___Rahul_G.mp4,258,1752.267,1800.333,48.066,Anchor Studio,94.0,"Anchor Studio: stable=0.91, symmetry=0.84, centered=True, faces=2, face_area=0.0204"
SIR_Row_Live__Protests___Politics_Over_Poll_Panel___Govt_VS_Oppn___CEC___Rahul_G.mp4,259,1800.4,1805.067,4.667,Title Card,78.0,"Title Card: headline=1.0206, textcov=1.0750, stability=0.85"
SIR_Row_Live__Protests___Politics_Over_Poll_Panel___Govt_VS_Oppn___CEC___Rahul_G.mp4,260,1805.133,1809.6,4.467,Title Card,78.0,"Title Card: headline=0.9675, textcov=0.9974, stability=0.81"
SIR_Row_Live__Protests___Politics_Over_Poll_Panel___Govt_VS_Oppn___CEC___Rahul_G.mp4,261,1809.667,1811.0,1.333,Title Card,78.0,"Title Card: headline=1.0298, textcov=1.1585, stability=0.83"
SIR_Row_Live__Protests___Politics_Over_Poll_Panel___Govt_VS_Oppn___CEC___Rahul_G.mp4,262,1811.067,1814.6,3.533,Title Card,78.0,"Title Card: headline=1.2329, textcov=1.2870, stability=0.89"
SIR_Row_Live__Protests___Politics_Over_Poll_Panel___Govt_VS_Oppn___CEC___Rahul_G.mp4,263,1814.667,1817.533,2.866,Title Card,68.0,"Title Card: headline=0.8762, textcov=0.9351, stability=0.77"
SIR_Row_Live__Protests___Politics_Over_Poll_Panel___Govt_VS_Oppn___CEC___Rahul_G.mp4,264,1817.6,1819.533,1.933,Title Card,78.0,"Title Card: headline=0.8901, textcov=0.9282, stability=0.80"
SIR_Row_Live__Protests___Politics_Over_Poll_Panel___Govt_VS_Oppn___CEC___Rahul_G.mp4,265,1819.6,1821.933,2.333,Title Card,78.0,"Title Card: headline=0.9084, textcov=0.9917, stability=0.88"
SIR_Row_Live__Protests___Politics_Over_Poll_Panel___Govt_VS_Oppn___CEC___Rahul_G.mp4,266,1822.0,1824.6,2.6,Title Card,78.0,"Title Card: headline=0.8797, textcov=0.9332, stability=0.82"
SIR_Row_Live__Protests___Politics_Over_Poll_Panel___Govt_VS_Oppn___CEC___Rahul_G.mp4,267,1824.667,1829.133,4.466,Title Card,78.0,"Title Card: headline=1.0176, textcov=1.0469, stability=0.86"
SIR_Row_Live__Protests___Politics_Over_Poll_Panel___Govt_VS_Oppn___CEC___Rahul_G.mp4,268,1829.2,1832.933,3.733,Title Card,78.0,"Title Card: headline=1.1147, textcov=1.1352, stability=0.85"
SIR_Row_Live__Protests___Politics_Over_Poll_Panel___Govt_VS_Oppn___CEC___Rahul_G.mp4,269,1833.0,1833.533,0.533,Title Card,68.0,"Title Card: headline=1.4262, textcov=1.4950, stability=0.79"
SIR_Row_Live__Protests___Politics_Over_Poll_Panel___Govt_VS_Oppn___CEC___Rahul_G.mp4,270,1833.6,1854.6,21.0,Anchor Studio,84.0,"Anchor Studio: stable=0.90, symmetry=0.89, centered=True, faces=1, face_area=0.0027"
SIR_Row_Live__Protests___Politics_Over_Poll_Panel___Govt_VS_Oppn___CEC___Rahul_G.mp4,271,1854.667,1867.933,13.266,Title Card,78.0,"Title Card: headline=0.9695, textcov=1.1040, stability=0.89"
SIR_Row_Live__Protests___Politics_Over_Poll_Panel___Govt_VS_Oppn___CEC___Rahul_G.mp4,272,1868.0,1869.133,1.133,B-Roll,70.0,"B-Roll: motion=0.0750, edge=0.1375, face_area=0.0000, symmetry=0.95"
SIR_Row_Live__Protests___Politics_Over_Poll_Panel___Govt_VS_Oppn___CEC___Rahul_G.mp4,273,1869.2,1870.2,1.0,Title Card,78.0,"Title Card: headline=0.8630, textcov=0.9480, stability=0.88"
SIR_Row_Live__Protests___Politics_Over_Poll_Panel___Govt_VS_Oppn___CEC___Rahul_G.mp4,274,1870.267,1871.533,1.266,Title Card,78.0,"Title Card: headline=0.8885, textcov=1.0098, stability=0.89"
SIR_Row_Live__Protests___Politics_Over_Poll_Panel___Govt_VS_Oppn___CEC___Rahul_G.mp4,275,1871.6,1879.933,8.333,Title Card,78.0,"Title Card: headline=0.9294, textcov=1.0618, stability=0.90"
SIR_Row_Live__Protests___Politics_Over_Poll_Panel___Govt_VS_Oppn___CEC___Rahul_G.mp4,276,1880.0,1880.8,0.8,Anchor Studio,84.0,"Anchor Studio: stable=0.00, symmetry=0.96, centered=True, faces=2, face_area=0.0112"
SIR_Row_Live__Protests___Politics_Over_Poll_Panel___Govt_VS_Oppn___CEC___Rahul_G.mp4,277,1880.867,1885.6,4.733,Anchor Studio,94.0,"Anchor Studio: stable=0.87, symmetry=0.99, centered=True, faces=2, face_area=0.0439"
SIR_Row_Live__Protests___Politics_Over_Poll_Panel___Govt_VS_Oppn___CEC___Rahul_G.mp4,278,1885.667,1887.533,1.866,Anchor Studio,94.0,"Anchor Studio: stable=0.83, symmetry=0.99, centered=True, faces=2, face_area=0.0490"
SIR_Row_Live__Protests___Politics_Over_Poll_Panel___Govt_VS_Oppn___CEC___Rahul_G.mp4,279,1887.6,1888.667,1.067,Anchor Studio,94.0,"Anchor Studio: stable=0.90, symmetry=1.00, centered=True, faces=3, face_area=0.0927"
SIR_Row_Live__Protests___Politics_Over_Poll_Panel___Govt_VS_Oppn___CEC___Rahul_G.mp4,280,1888.733,1891.933,3.2,Anchor Studio,94.0,"Anchor Studio: stable=0.92, symmetry=0.99, centered=True, faces=2, face_area=0.0420"
SIR_Row_Live__Protests___Politics_Over_Poll_Panel___Govt_VS_Oppn___CEC___Rahul_G.mp4,281,1892.0,1896.733,4.733,Anchor Studio,94.0,"Anchor Studio: stable=0.86, symmetry=0.98, centered=True, faces=3, face_area=0.0531"
SIR_Row_Live__Protests___Politics_Over_Poll_Panel___Govt_VS_Oppn___CEC___Rahul_G.mp4,282,1896.8,1898.133,1.333,Anchor Studio,94.0,"Anchor Studio: stable=0.89, symmetry=0.98, centered=True, faces=2, face_area=0.0491"
SIR_Row_Live__Protests___Politics_Over_Poll_Panel___Govt_VS_Oppn___CEC___Rahul_G.mp4,283,1898.2,1905.933,7.733,Anchor Studio,94.0,"Anchor Studio: stable=0.83, symmetry=0.96, centered=True, faces=3, face_area=0.0466"
SIR_Row_Live__Protests___Politics_Over_Poll_Panel___Govt_VS_Oppn___CEC___Rahul_G.mp4,284,1906.0,1908.267,2.267,Anchor Studio,94.0,"Anchor Studio: stable=0.84, symmetry=0.96, centered=True, faces=2, face_area=0.0280"
SIR_Row_Live__Protests___Politics_Over_Poll_Panel___Govt_VS_Oppn___CEC___Rahul_G.mp4,285,1908.333,1928.133,19.8,Title Card,78.0,"Title Card: headline=1.0447, textcov=1.1748, stability=0.93"
SIR_Row_Live__Protests___Politics_Over_Poll_Panel___Govt_VS_Oppn___CEC___Rahul_G.mp4,286,1928.2,1930.333,2.133,Title Card,78.0,"Title Card: headline=0.6308, textcov=0.8129, stability=0.88"
SIR_Row_Live__Protests___Politics_Over_Poll_Panel___Govt_VS_Oppn___CEC___Rahul_G.mp4,287,1930.4,1931.067,0.667,B-Roll,70.0,"B-Roll: motion=0.0585, edge=0.0889, face_area=0.0000, symmetry=0.77"
SIR_Row_Live__Protests___Politics_Over_Poll_Panel___Govt_VS_Oppn___CEC___Rahul_G.mp4,288,1931.133,1945.067,13.934,Title Card,78.0,"Title Card: headline=0.9947, textcov=1.1384, stability=0.89"
SIR_Row_Live__Protests___Politics_Over_Poll_Panel___Govt_VS_Oppn___CEC___Rahul_G.mp4,289,1945.133,1967.933,22.8,Title Card,78.0,"Title Card: headline=0.9904, textcov=1.1213, stability=0.92"
SIR_Row_Live__Protests___Politics_Over_Poll_Panel___Govt_VS_Oppn___CEC___Rahul_G.mp4,290,1968.0,1989.333,21.333,Anchor Studio,84.0,"Anchor Studio: stable=0.88, symmetry=0.87, centered=True, faces=1, face_area=0.0025"
SIR_Row_Live__Protests___Politics_Over_Poll_Panel___Govt_VS_Oppn___CEC___Rahul_G.mp4,291,1989.4,2005.4,16.0,Anchor Studio,94.0,"Anchor Studio: stable=0.85, symmetry=0.87, centered=True, faces=1, face_area=0.0191"
SIR_Row_Live__Protests___Politics_Over_Poll_Panel___Govt_VS_Oppn___CEC___Rahul_G.mp4,292,2005.467,2063.467,58.0,Anchor Studio,84.0,"Anchor Studio: stable=0.88, symmetry=0.85, centered=True, faces=2, face_area=0.0037"
SIR_Row_Live__Protests___Politics_Over_Poll_Panel___Govt_VS_Oppn___CEC___Rahul_G.mp4,293,2063.533,2129.733,66.2,Anchor Studio,94.0,"Anchor Studio: stable=0.84, symmetry=0.85, centered=True, faces=2, face_area=0.0118"
SIR_Row_Live__Protests___Politics_Over_Poll_Panel___Govt_VS_Oppn___CEC___Rahul_G.mp4,294,2129.8,2130.867,1.067,B-Roll,70.0,"B-Roll: motion=0.0411, edge=0.1124, face_area=0.0011, symmetry=0.86"
SIR_Row_Live__Protests___Politics_Over_Poll_Panel___Govt_VS_Oppn___CEC___Rahul_G.mp4,295,2130.933,2133.0,2.067,Anchor Studio,82.0,"Anchor Studio: stable=0.77, symmetry=0.99, centered=False, faces=1, face_area=0.0185"
SIR_Row_Live__Protests___Politics_Over_Poll_Panel___Govt_VS_Oppn___CEC___Rahul_G.mp4,296,2133.067,2138.0,4.933,Anchor Studio,82.0,"Anchor Studio: stable=0.84, symmetry=0.91, centered=False, faces=1, face_area=0.0213"
SIR_Row_Live__Protests___Politics_Over_Poll_Panel___Govt_VS_Oppn___CEC___Rahul_G.mp4,297,2138.067,2142.6,4.533,Anchor Studio,82.0,"Anchor Studio: stable=0.80, symmetry=0.95, centered=False, faces=1, face_area=0.0200"
SIR_Row_Live__Protests___Politics_Over_Poll_Panel___Govt_VS_Oppn___CEC___Rahul_G.mp4,298,2142.667,2144.467,1.8,Anchor Studio,82.0,"Anchor Studio: stable=0.85, symmetry=0.94, centered=False, faces=1, face_area=0.0212"
SIR_Row_Live__Protests___Politics_Over_Poll_Panel___Govt_VS_Oppn___CEC___Rahul_G.mp4,299,2144.533,2147.6,3.067,Anchor Studio,82.0,"Anchor Studio: stable=0.84, symmetry=0.95, centered=False, faces=1, face_area=0.0197"
SIR_Row_Live__Protests___Politics_Over_Poll_Panel___Govt_VS_Oppn___CEC___Rahul_G.mp4,300,2147.667,2152.533,4.866,Anchor Studio,82.0,"Anchor Studio: stable=0.84, symmetry=0.95, centered=False, faces=2, face_area=0.0218"
SIR_Row_Live__Protests___Politics_Over_Poll_Panel___Govt_VS_Oppn___CEC___Rahul_G.mp4,301,2152.6,2156.533,3.933,Anchor Studio,82.0,"Anchor Studio: stable=0.87, symmetry=0.95, centered=False, faces=1, face_area=0.0168"
SIR_Row_Live__Protests___Politics_Over_Poll_Panel___Govt_VS_Oppn___CEC___Rahul_G.mp4,302,2156.6,2157.533,0.933,Anchor Studio,82.0,"Anchor Studio: stable=0.85, symmetry=0.95, centered=False, faces=1, face_area=0.0209"
SIR_Row_Live__Protests___Politics_Over_Poll_Panel___Govt_VS_Oppn___CEC___Rahul_G.mp4,303,2157.6,2158.6,1.0,Anchor Studio,82.0,"Anchor Studio: stable=0.84, symmetry=0.96, centered=False, faces=1, face_area=0.0208"
SIR_Row_Live__Protests___Politics_Over_Poll_Panel___Govt_VS_Oppn___CEC___Rahul_G.mp4,304,2158.667,2162.133,3.466,Anchor Studio,72.0,"Anchor Studio: stable=0.74, symmetry=0.94, centered=False, faces=1, face_area=0.0111"
SIR_Row_Live__Protests___Politics_Over_Poll_Panel___Govt_VS_Oppn___CEC___Rahul_G.mp4,305,2162.2,2166.133,3.933,Anchor Studio,82.0,"Anchor Studio: stable=0.85, symmetry=0.92, centered=False, faces=1, face_area=0.0104"
SIR_Row_Live__Protests___Politics_Over_Poll_Panel___Govt_VS_Oppn___CEC___Rahul_G.mp4,306,2166.2,2167.4,1.2,Anchor Studio,94.0,"Anchor Studio: stable=0.77, symmetry=0.94, centered=True, faces=2, face_area=0.0219"
SIR_Row_Live__Protests___Politics_Over_Poll_Panel___Govt_VS_Oppn___CEC___Rahul_G.mp4,307,2167.467,2170.8,3.333,Anchor Studio,94.0,"Anchor Studio: stable=0.90, symmetry=0.97, centered=True, faces=2, face_area=0.0193"
SIR_Row_Live__Protests___Politics_Over_Poll_Panel___Govt_VS_Oppn___CEC___Rahul_G.mp4,308,2170.867,2173.733,2.866,Anchor Studio,94.0,"Anchor Studio: stable=0.88, symmetry=0.99, centered=True, faces=2, face_area=0.0155"
SIR_Row_Live__Protests___Politics_Over_Poll_Panel___Govt_VS_Oppn___CEC___Rahul_G.mp4,309,2173.8,2179.733,5.933,Anchor Studio,94.0,"Anchor Studio: stable=0.81, symmetry=0.92, centered=True, faces=3, face_area=0.0148"
SIR_Row_Live__Protests___Politics_Over_Poll_Panel___Govt_VS_Oppn___CEC___Rahul_G.mp4,310,2179.8,2180.4,0.6,Title Card,64.0,"Title Card: headline=0.4457, textcov=0.5906, stability=0.40"
SIR_Row_Live__Protests___Politics_Over_Poll_Panel___Govt_VS_Oppn___CEC___Rahul_G.mp4,311,2180.467,2186.0,5.533,Anchor Studio,94.0,"Anchor Studio: stable=0.79, symmetry=0.95, centered=True, faces=2, face_area=0.0233"
SIR_Row_Live__Protests___Politics_Over_Poll_Panel___Govt_VS_Oppn___CEC___Rahul_G.mp4,312,2186.067,2186.8,0.733,Anchor Studio,94.0,"Anchor Studio: stable=0.90, symmetry=0.99, centered=True, faces=1, face_area=0.0238"
SIR_Row_Live__Protests___Politics_Over_Poll_Panel___Govt_VS_Oppn___CEC___Rahul_G.mp4,313,2186.867,2193.2,6.333,Anchor Studio,94.0,"Anchor Studio: stable=0.86, symmetry=0.98, centered=True, faces=2, face_area=0.0197"
SIR_Row_Live__Protests___Politics_Over_Poll_Panel___Govt_VS_Oppn___CEC___Rahul_G.mp4,314,2193.267,2194.133,0.866,Anchor Studio,84.0,"Anchor Studio: stable=0.74, symmetry=0.98, centered=True, faces=2, face_area=0.0187"
SIR_Row_Live__Protests___Politics_Over_Poll_Panel___Govt_VS_Oppn___CEC___Rahul_G.mp4,315,2194.2,2196.0,1.8,Anchor Studio,94.0,"Anchor Studio: stable=0.77, symmetry=0.97, centered=True, faces=2, face_area=0.0287"
SIR_Row_Live__Protests___Politics_Over_Poll_Panel___Govt_VS_Oppn___CEC___Rahul_G.mp4,316,2196.067,2200.8,4.733,Anchor Studio,94.0,"Anchor Studio: stable=0.86, symmetry=0.91, centered=True, faces=2, face_area=0.0291"
SIR_Row_Live__Protests___Politics_Over_Poll_Panel___Govt_VS_Oppn___CEC___Rahul_G.mp4,317,2200.867,2202.0,1.133,Anchor Studio,94.0,"Anchor Studio: stable=0.84, symmetry=0.85, centered=True, faces=1, face_area=0.0244"
SIR_Row_Live__Protests___Politics_Over_Poll_Panel___Govt_VS_Oppn___CEC___Rahul_G.mp4,318,2202.067,2204.333,2.266,Anchor Studio,94.0,"Anchor Studio: stable=0.77, symmetry=0.95, centered=True, faces=1, face_area=0.0170"
SIR_Row_Live__Protests___Politics_Over_Poll_Panel___Govt_VS_Oppn___CEC___Rahul_G.mp4,319,2204.4,2207.2,2.8,Anchor Studio,94.0,"Anchor Studio: stable=0.83, symmetry=0.96, centered=True, faces=2, face_area=0.0314"
SIR_Row_Live__Protests___Politics_Over_Poll_Panel___Govt_VS_Oppn___CEC___Rahul_G.mp4,320,2207.267,2211.0,3.733,Anchor Studio,94.0,"Anchor Studio: stable=0.85, symmetry=0.98, centered=True, faces=2, face_area=0.0245"
SIR_Row_Live__Protests___Politics_Over_Poll_Panel___Govt_VS_Oppn___CEC___Rahul_G.mp4,321,2211.067,2216.0,4.933,Anchor Studio,94.0,"Anchor Studio: stable=0.83, symmetry=0.99, centered=True, faces=2, face_area=0.0225"
SIR_Row_Live__Protests___Politics_Over_Poll_Panel___Govt_VS_Oppn___CEC___Rahul_G.mp4,322,2216.067,2217.333,1.266,Anchor Studio,84.0,"Anchor Studio: stable=0.77, symmetry=0.98, centered=True, faces=1, face_area=0.0010"
SIR_Row_Live__Protests___Politics_Over_Poll_Panel___Govt_VS_Oppn___CEC___Rahul_G.mp4,323,2217.4,2220.6,3.2,Anchor Studio,94.0,"Anchor Studio: stable=0.81, symmetry=0.98, centered=True, faces=2, face_area=0.0258"
SIR_Row_Live__Protests___Politics_Over_Poll_Panel___Govt_VS_Oppn___CEC___Rahul_G.mp4,324,2220.667,2222.133,1.466,Anchor Studio,94.0,"Anchor Studio: stable=0.84, symmetry=0.99, centered=True, faces=2, face_area=0.0311"
SIR_Row_Live__Protests___Politics_Over_Poll_Panel___Govt_VS_Oppn___CEC___Rahul_G.mp4,325,2222.2,2226.4,4.2,Anchor Studio,94.0,"Anchor Studio: stable=0.83, symmetry=0.99, centered=True, faces=2, face_area=0.0249"
SIR_Row_Live__Protests___Politics_Over_Poll_Panel___Govt_VS_Oppn___CEC___Rahul_G.mp4,326,2226.467,2230.533,4.066,Anchor Studio,94.0,"Anchor Studio: stable=0.85, symmetry=0.98, centered=True, faces=2, face_area=0.0222"
SIR_Row_Live__Protests___Politics_Over_Poll_Panel___Govt_VS_Oppn___CEC___Rahul_G.mp4,327,2230.6,2236.4,5.8,Anchor Studio,94.0,"Anchor Studio: stable=0.82, symmetry=0.96, centered=True, faces=2, face_area=0.0257"
SIR_Row_Live__Protests___Politics_Over_Poll_Panel___Govt_VS_Oppn___CEC___Rahul_G.mp4,328,2236.467,2238.0,1.533,Anchor Studio,94.0,"Anchor Studio: stable=0.81, symmetry=0.94, centered=True, faces=1, face_area=0.0224"
SIR_Row_Live__Protests___Politics_Over_Poll_Panel___Govt_VS_Oppn___CEC___Rahul_G.mp4,329,2238.067,2238.8,0.733,Anchor Studio,72.0,"Anchor Studio: stable=0.60, symmetry=0.78, centered=True, faces=2, face_area=0.0154"
SIR_Row_Live__Protests___Politics_Over_Poll_Panel___Govt_VS_Oppn___CEC___Rahul_G.mp4,330,2238.867,2240.067,1.2,Anchor Studio,74.0,"Anchor Studio: stable=0.63, symmetry=0.88, centered=True, faces=1, face_area=0.0020"
SIR_Row_Live__Protests___Politics_Over_Poll_Panel___Govt_VS_Oppn___CEC___Rahul_G.mp4,331,2240.133,2244.2,4.067,Anchor Studio,84.0,"Anchor Studio: stable=0.81, symmetry=0.95, centered=True, faces=2, face_area=0.0088"
SIR_Row_Live__Protests___Politics_Over_Poll_Panel___Govt_VS_Oppn___CEC___Rahul_G.mp4,332,2244.267,2249.2,4.933,Anchor Studio,94.0,"Anchor Studio: stable=0.81, symmetry=0.83, centered=True, faces=2, face_area=0.0184"
SIR_Row_Live__Protests___Politics_Over_Poll_Panel___Govt_VS_Oppn___CEC___Rahul_G.mp4,333,2249.267,2287.533,38.266,Anchor Studio,84.0,"Anchor Studio: stable=0.84, symmetry=0.93, centered=True, faces=1, face_area=0.0029"
SIR_Row_Live__Protests___Politics_Over_Poll_Panel___Govt_VS_Oppn___CEC___Rahul_G.mp4,334,2287.6,2314.933,27.333,Anchor Studio,94.0,"Anchor Studio: stable=0.89, symmetry=0.88, centered=True, faces=2, face_area=0.0108"
SIR_Row_Live__Protests___Politics_Over_Poll_Panel___Govt_VS_Oppn___CEC___Rahul_G.mp4,335,2315.0,2316.6,1.6,Anchor Studio,84.0,"Anchor Studio: stable=0.65, symmetry=0.88, centered=True, faces=4, face_area=0.0649"
SIR_Row_Live__Protests___Politics_Over_Poll_Panel___Govt_VS_Oppn___CEC___Rahul_G.mp4,336,2316.667,2317.8,1.133,Anchor Studio,94.0,"Anchor Studio: stable=0.85, symmetry=0.89, centered=True, faces=4, face_area=0.1211"
SIR_Row_Live__Protests___Politics_Over_Poll_Panel___Govt_VS_Oppn___CEC___Rahul_G.mp4,337,2317.867,2318.467,0.6,Field Report,68.0,"Field Report: motion=0.0493, faces=1, centered=False, symmetry=0.77"
SIR_Row_Live__Protests___Politics_Over_Poll_Panel___Govt_VS_Oppn___CEC___Rahul_G.mp4,338,2318.533,2322.733,4.2,Anchor Studio,84.0,"Anchor Studio: stable=0.74, symmetry=0.87, centered=True, faces=2, face_area=0.0392"
SIR_Row_Live__Protests___Politics_Over_Poll_Panel___Govt_VS_Oppn___CEC___Rahul_G.mp4,339,2322.8,2326.733,3.933,Anchor Studio,94.0,"Anchor Studio: stable=0.87, symmetry=0.99, centered=True, faces=3, face_area=0.1071"
SIR_Row_Live__Protests___Politics_Over_Poll_Panel___Govt_VS_Oppn___CEC___Rahul_G.mp4,340,2326.8,2336.6,9.8,Anchor Studio,94.0,"Anchor Studio: stable=0.90, symmetry=0.98, centered=True, faces=3, face_area=0.1192"
SIR_Row_Live__Protests___Politics_Over_Poll_Panel___Govt_VS_Oppn___CEC___Rahul_G.mp4,341,2336.667,2353.8,17.133,Anchor Studio,94.0,"Anchor Studio: stable=0.88, symmetry=0.97, centered=True, faces=4, face_area=0.1154"
SIR_Row_Live__Protests___Politics_Over_Poll_Panel___Govt_VS_Oppn___CEC___Rahul_G.mp4,342,2353.867,2356.4,2.533,Anchor Studio,94.0,"Anchor Studio: stable=0.90, symmetry=0.96, centered=True, faces=3, face_area=0.1168"
SIR_Row_Live__Protests___Politics_Over_Poll_Panel___Govt_VS_Oppn___CEC___Rahul_G.mp4,343,2356.467,2357.133,0.666,Anchor Studio,72.0,"Anchor Studio: stable=0.61, symmetry=0.76, centered=True, faces=1, face_area=0.0342"
SIR_Row_Live__Protests___Politics_Over_Poll_Panel___Govt_VS_Oppn___CEC___Rahul_G.mp4,344,2357.2,2358.333,1.133,Anchor Studio,74.0,"Anchor Studio: stable=0.62, symmetry=0.87, centered=True, faces=2, face_area=0.0085"
SIR_Row_Live__Protests___Politics_Over_Poll_Panel___Govt_VS_Oppn___CEC___Rahul_G.mp4,345,2358.4,2376.533,18.133,Anchor Studio,94.0,"Anchor Studio: stable=0.90, symmetry=0.84, centered=True, faces=2, face_area=0.0227"
SIR_Row_Live__Protests___Politics_Over_Poll_Panel___Govt_VS_Oppn___CEC___Rahul_G.mp4,346,2376.6,2381.667,5.067,Anchor Studio,94.0,"Anchor Studio: stable=0.84, symmetry=0.94, centered=True, faces=2, face_area=0.0208"
SIR_Row_Live__Protests___Politics_Over_Poll_Panel___Govt_VS_Oppn___CEC___Rahul_G.mp4,347,2381.733,2382.333,0.6,Anchor Studio,82.0,"Anchor Studio: stable=0.89, symmetry=0.96, centered=False, faces=1, face_area=0.0214"
SIR_Row_Live__Protests___Politics_Over_Poll_Panel___Govt_VS_Oppn___CEC___Rahul_G.mp4,348,2382.4,2383.6,1.2,B-Roll,70.0,"B-Roll: motion=0.0747, edge=0.1518, face_area=0.0000, symmetry=0.96"
SIR_Row_Live__Protests___Politics_Over_Poll_Panel___Govt_VS_Oppn___CEC___Rahul_G.mp4,349,2383.667,2384.4,0.733,Title Card,68.0,"Title Card: headline=0.8921, textcov=0.9741, stability=0.78"
SIR_Row_Live__Protests___Politics_Over_Poll_Panel___Govt_VS_Oppn___CEC___Rahul_G.mp4,350,2384.467,2385.867,1.4,Anchor Studio,82.0,"Anchor Studio: stable=0.89, symmetry=0.96, centered=False, faces=1, face_area=0.0183"
SIR_Row_Live__Protests___Politics_Over_Poll_Panel___Govt_VS_Oppn___CEC___Rahul_G.mp4,351,2385.933,2386.667,0.734,Anchor Studio,82.0,"Anchor Studio: stable=0.89, symmetry=0.94, centered=False, faces=1, face_area=0.0225"
SIR_Row_Live__Protests___Politics_Over_Poll_Panel___Govt_VS_Oppn___CEC___Rahul_G.mp4,352,2386.733,2391.2,4.467,Title Card,74.0,"Title Card: headline=0.8382, textcov=0.9481, stability=0.83"
SIR_Row_Live__Protests___Politics_Over_Poll_Panel___Govt_VS_Oppn___CEC___Rahul_G.mp4,353,2391.267,2393.667,2.4,Title Card,78.0,"Title Card: headline=0.8635, textcov=0.9688, stability=0.88"
SIR_Row_Live__Protests___Politics_Over_Poll_Panel___Govt_VS_Oppn___CEC___Rahul_G.mp4,354,2393.733,2395.2,1.467,Anchor Studio,74.0,"Anchor Studio: stable=0.41, symmetry=0.96, centered=True, faces=1, face_area=0.0026"
SIR_Row_Live__Protests___Politics_Over_Poll_Panel___Govt_VS_Oppn___CEC___Rahul_G.mp4,355,2395.267,2396.2,0.933,Anchor Studio,82.0,"Anchor Studio: stable=0.77, symmetry=0.94, centered=False, faces=1, face_area=0.0113"
SIR_Row_Live__Protests___Politics_Over_Poll_Panel___Govt_VS_Oppn___CEC___Rahul_G.mp4,356,2396.267,2401.2,4.933,Anchor Studio,94.0,"Anchor Studio: stable=0.84, symmetry=0.94, centered=True, faces=2, face_area=0.0211"
SIR_Row_Live__Protests___Politics_Over_Poll_Panel___Govt_VS_Oppn___CEC___Rahul_G.mp4,357,2401.267,2403.6,2.333,Anchor Studio,82.0,"Anchor Studio: stable=0.85, symmetry=0.96, centered=False, faces=1, face_area=0.0197"
SIR_Row_Live__Protests___Politics_Over_Poll_Panel___Govt_VS_Oppn___CEC___Rahul_G.mp4,358,2403.667,2406.2,2.533,Anchor Studio,82.0,"Anchor Studio: stable=0.85, symmetry=0.92, centered=False, faces=1, face_area=0.0175"
SIR_Row_Live__Protests___Politics_Over_Poll_Panel___Govt_VS_Oppn___CEC___Rahul_G.mp4,359,2406.267,2408.8,2.533,Anchor Studio,82.0,"Anchor Studio: stable=0.86, symmetry=0.92, centered=False, faces=2, face_area=0.0205"
SIR_Row_Live__Protests___Politics_Over_Poll_Panel___Govt_VS_Oppn___CEC___Rahul_G.mp4,360,2408.867,2410.733,1.866,Field Report,68.0,"Field Report: motion=0.0325, faces=1, centered=False, symmetry=0.97"
SIR_Row_Live__Protests___Politics_Over_Poll_Panel___Govt_VS_Oppn___CEC___Rahul_G.mp4,361,2410.8,2413.4,2.6,Anchor Studio,82.0,"Anchor Studio: stable=0.84, symmetry=0.97, centered=False, faces=1, face_area=0.0217"
SIR_Row_Live__Protests___Politics_Over_Poll_Panel___Govt_VS_Oppn___CEC___Rahul_G.mp4,362,2413.467,2414.933,1.466,Anchor Studio,82.0,"Anchor Studio: stable=0.84, symmetry=0.95, centered=False, faces=1, face_area=0.0211"
SIR_Row_Live__Protests___Politics_Over_Poll_Panel___Govt_VS_Oppn___CEC___Rahul_G.mp4,363,2415.0,2420.467,5.467,Anchor Studio,94.0,"Anchor Studio: stable=0.90, symmetry=0.86, centered=True, faces=2, face_area=0.0229"
SIR_Row_Live__Protests___Politics_Over_Poll_Panel___Govt_VS_Oppn___CEC___Rahul_G.mp4,364,2420.533,2483.333,62.8,Anchor Studio,94.0,"Anchor Studio: stable=0.92, symmetry=0.85, centered=True, faces=2, face_area=0.0198"
SIR_Row_Live__Protests___Politics_Over_Poll_Panel___Govt_VS_Oppn___CEC___Rahul_G.mp4,365,2483.4,2520.8,37.4,Anchor Studio,94.0,"Anchor Studio: stable=0.91, symmetry=0.92, centered=True, faces=2, face_area=0.0210"
SIR_Row_Live__Protests___Politics_Over_Poll_Panel___Govt_VS_Oppn___CEC___Rahul_G.mp4,366,2520.867,2523.6,2.733,Anchor Studio,94.0,"Anchor Studio: stable=0.81, symmetry=0.94, centered=True, faces=2, face_area=0.0682"
SIR_Row_Live__Protests___Politics_Over_Poll_Panel___Govt_VS_Oppn___CEC___Rahul_G.mp4,367,2523.667,2556.533,32.866,Anchor Studio,94.0,"Anchor Studio: stable=0.88, symmetry=0.95, centered=True, faces=4, face_area=0.1148"
SIR_Row_Live__Protests___Politics_Over_Poll_Panel___Govt_VS_Oppn___CEC___Rahul_G.mp4,368,2556.6,2557.267,0.667,Anchor Studio,72.0,"Anchor Studio: stable=0.58, symmetry=0.78, centered=True, faces=1, face_area=0.0278"
SIR_Row_Live__Protests___Politics_Over_Poll_Panel___Govt_VS_Oppn___CEC___Rahul_G.mp4,369,2557.333,2587.0,29.667,Title Card,74.0,"Title Card: headline=0.7821, textcov=0.8863, stability=0.90"
SIR_Row_Live__Protests___Politics_Over_Poll_Panel___Govt_VS_Oppn___CEC___Rahul_G.mp4,370,2587.067,2625.2,38.133,Title Card,74.0,"Title Card: headline=0.7725, textcov=0.9077, stability=0.92"
SIR_Row_Live__Protests___Politics_Over_Poll_Panel___Govt_VS_Oppn___CEC___Rahul_G.mp4,371,2625.267,2626.733,1.466,Anchor Studio,82.0,"Anchor Studio: stable=0.82, symmetry=0.94, centered=False, faces=1, face_area=0.0223"
SIR_Row_Live__Protests___Politics_Over_Poll_Panel___Govt_VS_Oppn___CEC___Rahul_G.mp4,372,2626.8,2628.133,1.333,Anchor Studio,82.0,"Anchor Studio: stable=0.83, symmetry=0.93, centered=False, faces=1, face_area=0.0204"
SIR_Row_Live__Protests___Politics_Over_Poll_Panel___Govt_VS_Oppn___CEC___Rahul_G.mp4,373,2628.2,2633.133,4.933,Anchor Studio,94.0,"Anchor Studio: stable=0.84, symmetry=0.94, centered=True, faces=2, face_area=0.0230"
SIR_Row_Live__Protests___Politics_Over_Poll_Panel___Govt_VS_Oppn___CEC___Rahul_G.mp4,374,2633.2,2636.8,3.6,Anchor Studio,82.0,"Anchor Studio: stable=0.85, symmetry=0.95, centered=False, faces=1, face_area=0.0118"
SIR_Row_Live__Protests___Politics_Over_Poll_Panel___Govt_VS_Oppn___CEC___Rahul_G.mp4,375,2636.867,2637.667,0.8,Anchor Studio,72.0,"Anchor Studio: stable=0.65, symmetry=0.87, centered=False, faces=1, face_area=0.0157"
SIR_Row_Live__Protests___Politics_Over_Poll_Panel___Govt_VS_Oppn___CEC___Rahul_G.mp4,376,2637.733,2642.667,4.934,Anchor Studio,82.0,"Anchor Studio: stable=0.84, symmetry=0.93, centered=False, faces=1, face_area=0.0131"
SIR_Row_Live__Protests___Politics_Over_Poll_Panel___Govt_VS_Oppn___CEC___Rahul_G.mp4,377,2642.733,2643.667,0.934,Anchor Studio,82.0,"Anchor Studio: stable=0.86, symmetry=0.96, centered=False, faces=1, face_area=0.0172"
SIR_Row_Live__Protests___Politics_Over_Poll_Panel___Govt_VS_Oppn___CEC___Rahul_G.mp4,378,2643.733,2646.933,3.2,Anchor Studio,94.0,"Anchor Studio: stable=0.87, symmetry=0.97, centered=True, faces=3, face_area=0.0547"
SIR_Row_Live__Protests___Politics_Over_Poll_Panel___Govt_VS_Oppn___CEC___Rahul_G.mp4,379,2647.0,2650.6,3.6,Anchor Studio,94.0,"Anchor Studio: stable=0.89, symmetry=0.95, centered=True, faces=3, face_area=0.0720"
SIR_Row_Live__Protests___Politics_Over_Poll_Panel___Govt_VS_Oppn___CEC___Rahul_G.mp4,380,2650.667,2655.0,4.333,Anchor Studio,94.0,"Anchor Studio: stable=0.87, symmetry=0.96, centered=True, faces=4, face_area=0.0638"
SIR_Row_Live__Protests___Politics_Over_Poll_Panel___Govt_VS_Oppn___CEC___Rahul_G.mp4,381,2655.067,2656.8,1.733,Anchor Studio,94.0,"Anchor Studio: stable=0.82, symmetry=0.93, centered=True, faces=3, face_area=0.0631"
SIR_Row_Live__Protests___Politics_Over_Poll_Panel___Govt_VS_Oppn___CEC___Rahul_G.mp4,382,2656.867,2659.8,2.933,Anchor Studio,94.0,"Anchor Studio: stable=0.89, symmetry=0.96, centered=True, faces=4, face_area=0.0649"
SIR_Row_Live__Protests___Politics_Over_Poll_Panel___Govt_VS_Oppn___CEC___Rahul_G.mp4,383,2659.867,2663.067,3.2,Anchor Studio,94.0,"Anchor Studio: stable=0.86, symmetry=0.95, centered=True, faces=3, face_area=0.0557"
SIR_Row_Live__Protests___Politics_Over_Poll_Panel___Govt_VS_Oppn___CEC___Rahul_G.mp4,384,2663.133,2666.8,3.667,Anchor Studio,94.0,"Anchor Studio: stable=0.88, symmetry=0.98, centered=True, faces=3, face_area=0.0670"
SIR_Row_Live__Protests___Politics_Over_Poll_Panel___Govt_VS_Oppn___CEC___Rahul_G.mp4,385,2666.867,2667.733,0.866,Anchor Studio,94.0,"Anchor Studio: stable=0.82, symmetry=0.95, centered=True, faces=2, face_area=0.0457"
SIR_Row_Live__Protests___Politics_Over_Poll_Panel___Govt_VS_Oppn___CEC___Rahul_G.mp4,386,2667.8,2671.2,3.4,Anchor Studio,94.0,"Anchor Studio: stable=0.86, symmetry=0.95, centered=True, faces=3, face_area=0.0409"
SIR_Row_Live__Protests___Politics_Over_Poll_Panel___Govt_VS_Oppn___CEC___Rahul_G.mp4,387,2671.267,2673.0,1.733,Anchor Studio,94.0,"Anchor Studio: stable=0.81, symmetry=0.91, centered=True, faces=3, face_area=0.0554"
SIR_Row_Live__Protests___Politics_Over_Poll_Panel___Govt_VS_Oppn___CEC___Rahul_G.mp4,388,2673.067,2676.8,3.733,Anchor Studio,94.0,"Anchor Studio: stable=0.88, symmetry=0.90, centered=True, faces=2, face_area=0.0166"
SIR_Row_Live__Protests___Politics_Over_Poll_Panel___Govt_VS_Oppn___CEC___Rahul_G.mp4,389,2676.867,2686.6,9.733,Anchor Studio,82.0,"Anchor Studio: stable=0.85, symmetry=0.86, centered=False, faces=2, face_area=0.0208"
SIR_Row_Live__Protests___Politics_Over_Poll_Panel___Govt_VS_Oppn___CEC___Rahul_G.mp4,390,2686.667,2691.2,4.533,Anchor Studio,94.0,"Anchor Studio: stable=0.86, symmetry=0.88, centered=True, faces=2, face_area=0.0216"
SIR_Row_Live__Protests___Politics_Over_Poll_Panel___Govt_VS_Oppn___CEC___Rahul_G.mp4,391,2691.267,2696.6,5.333,Anchor Studio,82.0,"Anchor Studio: stable=0.86, symmetry=0.88, centered=False, faces=2, face_area=0.0161"
SIR_Row_Live__Protests___Politics_Over_Poll_Panel___Govt_VS_Oppn___CEC___Rahul_G.mp4,392,2696.667,2706.8,10.133,Anchor Studio,94.0,"Anchor Studio: stable=0.84, symmetry=0.88, centered=True, faces=2, face_area=0.0217"
SIR_Row_Live__Protests___Politics_Over_Poll_Panel___Govt_VS_Oppn___CEC___Rahul_G.mp4,393,2706.867,2716.6,9.733,Anchor Studio,82.0,"Anchor Studio: stable=0.85, symmetry=0.85, centered=False, faces=1, face_area=0.0184"
SIR_Row_Live__Protests___Politics_Over_Poll_Panel___Govt_VS_Oppn___CEC___Rahul_G.mp4,394,2716.667,2721.0,4.333,Anchor Studio,82.0,"Anchor Studio: stable=0.89, symmetry=0.91, centered=False, faces=1, face_area=0.0165"
SIR_Row_Live__Protests___Politics_Over_Poll_Panel___Govt_VS_Oppn___CEC___Rahul_G.mp4,395,2721.067,2725.4,4.333,Anchor Studio,94.0,"Anchor Studio: stable=0.77, symmetry=0.92, centered=True, faces=3, face_area=0.0672"
SIR_Row_Live__Protests___Politics_Over_Poll_Panel___Govt_VS_Oppn___CEC___Rahul_G.mp4,396,2725.467,2726.133,0.666,Anchor Studio,72.0,"Anchor Studio: stable=0.58, symmetry=0.78, centered=True, faces=1, face_area=0.0374"
SIR_Row_Live__Protests___Politics_Over_Poll_Panel___Govt_VS_Oppn___CEC___Rahul_G.mp4,397,2726.2,2742.533,16.333,Anchor Studio,94.0,"Anchor Studio: stable=0.88, symmetry=0.92, centered=True, faces=3, face_area=0.0444"
SIR_Row_Live__Protests___Politics_Over_Poll_Panel___Govt_VS_Oppn___CEC___Rahul_G.mp4,398,2742.6,2755.133,12.533,Anchor Studio,94.0,"Anchor Studio: stable=0.77, symmetry=0.91, centered=True, faces=2, face_area=0.0282"
SIR_Row_Live__Protests___Politics_Over_Poll_Panel___Govt_VS_Oppn___CEC___Rahul_G.mp4,399,2755.2,2757.6,2.4,Anchor Studio,84.0,"Anchor Studio: stable=0.45, symmetry=0.98, centered=True, faces=2, face_area=0.0355"
SIR_Row_Live__Protests___Politics_Over_Poll_Panel___Govt_VS_Oppn___CEC___Rahul_G.mp4,400,2757.667,2762.533,4.866,Anchor Studio,72.0,"Anchor Studio: stable=0.60, symmetry=0.96, centered=False, faces=2, face_area=0.0299"
SIR_Row_Live__Protests___Politics_Over_Poll_Panel___Govt_VS_Oppn___CEC___Rahul_G.mp4,401,2762.6,2763.8,1.2,Anchor Studio,72.0,"Anchor Studio: stable=0.53, symmetry=0.95, centered=False, faces=2, face_area=0.0413"
SIR_Row_Live__Protests___Politics_Over_Poll_Panel___Govt_VS_Oppn___CEC___Rahul_G.mp4,402,2763.867,2766.067,2.2,Anchor Studio,72.0,"Anchor Studio: stable=0.56, symmetry=0.96, centered=False, faces=2, face_area=0.0431"
SIR_Row_Live__Protests___Politics_Over_Poll_Panel___Govt_VS_Oppn___CEC___Rahul_G.mp4,403,2766.133,2768.267,2.134,Anchor Studio,72.0,"Anchor Studio: stable=0.56, symmetry=0.95, centered=False, faces=2, face_area=0.0349"
SIR_Row_Live__Protests___Politics_Over_Poll_Panel___Govt_VS_Oppn___CEC___Rahul_G.mp4,404,2768.333,2790.933,22.6,Anchor Studio,94.0,"Anchor Studio: stable=0.88, symmetry=0.93, centered=True, faces=3, face_area=0.0426"
SIR_Row_Live__Protests___Politics_Over_Poll_Panel___Govt_VS_Oppn___CEC___Rahul_G.mp4,405,2791.0,2803.467,12.467,Anchor Studio,82.0,"Anchor Studio: stable=0.85, symmetry=0.92, centered=False, faces=3, face_area=0.0516"
SIR_Row_Live__Protests___Politics_Over_Poll_Panel___Govt_VS_Oppn___CEC___Rahul_G.mp4,406,2803.533,2825.867,22.334,Anchor Studio,82.0,"Anchor Studio: stable=0.85, symmetry=0.89, centered=False, faces=3, face_area=0.0533"
SIR_Row_Live__Protests___Politics_Over_Poll_Panel___Govt_VS_Oppn___CEC___Rahul_G.mp4,407,2825.933,2835.267,9.334,B-Roll,70.0,"B-Roll: motion=0.0651, edge=0.1394, face_area=0.0002, symmetry=0.87"
SIR_Row_Live__Protests___Politics_Over_Poll_Panel___Govt_VS_Oppn___CEC___Rahul_G.mp4,408,2835.333,2848.133,12.8,Anchor Studio,84.0,"Anchor Studio: stable=0.47, symmetry=0.91, centered=True, faces=3, face_area=0.0144"
SIR_Row_Live__Protests___Politics_Over_Poll_Panel___Govt_VS_Oppn___CEC___Rahul_G.mp4,409,2848.2,2851.067,2.867,Anchor Studio,74.0,"Anchor Studio: stable=0.27, symmetry=0.91, centered=True, faces=1, face_area=0.0034"
SIR_Row_Live__Protests___Politics_Over_Poll_Panel___Govt_VS_Oppn___CEC___Rahul_G.mp4,410,2851.133,2856.333,5.2,B-Roll,70.0,"B-Roll: motion=0.0614, edge=0.1690, face_area=0.0005, symmetry=0.84"
SIR_Row_Live__Protests___Politics_Over_Poll_Panel___Govt_VS_Oppn___CEC___Rahul_G.mp4,411,2856.4,2859.333,2.933,Anchor Studio,84.0,"Anchor Studio: stable=0.44, symmetry=0.95, centered=True, faces=2, face_area=0.0814"
SIR_Row_Live__Protests___Politics_Over_Poll_Panel___Govt_VS_Oppn___CEC___Rahul_G.mp4,412,2859.4,2864.133,4.733,B-Roll,70.0,"B-Roll: motion=0.0891, edge=0.1409, face_area=0.0000, symmetry=0.95"
SIR_Row_Live__Protests___Politics_Over_Poll_Panel___Govt_VS_Oppn___CEC___Rahul_G.mp4,413,2864.2,2871.867,7.667,Anchor Studio,74.0,"Anchor Studio: stable=0.15, symmetry=0.90, centered=True, faces=2, face_area=0.0045"
SIR_Row_Live__Protests___Politics_Over_Poll_Panel___Govt_VS_Oppn___CEC___Rahul_G.mp4,414,2871.933,2877.667,5.734,Anchor Studio,84.0,"Anchor Studio: stable=0.23, symmetry=0.93, centered=True, faces=1, face_area=0.0214"
SIR_Row_Live__Protests___Politics_Over_Poll_Panel___Govt_VS_Oppn___CEC___Rahul_G.mp4,415,2877.733,2880.467,2.734,Title Card,64.0,"Title Card: headline=0.9348, textcov=1.0749, stability=0.19"
SIR_Row_Live__Protests___Politics_Over_Poll_Panel___Govt_VS_Oppn___CEC___Rahul_G.mp4,416,2880.533,2882.733,2.2,Anchor Studio,74.0,"Anchor Studio: stable=0.18, symmetry=0.94, centered=True, faces=1, face_area=0.0072"
SIR_Row_Live__Protests___Politics_Over_Poll_Panel___Govt_VS_Oppn___CEC___Rahul_G.mp4,417,2882.8,2883.467,0.667,B-Roll,70.0,"B-Roll: motion=0.1272, edge=0.1661, face_area=0.0000, symmetry=0.99"
SIR_Row_Live__Protests___Politics_Over_Poll_Panel___Govt_VS_Oppn___CEC___Rahul_G.mp4,418,2883.533,2885.067,1.534,B-Roll,70.0,"B-Roll: motion=0.0977, edge=0.1630, face_area=0.0000, symmetry=0.96"
SIR_Row_Live__Protests___Politics_Over_Poll_Panel___Govt_VS_Oppn___CEC___Rahul_G.mp4,419,2885.133,2885.867,0.734,B-Roll,70.0,"B-Roll: motion=0.1120, edge=0.1764, face_area=0.0000, symmetry=0.98"
SIR_Row_Live__Protests___Politics_Over_Poll_Panel___Govt_VS_Oppn___CEC___Rahul_G.mp4,420,2885.933,2887.8,1.867,B-Roll,70.0,"B-Roll: motion=0.0548, edge=0.1308, face_area=0.0000, symmetry=0.90"
SIR_Row_Live__Protests___Politics_Over_Poll_Panel___Govt_VS_Oppn___CEC___Rahul_G.mp4,421,2887.867,2897.067,9.2,Anchor Studio,74.0,"Anchor Studio: stable=0.73, symmetry=0.95, centered=True, faces=1, face_area=0.0020"
SIR_Row_Live__Protests___Politics_Over_Poll_Panel___Govt_VS_Oppn___CEC___Rahul_G.mp4,422,2897.133,2932.733,35.6,Title Card,78.0,"Title Card: headline=0.2655, textcov=0.3887, stability=0.92"
SIR_Row_Live__Protests___Politics_Over_Poll_Panel___Govt_VS_Oppn___CEC___Rahul_G.mp4,423,2932.8,2935.867,3.067,Anchor Studio,84.0,"Anchor Studio: stable=0.04, symmetry=0.90, centered=True, faces=2, face_area=0.0179"
SIR_Row_Live__Protests___Politics_Over_Poll_Panel___Govt_VS_Oppn___CEC___Rahul_G.mp4,424,2935.933,2937.6,1.667,Title Card,78.0,"Title Card: headline=0.6094, textcov=0.8283, stability=0.85"
SIR_Row_Live__Protests___Politics_Over_Poll_Panel___Govt_VS_Oppn___CEC___Rahul_G.mp4,425,2937.667,2939.067,1.4,Title Card,78.0,"Title Card: headline=0.5547, textcov=0.6760, stability=0.86"
SIR_Row_Live__Protests___Politics_Over_Poll_Panel___Govt_VS_Oppn___CEC___Rahul_G.mp4,426,2939.133,2939.867,0.734,Anchor Studio,84.0,"Anchor Studio: stable=0.70, symmetry=0.94, centered=True, faces=1, face_area=0.0275"
SIR_Row_Live__Protests___Politics_Over_Poll_Panel___Govt_VS_Oppn___CEC___Rahul_G.mp4,427,2939.933,2941.8,1.867,B-Roll,70.0,"B-Roll: motion=0.0671, edge=0.1650, face_area=0.0000, symmetry=0.93"
SIR_Row_Live__Protests___Politics_Over_Poll_Panel___Govt_VS_Oppn___CEC___Rahul_G.mp4,428,2941.867,2943.067,1.2,Anchor Studio,74.0,"Anchor Studio: stable=0.66, symmetry=0.97, centered=True, faces=1, face_area=0.0009"
SIR_Row_Live__Protests___Politics_Over_Poll_Panel___Govt_VS_Oppn___CEC___Rahul_G.mp4,429,2943.133,2945.467,2.334,Anchor Studio,84.0,"Anchor Studio: stable=0.87, symmetry=0.86, centered=True, faces=1, face_area=0.0057"
SIR_Row_Live__Protests___Politics_Over_Poll_Panel___Govt_VS_Oppn___CEC___Rahul_G.mp4,430,2945.533,2949.6,4.067,Anchor Studio,74.0,"Anchor Studio: stable=0.46, symmetry=0.91, centered=True, faces=1, face_area=0.0022"
SIR_Row_Live__Protests___Politics_Over_Poll_Panel___Govt_VS_Oppn___CEC___Rahul_G.mp4,431,2949.667,2952.8,3.133,Anchor Studio,74.0,"Anchor Studio: stable=0.64, symmetry=0.94, centered=True, faces=2, face_area=0.0060"
SIR_Row_Live__Protests___Politics_Over_Poll_Panel___Govt_VS_Oppn___CEC___Rahul_G.mp4,432,2952.867,2953.6,0.733,Anchor Studio,74.0,"Anchor Studio: stable=0.48, symmetry=0.97, centered=True, faces=1, face_area=0.0038"
SIR_Row_Live__Protests___Politics_Over_Poll_Panel___Govt_VS_Oppn___CEC___Rahul_G.mp4,433,2953.667,2955.133,1.466,Anchor Studio,84.0,"Anchor Studio: stable=0.35, symmetry=0.97, centered=True, faces=2, face_area=0.0227"
SIR_Row_Live__Protests___Politics_Over_Poll_Panel___Govt_VS_Oppn___CEC___Rahul_G.mp4,434,2955.2,2957.867,2.667,Anchor Studio,82.0,"Anchor Studio: stable=0.75, symmetry=0.92, centered=False, faces=1, face_area=0.0513"
SIR_Row_Live__Protests___Politics_Over_Poll_Panel___Govt_VS_Oppn___CEC___Rahul_G.mp4,435,2957.933,2983.133,25.2,Anchor Studio,94.0,"Anchor Studio: stable=0.88, symmetry=0.95, centered=True, faces=4, face_area=0.1028"
SIR_Row_Live__Protests___Politics_Over_Poll_Panel___Govt_VS_Oppn___CEC___Rahul_G.mp4,436,2983.2,2984.067,0.867,Anchor Studio,84.0,"Anchor Studio: stable=0.88, symmetry=0.93, centered=True, faces=1, face_area=0.0051"
SIR_Row_Live__Protests___Politics_Over_Poll_Panel___Govt_VS_Oppn___CEC___Rahul_G.mp4,437,2984.133,2985.4,1.267,Anchor Studio,82.0,"Anchor Studio: stable=0.83, symmetry=0.91, centered=False, faces=1, face_area=0.0150"
SIR_Row_Live__Protests___Politics_Over_Poll_Panel___Govt_VS_Oppn___CEC___Rahul_G.mp4,438,2985.467,2990.067,4.6,Anchor Studio,82.0,"Anchor Studio: stable=0.89, symmetry=0.88, centered=False, faces=1, face_area=0.0224"
SIR_Row_Live__Protests___Politics_Over_Poll_Panel___Govt_VS_Oppn___CEC___Rahul_G.mp4,439,2990.133,2997.867,7.734,Anchor Studio,82.0,"Anchor Studio: stable=0.92, symmetry=0.89, centered=False, faces=1, face_area=0.0253"
SIR_Row_Live__Protests___Politics_Over_Poll_Panel___Govt_VS_Oppn___CEC___Rahul_G.mp4,440,2997.933,2999.667,1.734,Anchor Studio,72.0,"Anchor Studio: stable=0.66, symmetry=0.80, centered=False, faces=1, face_area=0.0277"
SIR_Row_Live__Protests___Politics_Over_Poll_Panel___Govt_VS_Oppn___CEC___Rahul_G.mp4,441,2999.733,3003.2,3.467,Title Card,74.0,"Title Card: headline=0.8137, textcov=0.9460, stability=0.85"
SIR_Row_Live__Protests___Politics_Over_Poll_Panel___Govt_VS_Oppn___CEC___Rahul_G.mp4,442,3003.267,3006.267,3.0,Anchor Studio,94.0,"Anchor Studio: stable=0.89, symmetry=0.84, centered=True, faces=3, face_area=0.0512"
SIR_Row_Live__Protests___Politics_Over_Poll_Panel___Govt_VS_Oppn___CEC___Rahul_G.mp4,443,3006.333,3007.067,0.734,Anchor Studio,82.0,"Anchor Studio: stable=0.81, symmetry=0.93, centered=False, faces=1, face_area=0.0258"
SIR_Row_Live__Protests___Politics_Over_Poll_Panel___Govt_VS_Oppn___CEC___Rahul_G.mp4,444,3007.133,3012.467,5.334,Anchor Studio,94.0,"Anchor Studio: stable=0.92, symmetry=0.89, centered=True, faces=1, face_area=0.0217"
SIR_Row_Live__Protests___Politics_Over_Poll_Panel___Govt_VS_Oppn___CEC___Rahul_G.mp4,445,3012.533,3016.133,3.6,Anchor Studio,84.0,"Anchor Studio: stable=0.35, symmetry=0.96, centered=True, faces=1, face_area=0.0317"
SIR_Row_Live__Protests___Politics_Over_Poll_Panel___Govt_VS_Oppn___CEC___Rahul_G.mp4,446,3016.2,3020.133,3.933,Anchor Studio,84.0,"Anchor Studio: stable=0.52, symmetry=0.96, centered=True, faces=2, face_area=0.0151"
SIR_Row_Live__Protests___Politics_Over_Poll_Panel___Govt_VS_Oppn___CEC___Rahul_G.mp4,447,3020.2,3021.0,0.8,B-Roll,70.0,"B-Roll: motion=0.0610, edge=0.1290, face_area=0.0000, symmetry=0.93"
SIR_Row_Live__Protests___Politics_Over_Poll_Panel___Govt_VS_Oppn___CEC___Rahul_G.mp4,448,3021.067,3023.667,2.6,B-Roll,70.0,"B-Roll: motion=0.0442, edge=0.1420, face_area=0.0021, symmetry=0.91"
SIR_Row_Live__Protests___Politics_Over_Poll_Panel___Govt_VS_Oppn___CEC___Rahul_G.mp4,449,3023.733,3026.2,2.467,Title Card,68.0,"Title Card: headline=0.0893, textcov=0.3872, stability=0.78"
SIR_Row_Live__Protests___Politics_Over_Poll_Panel___Govt_VS_Oppn___CEC___Rahul_G.mp4,450,3026.267,3029.267,3.0,Anchor Studio,82.0,"Anchor Studio: stable=0.87, symmetry=0.79, centered=True, faces=2, face_area=0.1177"
SIR_Row_Live__Protests___Politics_Over_Poll_Panel___Govt_VS_Oppn___CEC___Rahul_G.mp4,451,3029.333,3042.867,13.534,Anchor Studio,84.0,"Anchor Studio: stable=0.61, symmetry=0.92, centered=True, faces=2, face_area=0.0358"
SIR_Row_Live__Protests___Politics_Over_Poll_Panel___Govt_VS_Oppn___CEC___Rahul_G.mp4,452,3042.933,3045.333,2.4,Anchor Studio,82.0,"Anchor Studio: stable=0.75, symmetry=0.88, centered=False, faces=1, face_area=0.0256"
SIR_Row_Live__Protests___Politics_Over_Poll_Panel___Govt_VS_Oppn___CEC___Rahul_G.mp4,453,3045.4,3049.533,4.133,Anchor Studio,94.0,"Anchor Studio: stable=0.80, symmetry=0.94, centered=True, faces=2, face_area=0.0248"
SIR_Row_Live__Protests___Politics_Over_Poll_Panel___Govt_VS_Oppn___CEC___Rahul_G.mp4,454,3049.6,3058.2,8.6,Anchor Studio,84.0,"Anchor Studio: stable=0.73, symmetry=0.97, centered=True, faces=2, face_area=0.0273"
SIR_Row_Live__Protests___Politics_Over_Poll_Panel___Govt_VS_Oppn___CEC___Rahul_G.mp4,455,3058.267,3069.067,10.8,Anchor Studio,84.0,"Anchor Studio: stable=0.64, symmetry=0.86, centered=True, faces=1, face_area=0.0123"
SIR_Row_Live__Protests___Politics_Over_Poll_Panel___Govt_VS_Oppn___CEC___Rahul_G.mp4,456,3069.133,3073.067,3.934,Title Card,78.0,"Title Card: headline=0.4032, textcov=0.6532, stability=0.84"
SIR_Row_Live__Protests___Politics_Over_Poll_Panel___Govt_VS_Oppn___CEC___Rahul_G.mp4,457,3073.133,3074.867,1.734,Title Card,78.0,"Title Card: headline=0.2966, textcov=0.5524, stability=0.83"
SIR_Row_Live__Protests___Politics_Over_Poll_Panel___Govt_VS_Oppn___CEC___Rahul_G.mp4,458,3074.933,3082.733,7.8,Anchor Studio,84.0,"Anchor Studio: stable=0.92, symmetry=0.85, centered=True, faces=1, face_area=0.0008"
SIR_Row_Live__Protests___Politics_Over_Poll_Panel___Govt_VS_Oppn___CEC___Rahul_G.mp4,459,3082.8,3089.133,6.333,B-Roll,70.0,"B-Roll: motion=0.0487, edge=0.1435, face_area=0.0003, symmetry=0.91"
SIR_Row_Live__Protests___Politics_Over_Poll_Panel___Govt_VS_Oppn___CEC___Rahul_G.mp4,460,3089.2,3094.133,4.933,B-Roll,70.0,"B-Roll: motion=0.0420, edge=0.1548, face_area=0.0000, symmetry=0.97"
SIR_Row_Live__Protests___Politics_Over_Poll_Panel___Govt_VS_Oppn___CEC___Rahul_G.mp4,461,3094.2,3097.733,3.533,B-Roll,70.0,"B-Roll: motion=0.1197, edge=0.0813, face_area=0.0000, symmetry=0.90"
SIR_Row_Live__Protests___Politics_Over_Poll_Panel___Govt_VS_Oppn___CEC___Rahul_G.mp4,462,3097.8,3102.6,4.8,Anchor Studio,72.0,"Anchor Studio: stable=0.52, symmetry=0.92, centered=False, faces=1, face_area=0.0278"
SIR_Row_Live__Protests___Politics_Over_Poll_Panel___Govt_VS_Oppn___CEC___Rahul_G.mp4,463,3102.667,3105.133,2.466,Anchor Studio,84.0,"Anchor Studio: stable=0.83, symmetry=0.91, centered=True, faces=1, face_area=0.0093"
SIR_Row_Live__Protests___Politics_Over_Poll_Panel___Govt_VS_Oppn___CEC___Rahul_G.mp4,464,3105.2,3106.867,1.667,Anchor Studio,94.0,"Anchor Studio: stable=0.85, symmetry=0.92, centered=True, faces=1, face_area=0.0108"
SIR_Row_Live__Protests___Politics_Over_Poll_Panel___Govt_VS_Oppn___CEC___Rahul_G.mp4,465,3106.933,3109.267,2.334,Anchor Studio,94.0,"Anchor Studio: stable=0.76, symmetry=0.98, centered=True, faces=1, face_area=0.0173"
SIR_Row_Live__Protests___Politics_Over_Poll_Panel___Govt_VS_Oppn___CEC___Rahul_G.mp4,466,3109.333,3113.467,4.134,Anchor Studio,94.0,"Anchor Studio: stable=0.76, symmetry=0.83, centered=True, faces=2, face_area=0.0168"
SIR_Row_Live__Protests___Politics_Over_Poll_Panel___Govt_VS_Oppn___CEC___Rahul_G.mp4,467,3113.533,3121.133,7.6,Anchor Studio,84.0,"Anchor Studio: stable=0.69, symmetry=0.88, centered=True, faces=2, face_area=0.0198"
SIR_Row_Live__Protests___Politics_Over_Poll_Panel___Govt_VS_Oppn___CEC___Rahul_G.mp4,468,3121.2,3126.267,5.067,Anchor Studio,94.0,"Anchor Studio: stable=0.79, symmetry=0.89, centered=True, faces=2, face_area=0.0141"
SIR_Row_Live__Protests___Politics_Over_Poll_Panel___Govt_VS_Oppn___CEC___Rahul_G.mp4,469,3126.333,3127.267,0.934,Anchor Studio,74.0,"Anchor Studio: stable=0.75, symmetry=0.94, centered=True, faces=1, face_area=0.0036"
SIR_Row_Live__Protests___Politics_Over_Poll_Panel___Govt_VS_Oppn___CEC___Rahul_G.mp4,470,3127.333,3131.067,3.734,Anchor Studio,84.0,"Anchor Studio: stable=0.74, symmetry=0.95, centered=True, faces=1, face_area=0.0179"
SIR_Row_Live__Protests___Politics_Over_Poll_Panel___Govt_VS_Oppn___CEC___Rahul_G.mp4,471,3131.133,3132.4,1.267,Title Card,78.0,"Title Card: headline=0.2243, textcov=0.4242, stability=0.88"
SIR_Row_Live__Protests___Politics_Over_Poll_Panel___Govt_VS_Oppn___CEC___Rahul_G.mp4,472,3132.467,3134.133,1.666,B-Roll,70.0,"B-Roll: motion=0.0267, edge=0.0838, face_area=0.0000, symmetry=0.89"
SIR_Row_Live__Protests___Politics_Over_Poll_Panel___Govt_VS_Oppn___CEC___Rahul_G.mp4,473,3134.2,3137.0,2.8,Title Card,78.0,"Title Card: headline=0.3915, textcov=0.5752, stability=0.87"
SIR_Row_Live__Protests___Politics_Over_Poll_Panel___Govt_VS_Oppn___CEC___Rahul_G.mp4,474,3137.067,3138.333,1.266,Title Card,78.0,"Title Card: headline=0.0880, textcov=0.3344, stability=0.85"
SIR_Row_Live__Protests___Politics_Over_Poll_Panel___Govt_VS_Oppn___CEC___Rahul_G.mp4,475,3138.4,3140.6,2.2,B-Roll,70.0,"B-Roll: motion=0.0297, edge=0.1129, face_area=0.0000, symmetry=0.82"
SIR_Row_Live__Protests___Politics_Over_Poll_Panel___Govt_VS_Oppn___CEC___Rahul_G.mp4,476,3140.667,3145.467,4.8,Anchor Studio,94.0,"Anchor Studio: stable=0.88, symmetry=0.81, centered=True, faces=2, face_area=0.0264"
SIR_Row_Live__Protests___Politics_Over_Poll_Panel___Govt_VS_Oppn___CEC___Rahul_G.mp4,477,3145.533,3146.067,0.534,Anchor Studio,82.0,"Anchor Studio: stable=0.81, symmetry=0.79, centered=True, faces=1, face_area=0.0191"
SIR_Row_Live__Protests___Politics_Over_Poll_Panel___Govt_VS_Oppn___CEC___Rahul_G.mp4,478,3146.133,3150.8,4.667,Anchor Studio,84.0,"Anchor Studio: stable=0.76, symmetry=0.93, centered=True, faces=1, face_area=0.0038"
SIR_Row_Live__Protests___Politics_Over_Poll_Panel___Govt_VS_Oppn___CEC___Rahul_G.mp4,479,3150.867,3153.667,2.8,B-Roll,70.0,"B-Roll: motion=0.0270, edge=0.1146, face_area=0.0000, symmetry=0.95"
SIR_Row_Live__Protests___Politics_Over_Poll_Panel___Govt_VS_Oppn___CEC___Rahul_G.mp4,480,3153.733,3155.067,1.334,B-Roll,70.0,"B-Roll: motion=0.0452, edge=0.2008, face_area=0.0000, symmetry=0.87"
SIR_Row_Live__Protests___Politics_Over_Poll_Panel___Govt_VS_Oppn___CEC___Rahul_G.mp4,481,3155.133,3156.2,1.067,B-Roll,70.0,"B-Roll: motion=0.0458, edge=0.1944, face_area=0.0000, symmetry=0.85"
SIR_Row_Live__Protests___Politics_Over_Poll_Panel___Govt_VS_Oppn___CEC___Rahul_G.mp4,482,3156.267,3159.333,3.066,Anchor Studio,74.0,"Anchor Studio: stable=0.37, symmetry=0.93, centered=True, faces=1, face_area=0.0015"
SIR_Row_Live__Protests___Politics_Over_Poll_Panel___Govt_VS_Oppn___CEC___Rahul_G.mp4,483,3159.4,3165.933,6.533,Anchor Studio,74.0,"Anchor Studio: stable=0.35, symmetry=0.93, centered=True, faces=1, face_area=0.0026"
SIR_Row_Live__Protests___Politics_Over_Poll_Panel___Govt_VS_Oppn___CEC___Rahul_G.mp4,484,3166.0,3172.933,6.933,Anchor Studio,94.0,"Anchor Studio: stable=0.87, symmetry=0.89, centered=True, faces=1, face_area=0.0255"
SIR_Row_Live__Protests___Politics_Over_Poll_Panel___Govt_VS_Oppn___CEC___Rahul_G.mp4,485,3173.0,3192.867,19.867,Anchor Studio,94.0,"Anchor Studio: stable=0.89, symmetry=0.89, centered=True, faces=4, face_area=0.1241"
SIR_Row_Live__Protests___Politics_Over_Poll_Panel___Govt_VS_Oppn___CEC___Rahul_G.mp4,486,3192.933,3221.667,28.734,Anchor Studio,94.0,"Anchor Studio: stable=0.92, symmetry=0.88, centered=True, faces=4, face_area=0.1445"
SIR_Row_Live__Protests___Politics_Over_Poll_Panel___Govt_VS_Oppn___CEC___Rahul_G.mp4,487,3221.733,3222.4,0.667,Anchor Studio,72.0,"Anchor Studio: stable=0.48, symmetry=0.74, centered=True, faces=2, face_area=0.0227"
SIR_Row_Live__Protests___Politics_Over_Poll_Panel___Govt_VS_Oppn___CEC___Rahul_G.mp4,488,3222.467,3249.867,27.4,Anchor Studio,84.0,"Anchor Studio: stable=0.88, symmetry=0.90, centered=True, faces=1, face_area=0.0020"
SIR_Row_Live__Protests___Politics_Over_Poll_Panel___Govt_VS_Oppn___CEC___Rahul_G.mp4,489,3249.933,3253.333,3.4,Anchor Studio,94.0,"Anchor Studio: stable=0.81, symmetry=0.89, centered=True, faces=1, face_area=0.0147"
SIR_Row_Live__Protests___Politics_Over_Poll_Panel___Govt_VS_Oppn___CEC___Rahul_G.mp4,490,3253.4,3258.333,4.933,Anchor Studio,94.0,"Anchor Studio: stable=0.88, symmetry=0.97, centered=True, faces=1, face_area=0.0196"
SIR_Row_Live__Protests___Politics_Over_Poll_Panel___Govt_VS_Oppn___CEC___Rahul_G.mp4,491,3258.4,3259.933,1.533,Anchor Studio,84.0,"Anchor Studio: stable=0.92, symmetry=0.91, centered=True, faces=1, face_area=0.0096"
SIR_Row_Live__Protests___Politics_Over_Poll_Panel___Govt_VS_Oppn___CEC___Rahul_G.mp4,492,3260.0,3270.0,10.0,Anchor Studio,94.0,"Anchor Studio: stable=0.89, symmetry=0.91, centered=True, faces=1, face_area=0.0193"
SIR_Row_Live__Protests___Politics_Over_Poll_Panel___Govt_VS_Oppn___CEC___Rahul_G.mp4,493,3270.067,3270.933,0.866,Anchor Studio,94.0,"Anchor Studio: stable=0.80, symmetry=0.96, centered=True, faces=1, face_area=0.0193"
SIR_Row_Live__Protests___Politics_Over_Poll_Panel___Govt_VS_Oppn___CEC___Rahul_G.mp4,494,3271.0,3273.333,2.333,Anchor Studio,94.0,"Anchor Studio: stable=0.90, symmetry=0.97, centered=True, faces=1, face_area=0.0193"
SIR_Row_Live__Protests___Politics_Over_Poll_Panel___Govt_VS_Oppn___CEC___Rahul_G.mp4,495,3273.4,3277.667,4.267,Anchor Studio,94.0,"Anchor Studio: stable=0.91, symmetry=0.93, centered=True, faces=1, face_area=0.0188"
SIR_Row_Live__Protests___Politics_Over_Poll_Panel___Govt_VS_Oppn___CEC___Rahul_G.mp4,496,3277.733,3281.933,4.2,Anchor Studio,94.0,"Anchor Studio: stable=0.91, symmetry=0.95, centered=True, faces=1, face_area=0.0113"
SIR_Row_Live__Protests___Politics_Over_Poll_Panel___Govt_VS_Oppn___CEC___Rahul_G.mp4,497,3282.0,3288.4,6.4,Anchor Studio,94.0,"Anchor Studio: stable=0.84, symmetry=0.97, centered=True, faces=2, face_area=0.0370"
SIR_Row_Live__Protests___Politics_Over_Poll_Panel___Govt_VS_Oppn___CEC___Rahul_G.mp4,498,3288.467,3299.267,10.8,Anchor Studio,94.0,"Anchor Studio: stable=0.92, symmetry=0.93, centered=True, faces=1, face_area=0.0127"
SIR_Row_Live__Protests___Politics_Over_Poll_Panel___Govt_VS_Oppn___CEC___Rahul_G.mp4,499,3299.333,3303.533,4.2,Anchor Studio,94.0,"Anchor Studio: stable=0.93, symmetry=0.97, centered=True, faces=1, face_area=0.0193"
SIR_Row_Live__Protests___Politics_Over_Poll_Panel___Govt_VS_Oppn___CEC___Rahul_G.mp4,500,3303.6,3310.933,7.333,Anchor Studio,94.0,"Anchor Studio: stable=0.92, symmetry=0.95, centered=True, faces=1, face_area=0.0193"
SIR_Row_Live__Protests___Politics_Over_Poll_Panel___Govt_VS_Oppn___CEC___Rahul_G.mp4,501,3311.0,3358.067,47.067,Anchor Studio,94.0,"Anchor Studio: stable=0.93, symmetry=0.96, centered=True, faces=1, face_area=0.0170"
SIR_Row_Live__Protests___Politics_Over_Poll_Panel___Govt_VS_Oppn___CEC___Rahul_G.mp4,502,3358.133,3358.733,0.6,Title Card,64.0,"Title Card: headline=0.8639, textcov=0.9907, stability=0.55"
SIR_Row_Live__Protests___Politics_Over_Poll_Panel___Govt_VS_Oppn___CEC___Rahul_G.mp4,503,3358.8,3372.333,13.533,Title Card,78.0,"Title Card: headline=0.7915, textcov=0.9370, stability=0.89"
SIR_Row_Live__Protests___Politics_Over_Poll_Panel___Govt_VS_Oppn___CEC___Rahul_G.mp4,504,3372.4,3384.533,12.133,Anchor Studio,84.0,"Anchor Studio: stable=0.88, symmetry=0.92, centered=True, faces=1, face_area=0.0053"
SIR_Row_Live__Protests___Politics_Over_Poll_Panel___Govt_VS_Oppn___CEC___Rahul_G.mp4,505,3384.6,3460.6,76.0,Anchor Studio,82.0,"Anchor Studio: stable=0.91, symmetry=0.92, centered=False, faces=2, face_area=0.0165"
SIR_Row_Live__Protests___Politics_Over_Poll_Panel___Govt_VS_Oppn___CEC___Rahul_G.mp4,506,3460.667,3466.333,5.666,Field Report,68.0,"Field Report: motion=0.0303, faces=1, centered=False, symmetry=0.82"
SIR_Row_Live__Protests___Politics_Over_Poll_Panel___Govt_VS_Oppn___CEC___Rahul_G.mp4,507,3466.4,3491.067,24.667,Anchor Studio,94.0,"Anchor Studio: stable=0.85, symmetry=0.80, centered=True, faces=1, face_area=0.0145"
SIR_Row_Live__Protests___Politics_Over_Poll_Panel___Govt_VS_Oppn___CEC___Rahul_G.mp4,508,3491.133,3493.333,2.2,Title Card,74.0,"Title Card: headline=0.4295, textcov=0.5636, stability=0.82"
SIR_Row_Live__Protests___Politics_Over_Poll_Panel___Govt_VS_Oppn___CEC___Rahul_G.mp4,509,3493.4,3515.867,22.467,Title Card,78.0,"Title Card: headline=0.8485, textcov=0.9512, stability=0.90"
SIR_Row_Live__Protests___Politics_Over_Poll_Panel___Govt_VS_Oppn___CEC___Rahul_G.mp4,510,3515.933,3545.933,30.0,Anchor Studio,84.0,"Anchor Studio: stable=0.90, symmetry=0.80, centered=True, faces=1, face_area=0.0001"
SIR_Row_Live__Protests___Politics_Over_Poll_Panel___Govt_VS_Oppn___CEC___Rahul_G.mp4,511,3546.0,3550.0,4.0,Title Card,78.0,"Title Card: headline=0.9805, textcov=1.1042, stability=0.87"
SIR_Row_Live__Protests___Politics_Over_Poll_Panel___Govt_VS_Oppn___CEC___Rahul_G.mp4,512,3550.067,3598.067,48.0,Anchor Studio,82.0,"Anchor Studio: stable=0.90, symmetry=0.84, centered=False, faces=1, face_area=0.0201"
SIR_Row_Live__Protests___Politics_Over_Poll_Panel___Govt_VS_Oppn___CEC___Rahul_G.mp4,513,3598.133,3602.867,4.734,Title Card,78.0,"Title Card: headline=0.9587, textcov=1.0132, stability=0.86"
SIR_Row_Live__Protests___Politics_Over_Poll_Panel___Govt_VS_Oppn___CEC___Rahul_G.mp4,514,3602.933,3607.4,4.467,Title Card,78.0,"Title Card: headline=0.9936, textcov=1.0205, stability=0.81"
SIR_Row_Live__Protests___Politics_Over_Poll_Panel___Govt_VS_Oppn___CEC___Rahul_G.mp4,515,3607.467,3608.733,1.266,Title Card,78.0,"Title Card: headline=1.0260, textcov=1.1554, stability=0.85"
SIR_Row_Live__Protests___Politics_Over_Poll_Panel___Govt_VS_Oppn___CEC___Rahul_G.mp4,516,3608.8,3612.4,3.6,Title Card,78.0,"Title Card: headline=1.2208, textcov=1.2714, stability=0.88"
SIR_Row_Live__Protests___Politics_Over_Poll_Panel___Govt_VS_Oppn___CEC___Rahul_G.mp4,517,3612.467,3615.333,2.866,Title Card,68.0,"Title Card: headline=0.8531, textcov=0.9151, stability=0.77"
SIR_Row_Live__Protests___Politics_Over_Poll_Panel___Govt_VS_Oppn___CEC___Rahul_G.mp4,518,3615.4,3617.333,1.933,Title Card,78.0,"Title Card: headline=0.8842, textcov=0.9129, stability=0.81"
SIR_Row_Live__Protests___Politics_Over_Poll_Panel___Govt_VS_Oppn___CEC___Rahul_G.mp4,519,3617.4,3619.0,1.6,Anchor Studio,84.0,"Anchor Studio: stable=0.88, symmetry=0.91, centered=True, faces=1, face_area=0.0008"
SIR_Row_Live__Protests___Politics_Over_Poll_Panel___Govt_VS_Oppn___CEC___Rahul_G.mp4,520,3619.067,3619.667,0.6,Title Card,78.0,"Title Card: headline=0.7917, textcov=0.8260, stability=0.87"
SIR_Row_Live__Protests___Politics_Over_Poll_Panel___Govt_VS_Oppn___CEC___Rahul_G.mp4,521,3619.733,3622.333,2.6,Title Card,78.0,"Title Card: headline=0.8739, textcov=0.9206, stability=0.82"
SIR_Row_Live__Protests___Politics_Over_Poll_Panel___Govt_VS_Oppn___CEC___Rahul_G.mp4,522,3622.4,3626.933,4.533,Title Card,78.0,"Title Card: headline=1.0249, textcov=1.0587, stability=0.86"
SIR_Row_Live__Protests___Politics_Over_Poll_Panel___Govt_VS_Oppn___CEC___Rahul_G.mp4,523,3627.0,3631.333,4.333,Title Card,78.0,"Title Card: headline=1.1631, textcov=1.1918, stability=0.84"
SIR_Row_Live__Protests___Politics_Over_Poll_Panel___Govt_VS_Oppn___CEC___Rahul_G.mp4,524,3631.4,3648.4,17.0,Anchor Studio,84.0,"Anchor Studio: stable=0.90, symmetry=0.87, centered=True, faces=1, face_area=0.0035"
SIR_Row_Live__Protests___Politics_Over_Poll_Panel___Govt_VS_Oppn___CEC___Rahul_G.mp4,525,3648.467,3652.4,3.933,Title Card,78.0,"Title Card: headline=1.1124, textcov=1.2018, stability=0.89"
SIR_Row_Live__Protests___Politics_Over_Poll_Panel___Govt_VS_Oppn___CEC___Rahul_G.mp4,526,3652.467,3662.4,9.933,Title Card,78.0,"Title Card: headline=1.1022, textcov=1.2264, stability=0.93"
SIR_Row_Live__Protests___Politics_Over_Poll_Panel___Govt_VS_Oppn___CEC___Rahul_G.mp4,527,3662.467,3665.733,3.266,Title Card,78.0,"Title Card: headline=0.6118, textcov=0.7823, stability=0.80"
SIR_Row_Live__Protests___Politics_Over_Poll_Panel___Govt_VS_Oppn___CEC___Rahul_G.mp4,528,3665.8,3667.0,1.2,B-Roll,70.0,"B-Roll: motion=0.0721, edge=0.1399, face_area=0.0000, symmetry=0.95"
SIR_Row_Live__Protests___Politics_Over_Poll_Panel___Govt_VS_Oppn___CEC___Rahul_G.mp4,529,3667.067,3667.933,0.866,Title Card,78.0,"Title Card: headline=0.8281, textcov=0.9143, stability=0.89"
SIR_Row_Live__Protests___Politics_Over_Poll_Panel___Govt_VS_Oppn___CEC___Rahul_G.mp4,530,3668.0,3669.333,1.333,Title Card,78.0,"Title Card: headline=0.8174, textcov=0.9556, stability=0.89"
SIR_Row_Live__Protests___Politics_Over_Poll_Panel___Govt_VS_Oppn___CEC___Rahul_G.mp4,531,3669.4,3677.733,8.333,Title Card,78.0,"Title Card: headline=0.9364, textcov=1.0638, stability=0.90"
SIR_Row_Live__Protests___Politics_Over_Poll_Panel___Govt_VS_Oppn___CEC___Rahul_G.mp4,532,3677.8,3678.467,0.667,B-Roll,70.0,"B-Roll: motion=0.1007, edge=0.1408, face_area=0.0047, symmetry=0.97"
SIR_Row_Live__Protests___Politics_Over_Poll_Panel___Govt_VS_Oppn___CEC___Rahul_G.mp4,533,3678.533,3680.867,2.334,Anchor Studio,94.0,"Anchor Studio: stable=0.80, symmetry=0.99, centered=True, faces=2, face_area=0.0423"
SIR_Row_Live__Protests___Politics_Over_Poll_Panel___Govt_VS_Oppn___CEC___Rahul_G.mp4,534,3680.933,3685.333,4.4,Anchor Studio,94.0,"Anchor Studio: stable=0.87, symmetry=0.98, centered=True, faces=2, face_area=0.0461"
SIR_Row_Live__Protests___Politics_Over_Poll_Panel___Govt_VS_Oppn___CEC___Rahul_G.mp4,535,3685.4,3686.4,1.0,Anchor Studio,94.0,"Anchor Studio: stable=0.89, symmetry=1.00, centered=True, faces=3, face_area=0.0852"
SIR_Row_Live__Protests___Politics_Over_Poll_Panel___Govt_VS_Oppn___CEC___Rahul_G.mp4,536,3686.467,3689.733,3.266,Anchor Studio,94.0,"Anchor Studio: stable=0.92, symmetry=0.99, centered=True, faces=2, face_area=0.0395"
SIR_Row_Live__Protests___Politics_Over_Poll_Panel___Govt_VS_Oppn___CEC___Rahul_G.mp4,537,3689.8,3694.533,4.733,Anchor Studio,94.0,"Anchor Studio: stable=0.86, symmetry=0.98, centered=True, faces=3, face_area=0.0527"
SIR_Row_Live__Protests___Politics_Over_Poll_Panel___Govt_VS_Oppn___CEC___Rahul_G.mp4,538,3694.6,3695.867,1.267,Anchor Studio,94.0,"Anchor Studio: stable=0.89, symmetry=0.98, centered=True, faces=2, face_area=0.0479"
SIR_Row_Live__Protests___Politics_Over_Poll_Panel___Govt_VS_Oppn___CEC___Rahul_G.mp4,539,3695.933,3699.333,3.4,Anchor Studio,94.0,"Anchor Studio: stable=0.83, symmetry=0.98, centered=True, faces=2, face_area=0.0394"
SIR_Row_Live__Protests___Politics_Over_Poll_Panel___Govt_VS_Oppn___CEC___Rahul_G.mp4,540,3699.4,3703.8,4.4,Anchor Studio,94.0,"Anchor Studio: stable=0.83, symmetry=0.95, centered=True, faces=3, face_area=0.0462"
SIR_Row_Live__Protests___Politics_Over_Poll_Panel___Govt_VS_Oppn___CEC___Rahul_G.mp4,541,3703.867,3706.0,2.133,Anchor Studio,94.0,"Anchor Studio: stable=0.84, symmetry=0.95, centered=True, faces=2, face_area=0.0287"
SIR_Row_Live__Protests___Politics_Over_Poll_Panel___Govt_VS_Oppn___CEC___Rahul_G.mp4,542,3706.067,3725.933,19.866,Title Card,78.0,"Title Card: headline=1.0385, textcov=1.1734, stability=0.93"
SIR_Row_Live__Protests___Politics_Over_Poll_Panel___Govt_VS_Oppn___CEC___Rahul_G.mp4,543,3726.0,3728.867,2.867,Title Card,68.0,"Title Card: headline=0.5238, textcov=0.7128, stability=0.76"
SIR_Row_Live__Protests___Politics_Over_Poll_Panel___Govt_VS_Oppn___CEC___Rahul_G.mp4,544,3728.933,3742.067,13.134,Title Card,78.0,"Title Card: headline=1.0136, textcov=1.1296, stability=0.91"
SIR_Row_Live__Protests___Politics_Over_Poll_Panel___Govt_VS_Oppn___CEC___Rahul_G.mp4,545,3742.133,3742.8,0.667,B-Roll,70.0,"B-Roll: motion=0.0493, edge=0.0969, face_area=0.0000, symmetry=0.75"
SIR_Row_Live__Protests___Politics_Over_Poll_Panel___Govt_VS_Oppn___CEC___Rahul_G.mp4,546,3742.867,3748.133,5.266,Title Card,78.0,"Title Card: headline=1.1440, textcov=1.2657, stability=0.89"
SIR_Row_Live__Protests___Politics_Over_Poll_Panel___Govt_VS_Oppn___CEC___Rahul_G.mp4,547,3748.2,3765.667,17.467,Title Card,78.0,"Title Card: headline=0.9366, textcov=1.0761, stability=0.92"
SIR_Row_Live__Protests___Politics_Over_Poll_Panel___Govt_VS_Oppn___CEC___Rahul_G.mp4,548,3765.733,3787.133,21.4,Anchor Studio,84.0,"Anchor Studio: stable=0.88, symmetry=0.87, centered=True, faces=1, face_area=0.0027"
SIR_Row_Live__Protests___Politics_Over_Poll_Panel___Govt_VS_Oppn___CEC___Rahul_G.mp4,549,3787.2,3803.133,15.933,Anchor Studio,94.0,"Anchor Studio: stable=0.85, symmetry=0.87, centered=True, faces=1, face_area=0.0191"
SIR_Row_Live__Protests___Politics_Over_Poll_Panel___Govt_VS_Oppn___CEC___Rahul_G.mp4,550,3803.2,3861.267,58.067,Anchor Studio,84.0,"Anchor Studio: stable=0.88, symmetry=0.85, centered=True, faces=2, face_area=0.0037"
SIR_Row_Live__Protests___Politics_Over_Poll_Panel___Govt_VS_Oppn___CEC___Rahul_G.mp4,551,3861.333,3898.333,37.0,Anchor Studio,84.0,"Anchor Studio: stable=0.82, symmetry=0.84, centered=True, faces=1, face_area=0.0041"
SIR_Row_Live__Protests___Politics_Over_Poll_Panel___Govt_VS_Oppn___CEC___Rahul_G.mp4,552,3898.4,3927.533,29.133,Anchor Studio,94.0,"Anchor Studio: stable=0.87, symmetry=0.86, centered=True, faces=1, face_area=0.0221"
SIR_Row_Live__Protests___Politics_Over_Poll_Panel___Govt_VS_Oppn___CEC___Rahul_G.mp4,553,3927.6,3928.467,0.867,B-Roll,70.0,"B-Roll: motion=0.0404, edge=0.1061, face_area=0.0000, symmetry=0.83"
SIR_Row_Live__Protests___Politics_Over_Poll_Panel___Govt_VS_Oppn___CEC___Rahul_G.mp4,554,3928.533,3930.8,2.267,Anchor Studio,82.0,"Anchor Studio: stable=0.75, symmetry=0.99, centered=False, faces=1, face_area=0.0164"
SIR_Row_Live__Protests___Politics_Over_Poll_Panel___Govt_VS_Oppn___CEC___Rahul_G.mp4,555,3930.867,3935.0,4.133,Anchor Studio,82.0,"Anchor Studio: stable=0.86, symmetry=0.91, centered=False, faces=1, face_area=0.0215"
SIR_Row_Live__Protests___Politics_Over_Poll_Panel___Govt_VS_Oppn___CEC___Rahul_G.mp4,556,3935.067,3935.8,0.733,Anchor Studio,82.0,"Anchor Studio: stable=0.79, symmetry=0.90, centered=False, faces=1, face_area=0.0209"
SIR_Row_Live__Protests___Politics_Over_Poll_Panel___Govt_VS_Oppn___CEC___Rahul_G.mp4,557,3935.867,3940.333,4.466,Anchor Studio,82.0,"Anchor Studio: stable=0.81, symmetry=0.95, centered=False, faces=1, face_area=0.0208"
SIR_Row_Live__Protests___Politics_Over_Poll_Panel___Govt_VS_Oppn___CEC___Rahul_G.mp4,558,3940.4,3942.667,2.267,Anchor Studio,82.0,"Anchor Studio: stable=0.86, symmetry=0.94, centered=False, faces=1, face_area=0.0211"
SIR_Row_Live__Protests___Politics_Over_Poll_Panel___Govt_VS_Oppn___CEC___Rahul_G.mp4,559,3942.733,3944.0,1.267,Anchor Studio,82.0,"Anchor Studio: stable=0.81, symmetry=0.95, centered=False, faces=1, face_area=0.0186"
SIR_Row_Live__Protests___Politics_Over_Poll_Panel___Govt_VS_Oppn___CEC___Rahul_G.mp4,560,3944.067,3945.333,1.266,Anchor Studio,82.0,"Anchor Studio: stable=0.88, symmetry=0.95, centered=False, faces=1, face_area=0.0188"
SIR_Row_Live__Protests___Politics_Over_Poll_Panel___Govt_VS_Oppn___CEC___Rahul_G.mp4,561,3945.4,3946.933,1.533,Anchor Studio,82.0,"Anchor Studio: stable=0.83, symmetry=0.95, centered=False, faces=1, face_area=0.0217"
SIR_Row_Live__Protests___Politics_Over_Poll_Panel___Govt_VS_Oppn___CEC___Rahul_G.mp4,562,3947.0,3950.333,3.333,Anchor Studio,82.0,"Anchor Studio: stable=0.84, symmetry=0.95, centered=False, faces=1, face_area=0.0216"
SIR_Row_Live__Protests___Politics_Over_Poll_Panel___Govt_VS_Oppn___CEC___Rahul_G.mp4,563,3950.4,3955.333,4.933,Anchor Studio,82.0,"Anchor Studio: stable=0.87, symmetry=0.95, centered=False, faces=1, face_area=0.0176"
SIR_Row_Live__Protests___Politics_Over_Poll_Panel___Govt_VS_Oppn___CEC___Rahul_G.mp4,564,3955.4,3959.867,4.467,Anchor Studio,82.0,"Anchor Studio: stable=0.76, symmetry=0.94, centered=False, faces=1, face_area=0.0133"
SIR_Row_Live__Protests___Politics_Over_Poll_Panel___Govt_VS_Oppn___CEC___Rahul_G.mp4,565,3959.933,3966.867,6.934,Anchor Studio,94.0,"Anchor Studio: stable=0.85, symmetry=0.94, centered=True, faces=2, face_area=0.0136"
SIR_Row_Live__Protests___Politics_Over_Poll_Panel___Govt_VS_Oppn___CEC___Rahul_G.mp4,566,3966.933,3968.533,1.6,Anchor Studio,82.0,"Anchor Studio: stable=0.87, symmetry=0.96, centered=False, faces=1, face_area=0.0198"
SIR_Row_Live__Protests___Politics_Over_Poll_Panel___Govt_VS_Oppn___CEC___Rahul_G.mp4,567,3968.6,3971.533,2.933,Anchor Studio,94.0,"Anchor Studio: stable=0.87, symmetry=0.98, centered=True, faces=2, face_area=0.0151"
SIR_Row_Live__Protests___Politics_Over_Poll_Panel___Govt_VS_Oppn___CEC___Rahul_G.mp4,568,3971.6,3978.2,6.6,Anchor Studio,94.0,"Anchor Studio: stable=0.77, symmetry=0.91, centered=True, faces=3, face_area=0.0132"
SIR_Row_Live__Protests___Politics_Over_Poll_Panel___Govt_VS_Oppn___CEC___Rahul_G.mp4,569,3978.267,3981.0,2.733,Anchor Studio,84.0,"Anchor Studio: stable=0.66, symmetry=0.94, centered=True, faces=2, face_area=0.0163"
SIR_Row_Live__Protests___Politics_Over_Poll_Panel___Govt_VS_Oppn___CEC___Rahul_G.mp4,570,3981.067,3984.6,3.533,Anchor Studio,94.0,"Anchor Studio: stable=0.92, symmetry=0.98, centered=True, faces=2, face_area=0.0286"
SIR_Row_Live__Protests___Politics_Over_Poll_Panel___Govt_VS_Oppn___CEC___Rahul_G.mp4,571,3984.667,3991.0,6.333,Anchor Studio,94.0,"Anchor Studio: stable=0.86, symmetry=0.98, centered=True, faces=2, face_area=0.0214"
SIR_Row_Live__Protests___Politics_Over_Poll_Panel___Govt_VS_Oppn___CEC___Rahul_G.mp4,572,3991.067,3993.267,2.2,Anchor Studio,84.0,"Anchor Studio: stable=0.73, symmetry=0.98, centered=True, faces=2, face_area=0.0268"
SIR_Row_Live__Protests___Politics_Over_Poll_Panel___Govt_VS_Oppn___CEC___Rahul_G.mp4,573,3993.333,3997.933,4.6,Anchor Studio,94.0,"Anchor Studio: stable=0.87, symmetry=0.93, centered=True, faces=2, face_area=0.0284"
SIR_Row_Live__Protests___Politics_Over_Poll_Panel___Govt_VS_Oppn___CEC___Rahul_G.mp4,574,3998.0,3999.733,1.733,Anchor Studio,94.0,"Anchor Studio: stable=0.82, symmetry=0.84, centered=True, faces=1, face_area=0.0245"
SIR_Row_Live__Protests___Politics_Over_Poll_Panel___Govt_VS_Oppn___CEC___Rahul_G.mp4,575,3999.8,4001.267,1.467,Anchor Studio,94.0,"Anchor Studio: stable=0.76, symmetry=0.95, centered=True, faces=1, face_area=0.0181"
SIR_Row_Live__Protests___Politics_Over_Poll_Panel___Govt_VS_Oppn___CEC___Rahul_G.mp4,576,4001.333,4001.867,0.534,Anchor Studio,94.0,"Anchor Studio: stable=0.77, symmetry=0.94, centered=True, faces=1, face_area=0.0146"
SIR_Row_Live__Protests___Politics_Over_Poll_Panel___Govt_VS_Oppn___CEC___Rahul_G.mp4,577,4001.933,4005.067,3.134,Anchor Studio,94.0,"Anchor Studio: stable=0.83, symmetry=0.96, centered=True, faces=2, face_area=0.0299"
SIR_Row_Live__Protests___Politics_Over_Poll_Panel___Govt_VS_Oppn___CEC___Rahul_G.mp4,578,4005.133,4008.733,3.6,Anchor Studio,94.0,"Anchor Studio: stable=0.86, symmetry=0.98, centered=True, faces=1, face_area=0.0239"
SIR_Row_Live__Protests___Politics_Over_Poll_Panel___Govt_VS_Oppn___CEC___Rahul_G.mp4,579,4008.8,4009.467,0.667,Anchor Studio,94.0,"Anchor Studio: stable=0.81, symmetry=0.99, centered=True, faces=2, face_area=0.0365"
SIR_Row_Live__Protests___Politics_Over_Poll_Panel___Govt_VS_Oppn___CEC___Rahul_G.mp4,580,4009.533,4013.8,4.267,Anchor Studio,94.0,"Anchor Studio: stable=0.83, symmetry=0.99, centered=True, faces=2, face_area=0.0195"
SIR_Row_Live__Protests___Politics_Over_Poll_Panel___Govt_VS_Oppn___CEC___Rahul_G.mp4,581,4013.867,4015.133,1.266,Anchor Studio,84.0,"Anchor Studio: stable=0.78, symmetry=0.99, centered=True, faces=1, face_area=0.0011"
SIR_Row_Live__Protests___Politics_Over_Poll_Panel___Govt_VS_Oppn___CEC___Rahul_G.mp4,582,4015.2,4018.333,3.133,Anchor Studio,94.0,"Anchor Studio: stable=0.81, symmetry=0.98, centered=True, faces=2, face_area=0.0240"
SIR_Row_Live__Protests___Politics_Over_Poll_Panel___Govt_VS_Oppn___CEC___Rahul_G.mp4,583,4018.4,4019.467,1.067,Anchor Studio,94.0,"Anchor Studio: stable=0.84, symmetry=1.00, centered=True, faces=2, face_area=0.0361"
SIR_Row_Live__Protests___Politics_Over_Poll_Panel___Govt_VS_Oppn___CEC___Rahul_G.mp4,584,4019.533,4024.2,4.667,Anchor Studio,94.0,"Anchor Studio: stable=0.83, symmetry=0.98, centered=True, faces=2, face_area=0.0247"
SIR_Row_Live__Protests___Politics_Over_Poll_Panel___Govt_VS_Oppn___CEC___Rahul_G.mp4,585,4024.267,4028.267,4.0,Anchor Studio,94.0,"Anchor Studio: stable=0.85, symmetry=0.98, centered=True, faces=1, face_area=0.0204"
SIR_Row_Live__Protests___Politics_Over_Poll_Panel___Govt_VS_Oppn___CEC___Rahul_G.mp4,586,4028.333,4034.133,5.8,Anchor Studio,94.0,"Anchor Studio: stable=0.81, symmetry=0.96, centered=True, faces=2, face_area=0.0255"
SIR_Row_Live__Protests___Politics_Over_Poll_Panel___Govt_VS_Oppn___CEC___Rahul_G.mp4,587,4034.2,4035.8,1.6,Anchor Studio,94.0,"Anchor Studio: stable=0.79, symmetry=0.93, centered=True, faces=1, face_area=0.0222"
SIR_Row_Live__Protests___Politics_Over_Poll_Panel___Govt_VS_Oppn___CEC___Rahul_G.mp4,588,4035.867,4036.533,0.666,Anchor Studio,72.0,"Anchor Studio: stable=0.58, symmetry=0.79, centered=True, faces=2, face_area=0.0146"
SIR_Row_Live__Protests___Politics_Over_Poll_Panel___Govt_VS_Oppn___CEC___Rahul_G.mp4,589,4036.6,4037.867,1.267,Anchor Studio,74.0,"Anchor Studio: stable=0.66, symmetry=0.86, centered=True, faces=1, face_area=0.0020"
SIR_Row_Live__Protests___Politics_Over_Poll_Panel___Govt_VS_Oppn___CEC___Rahul_G.mp4,590,4037.933,4042.0,4.067,Anchor Studio,84.0,"Anchor Studio: stable=0.81, symmetry=0.95, centered=True, faces=2, face_area=0.0084"
SIR_Row_Live__Protests___Politics_Over_Poll_Panel___Govt_VS_Oppn___CEC___Rahul_G.mp4,591,4042.067,4046.267,4.2,Anchor Studio,94.0,"Anchor Studio: stable=0.85, symmetry=0.84, centered=True, faces=2, face_area=0.0195"
SIR_Row_Live__Protests___Politics_Over_Poll_Panel___Govt_VS_Oppn___CEC___Rahul_G.mp4,592,4046.333,4047.0,0.667,B-Roll,70.0,"B-Roll: motion=0.0398, edge=0.0893, face_area=0.0019, symmetry=0.78"
SIR_Row_Live__Protests___Politics_Over_Poll_Panel___Govt_VS_Oppn___CEC___Rahul_G.mp4,593,4047.067,4085.267,38.2,Anchor Studio,84.0,"Anchor Studio: stable=0.84, symmetry=0.93, centered=True, faces=1, face_area=0.0028"
SIR_Row_Live__Protests___Politics_Over_Poll_Panel___Govt_VS_Oppn___CEC___Rahul_G.mp4,594,4085.333,4112.667,27.334,Anchor Studio,94.0,"Anchor Studio: stable=0.89, symmetry=0.88, centered=True, faces=2, face_area=0.0112"
SIR_Row_Live__Protests___Politics_Over_Poll_Panel___Govt_VS_Oppn___CEC___Rahul_G.mp4,595,4112.733,4114.333,1.6,Anchor Studio,84.0,"Anchor Studio: stable=0.65, symmetry=0.87, centered=True, faces=4, face_area=0.0601"
SIR_Row_Live__Protests___Politics_Over_Poll_Panel___Govt_VS_Oppn___CEC___Rahul_G.mp4,596,4114.4,4115.533,1.133,Anchor Studio,94.0,"Anchor Studio: stable=0.85, symmetry=0.89, centered=True, faces=3, face_area=0.1163"
SIR_Row_Live__Protests___Politics_Over_Poll_Panel___Govt_VS_Oppn___CEC___Rahul_G.mp4,597,4115.6,4116.267,0.667,Anchor Studio,72.0,"Anchor Studio: stable=0.55, symmetry=0.76, centered=True, faces=2, face_area=0.0165"
SIR_Row_Live__Protests___Politics_Over_Poll_Panel___Govt_VS_Oppn___CEC___Rahul_G.mp4,598,4116.333,4120.533,4.2,Anchor Studio,84.0,"Anchor Studio: stable=0.74, symmetry=0.87, centered=True, faces=2, face_area=0.0400"
SIR_Row_Live__Protests___Politics_Over_Poll_Panel___Govt_VS_Oppn___CEC___Rahul_G.mp4,599,4120.6,4124.467,3.867,Anchor Studio,94.0,"Anchor Studio: stable=0.87, symmetry=0.99, centered=True, faces=3, face_area=0.1096"
SIR_Row_Live__Protests___Politics_Over_Poll_Panel___Govt_VS_Oppn___CEC___Rahul_G.mp4,600,4124.533,4134.333,9.8,Anchor Studio,94.0,"Anchor Studio: stable=0.90, symmetry=0.98, centered=True, faces=3, face_area=0.1191"
SIR_Row_Live__Protests___Politics_Over_Poll_Panel___Govt_VS_Oppn___CEC___Rahul_G.mp4,601,4134.4,4151.533,17.133,Anchor Studio,94.0,"Anchor Studio: stable=0.88, symmetry=0.97, centered=True, faces=3, face_area=0.1158"
SIR_Row_Live__Protests___Politics_Over_Poll_Panel___Govt_VS_Oppn___CEC___Rahul_G.mp4,602,4151.6,4154.133,2.533,Anchor Studio,94.0,"Anchor Studio: stable=0.90, symmetry=0.95, centered=True, faces=3, face_area=0.1130"
SIR_Row_Live__Protests___Politics_Over_Poll_Panel___Govt_VS_Oppn___CEC___Rahul_G.mp4,603,4154.2,4154.867,0.667,Anchor Studio,84.0,"Anchor Studio: stable=0.61, symmetry=0.81, centered=True, faces=2, face_area=0.0392"
SIR_Row_Live__Protests___Politics_Over_Poll_Panel___Govt_VS_Oppn___CEC___Rahul_G.mp4,604,4154.933,4156.067,1.134,B-Roll,70.0,"B-Roll: motion=0.0369, edge=0.1094, face_area=0.0023, symmetry=0.86"
SIR_Row_Live__Protests___Politics_Over_Poll_Panel___Govt_VS_Oppn___CEC___Rahul_G.mp4,605,4156.133,4174.333,18.2,Anchor Studio,94.0,"Anchor Studio: stable=0.90, symmetry=0.84, centered=True, faces=2, face_area=0.0223"
SIR_Row_Live__Protests___Politics_Over_Poll_Panel___Govt_VS_Oppn___CEC___Rahul_G.mp4,606,4174.4,4179.467,5.067,Anchor Studio,94.0,"Anchor Studio: stable=0.84, symmetry=0.94, centered=True, faces=2, face_area=0.0198"
SIR_Row_Live__Protests___Politics_Over_Poll_Panel___Govt_VS_Oppn___CEC___Rahul_G.mp4,607,4179.533,4180.067,0.534,Anchor Studio,82.0,"Anchor Studio: stable=0.90, symmetry=0.97, centered=False, faces=1, face_area=0.0216"
SIR_Row_Live__Protests___Politics_Over_Poll_Panel___Govt_VS_Oppn___CEC___Rahul_G.mp4,608,4180.133,4181.467,1.334,B-Roll,70.0,"B-Roll: motion=0.0693, edge=0.1518, face_area=0.0000, symmetry=0.96"
SIR_Row_Live__Protests___Politics_Over_Poll_Panel___Govt_VS_Oppn___CEC___Rahul_G.mp4,609,4181.533,4182.133,0.6,Title Card,68.0,"Title Card: headline=0.8207, textcov=0.8988, stability=0.79"
SIR_Row_Live__Protests___Politics_Over_Poll_Panel___Govt_VS_Oppn___CEC___Rahul_G.mp4,610,4182.2,4183.667,1.467,Anchor Studio,82.0,"Anchor Studio: stable=0.88, symmetry=0.95, centered=False, faces=1, face_area=0.0176"
SIR_Row_Live__Protests___Politics_Over_Poll_Panel___Govt_VS_Oppn___CEC___Rahul_G.mp4,611,4183.733,4184.467,0.734,Anchor Studio,82.0,"Anchor Studio: stable=0.90, symmetry=0.94, centered=False, faces=1, face_area=0.0225"
SIR_Row_Live__Protests___Politics_Over_Poll_Panel___Govt_VS_Oppn___CEC___Rahul_G.mp4,612,4184.533,4189.0,4.467,Title Card,74.0,"Title Card: headline=0.8413, textcov=0.9471, stability=0.83"
SIR_Row_Live__Protests___Politics_Over_Poll_Panel___Govt_VS_Oppn___CEC___Rahul_G.mp4,613,4189.067,4191.333,2.266,Title Card,78.0,"Title Card: headline=0.9102, textcov=1.0225, stability=0.89"
SIR_Row_Live__Protests___Politics_Over_Poll_Panel___Govt_VS_Oppn___CEC___Rahul_G.mp4,614,4191.4,4194.0,2.6,Field Report,68.0,"Field Report: motion=0.0443, faces=1, centered=False, symmetry=0.96"
SIR_Row_Live__Protests___Politics_Over_Poll_Panel___Govt_VS_Oppn___CEC___Rahul_G.mp4,615,4194.067,4198.933,4.866,Anchor Studio,94.0,"Anchor Studio: stable=0.85, symmetry=0.94, centered=True, faces=2, face_area=0.0223"
SIR_Row_Live__Protests___Politics_Over_Poll_Panel___Govt_VS_Oppn___CEC___Rahul_G.mp4,616,4199.0,4201.333,2.333,Anchor Studio,82.0,"Anchor Studio: stable=0.85, symmetry=0.96, centered=False, faces=1, face_area=0.0182"
SIR_Row_Live__Protests___Politics_Over_Poll_Panel___Govt_VS_Oppn___CEC___Rahul_G.mp4,617,4201.4,4203.933,2.533,Anchor Studio,82.0,"Anchor Studio: stable=0.86, symmetry=0.92, centered=False, faces=1, face_area=0.0149"
SIR_Row_Live__Protests___Politics_Over_Poll_Panel___Govt_VS_Oppn___CEC___Rahul_G.mp4,618,4204.0,4206.6,2.6,Anchor Studio,82.0,"Anchor Studio: stable=0.86, symmetry=0.92, centered=False, faces=1, face_area=0.0203"
SIR_Row_Live__Protests___Politics_Over_Poll_Panel___Govt_VS_Oppn___CEC___Rahul_G.mp4,619,4206.667,4208.533,1.866,Field Report,68.0,"Field Report: motion=0.0339, faces=1, centered=False, symmetry=0.96"
SIR_Row_Live__Protests___Politics_Over_Poll_Panel___Govt_VS_Oppn___CEC___Rahul_G.mp4,620,4208.6,4211.4,2.8,Anchor Studio,82.0,"Anchor Studio: stable=0.85, symmetry=0.97, centered=False, faces=1, face_area=0.0217"
SIR_Row_Live__Protests___Politics_Over_Poll_Panel___Govt_VS_Oppn___CEC___Rahul_G.mp4,621,4211.467,4212.733,1.266,Anchor Studio,82.0,"Anchor Studio: stable=0.83, symmetry=0.95, centered=False, faces=1, face_area=0.0213"
SIR_Row_Live__Protests___Politics_Over_Poll_Panel___Govt_VS_Oppn___CEC___Rahul_G.mp4,622,4212.8,4218.267,5.467,Anchor Studio,94.0,"Anchor Studio: stable=0.90, symmetry=0.86, centered=True, faces=2, face_area=0.0230"
SIR_Row_Live__Protests___Politics_Over_Poll_Panel___Govt_VS_Oppn___CEC___Rahul_G.mp4,623,4218.333,4251.133,32.8,Anchor Studio,82.0,"Anchor Studio: stable=0.91, symmetry=0.78, centered=True, faces=2, face_area=0.0196"
SIR_Row_Live__Protests___Politics_Over_Poll_Panel___Govt_VS_Oppn___CEC___Rahul_G.mp4,624,4251.2,4261.067,9.867,Anchor Studio,82.0,"Anchor Studio: stable=0.92, symmetry=0.91, centered=False, faces=1, face_area=0.0197"
SIR_Row_Live__Protests___Politics_Over_Poll_Panel___Govt_VS_Oppn___CEC___Rahul_G.mp4,625,4261.133,4271.133,10.0,Anchor Studio,82.0,"Anchor Studio: stable=0.92, symmetry=0.91, centered=False, faces=1, face_area=0.0182"
SIR_Row_Live__Protests___Politics_Over_Poll_Panel___Govt_VS_Oppn___CEC___Rahul_G.mp4,626,4271.2,4281.133,9.933,Anchor Studio,82.0,"Anchor Studio: stable=0.92, symmetry=0.93, centered=False, faces=1, face_area=0.0204"
SIR_Row_Live__Protests___Politics_Over_Poll_Panel___Govt_VS_Oppn___CEC___Rahul_G.mp4,627,4281.2,4318.533,37.333,Anchor Studio,94.0,"Anchor Studio: stable=0.91, symmetry=0.92, centered=True, faces=2, face_area=0.0210"
SIR_Row_Live__Protests___Politics_Over_Poll_Panel___Govt_VS_Oppn___CEC___Rahul_G.mp4,628,4318.6,4321.333,2.733,Anchor Studio,94.0,"Anchor Studio: stable=0.81, symmetry=0.93, centered=True, faces=3, face_area=0.0673"
SIR_Row_Live__Protests___Politics_Over_Poll_Panel___Govt_VS_Oppn___CEC___Rahul_G.mp4,629,4321.4,4354.333,32.933,Anchor Studio,94.0,"Anchor Studio: stable=0.88, symmetry=0.95, centered=True, faces=4, face_area=0.1193"
SIR_Row_Live__Protests___Politics_Over_Poll_Panel___Govt_VS_Oppn___CEC___Rahul_G.mp4,630,4354.4,4355.067,0.667,Anchor Studio,72.0,"Anchor Studio: stable=0.61, symmetry=0.78, centered=True, faces=1, face_area=0.0275"
SIR_Row_Live__Protests___Politics_Over_Poll_Panel___Govt_VS_Oppn___CEC___Rahul_G.mp4,631,4355.133,4384.8,29.667,Anchor Studio,82.0,"Anchor Studio: stable=0.90, symmetry=0.80, centered=True, faces=2, face_area=0.0214"
SIR_Row_Live__Protests___Politics_Over_Poll_Panel___Govt_VS_Oppn___CEC___Rahul_G.mp4,632,4384.867,4423.0,38.133,Title Card,74.0,"Title Card: headline=0.7643, textcov=0.9049, stability=0.92"
SIR_Row_Live__Protests___Politics_Over_Poll_Panel___Govt_VS_Oppn___CEC___Rahul_G.mp4,633,4423.067,4424.467,1.4,Anchor Studio,82.0,"Anchor Studio: stable=0.81, symmetry=0.95, centered=False, faces=1, face_area=0.0221"
SIR_Row_Live__Protests___Politics_Over_Poll_Panel___Govt_VS_Oppn___CEC___Rahul_G.mp4,634,4424.533,4425.867,1.334,Anchor Studio,82.0,"Anchor Studio: stable=0.83, symmetry=0.92, centered=False, faces=1, face_area=0.0202"
SIR_Row_Live__Protests___Politics_Over_Poll_Panel___Govt_VS_Oppn___CEC___Rahul_G.mp4,635,4425.933,4430.867,4.934,Anchor Studio,94.0,"Anchor Studio: stable=0.84, symmetry=0.94, centered=True, faces=2, face_area=0.0244"
SIR_Row_Live__Protests___Politics_Over_Poll_Panel___Govt_VS_Oppn___CEC___Rahul_G.mp4,636,4430.933,4434.533,3.6,Anchor Studio,82.0,"Anchor Studio: stable=0.84, symmetry=0.95, centered=False, faces=1, face_area=0.0148"
SIR_Row_Live__Protests___Politics_Over_Poll_Panel___Govt_VS_Oppn___CEC___Rahul_G.mp4,637,4434.6,4435.467,0.867,Field Report,68.0,"Field Report: motion=0.0327, faces=1, centered=False, symmetry=0.87"
SIR_Row_Live__Protests___Politics_Over_Poll_Panel___Govt_VS_Oppn___CEC___Rahul_G.mp4,638,4435.533,4437.333,1.8,Anchor Studio,82.0,"Anchor Studio: stable=0.87, symmetry=0.92, centered=False, faces=1, face_area=0.0104"
SIR_Row_Live__Protests___Politics_Over_Poll_Panel___Govt_VS_Oppn___CEC___Rahul_G.mp4,639,4437.4,4440.467,3.067,Anchor Studio,82.0,"Anchor Studio: stable=0.83, symmetry=0.94, centered=False, faces=1, face_area=0.0124"
SIR_Row_Live__Protests___Politics_Over_Poll_Panel___Govt_VS_Oppn___CEC___Rahul_G.mp4,640,4440.533,4441.4,0.867,Anchor Studio,82.0,"Anchor Studio: stable=0.86, symmetry=0.96, centered=False, faces=1, face_area=0.0155"
SIR_Row_Live__Protests___Politics_Over_Poll_Panel___Govt_VS_Oppn___CEC___Rahul_G.mp4,641,4441.467,4444.667,3.2,Anchor Studio,94.0,"Anchor Studio: stable=0.87, symmetry=0.97, centered=True, faces=3, face_area=0.0561"
SIR_Row_Live__Protests___Politics_Over_Poll_Panel___Govt_VS_Oppn___CEC___Rahul_G.mp4,642,4444.733,4448.4,3.667,Anchor Studio,94.0,"Anchor Studio: stable=0.89, symmetry=0.95, centered=True, faces=3, face_area=0.0698"
SIR_Row_Live__Protests___Politics_Over_Poll_Panel___Govt_VS_Oppn___CEC___Rahul_G.mp4,643,4448.467,4452.733,4.266,Anchor Studio,94.0,"Anchor Studio: stable=0.87, symmetry=0.96, centered=True, faces=4, face_area=0.0607"
SIR_Row_Live__Protests___Politics_Over_Poll_Panel___Govt_VS_Oppn___CEC___Rahul_G.mp4,644,4452.8,4454.533,1.733,Anchor Studio,94.0,"Anchor Studio: stable=0.83, symmetry=0.93, centered=True, faces=3, face_area=0.0629"
SIR_Row_Live__Protests___Politics_Over_Poll_Panel___Govt_VS_Oppn___CEC___Rahul_G.mp4,645,4454.6,4457.533,2.933,Anchor Studio,94.0,"Anchor Studio: stable=0.88, symmetry=0.95, centered=True, faces=3, face_area=0.0604"
SIR_Row_Live__Protests___Politics_Over_Poll_Panel___Govt_VS_Oppn___CEC___Rahul_G.mp4,646,4457.6,4460.867,3.267,Anchor Studio,94.0,"Anchor Studio: stable=0.86, symmetry=0.95, centered=True, faces=3, face_area=0.0563"
SIR_Row_Live__Protests___Politics_Over_Poll_Panel___Govt_VS_Oppn___CEC___Rahul_G.mp4,647,4460.933,4464.533,3.6,Anchor Studio,94.0,"Anchor Studio: stable=0.88, symmetry=0.97, centered=True, faces=4, face_area=0.0696"
SIR_Row_Live__Protests___Politics_Over_Poll_Panel___Govt_VS_Oppn___CEC___Rahul_G.mp4,648,4464.6,4465.467,0.867,Anchor Studio,94.0,"Anchor Studio: stable=0.82, symmetry=0.94, centered=True, faces=3, face_area=0.0484"
SIR_Row_Live__Protests___Politics_Over_Poll_Panel___Govt_VS_Oppn___CEC___Rahul_G.mp4,649,4465.533,4466.667,1.134,Anchor Studio,82.0,"Anchor Studio: stable=0.78, symmetry=0.94, centered=False, faces=2, face_area=0.0468"
SIR_Row_Live__Protests___Politics_Over_Poll_Panel___Govt_VS_Oppn___CEC___Rahul_G.mp4,650,4466.733,4468.933,2.2,Anchor Studio,94.0,"Anchor Studio: stable=0.90, symmetry=0.95, centered=True, faces=3, face_area=0.0442"
SIR_Row_Live__Protests___Politics_Over_Poll_Panel___Govt_VS_Oppn___CEC___Rahul_G.mp4,651,4469.0,4470.733,1.733,Anchor Studio,94.0,"Anchor Studio: stable=0.80, symmetry=0.91, centered=True, faces=3, face_area=0.0536"
SIR_Row_Live__Protests___Politics_Over_Poll_Panel___Govt_VS_Oppn___CEC___Rahul_G.mp4,652,4470.8,4474.533,3.733,Anchor Studio,94.0,"Anchor Studio: stable=0.87, symmetry=0.90, centered=True, faces=2, face_area=0.0210"
SIR_Row_Live__Protests___Politics_Over_Poll_Panel___Govt_VS_Oppn___CEC___Rahul_G.mp4,653,4474.6,4484.467,9.867,Anchor Studio,82.0,"Anchor Studio: stable=0.85, symmetry=0.86, centered=False, faces=2, face_area=0.0215"
SIR_Row_Live__Protests___Politics_Over_Poll_Panel___Govt_VS_Oppn___CEC___Rahul_G.mp4,654,4484.533,4488.933,4.4,Anchor Studio,94.0,"Anchor Studio: stable=0.85, symmetry=0.89, centered=True, faces=2, face_area=0.0212"
SIR_Row_Live__Protests___Politics_Over_Poll_Panel___Govt_VS_Oppn___CEC___Rahul_G.mp4,655,4489.0,4494.467,5.467,Anchor Studio,82.0,"Anchor Studio: stable=0.86, symmetry=0.89, centered=False, faces=2, face_area=0.0168"
SIR_Row_Live__Protests___Politics_Over_Poll_Panel___Govt_VS_Oppn___CEC___Rahul_G.mp4,656,4494.533,4504.533,10.0,Anchor Studio,94.0,"Anchor Studio: stable=0.84, symmetry=0.88, centered=True, faces=2, face_area=0.0208"
SIR_Row_Live__Protests___Politics_Over_Poll_Panel___Govt_VS_Oppn___CEC___Rahul_G.mp4,657,4504.6,4514.467,9.867,Anchor Studio,82.0,"Anchor Studio: stable=0.85, symmetry=0.85, centered=False, faces=1, face_area=0.0198"
SIR_Row_Live__Protests___Politics_Over_Poll_Panel___Govt_VS_Oppn___CEC___Rahul_G.mp4,658,4514.533,4519.533,5.0,Anchor Studio,82.0,"Anchor Studio: stable=0.83, symmetry=0.89, centered=False, faces=1, face_area=0.0172"
SIR_Row_Live__Protests___Politics_Over_Poll_Panel___Govt_VS_Oppn___CEC___Rahul_G.mp4,659,4519.6,4523.133,3.533,Anchor Studio,94.0,"Anchor Studio: stable=0.82, symmetry=0.95, centered=True, faces=3, face_area=0.0774"
SIR_Row_Live__Protests___Politics_Over_Poll_Panel___Govt_VS_Oppn___CEC___Rahul_G.mp4,660,4523.2,4523.933,0.733,Anchor Studio,72.0,"Anchor Studio: stable=0.55, symmetry=0.81, centered=False, faces=2, face_area=0.0357"
SIR_Row_Live__Protests___Politics_Over_Poll_Panel___Govt_VS_Oppn___CEC___Rahul_G.mp4,661,4524.0,4540.267,16.267,Anchor Studio,94.0,"Anchor Studio: stable=0.88, symmetry=0.92, centered=True, faces=2, face_area=0.0436"
SIR_Row_Live__Protests___Politics_Over_Poll_Panel___Govt_VS_Oppn___CEC___Rahul_G.mp4,662,4540.333,4552.733,12.4,Anchor Studio,94.0,"Anchor Studio: stable=0.77, symmetry=0.90, centered=True, faces=2, face_area=0.0289"
SIR_Row_Live__Protests___Politics_Over_Poll_Panel___Govt_VS_Oppn___CEC___Rahul_G.mp4,663,4552.8,4555.133,2.333,Anchor Studio,84.0,"Anchor Studio: stable=0.45, symmetry=0.98, centered=True, faces=2, face_area=0.0343"
SIR_Row_Live__Protests___Politics_Over_Poll_Panel___Govt_VS_Oppn___CEC___Rahul_G.mp4,664,4555.2,4560.267,5.067,Anchor Studio,72.0,"Anchor Studio: stable=0.59, symmetry=0.96, centered=False, faces=2, face_area=0.0293"
SIR_Row_Live__Protests___Politics_Over_Poll_Panel___Govt_VS_Oppn___CEC___Rahul_G.mp4,665,4560.333,4563.733,3.4,Anchor Studio,72.0,"Anchor Studio: stable=0.55, symmetry=0.96, centered=False, faces=2, face_area=0.0372"
SIR_Row_Live__Protests___Politics_Over_Poll_Panel___Govt_VS_Oppn___CEC___Rahul_G.mp4,666,4563.8,4566.067,2.267,Anchor Studio,72.0,"Anchor Studio: stable=0.57, symmetry=0.95, centered=False, faces=2, face_area=0.0286"
SIR_Row_Live__Protests___Politics_Over_Poll_Panel___Govt_VS_Oppn___CEC___Rahul_G.mp4,667,4566.133,4588.667,22.534,Anchor Studio,94.0,"Anchor Studio: stable=0.88, symmetry=0.93, centered=True, faces=3, face_area=0.0409"
SIR_Row_Live__Protests___Politics_Over_Poll_Panel___Govt_VS_Oppn___CEC___Rahul_G.mp4,668,4588.733,4601.267,12.534,Anchor Studio,82.0,"Anchor Studio: stable=0.85, symmetry=0.92, centered=False, faces=3, face_area=0.0531"
SIR_Row_Live__Protests___Politics_Over_Poll_Panel___Govt_VS_Oppn___CEC___Rahul_G.mp4,669,4601.333,4623.667,22.334,Anchor Studio,82.0,"Anchor Studio: stable=0.86, symmetry=0.89, centered=False, faces=3, face_area=0.0520"
SIR_Row_Live__Protests___Politics_Over_Poll_Panel___Govt_VS_Oppn___CEC___Rahul_G.mp4,670,4623.733,4633.0,9.267,B-Roll,70.0,"B-Roll: motion=0.0645, edge=0.1364, face_area=0.0000, symmetry=0.86"
SIR_Row_Live__Protests___Politics_Over_Poll_Panel___Govt_VS_Oppn___CEC___Rahul_G.mp4,671,4633.067,4645.867,12.8,Anchor Studio,84.0,"Anchor Studio: stable=0.47, symmetry=0.92, centered=True, faces=3, face_area=0.0164"
SIR_Row_Live__Protests___Politics_Over_Poll_Panel___Govt_VS_Oppn___CEC___Rahul_G.mp4,672,4645.933,4648.867,2.934,Anchor Studio,74.0,"Anchor Studio: stable=0.28, symmetry=0.91, centered=True, faces=1, face_area=0.0067"
SIR_Row_Live__Protests___Politics_Over_Poll_Panel___Govt_VS_Oppn___CEC___Rahul_G.mp4,673,4648.933,4654.133,5.2,B-Roll,70.0,"B-Roll: motion=0.0599, edge=0.1710, face_area=0.0008, symmetry=0.85"
SIR_Row_Live__Protests___Politics_Over_Poll_Panel___Govt_VS_Oppn___CEC___Rahul_G.mp4,674,4654.2,4657.067,2.867,Anchor Studio,84.0,"Anchor Studio: stable=0.42, symmetry=0.96, centered=True, faces=2, face_area=0.0696"
SIR_Row_Live__Protests___Politics_Over_Poll_Panel___Govt_VS_Oppn___CEC___Rahul_G.mp4,675,4657.133,4661.933,4.8,Anchor Studio,74.0,"Anchor Studio: stable=0.10, symmetry=0.95, centered=True, faces=1, face_area=0.0003"
SIR_Row_Live__Protests___Politics_Over_Poll_Panel___Govt_VS_Oppn___CEC___Rahul_G.mp4,676,4662.0,4669.667,7.667,Anchor Studio,74.0,"Anchor Studio: stable=0.14, symmetry=0.91, centered=True, faces=2, face_area=0.0048"
SIR_Row_Live__Protests___Politics_Over_Poll_Panel___Govt_VS_Oppn___CEC___Rahul_G.mp4,677,4669.733,4675.4,5.667,Anchor Studio,84.0,"Anchor Studio: stable=0.23, symmetry=0.93, centered=True, faces=1, face_area=0.0246"
SIR_Row_Live__Protests___Politics_Over_Poll_Panel___Govt_VS_Oppn___CEC___Rahul_G.mp4,678,4675.467,4678.333,2.866,Title Card,64.0,"Title Card: headline=0.8453, textcov=1.0273, stability=0.19"
SIR_Row_Live__Protests___Politics_Over_Poll_Panel___Govt_VS_Oppn___CEC___Rahul_G.mp4,679,4678.4,4681.267,2.867,Title Card,64.0,"Title Card: headline=0.4429, textcov=0.7649, stability=0.09"
SIR_Row_Live__Protests___Politics_Over_Poll_Panel___Govt_VS_Oppn___CEC___Rahul_G.mp4,680,4681.333,4682.8,1.467,B-Roll,70.0,"B-Roll: motion=0.0974, edge=0.1616, face_area=0.0000, symmetry=0.96"
SIR_Row_Live__Protests___Politics_Over_Poll_Panel___Govt_VS_Oppn___CEC___Rahul_G.mp4,681,4682.867,4683.667,0.8,B-Roll,70.0,"B-Roll: motion=0.1160, edge=0.1842, face_area=0.0000, symmetry=0.98"
SIR_Row_Live__Protests___Politics_Over_Poll_Panel___Govt_VS_Oppn___CEC___Rahul_G.mp4,682,4683.733,4685.533,1.8,B-Roll,70.0,"B-Roll: motion=0.0559, edge=0.1360, face_area=0.0000, symmetry=0.90"
SIR_Row_Live__Protests___Politics_Over_Poll_Panel___Govt_VS_Oppn___CEC___Rahul_G.mp4,683,4685.6,4694.867,9.267,Anchor Studio,74.0,"Anchor Studio: stable=0.72, symmetry=0.95, centered=True, faces=1, face_area=0.0013"
SIR_Row_Live__Protests___Politics_Over_Poll_Panel___Govt_VS_Oppn___CEC___Rahul_G.mp4,684,4694.933,4730.467,35.534,Title Card,78.0,"Title Card: headline=0.2642, textcov=0.3842, stability=0.92"
SIR_Row_Live__Protests___Politics_Over_Poll_Panel___Govt_VS_Oppn___CEC___Rahul_G.mp4,685,4730.533,4733.6,3.067,Anchor Studio,84.0,"Anchor Studio: stable=0.03, symmetry=0.90, centered=True, faces=2, face_area=0.0134"
SIR_Row_Live__Protests___Politics_Over_Poll_Panel___Govt_VS_Oppn___CEC___Rahul_G.mp4,686,4733.667,4735.333,1.666,Title Card,78.0,"Title Card: headline=0.6143, textcov=0.8226, stability=0.85"
SIR_Row_Live__Protests___Politics_Over_Poll_Panel___Govt_VS_Oppn___CEC___Rahul_G.mp4,687,4735.4,4736.867,1.467,Title Card,78.0,"Title Card: headline=0.5524, textcov=0.6437, stability=0.87"
SIR_Row_Live__Protests___Politics_Over_Poll_Panel___Govt_VS_Oppn___CEC___Rahul_G.mp4,688,4736.933,4737.667,0.734,Anchor Studio,84.0,"Anchor Studio: stable=0.69, symmetry=0.92, centered=True, faces=1, face_area=0.0301"
SIR_Row_Live__Protests___Politics_Over_Poll_Panel___Govt_VS_Oppn___CEC___Rahul_G.mp4,689,4737.733,4739.533,1.8,B-Roll,70.0,"B-Roll: motion=0.0680, edge=0.1654, face_area=0.0000, symmetry=0.93"
SIR_Row_Live__Protests___Politics_Over_Poll_Panel___Govt_VS_Oppn___CEC___Rahul_G.mp4,690,4739.6,4740.867,1.267,B-Roll,70.0,"B-Roll: motion=0.0341, edge=0.1260, face_area=0.0000, symmetry=0.97"
SIR_Row_Live__Protests___Politics_Over_Poll_Panel___Govt_VS_Oppn___CEC___Rahul_G.mp4,691,4740.933,4743.267,2.334,Anchor Studio,84.0,"Anchor Studio: stable=0.88, symmetry=0.87, centered=True, faces=1, face_area=0.0088"
SIR_Row_Live__Protests___Politics_Over_Poll_Panel___Govt_VS_Oppn___CEC___Rahul_G.mp4,692,4743.333,4745.467,2.134,B-Roll,70.0,"B-Roll: motion=0.0590, edge=0.0932, face_area=0.0031, symmetry=0.88"
SIR_Row_Live__Protests___Politics_Over_Poll_Panel___Govt_VS_Oppn___CEC___Rahul_G.mp4,693,4745.533,4747.333,1.8,B-Roll,70.0,"B-Roll: motion=0.0481, edge=0.1054, face_area=0.0000, symmetry=0.93"
SIR_Row_Live__Protests___Politics_Over_Poll_Panel___Govt_VS_Oppn___CEC___Rahul_G.mp4,694,4747.4,4751.333,3.933,Anchor Studio,74.0,"Anchor Studio: stable=0.61, symmetry=0.94, centered=True, faces=1, face_area=0.0078"
SIR_Row_Live__Protests___Politics_Over_Poll_Panel___Govt_VS_Oppn___CEC___Rahul_G.mp4,695,4751.4,4755.533,4.133,Anchor Studio,84.0,"Anchor Studio: stable=0.61, symmetry=0.93, centered=True, faces=2, face_area=0.0394"
SIR_Row_Live__Protests___Politics_Over_Poll_Panel___Govt_VS_Oppn___CEC___Rahul_G.mp4,696,4755.6,4758.133,2.533,Anchor Studio,82.0,"Anchor Studio: stable=0.82, symmetry=0.92, centered=False, faces=2, face_area=0.0758"
SIR_Row_Live__Protests___Politics_Over_Poll_Panel___Govt_VS_Oppn___CEC___Rahul_G.mp4,697,4758.2,4780.333,22.133,Anchor Studio,94.0,"Anchor Studio: stable=0.89, symmetry=0.95, centered=True, faces=4, face_area=0.1054"
SIR_Row_Live__Protests___Politics_Over_Poll_Panel___Govt_VS_Oppn___CEC___Rahul_G.mp4,698,4780.4,4781.8,1.4,Anchor Studio,94.0,"Anchor Studio: stable=0.85, symmetry=0.94, centered=True, faces=1, face_area=0.0100"
SIR_Row_Live__Protests___Politics_Over_Poll_Panel___Govt_VS_Oppn___CEC___Rahul_G.mp4,699,4781.867,4782.6,0.733,Anchor Studio,84.0,"Anchor Studio: stable=0.87, symmetry=0.90, centered=True, faces=1, face_area=0.0084"
SIR_Row_Live__Protests___Politics_Over_Poll_Panel___Govt_VS_Oppn___CEC___Rahul_G.mp4,700,4782.667,4787.867,5.2,Anchor Studio,94.0,"Anchor Studio: stable=0.90, symmetry=0.88, centered=True, faces=1, face_area=0.0230"
SIR_Row_Live__Protests___Politics_Over_Poll_Panel___Govt_VS_Oppn___CEC___Rahul_G.mp4,701,4787.933,4795.667,7.734,Anchor Studio,82.0,"Anchor Studio: stable=0.92, symmetry=0.88, centered=False, faces=1, face_area=0.0246"
SIR_Row_Live__Protests___Politics_Over_Poll_Panel___Govt_VS_Oppn___CEC___Rahul_G.mp4,702,4795.733,4797.467,1.734,Anchor Studio,72.0,"Anchor Studio: stable=0.67, symmetry=0.81, centered=False, faces=1, face_area=0.0279"
SIR_Row_Live__Protests___Politics_Over_Poll_Panel___Govt_VS_Oppn___CEC___Rahul_G.mp4,703,4797.533,4801.0,3.467,Title Card,74.0,"Title Card: headline=0.8144, textcov=0.9364, stability=0.85"
SIR_Row_Live__Protests___Politics_Over_Poll_Panel___Govt_VS_Oppn___CEC___Rahul_G.mp4,704,4801.067,4804.067,3.0,Anchor Studio,94.0,"Anchor Studio: stable=0.89, symmetry=0.84, centered=True, faces=3, face_area=0.0509"
SIR_Row_Live__Protests___Politics_Over_Poll_Panel___Govt_VS_Oppn___CEC___Rahul_G.mp4,705,4804.133,4804.867,0.734,Anchor Studio,82.0,"Anchor Studio: stable=0.81, symmetry=0.91, centered=False, faces=1, face_area=0.0256"
SIR_Row_Live__Protests___Politics_Over_Poll_Panel___Govt_VS_Oppn___CEC___Rahul_G.mp4,706,4804.933,4810.267,5.334,Anchor Studio,94.0,"Anchor Studio: stable=0.92, symmetry=0.90, centered=True, faces=1, face_area=0.0209"
SIR_Row_Live__Protests___Politics_Over_Poll_Panel___Govt_VS_Oppn___CEC___Rahul_G.mp4,707,4810.333,4813.933,3.6,Anchor Studio,84.0,"Anchor Studio: stable=0.35, symmetry=0.96, centered=True, faces=2, face_area=0.0317"
SIR_Row_Live__Protests___Politics_Over_Poll_Panel___Govt_VS_Oppn___CEC___Rahul_G.mp4,708,4814.0,4816.467,2.467,Anchor Studio,84.0,"Anchor Studio: stable=0.51, symmetry=0.94, centered=True, faces=2, face_area=0.0220"
SIR_Row_Live__Protests___Politics_Over_Poll_Panel___Govt_VS_Oppn___CEC___Rahul_G.mp4,709,4816.533,4817.933,1.4,Anchor Studio,74.0,"Anchor Studio: stable=0.53, symmetry=0.97, centered=True, faces=1, face_area=0.0009"
SIR_Row_Live__Protests___Politics_Over_Poll_Panel___Govt_VS_Oppn___CEC___Rahul_G.mp4,710,4818.0,4818.8,0.8,B-Roll,70.0,"B-Roll: motion=0.0618, edge=0.1326, face_area=0.0000, symmetry=0.93"
SIR_Row_Live__Protests___Politics_Over_Poll_Panel___Govt_VS_Oppn___CEC___Rahul_G.mp4,711,4818.867,4821.467,2.6,B-Roll,70.0,"B-Roll: motion=0.0444, edge=0.1432, face_area=0.0022, symmetry=0.91"
SIR_Row_Live__Protests___Politics_Over_Poll_Panel___Govt_VS_Oppn___CEC___Rahul_G.mp4,712,4821.533,4824.0,2.467,Title Card,68.0,"Title Card: headline=0.0734, textcov=0.3650, stability=0.78"
SIR_Row_Live__Protests___Politics_Over_Poll_Panel___Govt_VS_Oppn___CEC___Rahul_G.mp4,713,4824.067,4827.267,3.2,Anchor Studio,82.0,"Anchor Studio: stable=0.85, symmetry=0.79, centered=True, faces=2, face_area=0.1140"
SIR_Row_Live__Protests___Politics_Over_Poll_Panel___Govt_VS_Oppn___CEC___Rahul_G.mp4,714,4827.333,4829.133,1.8,Anchor Studio,82.0,"Anchor Studio: stable=0.80, symmetry=0.76, centered=True, faces=1, face_area=0.0615"
SIR_Row_Live__Protests___Politics_Over_Poll_Panel___Govt_VS_Oppn___CEC___Rahul_G.mp4,715,4829.2,4840.6,11.4,Anchor Studio,72.0,"Anchor Studio: stable=0.58, symmetry=0.94, centered=False, faces=1, face_area=0.0309"
SIR_Row_Live__Protests___Politics_Over_Poll_Panel___Govt_VS_Oppn___CEC___Rahul_G.mp4,716,4840.667,4843.133,2.466,Anchor Studio,72.0,"Anchor Studio: stable=0.74, symmetry=0.88, centered=False, faces=1, face_area=0.0250"
SIR_Row_Live__Protests___Politics_Over_Poll_Panel___Govt_VS_Oppn___CEC___Rahul_G.mp4,717,4843.2,4847.267,4.067,Anchor Studio,82.0,"Anchor Studio: stable=0.80, symmetry=0.95, centered=False, faces=1, face_area=0.0244"
SIR_Row_Live__Protests___Politics_Over_Poll_Panel___Govt_VS_Oppn___CEC___Rahul_G.mp4,718,4847.333,4856.0,8.667,Anchor Studio,84.0,"Anchor Studio: stable=0.72, symmetry=0.97, centered=True, faces=2, face_area=0.0272"
SIR_Row_Live__Protests___Politics_Over_Poll_Panel___Govt_VS_Oppn___CEC___Rahul_G.mp4,719,4856.067,4866.867,10.8,Anchor Studio,84.0,"Anchor Studio: stable=0.64, symmetry=0.86, centered=True, faces=1, face_area=0.0128"
SIR_Row_Live__Protests___Politics_Over_Poll_Panel___Govt_VS_Oppn___CEC___Rahul_G.mp4,720,4866.933,4868.733,1.8,Title Card,78.0,"Title Card: headline=0.6379, textcov=0.8157, stability=0.82"
SIR_Row_Live__Protests___Politics_Over_Poll_Panel___Govt_VS_Oppn___CEC___Rahul_G.mp4,721,4868.8,4869.467,0.667,Title Card,68.0,"Title Card: headline=0.0271, textcov=0.4170, stability=0.77"
SIR_Row_Live__Protests___Politics_Over_Poll_Panel___Govt_VS_Oppn___CEC___Rahul_G.mp4,722,4869.533,4872.6,3.067,Title Card,78.0,"Title Card: headline=0.2015, textcov=0.5088, stability=0.83"
SIR_Row_Live__Protests___Politics_Over_Poll_Panel___Govt_VS_Oppn___CEC___Rahul_G.mp4,723,4872.667,4874.667,2.0,Title Card,78.0,"Title Card: headline=0.4581, textcov=0.5435, stability=0.90"
SIR_Row_Live__Protests___Politics_Over_Poll_Panel___Govt_VS_Oppn___CEC___Rahul_G.mp4,724,4874.733,4880.533,5.8,Title Card,78.0,"Title Card: headline=0.7493, textcov=0.8522, stability=0.93"
SIR_Row_Live__Protests___Politics_Over_Poll_Panel___Govt_VS_Oppn___CEC___Rahul_G.mp4,725,4880.6,4886.933,6.333,B-Roll,70.0,"B-Roll: motion=0.0488, edge=0.1443, face_area=0.0000, symmetry=0.92"
SIR_Row_Live__Protests___Politics_Over_Poll_Panel___Govt_VS_Oppn___CEC___Rahul_G.mp4,726,4887.0,4891.933,4.933,B-Roll,70.0,"B-Roll: motion=0.0419, edge=0.1549, face_area=0.0000, symmetry=0.97"
SIR_Row_Live__Protests___Politics_Over_Poll_Panel___Govt_VS_Oppn___CEC___Rahul_G.mp4,727,4892.0,4895.933,3.933,B-Roll,70.0,"B-Roll: motion=0.1212, edge=0.0850, face_area=0.0000, symmetry=0.89"
SIR_Row_Live__Protests___Politics_Over_Poll_Panel___Govt_VS_Oppn___CEC___Rahul_G.mp4,728,4896.0,4897.6,1.6,B-Roll,70.0,"B-Roll: motion=0.0746, edge=0.1287, face_area=0.0000, symmetry=0.95"
SIR_Row_Live__Protests___Politics_Over_Poll_Panel___Govt_VS_Oppn___CEC___Rahul_G.mp4,729,4897.667,4900.333,2.666,Anchor Studio,82.0,"Anchor Studio: stable=0.81, symmetry=0.91, centered=False, faces=1, face_area=0.0486"
SIR_Row_Live__Protests___Politics_Over_Poll_Panel___Govt_VS_Oppn___CEC___Rahul_G.mp4,730,4900.4,4902.333,1.933,Anchor Studio,94.0,"Anchor Studio: stable=0.79, symmetry=0.91, centered=True, faces=1, face_area=0.0108"
SIR_Row_Live__Protests___Politics_Over_Poll_Panel___Govt_VS_Oppn___CEC___Rahul_G.mp4,731,4902.4,4904.6,2.2,Title Card,74.0,"Title Card: headline=1.1937, textcov=1.2469, stability=0.86"
SIR_Row_Live__Protests___Politics_Over_Poll_Panel___Govt_VS_Oppn___CEC___Rahul_G.mp4,732,4904.667,4907.067,2.4,Anchor Studio,94.0,"Anchor Studio: stable=0.75, symmetry=0.98, centered=True, faces=1, face_area=0.0167"
SIR_Row_Live__Protests___Politics_Over_Poll_Panel___Govt_VS_Oppn___CEC___Rahul_G.mp4,733,4907.133,4911.2,4.067,Anchor Studio,94.0,"Anchor Studio: stable=0.76, symmetry=0.83, centered=True, faces=2, face_area=0.0210"
SIR_Row_Live__Protests___Politics_Over_Poll_Panel___Govt_VS_Oppn___CEC___Rahul_G.mp4,734,4911.267,4918.867,7.6,Anchor Studio,84.0,"Anchor Studio: stable=0.69, symmetry=0.88, centered=True, faces=2, face_area=0.0203"
SIR_Row_Live__Protests___Politics_Over_Poll_Panel___Govt_VS_Oppn___CEC___Rahul_G.mp4,735,4918.933,4924.067,5.134,Anchor Studio,94.0,"Anchor Studio: stable=0.78, symmetry=0.89, centered=True, faces=1, face_area=0.0125"
SIR_Row_Live__Protests___Politics_Over_Poll_Panel___Govt_VS_Oppn___CEC___Rahul_G.mp4,736,4924.133,4925.0,0.867,Anchor Studio,74.0,"Anchor Studio: stable=0.74, symmetry=0.94, centered=True, faces=1, face_area=0.0038"
SIR_Row_Live__Protests___Politics_Over_Poll_Panel___Govt_VS_Oppn___CEC___Rahul_G.mp4,737,4925.067,4926.067,1.0,Anchor Studio,94.0,"Anchor Studio: stable=0.78, symmetry=0.98, centered=True, faces=1, face_area=0.0280"
SIR_Row_Live__Protests___Politics_Over_Poll_Panel___Govt_VS_Oppn___CEC___Rahul_G.mp4,738,4926.133,4928.6,2.467,Anchor Studio,84.0,"Anchor Studio: stable=0.73, symmetry=0.94, centered=True, faces=1, face_area=0.0134"
SIR_Row_Live__Protests___Politics_Over_Poll_Panel___Govt_VS_Oppn___CEC___Rahul_G.mp4,739,4928.667,4930.133,1.466,Title Card,78.0,"Title Card: headline=0.2746, textcov=0.4858, stability=0.86"
SIR_Row_Live__Protests___Politics_Over_Poll_Panel___Govt_VS_Oppn___CEC___Rahul_G.mp4,740,4930.2,4931.933,1.733,B-Roll,70.0,"B-Roll: motion=0.0262, edge=0.0837, face_area=0.0000, symmetry=0.90"
SIR_Row_Live__Protests___Politics_Over_Poll_Panel___Govt_VS_Oppn___CEC___Rahul_G.mp4,741,4932.0,4934.733,2.733,Title Card,78.0,"Title Card: headline=0.3689, textcov=0.5344, stability=0.87"
SIR_Row_Live__Protests___Politics_Over_Poll_Panel___Govt_VS_Oppn___CEC___Rahul_G.mp4,742,4934.8,4936.067,1.267,Title Card,78.0,"Title Card: headline=0.1730, textcov=0.3561, stability=0.85"
SIR_Row_Live__Protests___Politics_Over_Poll_Panel___Govt_VS_Oppn___CEC___Rahul_G.mp4,743,4936.133,4937.533,1.4,B-Roll,70.0,"B-Roll: motion=0.0390, edge=0.1088, face_area=0.0000, symmetry=0.81"
SIR_Row_Live__Protests___Politics_Over_Poll_Panel___Govt_VS_Oppn___CEC___Rahul_G.mp4,744,4937.6,4941.467,3.867,Anchor Studio,94.0,"Anchor Studio: stable=0.85, symmetry=0.82, centered=True, faces=2, face_area=0.0180"
SIR_Row_Live__Protests___Politics_Over_Poll_Panel___Govt_VS_Oppn___CEC___Rahul_G.mp4,745,4941.533,4943.2,1.667,Anchor Studio,82.0,"Anchor Studio: stable=0.83, symmetry=0.79, centered=True, faces=2, face_area=0.0332"
SIR_Row_Live__Protests___Politics_Over_Poll_Panel___Govt_VS_Oppn___CEC___Rahul_G.mp4,746,4943.267,4943.8,0.533,Anchor Studio,72.0,"Anchor Studio: stable=0.74, symmetry=0.78, centered=True, faces=1, face_area=0.0193"
SIR_Row_Live__Protests___Politics_Over_Poll_Panel___Govt_VS_Oppn___CEC___Rahul_G.mp4,747,4943.867,4948.533,4.666,Anchor Studio,84.0,"Anchor Studio: stable=0.76, symmetry=0.93, centered=True, faces=1, face_area=0.0073"
SIR_Row_Live__Protests___Politics_Over_Poll_Panel___Govt_VS_Oppn___CEC___Rahul_G.mp4,748,4948.6,4951.6,3.0,B-Roll,70.0,"B-Roll: motion=0.0271, edge=0.1213, face_area=0.0000, symmetry=0.94"
SIR_Row_Live__Protests___Politics_Over_Poll_Panel___Govt_VS_Oppn___CEC___Rahul_G.mp4,749,4951.667,4952.733,1.066,B-Roll,70.0,"B-Roll: motion=0.0428, edge=0.2007, face_area=0.0000, symmetry=0.86"
SIR_Row_Live__Protests___Politics_Over_Poll_Panel___Govt_VS_Oppn___CEC___Rahul_G.mp4,750,4952.8,4953.933,1.133,B-Roll,70.0,"B-Roll: motion=0.0454, edge=0.1984, face_area=0.0000, symmetry=0.85"
SIR_Row_Live__Protests___Politics_Over_Poll_Panel___Govt_VS_Oppn___CEC___Rahul_G.mp4,751,4954.0,4963.667,9.667,Anchor Studio,74.0,"Anchor Studio: stable=0.37, symmetry=0.93, centered=True, faces=1, face_area=0.0023"
SIR_Row_Live__Protests___Politics_Over_Poll_Panel___Govt_VS_Oppn___CEC___Rahul_G.mp4,752,4963.733,4970.667,6.934,Anchor Studio,94.0,"Anchor Studio: stable=0.86, symmetry=0.88, centered=True, faces=1, face_area=0.0258"
SIR_Row_Live__Protests___Politics_Over_Poll_Panel___Govt_VS_Oppn___CEC___Rahul_G.mp4,753,4970.733,5019.4,48.667,Anchor Studio,94.0,"Anchor Studio: stable=0.91, symmetry=0.88, centered=True, faces=4, face_area=0.1367"
SIR_Row_Live__Protests___Politics_Over_Poll_Panel___Govt_VS_Oppn___CEC___Rahul_G.mp4,754,5019.467,5020.133,0.666,Anchor Studio,72.0,"Anchor Studio: stable=0.49, symmetry=0.74, centered=True, faces=2, face_area=0.0229"
SIR_Row_Live__Protests___Politics_Over_Poll_Panel___Govt_VS_Oppn___CEC___Rahul_G.mp4,755,5020.2,5047.6,27.4,Anchor Studio,84.0,"Anchor Studio: stable=0.88, symmetry=0.90, centered=True, faces=1, face_area=0.0020"
SIR_Row_Live__Protests___Politics_Over_Poll_Panel___Govt_VS_Oppn___CEC___Rahul_G.mp4,756,5047.667,5051.133,3.466,Anchor Studio,94.0,"Anchor Studio: stable=0.80, symmetry=0.89, centered=True, faces=1, face_area=0.0149"
SIR_Row_Live__Protests___Politics_Over_Poll_Panel___Govt_VS_Oppn___CEC___Rahul_G.mp4,757,5051.2,5053.8,2.6,Anchor Studio,94.0,"Anchor Studio: stable=0.90, symmetry=0.97, centered=True, faces=1, face_area=0.0202"
SIR_Row_Live__Protests___Politics_Over_Poll_Panel___Govt_VS_Oppn___CEC___Rahul_G.mp4,758,5053.867,5056.067,2.2,Anchor Studio,94.0,"Anchor Studio: stable=0.87, symmetry=0.97, centered=True, faces=1, face_area=0.0194"
SIR_Row_Live__Protests___Politics_Over_Poll_Panel___Govt_VS_Oppn___CEC___Rahul_G.mp4,759,5056.133,5057.667,1.534,Anchor Studio,84.0,"Anchor Studio: stable=0.92, symmetry=0.91, centered=True, faces=1, face_area=0.0007"
SIR_Row_Live__Protests___Politics_Over_Poll_Panel___Govt_VS_Oppn___CEC___Rahul_G.mp4,760,5057.733,5067.733,10.0,Anchor Studio,94.0,"Anchor Studio: stable=0.89, symmetry=0.91, centered=True, faces=1, face_area=0.0183"
SIR_Row_Live__Protests___Politics_Over_Poll_Panel___Govt_VS_Oppn___CEC___Rahul_G.mp4,761,5067.8,5068.733,0.933,Anchor Studio,94.0,"Anchor Studio: stable=0.80, symmetry=0.96, centered=True, faces=1, face_area=0.0194"
SIR_Row_Live__Protests___Politics_Over_Poll_Panel___Govt_VS_Oppn___CEC___Rahul_G.mp4,762,5068.8,5079.733,10.933,Anchor Studio,94.0,"Anchor Studio: stable=0.91, symmetry=0.95, centered=True, faces=1, face_area=0.0142"
SIR_Row_Live__Protests___Politics_Over_Poll_Panel___Govt_VS_Oppn___CEC___Rahul_G.mp4,763,5079.8,5086.133,6.333,Anchor Studio,94.0,"Anchor Studio: stable=0.84, symmetry=0.97, centered=True, faces=2, face_area=0.0442"
SIR_Row_Live__Protests___Politics_Over_Poll_Panel___Govt_VS_Oppn___CEC___Rahul_G.mp4,764,5086.2,5090.667,4.467,Anchor Studio,84.0,"Anchor Studio: stable=0.92, symmetry=0.91, centered=True, faces=1, face_area=0.0076"
SIR_Row_Live__Protests___Politics_Over_Poll_Panel___Govt_VS_Oppn___CEC___Rahul_G.mp4,765,5090.733,5097.0,6.267,Anchor Studio,94.0,"Anchor Studio: stable=0.91, symmetry=0.94, centered=True, faces=1, face_area=0.0126"
SIR_Row_Live__Protests___Politics_Over_Poll_Panel___Govt_VS_Oppn___CEC___Rahul_G.mp4,766,5097.067,5100.267,3.2,Anchor Studio,94.0,"Anchor Studio: stable=0.94, symmetry=0.97, centered=True, faces=1, face_area=0.0193"
SIR_Row_Live__Protests___Politics_Over_Poll_Panel___Govt_VS_Oppn___CEC___Rahul_G.mp4,767,5100.333,5101.133,0.8,Anchor Studio,94.0,"Anchor Studio: stable=0.92, symmetry=0.98, centered=True, faces=1, face_area=0.0193"
SIR_Row_Live__Protests___Politics_Over_Poll_Panel___Govt_VS_Oppn___CEC___Rahul_G.mp4,768,5101.2,5108.733,7.533,Anchor Studio,94.0,"Anchor Studio: stable=0.91, symmetry=0.94, centered=True, faces=1, face_area=0.0193"
SIR_Row_Live__Protests___Politics_Over_Poll_Panel___Govt_VS_Oppn___CEC___Rahul_G.mp4,769,5108.8,5155.733,46.933,Anchor Studio,94.0,"Anchor Studio: stable=0.93, symmetry=0.96, centered=True, faces=1, face_area=0.0169"
SIR_Row_Live__Protests___Politics_Over_Poll_Panel___Govt_VS_Oppn___CEC___Rahul_G.mp4,770,5155.8,5156.533,0.733,Anchor Studio,72.0,"Anchor Studio: stable=0.59, symmetry=0.78, centered=True, faces=1, face_area=0.0102"
SIR_Row_Live__Protests___Politics_Over_Poll_Panel___Govt_VS_Oppn___CEC___Rahul_G.mp4,771,5156.6,5170.133,13.533,Title Card,78.0,"Title Card: headline=0.7940, textcov=0.9483, stability=0.89"
SIR_Row_Live__Protests___Politics_Over_Poll_Panel___Govt_VS_Oppn___CEC___Rahul_G.mp4,772,5170.2,5182.333,12.133,Anchor Studio,84.0,"Anchor Studio: stable=0.88, symmetry=0.92, centered=True, faces=1, face_area=0.0048"
SIR_Row_Live__Protests___Politics_Over_Poll_Panel___Govt_VS_Oppn___CEC___Rahul_G.mp4,773,5182.4,5258.333,75.933,Anchor Studio,82.0,"Anchor Studio: stable=0.91, symmetry=0.92, centered=False, faces=2, face_area=0.0162"
SIR_Row_Live__Protests___Politics_Over_Poll_Panel___Govt_VS_Oppn___CEC___Rahul_G.mp4,774,5258.4,5264.133,5.733,Field Report,68.0,"Field Report: motion=0.0298, faces=1, centered=False, symmetry=0.82"
SIR_Row_Live__Protests___Politics_Over_Poll_Panel___Govt_VS_Oppn___CEC___Rahul_G.mp4,775,5264.2,5288.8,24.6,Anchor Studio,94.0,"Anchor Studio: stable=0.85, symmetry=0.80, centered=True, faces=2, face_area=0.0153"
SIR_Row_Live__Protests___Politics_Over_Poll_Panel___Govt_VS_Oppn___CEC___Rahul_G.mp4,776,5288.867,5291.067,2.2,Title Card,74.0,"Title Card: headline=0.4118, textcov=0.5494, stability=0.82"
SIR_Row_Live__Protests___Politics_Over_Poll_Panel___Govt_VS_Oppn___CEC___Rahul_G.mp4,777,5291.133,5313.6,22.467,Title Card,78.0,"Title Card: headline=0.8503, textcov=0.9519, stability=0.90"
SIR_Row_Live__Protests___Politics_Over_Poll_Panel___Govt_VS_Oppn___CEC___Rahul_G.mp4,778,5313.667,5343.667,30.0,Anchor Studio,84.0,"Anchor Studio: stable=0.90, symmetry=0.80, centered=True, faces=1, face_area=0.0001"
SIR_Row_Live__Protests___Politics_Over_Poll_Panel___Govt_VS_Oppn___CEC___Rahul_G.mp4,779,5343.733,5347.733,4.0,Title Card,78.0,"Title Card: headline=1.0246, textcov=1.1536, stability=0.87"
SIR_Row_Live__Protests___Politics_Over_Poll_Panel___Govt_VS_Oppn___CEC___Rahul_G.mp4,780,5347.8,5393.267,45.467,Anchor Studio,94.0,"Anchor Studio: stable=0.91, symmetry=0.83, centered=True, faces=2, face_area=0.0220"
SIR_Row_Live__Protests___Politics_Over_Poll_Panel___Govt_VS_Oppn___CEC___Rahul_G.mp4,781,5393.333,5395.867,2.534,Title Card,78.0,"Title Card: headline=1.0659, textcov=1.1063, stability=0.84"
SIR_Row_Live__Protests___Politics_Over_Poll_Panel___Govt_VS_Oppn___CEC___Rahul_G.mp4,782,5395.933,5400.6,4.667,Title Card,78.0,"Title Card: headline=0.9591, textcov=1.0110, stability=0.85"
SIR_Row_Live__Protests___Politics_Over_Poll_Panel___Govt_VS_Oppn___CEC___Rahul_G.mp4,783,5400.667,5405.133,4.466,Title Card,78.0,"Title Card: headline=0.9668, textcov=0.9953, stability=0.81"
SIR_Row_Live__Protests___Politics_Over_Poll_Panel___Govt_VS_Oppn___CEC___Rahul_G.mp4,784,5405.2,5406.467,1.267,Title Card,78.0,"Title Card: headline=1.0055, textcov=1.1510, stability=0.84"
SIR_Row_Live__Protests___Politics_Over_Poll_Panel___Govt_VS_Oppn___CEC___Rahul_G.mp4,785,5406.533,5410.133,3.6,Title Card,78.0,"Title Card: headline=1.1999, textcov=1.2608, stability=0.89"
SIR_Row_Live__Protests___Politics_Over_Poll_Panel___Govt_VS_Oppn___CEC___Rahul_G.mp4,786,5410.2,5413.067,2.867,Title Card,68.0,"Title Card: headline=0.8922, textcov=0.9562, stability=0.77"
SIR_Row_Live__Protests___Politics_Over_Poll_Panel___Govt_VS_Oppn___CEC___Rahul_G.mp4,787,5413.133,5415.067,1.934,Title Card,68.0,"Title Card: headline=0.8655, textcov=0.9014, stability=0.80"
SIR_Row_Live__Protests___Politics_Over_Poll_Panel___Govt_VS_Oppn___CEC___Rahul_G.mp4,788,5415.133,5417.467,2.334,Title Card,78.0,"Title Card: headline=0.9338, textcov=1.0191, stability=0.89"
SIR_Row_Live__Protests___Politics_Over_Poll_Panel___Govt_VS_Oppn___CEC___Rahul_G.mp4,789,5417.533,5420.133,2.6,Title Card,78.0,"Title Card: headline=0.9008, textcov=0.9594, stability=0.81"
SIR_Row_Live__Protests___Politics_Over_Poll_Panel___Govt_VS_Oppn___CEC___Rahul_G.mp4,790,5420.2,5424.667,4.467,Title Card,78.0,"Title Card: headline=1.0006, textcov=1.0343, stability=0.87"
SIR_Row_Live__Protests___Politics_Over_Poll_Panel___Govt_VS_Oppn___CEC___Rahul_G.mp4,791,5424.733,5428.467,3.734,Title Card,78.0,"Title Card: headline=1.1354, textcov=1.1603, stability=0.85"
SIR_Row_Live__Protests___Politics_Over_Poll_Panel___Govt_VS_Oppn___CEC___Rahul_G.mp4,792,5428.533,5429.067,0.534,Title Card,68.0,"Title Card: headline=1.4496, textcov=1.5154, stability=0.79"
SIR_Row_Live__Protests___Politics_Over_Poll_Panel___Govt_VS_Oppn___CEC___Rahul_G.mp4,793,5429.133,5446.133,17.0,Anchor Studio,84.0,"Anchor Studio: stable=0.90, symmetry=0.87, centered=True, faces=1, face_area=0.0034"
SIR_Row_Live__Protests___Politics_Over_Poll_Panel___Govt_VS_Oppn___CEC___Rahul_G.mp4,794,5446.2,5447.667,1.467,Title Card,78.0,"Title Card: headline=0.8882, textcov=0.9940, stability=0.82"
SIR_Row_Live__Protests___Politics_Over_Poll_Panel___Govt_VS_Oppn___CEC___Rahul_G.mp4,795,5447.733,5450.133,2.4,Title Card,78.0,"Title Card: headline=1.2506, textcov=1.3688, stability=0.93"
SIR_Row_Live__Protests___Politics_Over_Poll_Panel___Govt_VS_Oppn___CEC___Rahul_G.mp4,796,5450.2,5462.267,12.067,Title Card,78.0,"Title Card: headline=0.9891, textcov=1.1152, stability=0.90"
SIR_Row_Live__Protests___Politics_Over_Poll_Panel___Govt_VS_Oppn___CEC___Rahul_G.mp4,797,5462.333,5463.467,1.134,Title Card,78.0,"Title Card: headline=0.6868, textcov=0.8295, stability=0.81"
SIR_Row_Live__Protests___Politics_Over_Poll_Panel___Govt_VS_Oppn___CEC___Rahul_G.mp4,798,5463.533,5464.667,1.134,B-Roll,70.0,"B-Roll: motion=0.0749, edge=0.1376, face_area=0.0000, symmetry=0.95"
SIR_Row_Live__Protests___Politics_Over_Poll_Panel___Govt_VS_Oppn___CEC___Rahul_G.mp4,799,5464.733,5465.733,1.0,Title Card,78.0,"Title Card: headline=0.8295, textcov=0.9316, stability=0.88"
SIR_Row_Live__Protests___Politics_Over_Poll_Panel___Govt_VS_Oppn___CEC___Rahul_G.mp4,800,5465.8,5467.067,1.267,Title Card,78.0,"Title Card: headline=0.8157, textcov=0.9473, stability=0.89"
SIR_Row_Live__Protests___Politics_Over_Poll_Panel___Govt_VS_Oppn___CEC___Rahul_G.mp4,801,5467.133,5472.467,5.334,Title Card,78.0,"Title Card: headline=0.9088, textcov=1.0460, stability=0.90"
SIR_Row_Live__Protests___Politics_Over_Poll_Panel___Govt_VS_Oppn___CEC___Rahul_G.mp4,802,5472.533,5475.467,2.934,Title Card,78.0,"Title Card: headline=0.9891, textcov=1.1116, stability=0.90"
SIR_Row_Live__Protests___Politics_Over_Poll_Panel___Govt_VS_Oppn___CEC___Rahul_G.mp4,803,5475.533,5476.333,0.8,Anchor Studio,84.0,"Anchor Studio: stable=0.00, symmetry=0.97, centered=True, faces=2, face_area=0.0114"
SIR_Row_Live__Protests___Politics_Over_Poll_Panel___Govt_VS_Oppn___CEC___Rahul_G.mp4,804,5476.4,5481.133,4.733,Anchor Studio,94.0,"Anchor Studio: stable=0.87, symmetry=0.99, centered=True, faces=2, face_area=0.0434"
SIR_Row_Live__Protests___Politics_Over_Poll_Panel___Govt_VS_Oppn___CEC___Rahul_G.mp4,805,5481.2,5483.067,1.867,Anchor Studio,94.0,"Anchor Studio: stable=0.83, symmetry=0.99, centered=True, faces=2, face_area=0.0490"
SIR_Row_Live__Protests___Politics_Over_Poll_Panel___Govt_VS_Oppn___CEC___Rahul_G.mp4,806,5483.133,5484.2,1.067,Anchor Studio,94.0,"Anchor Studio: stable=0.90, symmetry=1.00, centered=True, faces=3, face_area=0.1161"
SIR_Row_Live__Protests___Politics_Over_Poll_Panel___Govt_VS_Oppn___CEC___Rahul_G.mp4,807,5484.267,5487.467,3.2,Anchor Studio,94.0,"Anchor Studio: stable=0.92, symmetry=0.99, centered=True, faces=2, face_area=0.0394"
SIR_Row_Live__Protests___Politics_Over_Poll_Panel___Govt_VS_Oppn___CEC___Rahul_G.mp4,808,5487.533,5492.267,4.734,Anchor Studio,94.0,"Anchor Studio: stable=0.86, symmetry=0.98, centered=True, faces=3, face_area=0.0537"
SIR_Row_Live__Protests___Politics_Over_Poll_Panel___Govt_VS_Oppn___CEC___Rahul_G.mp4,809,5492.333,5493.667,1.334,Anchor Studio,94.0,"Anchor Studio: stable=0.89, symmetry=0.98, centered=True, faces=2, face_area=0.0480"
SIR_Row_Live__Protests___Politics_Over_Poll_Panel___Govt_VS_Oppn___CEC___Rahul_G.mp4,810,5493.733,5501.6,7.867,Anchor Studio,94.0,"Anchor Studio: stable=0.83, symmetry=0.96, centered=True, faces=3, face_area=0.0495"
SIR_Row_Live__Protests___Politics_Over_Poll_Panel___Govt_VS_Oppn___CEC___Rahul_G.mp4,811,5501.667,5503.8,2.133,Anchor Studio,94.0,"Anchor Studio: stable=0.84, symmetry=0.95, centered=True, faces=2, face_area=0.0299"
SIR_Row_Live__Protests___Politics_Over_Poll_Panel___Govt_VS_Oppn___CEC___Rahul_G.mp4,812,5503.867,5523.667,19.8,Title Card,78.0,"Title Card: headline=1.0348, textcov=1.1672, stability=0.93"
SIR_Row_Live__Protests___Politics_Over_Poll_Panel___Govt_VS_Oppn___CEC___Rahul_G.mp4,813,5523.733,5525.867,2.134,Title Card,78.0,"Title Card: headline=0.6007, textcov=0.7887, stability=0.88"
SIR_Row_Live__Protests___Politics_Over_Poll_Panel___Govt_VS_Oppn___CEC___Rahul_G.mp4,814,5525.933,5526.6,0.667,B-Roll,70.0,"B-Roll: motion=0.0587, edge=0.0919, face_area=0.0000, symmetry=0.76"
SIR_Row_Live__Protests___Politics_Over_Poll_Panel___Govt_VS_Oppn___CEC___Rahul_G.mp4,815,5526.667,5540.6,13.933,Title Card,78.0,"Title Card: headline=0.9556, textcov=1.1033, stability=0.89"
SIR_Row_Live__Protests___Politics_Over_Poll_Panel___Govt_VS_Oppn___CEC___Rahul_G.mp4,816,5540.667,5563.467,22.8,Title Card,78.0,"Title Card: headline=1.0132, textcov=1.1168, stability=0.92"
SIR_Row_Live__Protests___Politics_Over_Poll_Panel___Govt_VS_Oppn___CEC___Rahul_G.mp4,817,5563.533,5584.867,21.334,Anchor Studio,84.0,"Anchor Studio: stable=0.88, symmetry=0.87, centered=True, faces=1, face_area=0.0027"
SIR_Row_Live__Protests___Politics_Over_Poll_Panel___Govt_VS_Oppn___CEC___Rahul_G.mp4,818,5584.933,5600.933,16.0,Anchor Studio,94.0,"Anchor Studio: stable=0.85, symmetry=0.87, centered=True, faces=1, face_area=0.0191"
SIR_Row_Live__Protests___Politics_Over_Poll_Panel___Govt_VS_Oppn___CEC___Rahul_G.mp4,819,5601.0,5659.0,58.0,Anchor Studio,84.0,"Anchor Studio: stable=0.88, symmetry=0.85, centered=True, faces=1, face_area=0.0031"
SIR_Row_Live__Protests___Politics_Over_Poll_Panel___Govt_VS_Oppn___CEC___Rahul_G.mp4,820,5659.067,5660.467,1.4,B-Roll,70.0,"B-Roll: motion=0.0342, edge=0.1396, face_area=0.0018, symmetry=0.75"
SIR_Row_Live__Protests___Politics_Over_Poll_Panel___Govt_VS_Oppn___CEC___Rahul_G.mp4,821,5660.533,5725.267,64.734,Anchor Studio,94.0,"Anchor Studio: stable=0.85, symmetry=0.85, centered=True, faces=2, face_area=0.0118"
SIR_Row_Live__Protests___Politics_Over_Poll_Panel___Govt_VS_Oppn___CEC___Rahul_G.mp4,822,5725.333,5726.133,0.8,B-Roll,70.0,"B-Roll: motion=0.0375, edge=0.1026, face_area=0.0000, symmetry=0.81"
SIR_Row_Live__Protests___Politics_Over_Poll_Panel___Govt_VS_Oppn___CEC___Rahul_G.mp4,823,5726.2,5728.533,2.333,Anchor Studio,72.0,"Anchor Studio: stable=0.74, symmetry=0.99, centered=False, faces=1, face_area=0.0166"
SIR_Row_Live__Protests___Politics_Over_Poll_Panel___Govt_VS_Oppn___CEC___Rahul_G.mp4,824,5728.6,5733.533,4.933,Anchor Studio,82.0,"Anchor Studio: stable=0.84, symmetry=0.91, centered=False, faces=1, face_area=0.0212"
SIR_Row_Live__Protests___Politics_Over_Poll_Panel___Govt_VS_Oppn___CEC___Rahul_G.mp4,825,5733.6,5738.133,4.533,Anchor Studio,82.0,"Anchor Studio: stable=0.80, symmetry=0.95, centered=False, faces=1, face_area=0.0202"
SIR_Row_Live__Protests___Politics_Over_Poll_Panel___Govt_VS_Oppn___CEC___Rahul_G.mp4,826,5738.2,5740.0,1.8,Anchor Studio,82.0,"Anchor Studio: stable=0.85, symmetry=0.94, centered=False, faces=1, face_area=0.0212"
SIR_Row_Live__Protests___Politics_Over_Poll_Panel___Govt_VS_Oppn___CEC___Rahul_G.mp4,827,5740.067,5743.133,3.066,Anchor Studio,82.0,"Anchor Studio: stable=0.84, symmetry=0.95, centered=False, faces=1, face_area=0.0198"
SIR_Row_Live__Protests___Politics_Over_Poll_Panel___Govt_VS_Oppn___CEC___Rahul_G.mp4,828,5743.2,5748.067,4.867,Anchor Studio,82.0,"Anchor Studio: stable=0.84, symmetry=0.95, centered=False, faces=1, face_area=0.0211"
SIR_Row_Live__Protests___Politics_Over_Poll_Panel___Govt_VS_Oppn___CEC___Rahul_G.mp4,829,5748.133,5753.067,4.934,Anchor Studio,82.0,"Anchor Studio: stable=0.87, symmetry=0.95, centered=False, faces=1, face_area=0.0178"
SIR_Row_Live__Protests___Politics_Over_Poll_Panel___Govt_VS_Oppn___CEC___Rahul_G.mp4,830,5753.133,5754.333,1.2,Anchor Studio,82.0,"Anchor Studio: stable=0.80, symmetry=0.96, centered=False, faces=1, face_area=0.0142"
SIR_Row_Live__Protests___Politics_Over_Poll_Panel___Govt_VS_Oppn___CEC___Rahul_G.mp4,831,5754.4,5757.667,3.267,Anchor Studio,82.0,"Anchor Studio: stable=0.75, symmetry=0.94, centered=False, faces=1, face_area=0.0109"
SIR_Row_Live__Protests___Politics_Over_Poll_Panel___Govt_VS_Oppn___CEC___Rahul_G.mp4,832,5757.733,5766.333,8.6,Anchor Studio,94.0,"Anchor Studio: stable=0.86, symmetry=0.94, centered=True, faces=2, face_area=0.0156"
SIR_Row_Live__Protests___Politics_Over_Poll_Panel___Govt_VS_Oppn___CEC___Rahul_G.mp4,833,5766.4,5769.267,2.867,Anchor Studio,94.0,"Anchor Studio: stable=0.88, symmetry=0.98, centered=True, faces=2, face_area=0.0149"
SIR_Row_Live__Protests___Politics_Over_Poll_Panel___Govt_VS_Oppn___CEC___Rahul_G.mp4,834,5769.333,5775.267,5.934,Anchor Studio,94.0,"Anchor Studio: stable=0.81, symmetry=0.93, centered=True, faces=3, face_area=0.0156"
SIR_Row_Live__Protests___Politics_Over_Poll_Panel___Govt_VS_Oppn___CEC___Rahul_G.mp4,835,5775.333,5775.933,0.6,B-Roll,70.0,"B-Roll: motion=0.0613, edge=0.0846, face_area=0.0039, symmetry=0.78"
SIR_Row_Live__Protests___Politics_Over_Poll_Panel___Govt_VS_Oppn___CEC___Rahul_G.mp4,836,5776.0,5781.0,5.0,Anchor Studio,94.0,"Anchor Studio: stable=0.77, symmetry=0.95, centered=True, faces=2, face_area=0.0227"
SIR_Row_Live__Protests___Politics_Over_Poll_Panel___Govt_VS_Oppn___CEC___Rahul_G.mp4,837,5781.067,5782.333,1.266,Anchor Studio,94.0,"Anchor Studio: stable=0.92, symmetry=0.99, centered=True, faces=2, face_area=0.0269"
SIR_Row_Live__Protests___Politics_Over_Poll_Panel___Govt_VS_Oppn___CEC___Rahul_G.mp4,838,5782.4,5789.667,7.267,Anchor Studio,94.0,"Anchor Studio: stable=0.85, symmetry=0.98, centered=True, faces=2, face_area=0.0213"
SIR_Row_Live__Protests___Politics_Over_Poll_Panel___Govt_VS_Oppn___CEC___Rahul_G.mp4,839,5789.733,5790.467,0.734,Anchor Studio,84.0,"Anchor Studio: stable=0.63, symmetry=0.97, centered=True, faces=2, face_area=0.0243"
SIR_Row_Live__Protests___Politics_Over_Poll_Panel___Govt_VS_Oppn___CEC___Rahul_G.mp4,840,5790.533,5796.133,5.6,Anchor Studio,94.0,"Anchor Studio: stable=0.87, symmetry=0.93, centered=True, faces=2, face_area=0.0302"
SIR_Row_Live__Protests___Politics_Over_Poll_Panel___Govt_VS_Oppn___CEC___Rahul_G.mp4,841,5796.2,5797.533,1.333,Anchor Studio,94.0,"Anchor Studio: stable=0.81, symmetry=0.85, centered=True, faces=1, face_area=0.0244"
SIR_Row_Live__Protests___Politics_Over_Poll_Panel___Govt_VS_Oppn___CEC___Rahul_G.mp4,842,5797.6,5800.133,2.533,Anchor Studio,94.0,"Anchor Studio: stable=0.79, symmetry=0.95, centered=True, faces=1, face_area=0.0163"
SIR_Row_Live__Protests___Politics_Over_Poll_Panel___Govt_VS_Oppn___CEC___Rahul_G.mp4,843,5800.2,5802.733,2.533,Anchor Studio,94.0,"Anchor Studio: stable=0.82, symmetry=0.96, centered=True, faces=2, face_area=0.0305"
SIR_Row_Live__Protests___Politics_Over_Poll_Panel___Govt_VS_Oppn___CEC___Rahul_G.mp4,844,5802.8,5806.533,3.733,Anchor Studio,94.0,"Anchor Studio: stable=0.85, symmetry=0.98, centered=True, faces=2, face_area=0.0255"
SIR_Row_Live__Protests___Politics_Over_Poll_Panel___Govt_VS_Oppn___CEC___Rahul_G.mp4,845,5806.6,5811.533,4.933,Anchor Studio,94.0,"Anchor Studio: stable=0.83, symmetry=0.99, centered=True, faces=2, face_area=0.0229"
SIR_Row_Live__Protests___Politics_Over_Poll_Panel___Govt_VS_Oppn___CEC___Rahul_G.mp4,846,5811.6,5812.867,1.267,Anchor Studio,84.0,"Anchor Studio: stable=0.77, symmetry=0.99, centered=True, faces=1, face_area=0.0010"
SIR_Row_Live__Protests___Politics_Over_Poll_Panel___Govt_VS_Oppn___CEC___Rahul_G.mp4,847,5812.933,5816.133,3.2,Anchor Studio,94.0,"Anchor Studio: stable=0.81, symmetry=0.98, centered=True, faces=2, face_area=0.0252"
SIR_Row_Live__Protests___Politics_Over_Poll_Panel___Govt_VS_Oppn___CEC___Rahul_G.mp4,848,5816.2,5817.267,1.067,Anchor Studio,94.0,"Anchor Studio: stable=0.84, symmetry=0.99, centered=True, faces=2, face_area=0.0372"
SIR_Row_Live__Protests___Politics_Over_Poll_Panel___Govt_VS_Oppn___CEC___Rahul_G.mp4,849,5817.333,5821.933,4.6,Anchor Studio,94.0,"Anchor Studio: stable=0.83, symmetry=0.99, centered=True, faces=2, face_area=0.0246"
SIR_Row_Live__Protests___Politics_Over_Poll_Panel___Govt_VS_Oppn___CEC___Rahul_G.mp4,850,5822.0,5826.067,4.067,Anchor Studio,94.0,"Anchor Studio: stable=0.85, symmetry=0.98, centered=True, faces=2, face_area=0.0216"
SIR_Row_Live__Protests___Politics_Over_Poll_Panel___Govt_VS_Oppn___CEC___Rahul_G.mp4,851,5826.133,5831.933,5.8,Anchor Studio,94.0,"Anchor Studio: stable=0.82, symmetry=0.96, centered=True, faces=2, face_area=0.0259"
SIR_Row_Live__Protests___Politics_Over_Poll_Panel___Govt_VS_Oppn___CEC___Rahul_G.mp4,852,5832.0,5833.533,1.533,Anchor Studio,94.0,"Anchor Studio: stable=0.81, symmetry=0.94, centered=True, faces=1, face_area=0.0221"
SIR_Row_Live__Protests___Politics_Over_Poll_Panel___Govt_VS_Oppn___CEC___Rahul_G.mp4,853,5833.6,5834.333,0.733,Anchor Studio,72.0,"Anchor Studio: stable=0.60, symmetry=0.78, centered=True, faces=2, face_area=0.0152"
SIR_Row_Live__Protests___Politics_Over_Poll_Panel___Govt_VS_Oppn___CEC___Rahul_G.mp4,854,5834.4,5835.6,1.2,B-Roll,70.0,"B-Roll: motion=0.0372, edge=0.1133, face_area=0.0000, symmetry=0.88"
SIR_Row_Live__Protests___Politics_Over_Poll_Panel___Govt_VS_Oppn___CEC___Rahul_G.mp4,855,5835.667,5839.733,4.066,Anchor Studio,84.0,"Anchor Studio: stable=0.81, symmetry=0.95, centered=True, faces=2, face_area=0.0092"
SIR_Row_Live__Protests___Politics_Over_Poll_Panel___Govt_VS_Oppn___CEC___Rahul_G.mp4,856,5839.8,5844.733,4.933,Anchor Studio,94.0,"Anchor Studio: stable=0.81, symmetry=0.84, centered=True, faces=2, face_area=0.0183"
SIR_Row_Live__Protests___Politics_Over_Poll_Panel___Govt_VS_Oppn___CEC___Rahul_G.mp4,857,5844.8,5883.067,38.267,Anchor Studio,84.0,"Anchor Studio: stable=0.84, symmetry=0.93, centered=True, faces=1, face_area=0.0028"
SIR_Row_Live__Protests___Politics_Over_Poll_Panel___Govt_VS_Oppn___CEC___Rahul_G.mp4,858,5883.133,5910.467,27.334,Anchor Studio,94.0,"Anchor Studio: stable=0.89, symmetry=0.88, centered=True, faces=2, face_area=0.0112"
SIR_Row_Live__Protests___Politics_Over_Poll_Panel___Govt_VS_Oppn___CEC___Rahul_G.mp4,859,5910.533,5912.133,1.6,Anchor Studio,84.0,"Anchor Studio: stable=0.65, symmetry=0.88, centered=True, faces=4, face_area=0.0661"
SIR_Row_Live__Protests___Politics_Over_Poll_Panel___Govt_VS_Oppn___CEC___Rahul_G.mp4,860,5912.2,5913.333,1.133,Anchor Studio,94.0,"Anchor Studio: stable=0.85, symmetry=0.89, centered=True, faces=4, face_area=0.1213"
SIR_Row_Live__Protests___Politics_Over_Poll_Panel___Govt_VS_Oppn___CEC___Rahul_G.mp4,861,5913.4,5914.0,0.6,Field Report,68.0,"Field Report: motion=0.0486, faces=1, centered=False, symmetry=0.78"
SIR_Row_Live__Protests___Politics_Over_Poll_Panel___Govt_VS_Oppn___CEC___Rahul_G.mp4,862,5914.067,5918.267,4.2,Anchor Studio,84.0,"Anchor Studio: stable=0.74, symmetry=0.86, centered=True, faces=2, face_area=0.0389"
SIR_Row_Live__Protests___Politics_Over_Poll_Panel___Govt_VS_Oppn___CEC___Rahul_G.mp4,863,5918.333,5922.267,3.934,Anchor Studio,94.0,"Anchor Studio: stable=0.87, symmetry=0.99, centered=True, faces=3, face_area=0.1089"
SIR_Row_Live__Protests___Politics_Over_Poll_Panel___Govt_VS_Oppn___CEC___Rahul_G.mp4,864,5922.333,5932.133,9.8,Anchor Studio,94.0,"Anchor Studio: stable=0.90, symmetry=0.98, centered=True, faces=3, face_area=0.1186"
SIR_Row_Live__Protests___Politics_Over_Poll_Panel___Govt_VS_Oppn___CEC___Rahul_G.mp4,865,5932.2,5949.333,17.133,Anchor Studio,94.0,"Anchor Studio: stable=0.88, symmetry=0.97, centered=True, faces=3, face_area=0.1172"
SIR_Row_Live__Protests___Politics_Over_Poll_Panel___Govt_VS_Oppn___CEC___Rahul_G.mp4,866,5949.4,5951.933,2.533,Anchor Studio,94.0,"Anchor Studio: stable=0.90, symmetry=0.96, centered=True, faces=3, face_area=0.1197"
SIR_Row_Live__Protests___Politics_Over_Poll_Panel___Govt_VS_Oppn___CEC___Rahul_G.mp4,867,5952.0,5952.667,0.667,Anchor Studio,72.0,"Anchor Studio: stable=0.61, symmetry=0.76, centered=True, faces=2, face_area=0.0368"
SIR_Row_Live__Protests___Politics_Over_Poll_Panel___Govt_VS_Oppn___CEC___Rahul_G.mp4,868,5952.733,5953.867,1.134,Anchor Studio,74.0,"Anchor Studio: stable=0.62, symmetry=0.86, centered=True, faces=2, face_area=0.0082"
SIR_Row_Live__Protests___Politics_Over_Poll_Panel___Govt_VS_Oppn___CEC___Rahul_G.mp4,869,5953.933,5972.067,18.134,Anchor Studio,94.0,"Anchor Studio: stable=0.90, symmetry=0.84, centered=True, faces=2, face_area=0.0221"
SIR_Row_Live__Protests___Politics_Over_Poll_Panel___Govt_VS_Oppn___CEC___Rahul_G.mp4,870,5972.133,5977.2,5.067,Anchor Studio,94.0,"Anchor Studio: stable=0.84, symmetry=0.94, centered=True, faces=2, face_area=0.0194"
SIR_Row_Live__Protests___Politics_Over_Poll_Panel___Govt_VS_Oppn___CEC___Rahul_G.mp4,871,5977.267,5977.867,0.6,Anchor Studio,82.0,"Anchor Studio: stable=0.89, symmetry=0.97, centered=False, faces=1, face_area=0.0188"
SIR_Row_Live__Protests___Politics_Over_Poll_Panel___Govt_VS_Oppn___CEC___Rahul_G.mp4,872,5977.933,5979.133,1.2,B-Roll,70.0,"B-Roll: motion=0.0748, edge=0.1512, face_area=0.0000, symmetry=0.97"
SIR_Row_Live__Protests___Politics_Over_Poll_Panel___Govt_VS_Oppn___CEC___Rahul_G.mp4,873,5979.2,5979.933,0.733,Title Card,68.0,"Title Card: headline=0.8753, textcov=0.9637, stability=0.78"
SIR_Row_Live__Protests___Politics_Over_Poll_Panel___Govt_VS_Oppn___CEC___Rahul_G.mp4,874,5980.0,5981.4,1.4,Anchor Studio,82.0,"Anchor Studio: stable=0.88, symmetry=0.96, centered=False, faces=1, face_area=0.0183"
SIR_Row_Live__Protests___Politics_Over_Poll_Panel___Govt_VS_Oppn___CEC___Rahul_G.mp4,875,5981.467,5982.2,0.733,Anchor Studio,82.0,"Anchor Studio: stable=0.88, symmetry=0.94, centered=False, faces=1, face_area=0.0225"
SIR_Row_Live__Protests___Politics_Over_Poll_Panel___Govt_VS_Oppn___CEC___Rahul_G.mp4,876,5982.267,5986.733,4.466,Title Card,74.0,"Title Card: headline=0.8395, textcov=0.9501, stability=0.83"
SIR_Row_Live__Protests___Politics_Over_Poll_Panel___Govt_VS_Oppn___CEC___Rahul_G.mp4,877,5986.8,5989.2,2.4,Title Card,78.0,"Title Card: headline=0.8680, textcov=0.9769, stability=0.88"
SIR_Row_Live__Protests___Politics_Over_Poll_Panel___Govt_VS_Oppn___CEC___Rahul_G.mp4,878,5989.267,5990.733,1.466,Anchor Studio,74.0,"Anchor Studio: stable=0.41, symmetry=0.96, centered=True, faces=1, face_area=0.0027"
SIR_Row_Live__Protests___Politics_Over_Poll_Panel___Govt_VS_Oppn___CEC___Rahul_G.mp4,879,5990.8,5991.733,0.933,Anchor Studio,82.0,"Anchor Studio: stable=0.77, symmetry=0.95, centered=False, faces=1, face_area=0.0190"
SIR_Row_Live__Protests___Politics_Over_Poll_Panel___Govt_VS_Oppn___CEC___Rahul_G.mp4,880,5991.8,5996.733,4.933,Anchor Studio,94.0,"Anchor Studio: stable=0.84, symmetry=0.94, centered=True, faces=2, face_area=0.0211"
SIR_Row_Live__Protests___Politics_Over_Poll_Panel___Govt_VS_Oppn___CEC___Rahul_G.mp4,881,5996.8,5999.133,2.333,Anchor Studio,82.0,"Anchor Studio: stable=0.85, symmetry=0.96, centered=False, faces=1, face_area=0.0189"
SIR_Row_Live__Protests___Politics_Over_Poll_Panel___Govt_VS_Oppn___CEC___Rahul_G.mp4,882,5999.2,6001.733,2.533,Anchor Studio,82.0,"Anchor Studio: stable=0.85, symmetry=0.92, centered=False, faces=1, face_area=0.0148"
SIR_Row_Live__Protests___Politics_Over_Poll_Panel___Govt_VS_Oppn___CEC___Rahul_G.mp4,883,6001.8,6004.333,2.533,Anchor Studio,82.0,"Anchor Studio: stable=0.86, symmetry=0.92, centered=False, faces=1, face_area=0.0203"
SIR_Row_Live__Protests___Politics_Over_Poll_Panel___Govt_VS_Oppn___CEC___Rahul_G.mp4,884,6004.4,6006.267,1.867,Field Report,68.0,"Field Report: motion=0.0326, faces=1, centered=False, symmetry=0.97"
SIR_Row_Live__Protests___Politics_Over_Poll_Panel___Govt_VS_Oppn___CEC___Rahul_G.mp4,885,6006.333,6009.0,2.667,Anchor Studio,82.0,"Anchor Studio: stable=0.84, symmetry=0.97, centered=False, faces=1, face_area=0.0217"
SIR_Row_Live__Protests___Politics_Over_Poll_Panel___Govt_VS_Oppn___CEC___Rahul_G.mp4,886,6009.067,6010.467,1.4,Anchor Studio,82.0,"Anchor Studio: stable=0.84, symmetry=0.95, centered=False, faces=1, face_area=0.0214"
SIR_Row_Live__Protests___Politics_Over_Poll_Panel___Govt_VS_Oppn___CEC___Rahul_G.mp4,887,6010.533,6016.0,5.467,Anchor Studio,94.0,"Anchor Studio: stable=0.90, symmetry=0.86, centered=True, faces=2, face_area=0.0230"
SIR_Row_Live__Protests___Politics_Over_Poll_Panel___Govt_VS_Oppn___CEC___Rahul_G.mp4,888,6016.067,6078.867,62.8,Anchor Studio,94.0,"Anchor Studio: stable=0.92, symmetry=0.85, centered=True, faces=2, face_area=0.0198"
SIR_Row_Live__Protests___Politics_Over_Poll_Panel___Govt_VS_Oppn___CEC___Rahul_G.mp4,889,6078.933,6116.333,37.4,Anchor Studio,94.0,"Anchor Studio: stable=0.91, symmetry=0.92, centered=True, faces=1, face_area=0.0205"
SIR_Row_Live__Protests___Politics_Over_Poll_Panel___Govt_VS_Oppn___CEC___Rahul_G.mp4,890,6116.4,6119.133,2.733,Anchor Studio,94.0,"Anchor Studio: stable=0.81, symmetry=0.93, centered=True, faces=3, face_area=0.0703"
SIR_Row_Live__Protests___Politics_Over_Poll_Panel___Govt_VS_Oppn___CEC___Rahul_G.mp4,891,6119.2,6147.933,28.733,Anchor Studio,94.0,"Anchor Studio: stable=0.88, symmetry=0.95, centered=True, faces=4, face_area=0.1168"
SIR_Row_Live__Protests___Politics_Over_Poll_Panel___Govt_VS_Oppn___CEC___Rahul_G.mp4,892,6148.0,6152.067,4.067,Anchor Studio,94.0,"Anchor Studio: stable=0.91, symmetry=0.96, centered=True, faces=3, face_area=0.1083"
SIR_Row_Live__Protests___Politics_Over_Poll_Panel___Govt_VS_Oppn___CEC___Rahul_G.mp4,893,6152.133,6152.8,0.667,Anchor Studio,72.0,"Anchor Studio: stable=0.58, symmetry=0.78, centered=True, faces=1, face_area=0.0275"
SIR_Row_Live__Protests___Politics_Over_Poll_Panel___Govt_VS_Oppn___CEC___Rahul_G.mp4,894,6152.867,6182.533,29.666,Anchor Studio,82.0,"Anchor Studio: stable=0.90, symmetry=0.80, centered=True, faces=2, face_area=0.0243"
SIR_Row_Live__Protests___Politics_Over_Poll_Panel___Govt_VS_Oppn___CEC___Rahul_G.mp4,895,6182.6,6220.733,38.133,Title Card,74.0,"Title Card: headline=0.7720, textcov=0.9099, stability=0.92"
SIR_Row_Live__Protests___Politics_Over_Poll_Panel___Govt_VS_Oppn___CEC___Rahul_G.mp4,896,6220.8,6222.267,1.467,Anchor Studio,82.0,"Anchor Studio: stable=0.82, symmetry=0.94, centered=False, faces=1, face_area=0.0222"
SIR_Row_Live__Protests___Politics_Over_Poll_Panel___Govt_VS_Oppn___CEC___Rahul_G.mp4,897,6222.333,6223.667,1.334,Anchor Studio,82.0,"Anchor Studio: stable=0.83, symmetry=0.93, centered=False, faces=1, face_area=0.0194"
SIR_Row_Live__Protests___Politics_Over_Poll_Panel___Govt_VS_Oppn___CEC___Rahul_G.mp4,898,6223.733,6228.667,4.934,Anchor Studio,94.0,"Anchor Studio: stable=0.84, symmetry=0.94, centered=True, faces=2, face_area=0.0246"
SIR_Row_Live__Protests___Politics_Over_Poll_Panel___Govt_VS_Oppn___CEC___Rahul_G.mp4,899,6228.733,6233.2,4.467,Anchor Studio,82.0,"Anchor Studio: stable=0.81, symmetry=0.93, centered=False, faces=1, face_area=0.0116"
SIR_Row_Live__Protests___Politics_Over_Poll_Panel___Govt_VS_Oppn___CEC___Rahul_G.mp4,900,6233.267,6238.2,4.933,Anchor Studio,82.0,"Anchor Studio: stable=0.84, symmetry=0.93, centered=False, faces=1, face_area=0.0129"
SIR_Row_Live__Protests___Politics_Over_Poll_Panel___Govt_VS_Oppn___CEC___Rahul_G.mp4,901,6238.267,6239.2,0.933,Anchor Studio,82.0,"Anchor Studio: stable=0.87, symmetry=0.96, centered=False, faces=1, face_area=0.0180"
SIR_Row_Live__Protests___Politics_Over_Poll_Panel___Govt_VS_Oppn___CEC___Rahul_G.mp4,902,6239.267,6242.467,3.2,Anchor Studio,94.0,"Anchor Studio: stable=0.87, symmetry=0.97, centered=True, faces=3, face_area=0.0560"
SIR_Row_Live__Protests___Politics_Over_Poll_Panel___Govt_VS_Oppn___CEC___Rahul_G.mp4,903,6242.533,6246.133,3.6,Anchor Studio,94.0,"Anchor Studio: stable=0.89, symmetry=0.96, centered=True, faces=3, face_area=0.0677"
SIR_Row_Live__Protests___Politics_Over_Poll_Panel___Govt_VS_Oppn___CEC___Rahul_G.mp4,904,6246.2,6250.533,4.333,Anchor Studio,94.0,"Anchor Studio: stable=0.87, symmetry=0.96, centered=True, faces=4, face_area=0.0596"
SIR_Row_Live__Protests___Politics_Over_Poll_Panel___Govt_VS_Oppn___CEC___Rahul_G.mp4,905,6250.6,6252.333,1.733,Anchor Studio,94.0,"Anchor Studio: stable=0.82, symmetry=0.93, centered=True, faces=3, face_area=0.0661"
SIR_Row_Live__Protests___Politics_Over_Poll_Panel___Govt_VS_Oppn___CEC___Rahul_G.mp4,906,6252.4,6255.333,2.933,Anchor Studio,94.0,"Anchor Studio: stable=0.89, symmetry=0.96, centered=True, faces=3, face_area=0.0588"
SIR_Row_Live__Protests___Politics_Over_Poll_Panel___Govt_VS_Oppn___CEC___Rahul_G.mp4,907,6255.4,6258.6,3.2,Anchor Studio,94.0,"Anchor Studio: stable=0.86, symmetry=0.95, centered=True, faces=3, face_area=0.0533"
SIR_Row_Live__Protests___Politics_Over_Poll_Panel___Govt_VS_Oppn___CEC___Rahul_G.mp4,908,6258.667,6262.333,3.666,Anchor Studio,94.0,"Anchor Studio: stable=0.88, symmetry=0.97, centered=True, faces=4, face_area=0.0774"
SIR_Row_Live__Protests___Politics_Over_Poll_Panel___Govt_VS_Oppn___CEC___Rahul_G.mp4,909,6262.4,6263.267,0.867,Anchor Studio,94.0,"Anchor Studio: stable=0.82, symmetry=0.95, centered=True, faces=3, face_area=0.0485"
SIR_Row_Live__Protests___Politics_Over_Poll_Panel___Govt_VS_Oppn___CEC___Rahul_G.mp4,910,6263.333,6264.2,0.867,Anchor Studio,82.0,"Anchor Studio: stable=0.77, symmetry=0.95, centered=False, faces=2, face_area=0.0467"
SIR_Row_Live__Protests___Politics_Over_Poll_Panel___Govt_VS_Oppn___CEC___Rahul_G.mp4,911,6264.267,6266.733,2.466,Anchor Studio,94.0,"Anchor Studio: stable=0.89, symmetry=0.95, centered=True, faces=3, face_area=0.0448"
SIR_Row_Live__Protests___Politics_Over_Poll_Panel___Govt_VS_Oppn___CEC___Rahul_G.mp4,912,6266.8,6268.533,1.733,Anchor Studio,94.0,"Anchor Studio: stable=0.81, symmetry=0.91, centered=True, faces=3, face_area=0.0512"
SIR_Row_Live__Protests___Politics_Over_Poll_Panel___Govt_VS_Oppn___CEC___Rahul_G.mp4,913,6268.6,6272.333,3.733,Anchor Studio,94.0,"Anchor Studio: stable=0.88, symmetry=0.89, centered=True, faces=2, face_area=0.0185"
SIR_Row_Live__Protests___Politics_Over_Poll_Panel___Govt_VS_Oppn___CEC___Rahul_G.mp4,914,6272.4,6282.133,9.733,Anchor Studio,82.0,"Anchor Studio: stable=0.85, symmetry=0.86, centered=False, faces=2, face_area=0.0210"
SIR_Row_Live__Protests___Politics_Over_Poll_Panel___Govt_VS_Oppn___CEC___Rahul_G.mp4,915,6282.2,6286.733,4.533,Anchor Studio,94.0,"Anchor Studio: stable=0.86, symmetry=0.89, centered=True, faces=2, face_area=0.0221"
SIR_Row_Live__Protests___Politics_Over_Poll_Panel___Govt_VS_Oppn___CEC___Rahul_G.mp4,916,6286.8,6292.133,5.333,Anchor Studio,82.0,"Anchor Studio: stable=0.86, symmetry=0.88, centered=False, faces=2, face_area=0.0158"
SIR_Row_Live__Protests___Politics_Over_Poll_Panel___Govt_VS_Oppn___CEC___Rahul_G.mp4,917,6292.2,6302.333,10.133,Anchor Studio,94.0,"Anchor Studio: stable=0.84, symmetry=0.88, centered=True, faces=2, face_area=0.0215"
SIR_Row_Live__Protests___Politics_Over_Poll_Panel___Govt_VS_Oppn___CEC___Rahul_G.mp4,918,6302.4,6312.133,9.733,Anchor Studio,82.0,"Anchor Studio: stable=0.85, symmetry=0.85, centered=False, faces=1, face_area=0.0207"
SIR_Row_Live__Protests___Politics_Over_Poll_Panel___Govt_VS_Oppn___CEC___Rahul_G.mp4,919,6312.2,6316.533,4.333,Anchor Studio,82.0,"Anchor Studio: stable=0.89, symmetry=0.92, centered=False, faces=1, face_area=0.0174"
SIR_Row_Live__Protests___Politics_Over_Poll_Panel___Govt_VS_Oppn___CEC___Rahul_G.mp4,920,6316.6,6320.933,4.333,Anchor Studio,94.0,"Anchor Studio: stable=0.77, symmetry=0.91, centered=True, faces=3, face_area=0.0676"
SIR_Row_Live__Protests___Politics_Over_Poll_Panel___Govt_VS_Oppn___CEC___Rahul_G.mp4,921,6321.0,6321.667,0.667,Anchor Studio,72.0,"Anchor Studio: stable=0.58, symmetry=0.79, centered=True, faces=1, face_area=0.0371"
SIR_Row_Live__Protests___Politics_Over_Poll_Panel___Govt_VS_Oppn___CEC___Rahul_G.mp4,922,6321.733,6338.067,16.334,Anchor Studio,94.0,"Anchor Studio: stable=0.88, symmetry=0.92, centered=True, faces=3, face_area=0.0457"
SIR_Row_Live__Protests___Politics_Over_Poll_Panel___Govt_VS_Oppn___CEC___Rahul_G.mp4,923,6338.133,6350.467,12.334,Anchor Studio,94.0,"Anchor Studio: stable=0.78, symmetry=0.91, centered=True, faces=2, face_area=0.0280"
SIR_Row_Live__Protests___Politics_Over_Poll_Panel___Govt_VS_Oppn___CEC___Rahul_G.mp4,924,6350.533,6352.6,2.067,Anchor Studio,84.0,"Anchor Studio: stable=0.45, symmetry=0.99, centered=True, faces=2, face_area=0.0365"
SIR_Row_Live__Protests___Politics_Over_Poll_Panel___Govt_VS_Oppn___CEC___Rahul_G.mp4,925,6352.667,6358.067,5.4,Anchor Studio,72.0,"Anchor Studio: stable=0.58, symmetry=0.96, centered=False, faces=2, face_area=0.0286"
SIR_Row_Live__Protests___Politics_Over_Poll_Panel___Govt_VS_Oppn___CEC___Rahul_G.mp4,926,6358.133,6359.4,1.267,Anchor Studio,72.0,"Anchor Studio: stable=0.54, symmetry=0.95, centered=False, faces=2, face_area=0.0436"
SIR_Row_Live__Protests___Politics_Over_Poll_Panel___Govt_VS_Oppn___CEC___Rahul_G.mp4,927,6359.467,6361.6,2.133,Anchor Studio,72.0,"Anchor Studio: stable=0.56, symmetry=0.97, centered=False, faces=2, face_area=0.0433"
SIR_Row_Live__Protests___Politics_Over_Poll_Panel___Govt_VS_Oppn___CEC___Rahul_G.mp4,928,6361.667,6363.8,2.133,Anchor Studio,72.0,"Anchor Studio: stable=0.55, symmetry=0.95, centered=False, faces=2, face_area=0.0441"
SIR_Row_Live__Protests___Politics_Over_Poll_Panel___Govt_VS_Oppn___CEC___Rahul_G.mp4,929,6363.867,6386.467,22.6,Anchor Studio,94.0,"Anchor Studio: stable=0.88, symmetry=0.93, centered=True, faces=3, face_area=0.0401"
SIR_Row_Live__Protests___Politics_Over_Poll_Panel___Govt_VS_Oppn___CEC___Rahul_G.mp4,930,6386.533,6399.0,12.467,Anchor Studio,82.0,"Anchor Studio: stable=0.85, symmetry=0.92, centered=False, faces=3, face_area=0.0538"
SIR_Row_Live__Protests___Politics_Over_Poll_Panel___Govt_VS_Oppn___CEC___Rahul_G.mp4,931,6399.067,6421.4,22.333,Anchor Studio,82.0,"Anchor Studio: stable=0.85, symmetry=0.89, centered=False, faces=3, face_area=0.0529"
SIR_Row_Live__Protests___Politics_Over_Poll_Panel___Govt_VS_Oppn___CEC___Rahul_G.mp4,932,6421.467,6430.8,9.333,B-Roll,70.0,"B-Roll: motion=0.0649, edge=0.1383, face_area=0.0000, symmetry=0.86"
SIR_Row_Live__Protests___Politics_Over_Poll_Panel___Govt_VS_Oppn___CEC___Rahul_G.mp4,933,6430.867,6443.6,12.733,Anchor Studio,84.0,"Anchor Studio: stable=0.48, symmetry=0.91, centered=True, faces=3, face_area=0.0180"
SIR_Row_Live__Protests___Politics_Over_Poll_Panel___Govt_VS_Oppn___CEC___Rahul_G.mp4,934,6443.667,6446.667,3.0,Anchor Studio,74.0,"Anchor Studio: stable=0.26, symmetry=0.92, centered=True, faces=1, face_area=0.0030"
SIR_Row_Live__Protests___Politics_Over_Poll_Panel___Govt_VS_Oppn___CEC___Rahul_G.mp4,935,6446.733,6451.867,5.134,B-Roll,70.0,"B-Roll: motion=0.0608, edge=0.1685, face_area=0.0016, symmetry=0.84"
SIR_Row_Live__Protests___Politics_Over_Poll_Panel___Govt_VS_Oppn___CEC___Rahul_G.mp4,936,6451.933,6454.867,2.934,Anchor Studio,84.0,"Anchor Studio: stable=0.44, symmetry=0.95, centered=True, faces=2, face_area=0.0610"
SIR_Row_Live__Protests___Politics_Over_Poll_Panel___Govt_VS_Oppn___CEC___Rahul_G.mp4,937,6454.933,6459.667,4.734,B-Roll,70.0,"B-Roll: motion=0.0894, edge=0.1414, face_area=0.0006, symmetry=0.95"
SIR_Row_Live__Protests___Politics_Over_Poll_Panel___Govt_VS_Oppn___CEC___Rahul_G.mp4,938,6459.733,6467.4,7.667,Anchor Studio,74.0,"Anchor Studio: stable=0.15, symmetry=0.91, centered=True, faces=2, face_area=0.0041"
SIR_Row_Live__Protests___Politics_Over_Poll_Panel___Govt_VS_Oppn___CEC___Rahul_G.mp4,939,6467.467,6473.2,5.733,Anchor Studio,84.0,"Anchor Studio: stable=0.23, symmetry=0.93, centered=True, faces=2, face_area=0.0247"
SIR_Row_Live__Protests___Politics_Over_Poll_Panel___Govt_VS_Oppn___CEC___Rahul_G.mp4,940,6473.267,6476.067,2.8,Title Card,64.0,"Title Card: headline=0.8549, textcov=1.0386, stability=0.20"
SIR_Row_Live__Protests___Politics_Over_Poll_Panel___Govt_VS_Oppn___CEC___Rahul_G.mp4,941,6476.133,6478.333,2.2,Anchor Studio,84.0,"Anchor Studio: stable=0.17, symmetry=0.94, centered=True, faces=1, face_area=0.0117"
SIR_Row_Live__Protests___Politics_Over_Poll_Panel___Govt_VS_Oppn___CEC___Rahul_G.mp4,942,6478.4,6479.0,0.6,B-Roll,70.0,"B-Roll: motion=0.1275, edge=0.1634, face_area=0.0000, symmetry=0.99"
SIR_Row_Live__Protests___Politics_Over_Poll_Panel___Govt_VS_Oppn___CEC___Rahul_G.mp4,943,6479.067,6481.4,2.333,B-Roll,70.0,"B-Roll: motion=0.1015, edge=0.1651, face_area=0.0000, symmetry=0.97"
SIR_Row_Live__Protests___Politics_Over_Poll_Panel___Govt_VS_Oppn___CEC___Rahul_G.mp4,944,6481.467,6482.333,0.866,B-Roll,70.0,"B-Roll: motion=0.0638, edge=0.1290, face_area=0.0000, symmetry=0.99"
SIR_Row_Live__Protests___Politics_Over_Poll_Panel___Govt_VS_Oppn___CEC___Rahul_G.mp4,945,6482.4,6483.333,0.933,B-Roll,70.0,"B-Roll: motion=0.0487, edge=0.1451, face_area=0.0000, symmetry=0.84"
SIR_Row_Live__Protests___Politics_Over_Poll_Panel___Govt_VS_Oppn___CEC___Rahul_G.mp4,946,6483.4,6492.6,9.2,B-Roll,70.0,"B-Roll: motion=0.0273, edge=0.1865, face_area=0.0000, symmetry=0.95"
SIR_Row_Live__Protests___Politics_Over_Poll_Panel___Govt_VS_Oppn___CEC___Rahul_G.mp4,947,6492.667,6528.267,35.6,Title Card,78.0,"Title Card: headline=0.2655, textcov=0.3865, stability=0.92"
SIR_Row_Live__Protests___Politics_Over_Poll_Panel___Govt_VS_Oppn___CEC___Rahul_G.mp4,948,6528.333,6531.4,3.067,Anchor Studio,84.0,"Anchor Studio: stable=0.04, symmetry=0.90, centered=True, faces=2, face_area=0.0165"
SIR_Row_Live__Protests___Politics_Over_Poll_Panel___Govt_VS_Oppn___CEC___Rahul_G.mp4,949,6531.467,6533.133,1.666,Title Card,78.0,"Title Card: headline=0.5819, textcov=0.8071, stability=0.85"
SIR_Row_Live__Protests___Politics_Over_Poll_Panel___Govt_VS_Oppn___CEC___Rahul_G.mp4,950,6533.2,6534.6,1.4,Title Card,78.0,"Title Card: headline=0.5611, textcov=0.6624, stability=0.86"
SIR_Row_Live__Protests___Politics_Over_Poll_Panel___Govt_VS_Oppn___CEC___Rahul_G.mp4,951,6534.667,6535.4,0.733,Anchor Studio,84.0,"Anchor Studio: stable=0.70, symmetry=0.93, centered=True, faces=1, face_area=0.0299"
SIR_Row_Live__Protests___Politics_Over_Poll_Panel___Govt_VS_Oppn___CEC___Rahul_G.mp4,952,6535.467,6537.333,1.866,B-Roll,70.0,"B-Roll: motion=0.0672, edge=0.1645, face_area=0.0000, symmetry=0.93"
SIR_Row_Live__Protests___Politics_Over_Poll_Panel___Govt_VS_Oppn___CEC___Rahul_G.mp4,953,6537.4,6538.6,1.2,Anchor Studio,74.0,"Anchor Studio: stable=0.65, symmetry=0.98, centered=True, faces=1, face_area=0.0009"
SIR_Row_Live__Protests___Politics_Over_Poll_Panel___Govt_VS_Oppn___CEC___Rahul_G.mp4,954,6538.667,6541.0,2.333,Anchor Studio,84.0,"Anchor Studio: stable=0.87, symmetry=0.87, centered=True, faces=1, face_area=0.0057"
SIR_Row_Live__Protests___Politics_Over_Poll_Panel___Govt_VS_Oppn___CEC___Rahul_G.mp4,955,6541.067,6545.067,4.0,Anchor Studio,74.0,"Anchor Studio: stable=0.46, symmetry=0.91, centered=True, faces=1, face_area=0.0011"
SIR_Row_Live__Protests___Politics_Over_Poll_Panel___Govt_VS_Oppn___CEC___Rahul_G.mp4,956,6545.133,6549.133,4.0,Anchor Studio,74.0,"Anchor Studio: stable=0.60, symmetry=0.95, centered=True, faces=1, face_area=0.0063"
SIR_Row_Live__Protests___Politics_Over_Poll_Panel___Govt_VS_Oppn___CEC___Rahul_G.mp4,957,6549.2,6553.333,4.133,Anchor Studio,84.0,"Anchor Studio: stable=0.61, symmetry=0.94, centered=True, faces=2, face_area=0.0420"
SIR_Row_Live__Protests___Politics_Over_Poll_Panel___Govt_VS_Oppn___CEC___Rahul_G.mp4,958,6553.4,6578.667,25.267,Anchor Studio,94.0,"Anchor Studio: stable=0.88, symmetry=0.95, centered=True, faces=4, face_area=0.0991"
SIR_Row_Live__Protests___Politics_Over_Poll_Panel___Govt_VS_Oppn___CEC___Rahul_G.mp4,959,6578.733,6579.6,0.867,Anchor Studio,84.0,"Anchor Studio: stable=0.88, symmetry=0.93, centered=True, faces=1, face_area=0.0096"
SIR_Row_Live__Protests___Politics_Over_Poll_Panel___Govt_VS_Oppn___CEC___Rahul_G.mp4,960,6579.667,6580.933,1.266,Anchor Studio,94.0,"Anchor Studio: stable=0.83, symmetry=0.90, centered=True, faces=1, face_area=0.0190"
SIR_Row_Live__Protests___Politics_Over_Poll_Panel___Govt_VS_Oppn___CEC___Rahul_G.mp4,961,6581.0,6582.133,1.133,Anchor Studio,82.0,"Anchor Studio: stable=0.86, symmetry=0.89, centered=False, faces=1, face_area=0.0273"
SIR_Row_Live__Protests___Politics_Over_Poll_Panel___Govt_VS_Oppn___CEC___Rahul_G.mp4,962,6582.2,6585.6,3.4,Anchor Studio,82.0,"Anchor Studio: stable=0.90, symmetry=0.87, centered=False, faces=1, face_area=0.0212"
SIR_Row_Live__Protests___Politics_Over_Poll_Panel___Govt_VS_Oppn___CEC___Rahul_G.mp4,963,6585.667,6593.4,7.733,Anchor Studio,82.0,"Anchor Studio: stable=0.92, symmetry=0.88, centered=False, faces=1, face_area=0.0245"
SIR_Row_Live__Protests___Politics_Over_Poll_Panel___Govt_VS_Oppn___CEC___Rahul_G.mp4,964,6593.467,6595.2,1.733,Anchor Studio,72.0,"Anchor Studio: stable=0.66, symmetry=0.80, centered=False, faces=1, face_area=0.0278"
SIR_Row_Live__Protests___Politics_Over_Poll_Panel___Govt_VS_Oppn___CEC___Rahul_G.mp4,965,6595.267,6598.733,3.466,Title Card,74.0,"Title Card: headline=0.8004, textcov=0.9300, stability=0.85"
SIR_Row_Live__Protests___Politics_Over_Poll_Panel___Govt_VS_Oppn___CEC___Rahul_G.mp4,966,6598.8,6601.8,3.0,Anchor Studio,94.0,"Anchor Studio: stable=0.89, symmetry=0.84, centered=True, faces=3, face_area=0.0521"
SIR_Row_Live__Protests___Politics_Over_Poll_Panel___Govt_VS_Oppn___CEC___Rahul_G.mp4,967,6601.867,6602.6,0.733,Anchor Studio,82.0,"Anchor Studio: stable=0.81, symmetry=0.93, centered=False, faces=1, face_area=0.0259"
SIR_Row_Live__Protests___Politics_Over_Poll_Panel___Govt_VS_Oppn___CEC___Rahul_G.mp4,968,6602.667,6608.0,5.333,Anchor Studio,94.0,"Anchor Studio: stable=0.92, symmetry=0.89, centered=True, faces=1, face_area=0.0216"
SIR_Row_Live__Protests___Politics_Over_Poll_Panel___Govt_VS_Oppn___CEC___Rahul_G.mp4,969,6608.067,6611.667,3.6,Anchor Studio,84.0,"Anchor Studio: stable=0.35, symmetry=0.97, centered=True, faces=2, face_area=0.0320"
SIR_Row_Live__Protests___Politics_Over_Poll_Panel___Govt_VS_Oppn___CEC___Rahul_G.mp4,970,6611.733,6615.667,3.934,Anchor Studio,84.0,"Anchor Studio: stable=0.52, symmetry=0.96, centered=True, faces=2, face_area=0.0157"
SIR_Row_Live__Protests___Politics_Over_Poll_Panel___Govt_VS_Oppn___CEC___Rahul_G.mp4,971,6615.733,6616.533,0.8,B-Roll,70.0,"B-Roll: motion=0.0610, edge=0.1283, face_area=0.0000, symmetry=0.92"
SIR_Row_Live__Protests___Politics_Over_Poll_Panel___Govt_VS_Oppn___CEC___Rahul_G.mp4,972,6616.6,6619.2,2.6,B-Roll,70.0,"B-Roll: motion=0.0445, edge=0.1425, face_area=0.0000, symmetry=0.91"
SIR_Row_Live__Protests___Politics_Over_Poll_Panel___Govt_VS_Oppn___CEC___Rahul_G.mp4,973,6619.267,6621.733,2.466,Title Card,68.0,"Title Card: headline=0.0725, textcov=0.3603, stability=0.78"
SIR_Row_Live__Protests___Politics_Over_Poll_Panel___Govt_VS_Oppn___CEC___Rahul_G.mp4,974,6621.8,6625.067,3.267,Anchor Studio,82.0,"Anchor Studio: stable=0.84, symmetry=0.79, centered=True, faces=2, face_area=0.1141"
SIR_Row_Live__Protests___Politics_Over_Poll_Panel___Govt_VS_Oppn___CEC___Rahul_G.mp4,975,6625.133,6638.4,13.267,Anchor Studio,84.0,"Anchor Studio: stable=0.61, symmetry=0.92, centered=True, faces=1, face_area=0.0353"
SIR_Row_Live__Protests___Politics_Over_Poll_Panel___Govt_VS_Oppn___CEC___Rahul_G.mp4,976,6638.467,6640.867,2.4,Anchor Studio,82.0,"Anchor Studio: stable=0.75, symmetry=0.88, centered=False, faces=1, face_area=0.0252"
SIR_Row_Live__Protests___Politics_Over_Poll_Panel___Govt_VS_Oppn___CEC___Rahul_G.mp4,977,6640.933,6645.067,4.134,Anchor Studio,94.0,"Anchor Studio: stable=0.80, symmetry=0.95, centered=True, faces=2, face_area=0.0250"
SIR_Row_Live__Protests___Politics_Over_Poll_Panel___Govt_VS_Oppn___CEC___Rahul_G.mp4,978,6645.133,6653.733,8.6,Anchor Studio,84.0,"Anchor Studio: stable=0.73, symmetry=0.97, centered=True, faces=2, face_area=0.0280"
SIR_Row_Live__Protests___Politics_Over_Poll_Panel___Govt_VS_Oppn___CEC___Rahul_G.mp4,979,6653.8,6664.6,10.8,Anchor Studio,84.0,"Anchor Studio: stable=0.64, symmetry=0.86, centered=True, faces=1, face_area=0.0132"
SIR_Row_Live__Protests___Politics_Over_Poll_Panel___Govt_VS_Oppn___CEC___Rahul_G.mp4,980,6664.667,6668.6,3.933,Title Card,78.0,"Title Card: headline=0.3135, textcov=0.6011, stability=0.84"
SIR_Row_Live__Protests___Politics_Over_Poll_Panel___Govt_VS_Oppn___CEC___Rahul_G.mp4,981,6668.667,6670.4,1.733,Title Card,78.0,"Title Card: headline=0.2887, textcov=0.5500, stability=0.84"
SIR_Row_Live__Protests___Politics_Over_Poll_Panel___Govt_VS_Oppn___CEC___Rahul_G.mp4,982,6670.467,6671.733,1.266,Title Card,78.0,"Title Card: headline=0.4437, textcov=0.5343, stability=0.90"
SIR_Row_Live__Protests___Politics_Over_Poll_Panel___Govt_VS_Oppn___CEC___Rahul_G.mp4,983,6671.8,6678.267,6.467,Title Card,78.0,"Title Card: headline=0.7185, textcov=0.8180, stability=0.92"
SIR_Row_Live__Protests___Politics_Over_Poll_Panel___Govt_VS_Oppn___CEC___Rahul_G.mp4,984,6678.333,6684.667,6.334,Anchor Studio,74.0,"Anchor Studio: stable=0.51, symmetry=0.91, centered=True, faces=1, face_area=0.0003"
SIR_Row_Live__Protests___Politics_Over_Poll_Panel___Govt_VS_Oppn___CEC___Rahul_G.mp4,985,6684.733,6689.667,4.934,B-Roll,70.0,"B-Roll: motion=0.0418, edge=0.1545, face_area=0.0000, symmetry=0.97"
SIR_Row_Live__Protests___Politics_Over_Poll_Panel___Govt_VS_Oppn___CEC___Rahul_G.mp4,986,6689.733,6693.267,3.534,B-Roll,70.0,"B-Roll: motion=0.1199, edge=0.0819, face_area=0.0023, symmetry=0.90"
SIR_Row_Live__Protests___Politics_Over_Poll_Panel___Govt_VS_Oppn___CEC___Rahul_G.mp4,987,6693.333,6695.4,2.067,B-Roll,70.0,"B-Roll: motion=0.0853, edge=0.1257, face_area=0.0000, symmetry=0.93"
SIR_Row_Live__Protests___Politics_Over_Poll_Panel___Govt_VS_Oppn___CEC___Rahul_G.mp4,988,6695.467,6698.667,3.2,Anchor Studio,82.0,"Anchor Studio: stable=0.80, symmetry=0.91, centered=False, faces=1, face_area=0.0461"
SIR_Row_Live__Protests___Politics_Over_Poll_Panel___Govt_VS_Oppn___CEC___Rahul_G.mp4,989,6698.733,6700.667,1.934,Anchor Studio,84.0,"Anchor Studio: stable=0.84, symmetry=0.91, centered=True, faces=1, face_area=0.0055"
SIR_Row_Live__Protests___Politics_Over_Poll_Panel___Govt_VS_Oppn___CEC___Rahul_G.mp4,990,6700.733,6702.4,1.667,Anchor Studio,94.0,"Anchor Studio: stable=0.85, symmetry=0.92, centered=True, faces=1, face_area=0.0108"
SIR_Row_Live__Protests___Politics_Over_Poll_Panel___Govt_VS_Oppn___CEC___Rahul_G.mp4,991,6702.467,6704.8,2.333,Anchor Studio,94.0,"Anchor Studio: stable=0.76, symmetry=0.98, centered=True, faces=1, face_area=0.0182"
SIR_Row_Live__Protests___Politics_Over_Poll_Panel___Govt_VS_Oppn___CEC___Rahul_G.mp4,992,6704.867,6709.0,4.133,Anchor Studio,94.0,"Anchor Studio: stable=0.76, symmetry=0.83, centered=True, faces=2, face_area=0.0178"
SIR_Row_Live__Protests___Politics_Over_Poll_Panel___Govt_VS_Oppn___CEC___Rahul_G.mp4,993,6709.067,6716.667,7.6,Anchor Studio,84.0,"Anchor Studio: stable=0.69, symmetry=0.88, centered=True, faces=2, face_area=0.0211"
SIR_Row_Live__Protests___Politics_Over_Poll_Panel___Govt_VS_Oppn___CEC___Rahul_G.mp4,994,6716.733,6721.8,5.067,Anchor Studio,94.0,"Anchor Studio: stable=0.78, symmetry=0.89, centered=True, faces=1, face_area=0.0119"
SIR_Row_Live__Protests___Politics_Over_Poll_Panel___Govt_VS_Oppn___CEC___Rahul_G.mp4,995,6721.867,6722.8,0.933,Anchor Studio,74.0,"Anchor Studio: stable=0.74, symmetry=0.94, centered=True, faces=1, face_area=0.0036"
SIR_Row_Live__Protests___Politics_Over_Poll_Panel___Govt_VS_Oppn___CEC___Rahul_G.mp4,996,6722.867,6726.4,3.533,Anchor Studio,84.0,"Anchor Studio: stable=0.74, symmetry=0.96, centered=True, faces=1, face_area=0.0177"
SIR_Row_Live__Protests___Politics_Over_Poll_Panel___Govt_VS_Oppn___CEC___Rahul_G.mp4,997,6726.467,6727.933,1.466,Title Card,78.0,"Title Card: headline=0.2838, textcov=0.4617, stability=0.86"
SIR_Row_Live__Protests___Politics_Over_Poll_Panel___Govt_VS_Oppn___CEC___Rahul_G.mp4,998,6728.0,6729.667,1.667,B-Roll,70.0,"B-Roll: motion=0.0266, edge=0.0856, face_area=0.0000, symmetry=0.89"
SIR_Row_Live__Protests___Politics_Over_Poll_Panel___Govt_VS_Oppn___CEC___Rahul_G.mp4,999,6729.733,6732.533,2.8,Title Card,78.0,"Title Card: headline=0.3731, textcov=0.5518, stability=0.87"
SIR_Row_Live__Protests___Politics_Over_Poll_Panel___Govt_VS_Oppn___CEC___Rahul_G.mp4,1000,6732.6,6733.867,1.267,Title Card,78.0,"Title Card: headline=0.2014, textcov=0.3532, stability=0.84"
SIR_Row_Live__Protests___Politics_Over_Poll_Panel___Govt_VS_Oppn___CEC___Rahul_G.mp4,1001,6733.933,6736.133,2.2,B-Roll,70.0,"B-Roll: motion=0.0296, edge=0.1150, face_area=0.0000, symmetry=0.81"
SIR_Row_Live__Protests___Politics_Over_Poll_Panel___Govt_VS_Oppn___CEC___Rahul_G.mp4,1002,6736.2,6741.0,4.8,Anchor Studio,94.0,"Anchor Studio: stable=0.88, symmetry=0.81, centered=True, faces=2, face_area=0.0255"
SIR_Row_Live__Protests___Politics_Over_Poll_Panel___Govt_VS_Oppn___CEC___Rahul_G.mp4,1003,6741.067,6741.6,0.533,Anchor Studio,82.0,"Anchor Studio: stable=0.81, symmetry=0.78, centered=True, faces=1, face_area=0.0193"
SIR_Row_Live__Protests___Politics_Over_Poll_Panel___Govt_VS_Oppn___CEC___Rahul_G.mp4,1004,6741.667,6746.333,4.666,Anchor Studio,84.0,"Anchor Studio: stable=0.76, symmetry=0.94, centered=True, faces=1, face_area=0.0037"
SIR_Row_Live__Protests___Politics_Over_Poll_Panel___Govt_VS_Oppn___CEC___Rahul_G.mp4,1005,6746.4,6748.667,2.267,Title Card,78.0,"Title Card: headline=0.1924, textcov=0.3119, stability=0.84"
SIR_Row_Live__Protests___Politics_Over_Poll_Panel___Govt_VS_Oppn___CEC___Rahul_G.mp4,1006,6748.733,6751.667,2.934,B-Roll,70.0,"B-Roll: motion=0.0487, edge=0.1946, face_area=0.0000, symmetry=0.86"
SIR_Row_Live__Protests___Politics_Over_Poll_Panel___Govt_VS_Oppn___CEC___Rahul_G.mp4,1007,6751.733,6754.867,3.134,Anchor Studio,74.0,"Anchor Studio: stable=0.36, symmetry=0.93, centered=True, faces=1, face_area=0.0015"
SIR_Row_Live__Protests___Politics_Over_Poll_Panel___Govt_VS_Oppn___CEC___Rahul_G.mp4,1008,6754.933,6761.467,6.534,Anchor Studio,74.0,"Anchor Studio: stable=0.35, symmetry=0.93, centered=True, faces=1, face_area=0.0028"
SIR_Row_Live__Protests___Politics_Over_Poll_Panel___Govt_VS_Oppn___CEC___Rahul_G.mp4,1009,6761.533,6768.467,6.934,Anchor Studio,94.0,"Anchor Studio: stable=0.87, symmetry=0.88, centered=True, faces=2, face_area=0.0238"
SIR_Row_Live__Protests___Politics_Over_Poll_Panel___Govt_VS_Oppn___CEC___Rahul_G.mp4,1010,6768.533,6788.4,19.867,Anchor Studio,94.0,"Anchor Studio: stable=0.89, symmetry=0.88, centered=True, faces=4, face_area=0.1235"
SIR_Row_Live__Protests___Politics_Over_Poll_Panel___Govt_VS_Oppn___CEC___Rahul_G.mp4,1011,6788.467,6790.267,1.8,Anchor Studio,94.0,"Anchor Studio: stable=0.85, symmetry=0.89, centered=True, faces=4, face_area=0.1336"
SIR_Row_Live__Protests___Politics_Over_Poll_Panel___Govt_VS_Oppn___CEC___Rahul_G.mp4,1012,6790.333,6811.867,21.534,Anchor Studio,94.0,"Anchor Studio: stable=0.92, symmetry=0.87, centered=True, faces=4, face_area=0.1446"
SIR_Row_Live__Protests___Politics_Over_Poll_Panel___Govt_VS_Oppn___CEC___Rahul_G.mp4,1013,6811.933,6817.2,5.267,Anchor Studio,94.0,"Anchor Studio: stable=0.94, symmetry=0.89, centered=True, faces=4, face_area=0.1489"
SIR_Row_Live__Protests___Politics_Over_Poll_Panel___Govt_VS_Oppn___CEC___Rahul_G.mp4,1014,6817.267,6817.933,0.666,Anchor Studio,72.0,"Anchor Studio: stable=0.48, symmetry=0.74, centered=True, faces=3, face_area=0.0246"
SIR_Row_Live__Protests___Politics_Over_Poll_Panel___Govt_VS_Oppn___CEC___Rahul_G.mp4,1015,6818.0,6845.4,27.4,Anchor Studio,84.0,"Anchor Studio: stable=0.88, symmetry=0.90, centered=True, faces=1, face_area=0.0019"
SIR_Row_Live__Protests___Politics_Over_Poll_Panel___Govt_VS_Oppn___CEC___Rahul_G.mp4,1016,6845.467,6848.867,3.4,Anchor Studio,94.0,"Anchor Studio: stable=0.80, symmetry=0.89, centered=True, faces=1, face_area=0.0147"
SIR_Row_Live__Protests___Politics_Over_Poll_Panel___Govt_VS_Oppn___CEC___Rahul_G.mp4,1017,6848.933,6853.867,4.934,Anchor Studio,94.0,"Anchor Studio: stable=0.88, symmetry=0.97, centered=True, faces=1, face_area=0.0194"
SIR_Row_Live__Protests___Politics_Over_Poll_Panel___Govt_VS_Oppn___CEC___Rahul_G.mp4,1018,6853.933,6855.467,1.534,Anchor Studio,84.0,"Anchor Studio: stable=0.92, symmetry=0.91, centered=True, faces=1, face_area=0.0072"
SIR_Row_Live__Protests___Politics_Over_Poll_Panel___Govt_VS_Oppn___CEC___Rahul_G.mp4,1019,6855.533,6865.0,9.467,Anchor Studio,94.0,"Anchor Studio: stable=0.89, symmetry=0.91, centered=True, faces=1, face_area=0.0182"
SIR_Row_Live__Protests___Politics_Over_Poll_Panel___Govt_VS_Oppn___CEC___Rahul_G.mp4,1020,6865.067,6866.467,1.4,Anchor Studio,94.0,"Anchor Studio: stable=0.85, symmetry=0.94, centered=True, faces=1, face_area=0.0195"
SIR_Row_Live__Protests___Politics_Over_Poll_Panel___Govt_VS_Oppn___CEC___Rahul_G.mp4,1021,6866.533,6877.467,10.934,Anchor Studio,94.0,"Anchor Studio: stable=0.91, symmetry=0.95, centered=True, faces=1, face_area=0.0155"
SIR_Row_Live__Protests___Politics_Over_Poll_Panel___Govt_VS_Oppn___CEC___Rahul_G.mp4,1022,6877.533,6883.933,6.4,Anchor Studio,94.0,"Anchor Studio: stable=0.84, symmetry=0.97, centered=True, faces=2, face_area=0.0412"
SIR_Row_Live__Protests___Politics_Over_Poll_Panel___Govt_VS_Oppn___CEC___Rahul_G.mp4,1023,6884.0,6899.067,15.067,Anchor Studio,94.0,"Anchor Studio: stable=0.92, symmetry=0.94, centered=True, faces=1, face_area=0.0151"
SIR_Row_Live__Protests___Politics_Over_Poll_Panel___Govt_VS_Oppn___CEC___Rahul_G.mp4,1024,6899.133,6906.467,7.334,Anchor Studio,94.0,"Anchor Studio: stable=0.92, symmetry=0.95, centered=True, faces=1, face_area=0.0193"
SIR_Row_Live__Protests___Politics_Over_Poll_Panel___Govt_VS_Oppn___CEC___Rahul_G.mp4,1025,6906.533,6953.6,47.067,Anchor Studio,94.0,"Anchor Studio: stable=0.93, symmetry=0.95, centered=True, faces=1, face_area=0.0168"
SIR_Row_Live__Protests___Politics_Over_Poll_Panel___Govt_VS_Oppn___CEC___Rahul_G.mp4,1026,6953.667,6954.267,0.6,Title Card,64.0,"Title Card: headline=0.8646, textcov=1.0249, stability=0.55"
SIR_Row_Live__Protests___Politics_Over_Poll_Panel___Govt_VS_Oppn___CEC___Rahul_G.mp4,1027,6954.333,6967.867,13.534,Title Card,78.0,"Title Card: headline=0.8110, textcov=0.9554, stability=0.89"
SIR_Row_Live__Protests___Politics_Over_Poll_Panel___Govt_VS_Oppn___CEC___Rahul_G.mp4,1028,6967.933,6980.067,12.134,Anchor Studio,84.0,"Anchor Studio: stable=0.88, symmetry=0.92, centered=True, faces=1, face_area=0.0048"
SIR_Row_Live__Protests___Politics_Over_Poll_Panel___Govt_VS_Oppn___CEC___Rahul_G.mp4,1029,6980.133,7056.133,76.0,Anchor Studio,82.0,"Anchor Studio: stable=0.91, symmetry=0.92, centered=False, faces=2, face_area=0.0166"
SIR_Row_Live__Protests___Politics_Over_Poll_Panel___Govt_VS_Oppn___CEC___Rahul_G.mp4,1030,7056.2,7061.867,5.667,Field Report,68.0,"Field Report: motion=0.0303, faces=1, centered=False, symmetry=0.82"
SIR_Row_Live__Protests___Politics_Over_Poll_Panel___Govt_VS_Oppn___CEC___Rahul_G.mp4,1031,7061.933,7086.6,24.667,Anchor Studio,94.0,"Anchor Studio: stable=0.85, symmetry=0.80, centered=True, faces=2, face_area=0.0147"
SIR_Row_Live__Protests___Politics_Over_Poll_Panel___Govt_VS_Oppn___CEC___Rahul_G.mp4,1032,7086.667,7088.867,2.2,Title Card,74.0,"Title Card: headline=0.4251, textcov=0.5619, stability=0.82"
SIR_Row_Live__Protests___Politics_Over_Poll_Panel___Govt_VS_Oppn___CEC___Rahul_G.mp4,1033,7088.933,7111.4,22.467,Title Card,78.0,"Title Card: headline=0.8493, textcov=0.9547, stability=0.90"
SIR_Row_Live__Protests___Politics_Over_Poll_Panel___Govt_VS_Oppn___CEC___Rahul_G.mp4,1034,7111.467,7141.467,30.0,Title Card,78.0,"Title Card: headline=0.8782, textcov=1.0045, stability=0.90"
SIR_Row_Live__Protests___Politics_Over_Poll_Panel___Govt_VS_Oppn___CEC___Rahul_G.mp4,1035,7141.533,7145.533,4.0,Title Card,78.0,"Title Card: headline=0.9945, textcov=1.1275, stability=0.87"
SIR_Row_Live__Protests___Politics_Over_Poll_Panel___Govt_VS_Oppn___CEC___Rahul_G.mp4,1036,7145.6,7191.0,45.4,Anchor Studio,94.0,"Anchor Studio: stable=0.91, symmetry=0.83, centered=True, faces=2, face_area=0.0217"
SIR_Row_Live__Protests___Politics_Over_Poll_Panel___Govt_VS_Oppn___CEC___Rahul_G.mp4,1037,7191.067,7193.6,2.533,Title Card,78.0,"Title Card: headline=1.0561, textcov=1.0946, stability=0.85"
SIR_Row_Live__Protests___Politics_Over_Poll_Panel___Govt_VS_Oppn___CEC___Rahul_G.mp4,1038,7193.667,7198.4,4.733,Title Card,78.0,"Title Card: headline=0.9399, textcov=0.9879, stability=0.86"
SIR_Row_Live__Protests___Politics_Over_Poll_Panel___Govt_VS_Oppn___CEC___Rahul_G.mp4,1039,7198.467,7202.933,4.466,Title Card,78.0,"Title Card: headline=0.9633, textcov=0.9919, stability=0.81"
SIR_Row_Live__Protests___Politics_Over_Poll_Panel___Govt_VS_Oppn___CEC___Rahul_G.mp4,1040,7203.0,7204.267,1.267,Title Card,78.0,"Title Card: headline=1.0174, textcov=1.1639, stability=0.85"
SIR_Row_Live__Protests___Politics_Over_Poll_Panel___Govt_VS_Oppn___CEC___Rahul_G.mp4,1041,7204.333,7207.933,3.6,Title Card,78.0,"Title Card: headline=1.2005, textcov=1.2637, stability=0.88"
SIR_Row_Live__Protests___Politics_Over_Poll_Panel___Govt_VS_Oppn___CEC___Rahul_G.mp4,1042,7208.0,7210.867,2.867,Title Card,68.0,"Title Card: headline=0.8494, textcov=0.9076, stability=0.77"
SIR_Row_Live__Protests___Politics_Over_Poll_Panel___Govt_VS_Oppn___CEC___Rahul_G.mp4,1043,7210.933,7212.867,1.934,Title Card,78.0,"Title Card: headline=0.8884, textcov=0.9338, stability=0.81"
SIR_Row_Live__Protests___Politics_Over_Poll_Panel___Govt_VS_Oppn___CEC___Rahul_G.mp4,1044,7212.933,7215.267,2.334,Title Card,78.0,"Title Card: headline=0.9066, textcov=0.9893, stability=0.88"
SIR_Row_Live__Protests___Politics_Over_Poll_Panel___Govt_VS_Oppn___CEC___Rahul_G.mp4,1045,7215.333,7217.867,2.534,Title Card,78.0,"Title Card: headline=0.8820, textcov=0.9319, stability=0.82"
SIR_Row_Live__Protests___Politics_Over_Poll_Panel___Govt_VS_Oppn___CEC___Rahul_G.mp4,1046,7217.933,7222.467,4.534,Title Card,78.0,"Title Card: headline=1.0405, textcov=1.0755, stability=0.86"
SIR_Row_Live__Protests___Politics_Over_Poll_Panel___Govt_VS_Oppn___CEC___Rahul_G.mp4,1047,7222.533,7226.867,4.334,Title Card,78.0,"Title Card: headline=1.1081, textcov=1.1331, stability=0.84"
SIR_Row_Live__Protests___Politics_Over_Poll_Panel___Govt_VS_Oppn___CEC___Rahul_G.mp4,1048,7226.933,7243.933,17.0,Anchor Studio,84.0,"Anchor Studio: stable=0.90, symmetry=0.87, centered=True, faces=1, face_area=0.0035"
SIR_Row_Live__Protests___Politics_Over_Poll_Panel___Govt_VS_Oppn___CEC___Rahul_G.mp4,1049,7244.0,7248.0,4.0,Title Card,78.0,"Title Card: headline=1.1181, textcov=1.2087, stability=0.89"
SIR_Row_Live__Protests___Politics_Over_Poll_Panel___Govt_VS_Oppn___CEC___Rahul_G.mp4,1050,7248.067,7257.933,9.866,Title Card,78.0,"Title Card: headline=1.1296, textcov=1.2487, stability=0.93"
SIR_Row_Live__Protests___Politics_Over_Poll_Panel___Govt_VS_Oppn___CEC___Rahul_G.mp4,1051,7258.0,7261.267,3.267,Title Card,78.0,"Title Card: headline=0.5976, textcov=0.7724, stability=0.80"
SIR_Row_Live__Protests___Politics_Over_Poll_Panel___Govt_VS_Oppn___CEC___Rahul_G.mp4,1052,7261.333,7262.467,1.134,B-Roll,70.0,"B-Roll: motion=0.0752, edge=0.1391, face_area=0.0000, symmetry=0.95"
SIR_Row_Live__Protests___Politics_Over_Poll_Panel___Govt_VS_Oppn___CEC___Rahul_G.mp4,1053,7262.533,7263.467,0.934,Title Card,78.0,"Title Card: headline=0.8683, textcov=0.9649, stability=0.88"
SIR_Row_Live__Protests___Politics_Over_Poll_Panel___Govt_VS_Oppn___CEC___Rahul_G.mp4,1054,7263.533,7264.867,1.334,Title Card,78.0,"Title Card: headline=0.8873, textcov=1.0147, stability=0.89"
SIR_Row_Live__Protests___Politics_Over_Poll_Panel___Govt_VS_Oppn___CEC___Rahul_G.mp4,1055,7264.933,7273.267,8.334,Title Card,78.0,"Title Card: headline=0.9317, textcov=1.0718, stability=0.90"
SIR_Row_Live__Protests___Politics_Over_Poll_Panel___Govt_VS_Oppn___CEC___Rahul_G.mp4,1056,7273.333,7274.067,0.734,Anchor Studio,74.0,"Anchor Studio: stable=0.00, symmetry=0.97, centered=True, faces=2, face_area=0.0082"
SIR_Row_Live__Protests___Politics_Over_Poll_Panel___Govt_VS_Oppn___CEC___Rahul_G.mp4,1057,7274.133,7275.867,1.734,Anchor Studio,94.0,"Anchor Studio: stable=0.83, symmetry=0.99, centered=True, faces=2, face_area=0.0468"
SIR_Row_Live__Protests___Politics_Over_Poll_Panel___Govt_VS_Oppn___CEC___Rahul_G.mp4,1058,7275.933,7280.867,4.934,Anchor Studio,94.0,"Anchor Studio: stable=0.87, symmetry=0.98, centered=True, faces=2, face_area=0.0466"
SIR_Row_Live__Protests___Politics_Over_Poll_Panel___Govt_VS_Oppn___CEC___Rahul_G.mp4,1059,7280.933,7281.933,1.0,Anchor Studio,94.0,"Anchor Studio: stable=0.89, symmetry=0.99, centered=True, faces=3, face_area=0.1035"
SIR_Row_Live__Protests___Politics_Over_Poll_Panel___Govt_VS_Oppn___CEC___Rahul_G.mp4,1060,7282.0,7285.267,3.267,Anchor Studio,94.0,"Anchor Studio: stable=0.92, symmetry=0.99, centered=True, faces=2, face_area=0.0405"
SIR_Row_Live__Protests___Politics_Over_Poll_Panel___Govt_VS_Oppn___CEC___Rahul_G.mp4,1061,7285.333,7290.067,4.734,Anchor Studio,94.0,"Anchor Studio: stable=0.86, symmetry=0.98, centered=True, faces=2, face_area=0.0505"
SIR_Row_Live__Protests___Politics_Over_Poll_Panel___Govt_VS_Oppn___CEC___Rahul_G.mp4,1062,7290.133,7291.4,1.267,Anchor Studio,94.0,"Anchor Studio: stable=0.89, symmetry=0.99, centered=True, faces=2, face_area=0.0460"
SIR_Row_Live__Protests___Politics_Over_Poll_Panel___Govt_VS_Oppn___CEC___Rahul_G.mp4,1063,7291.467,7294.867,3.4,Anchor Studio,94.0,"Anchor Studio: stable=0.83, symmetry=0.98, centered=True, faces=2, face_area=0.0401"
SIR_Row_Live__Protests___Politics_Over_Poll_Panel___Govt_VS_Oppn___CEC___Rahul_G.mp4,1064,7294.933,7299.6,4.667,Anchor Studio,94.0,"Anchor Studio: stable=0.83, symmetry=0.95, centered=True, faces=3, face_area=0.0515"
SIR_Row_Live__Protests___Politics_Over_Poll_Panel___Govt_VS_Oppn___CEC___Rahul_G.mp4,1065,7299.667,7301.533,1.866,Anchor Studio,94.0,"Anchor Studio: stable=0.84, symmetry=0.96, centered=True, faces=2, face_area=0.0284"
SIR_Row_Live__Protests___Politics_Over_Poll_Panel___Govt_VS_Oppn___CEC___Rahul_G.mp4,1066,7301.6,7321.467,19.867,Title Card,78.0,"Title Card: headline=1.0526, textcov=1.1647, stability=0.93"
SIR_Row_Live__Protests___Politics_Over_Poll_Panel___Govt_VS_Oppn___CEC___Rahul_G.mp4,1067,7321.533,7324.4,2.867,Title Card,68.0,"Title Card: headline=0.5479, textcov=0.7272, stability=0.77"
SIR_Row_Live__Protests___Politics_Over_Poll_Panel___Govt_VS_Oppn___CEC___Rahul_G.mp4,1068,7324.467,7337.6,13.133,Title Card,78.0,"Title Card: headline=0.8437, textcov=1.0238, stability=0.91"
SIR_Row_Live__Protests___Politics_Over_Poll_Panel___Govt_VS_Oppn___CEC___Rahul_G.mp4,1069,7337.667,7338.333,0.666,B-Roll,70.0,"B-Roll: motion=0.0491, edge=0.0970, face_area=0.0000, symmetry=0.74"
SIR_Row_Live__Protests___Politics_Over_Poll_Panel___Govt_VS_Oppn___CEC___Rahul_G.mp4,1070,7338.4,7343.667,5.267,Title Card,78.0,"Title Card: headline=1.2188, textcov=1.2846, stability=0.89"
SIR_Row_Live__Protests___Politics_Over_Poll_Panel___Govt_VS_Oppn___CEC___Rahul_G.mp4,1071,7343.733,7361.2,17.467,Title Card,78.0,"Title Card: headline=0.9167, textcov=1.0623, stability=0.92"
SIR_Row_Live__Protests___Politics_Over_Poll_Panel___Govt_VS_Oppn___CEC___Rahul_G.mp4,1072,7361.267,7382.667,21.4,Anchor Studio,84.0,"Anchor Studio: stable=0.88, symmetry=0.87, centered=True, faces=1, face_area=0.0026"
SIR_Row_Live__Protests___Politics_Over_Poll_Panel___Govt_VS_Oppn___CEC___Rahul_G.mp4,1073,7382.733,7398.667,15.934,Anchor Studio,94.0,"Anchor Studio: stable=0.85, symmetry=0.87, centered=True, faces=1, face_area=0.0190"
SIR_Row_Live__Protests___Politics_Over_Poll_Panel___Govt_VS_Oppn___CEC___Rahul_G.mp4,1074,7398.733,7456.8,58.067,Anchor Studio,84.0,"Anchor Studio: stable=0.88, symmetry=0.85, centered=True, faces=1, face_area=0.0036"
SIR_Row_Live__Protests___Politics_Over_Poll_Panel___Govt_VS_Oppn___CEC___Rahul_G.mp4,1075,7456.867,7493.867,37.0,Anchor Studio,84.0,"Anchor Studio: stable=0.82, symmetry=0.84, centered=True, faces=1, face_area=0.0043"
SIR_Row_Live__Protests___Politics_Over_Poll_Panel___Govt_VS_Oppn___CEC___Rahul_G.mp4,1076,7493.933,7523.067,29.134,Anchor Studio,94.0,"Anchor Studio: stable=0.87, symmetry=0.86, centered=True, faces=1, face_area=0.0206"
SIR_Row_Live__Protests___Politics_Over_Poll_Panel___Govt_VS_Oppn___CEC___Rahul_G.mp4,1077,7523.133,7524.0,0.867,B-Roll,70.0,"B-Roll: motion=0.0405, edge=0.1065, face_area=0.0000, symmetry=0.83"
SIR_Row_Live__Protests___Politics_Over_Poll_Panel___Govt_VS_Oppn___CEC___Rahul_G.mp4,1078,7524.067,7526.333,2.266,Anchor Studio,82.0,"Anchor Studio: stable=0.75, symmetry=0.99, centered=False, faces=1, face_area=0.0183"
SIR_Row_Live__Protests___Politics_Over_Poll_Panel___Govt_VS_Oppn___CEC___Rahul_G.mp4,1079,7526.4,7530.533,4.133,Anchor Studio,82.0,"Anchor Studio: stable=0.86, symmetry=0.91, centered=False, faces=1, face_area=0.0214"
SIR_Row_Live__Protests___Politics_Over_Poll_Panel___Govt_VS_Oppn___CEC___Rahul_G.mp4,1080,7530.6,7531.333,0.733,Anchor Studio,82.0,"Anchor Studio: stable=0.80, symmetry=0.90, centered=False, faces=1, face_area=0.0209"
SIR_Row_Live__Protests___Politics_Over_Poll_Panel___Govt_VS_Oppn___CEC___Rahul_G.mp4,1081,7531.4,7535.867,4.467,Anchor Studio,82.0,"Anchor Studio: stable=0.80, symmetry=0.95, centered=False, faces=1, face_area=0.0207"
SIR_Row_Live__Protests___Politics_Over_Poll_Panel___Govt_VS_Oppn___CEC___Rahul_G.mp4,1082,7535.933,7538.2,2.267,Anchor Studio,82.0,"Anchor Studio: stable=0.86, symmetry=0.94, centered=False, faces=1, face_area=0.0210"
SIR_Row_Live__Protests___Politics_Over_Poll_Panel___Govt_VS_Oppn___CEC___Rahul_G.mp4,1083,7538.267,7539.6,1.333,Anchor Studio,82.0,"Anchor Studio: stable=0.82, symmetry=0.95, centered=False, faces=1, face_area=0.0196"
SIR_Row_Live__Protests___Politics_Over_Poll_Panel___Govt_VS_Oppn___CEC___Rahul_G.mp4,1084,7539.667,7540.867,1.2,Anchor Studio,82.0,"Anchor Studio: stable=0.87, symmetry=0.95, centered=False, faces=1, face_area=0.0194"
SIR_Row_Live__Protests___Politics_Over_Poll_Panel___Govt_VS_Oppn___CEC___Rahul_G.mp4,1085,7540.933,7542.467,1.534,Anchor Studio,82.0,"Anchor Studio: stable=0.84, symmetry=0.95, centered=False, faces=1, face_area=0.0208"
SIR_Row_Live__Protests___Politics_Over_Poll_Panel___Govt_VS_Oppn___CEC___Rahul_G.mp4,1086,7542.533,7545.867,3.334,Anchor Studio,82.0,"Anchor Studio: stable=0.83, symmetry=0.95, centered=False, faces=1, face_area=0.0216"
SIR_Row_Live__Protests___Politics_Over_Poll_Panel___Govt_VS_Oppn___CEC___Rahul_G.mp4,1087,7545.933,7550.867,4.934,Anchor Studio,82.0,"Anchor Studio: stable=0.87, symmetry=0.95, centered=False, faces=1, face_area=0.0161"
SIR_Row_Live__Protests___Politics_Over_Poll_Panel___Govt_VS_Oppn___CEC___Rahul_G.mp4,1088,7550.933,7552.133,1.2,Anchor Studio,82.0,"Anchor Studio: stable=0.80, symmetry=0.96, centered=False, faces=1, face_area=0.0185"
SIR_Row_Live__Protests___Politics_Over_Poll_Panel___Govt_VS_Oppn___CEC___Rahul_G.mp4,1089,7552.2,7555.4,3.2,Anchor Studio,72.0,"Anchor Studio: stable=0.74, symmetry=0.94, centered=False, faces=1, face_area=0.0125"
SIR_Row_Live__Protests___Politics_Over_Poll_Panel___Govt_VS_Oppn___CEC___Rahul_G.mp4,1090,7555.467,7564.067,8.6,Anchor Studio,94.0,"Anchor Studio: stable=0.86, symmetry=0.94, centered=True, faces=2, face_area=0.0154"
SIR_Row_Live__Protests___Politics_Over_Poll_Panel___Govt_VS_Oppn___CEC___Rahul_G.mp4,1091,7564.133,7567.067,2.934,Anchor Studio,94.0,"Anchor Studio: stable=0.87, symmetry=0.98, centered=True, faces=2, face_area=0.0163"
SIR_Row_Live__Protests___Politics_Over_Poll_Panel___Govt_VS_Oppn___CEC___Rahul_G.mp4,1092,7567.133,7573.733,6.6,Anchor Studio,94.0,"Anchor Studio: stable=0.77, symmetry=0.91, centered=True, faces=2, face_area=0.0137"
SIR_Row_Live__Protests___Politics_Over_Poll_Panel___Govt_VS_Oppn___CEC___Rahul_G.mp4,1093,7573.8,7580.133,6.333,Anchor Studio,94.0,"Anchor Studio: stable=0.80, symmetry=0.96, centered=True, faces=2, face_area=0.0240"
SIR_Row_Live__Protests___Politics_Over_Poll_Panel___Govt_VS_Oppn___CEC___Rahul_G.mp4,1094,7580.2,7586.667,6.467,Anchor Studio,94.0,"Anchor Studio: stable=0.86, symmetry=0.98, centered=True, faces=2, face_area=0.0219"
SIR_Row_Live__Protests___Politics_Over_Poll_Panel___Govt_VS_Oppn___CEC___Rahul_G.mp4,1095,7586.733,7589.667,2.934,Anchor Studio,94.0,"Anchor Studio: stable=0.78, symmetry=0.97, centered=True, faces=2, face_area=0.0288"
SIR_Row_Live__Protests___Politics_Over_Poll_Panel___Govt_VS_Oppn___CEC___Rahul_G.mp4,1096,7589.733,7591.0,1.267,Anchor Studio,94.0,"Anchor Studio: stable=0.88, symmetry=0.96, centered=True, faces=2, face_area=0.0434"
SIR_Row_Live__Protests___Politics_Over_Poll_Panel___Govt_VS_Oppn___CEC___Rahul_G.mp4,1097,7591.067,7593.8,2.733,Anchor Studio,94.0,"Anchor Studio: stable=0.87, symmetry=0.90, centered=True, faces=1, face_area=0.0242"
SIR_Row_Live__Protests___Politics_Over_Poll_Panel___Govt_VS_Oppn___CEC___Rahul_G.mp4,1098,7593.867,7595.267,1.4,Anchor Studio,94.0,"Anchor Studio: stable=0.81, symmetry=0.84, centered=True, faces=1, face_area=0.0244"
SIR_Row_Live__Protests___Politics_Over_Poll_Panel___Govt_VS_Oppn___CEC___Rahul_G.mp4,1099,7595.333,7597.467,2.134,Anchor Studio,94.0,"Anchor Studio: stable=0.76, symmetry=0.95, centered=True, faces=1, face_area=0.0174"
SIR_Row_Live__Protests___Politics_Over_Poll_Panel___Govt_VS_Oppn___CEC___Rahul_G.mp4,1100,7597.533,7600.6,3.067,Anchor Studio,94.0,"Anchor Studio: stable=0.83, symmetry=0.96, centered=True, faces=2, face_area=0.0299"
SIR_Row_Live__Protests___Politics_Over_Poll_Panel___Govt_VS_Oppn___CEC___Rahul_G.mp4,1101,7600.667,7604.267,3.6,Anchor Studio,94.0,"Anchor Studio: stable=0.86, symmetry=0.98, centered=True, faces=2, face_area=0.0245"
SIR_Row_Live__Protests___Politics_Over_Poll_Panel___Govt_VS_Oppn___CEC___Rahul_G.mp4,1102,7604.333,7609.333,5.0,Anchor Studio,94.0,"Anchor Studio: stable=0.83, symmetry=0.99, centered=True, faces=2, face_area=0.0229"
SIR_Row_Live__Protests___Politics_Over_Poll_Panel___Govt_VS_Oppn___CEC___Rahul_G.mp4,1103,7609.4,7610.667,1.267,Anchor Studio,84.0,"Anchor Studio: stable=0.78, symmetry=0.99, centered=True, faces=1, face_area=0.0010"
SIR_Row_Live__Protests___Politics_Over_Poll_Panel___Govt_VS_Oppn___CEC___Rahul_G.mp4,1104,7610.733,7613.867,3.134,Anchor Studio,94.0,"Anchor Studio: stable=0.81, symmetry=0.98, centered=True, faces=2, face_area=0.0247"
SIR_Row_Live__Protests___Politics_Over_Poll_Panel___Govt_VS_Oppn___CEC___Rahul_G.mp4,1105,7613.933,7615.0,1.067,Anchor Studio,94.0,"Anchor Studio: stable=0.84, symmetry=0.99, centered=True, faces=2, face_area=0.0365"
SIR_Row_Live__Protests___Politics_Over_Poll_Panel___Govt_VS_Oppn___CEC___Rahul_G.mp4,1106,7615.067,7619.733,4.666,Anchor Studio,94.0,"Anchor Studio: stable=0.83, symmetry=0.98, centered=True, faces=2, face_area=0.0249"
SIR_Row_Live__Protests___Politics_Over_Poll_Panel___Govt_VS_Oppn___CEC___Rahul_G.mp4,1107,7619.8,7623.8,4.0,Anchor Studio,94.0,"Anchor Studio: stable=0.85, symmetry=0.98, centered=True, faces=2, face_area=0.0221"
SIR_Row_Live__Protests___Politics_Over_Poll_Panel___Govt_VS_Oppn___CEC___Rahul_G.mp4,1108,7623.867,7629.667,5.8,Anchor Studio,94.0,"Anchor Studio: stable=0.81, symmetry=0.96, centered=True, faces=2, face_area=0.0250"
SIR_Row_Live__Protests___Politics_Over_Poll_Panel___Govt_VS_Oppn___CEC___Rahul_G.mp4,1109,7629.733,7632.067,2.334,Anchor Studio,84.0,"Anchor Studio: stable=0.73, symmetry=0.89, centered=True, faces=1, face_area=0.0186"
SIR_Row_Live__Protests___Politics_Over_Poll_Panel___Govt_VS_Oppn___CEC___Rahul_G.mp4,1110,7632.133,7633.4,1.267,Anchor Studio,74.0,"Anchor Studio: stable=0.66, symmetry=0.87, centered=True, faces=1, face_area=0.0019"
SIR_Row_Live__Protests___Politics_Over_Poll_Panel___Govt_VS_Oppn___CEC___Rahul_G.mp4,1111,7633.467,7637.533,4.066,Anchor Studio,84.0,"Anchor Studio: stable=0.81, symmetry=0.95, centered=True, faces=2, face_area=0.0095"
SIR_Row_Live__Protests___Politics_Over_Poll_Panel___Govt_VS_Oppn___CEC___Rahul_G.mp4,1112,7637.6,7642.533,4.933,Anchor Studio,94.0,"Anchor Studio: stable=0.82, symmetry=0.83, centered=True, faces=2, face_area=0.0178"
SIR_Row_Live__Protests___Politics_Over_Poll_Panel___Govt_VS_Oppn___CEC___Rahul_G.mp4,1113,7642.6,7680.8,38.2,Anchor Studio,84.0,"Anchor Studio: stable=0.84, symmetry=0.93, centered=True, faces=1, face_area=0.0028"
SIR_Row_Live__Protests___Politics_Over_Poll_Panel___Govt_VS_Oppn___CEC___Rahul_G.mp4,1114,7680.867,7708.2,27.333,Anchor Studio,94.0,"Anchor Studio: stable=0.89, symmetry=0.88, centered=True, faces=2, face_area=0.0107"
SIR_Row_Live__Protests___Politics_Over_Poll_Panel___Govt_VS_Oppn___CEC___Rahul_G.mp4,1115,7708.267,7709.867,1.6,Anchor Studio,84.0,"Anchor Studio: stable=0.65, symmetry=0.87, centered=True, faces=4, face_area=0.0641"
SIR_Row_Live__Protests___Politics_Over_Poll_Panel___Govt_VS_Oppn___CEC___Rahul_G.mp4,1116,7709.933,7711.067,1.134,Anchor Studio,94.0,"Anchor Studio: stable=0.84, symmetry=0.89, centered=True, faces=3, face_area=0.1132"
SIR_Row_Live__Protests___Politics_Over_Poll_Panel___Govt_VS_Oppn___CEC___Rahul_G.mp4,1117,7711.133,7711.8,0.667,Anchor Studio,72.0,"Anchor Studio: stable=0.55, symmetry=0.76, centered=True, faces=2, face_area=0.0163"
SIR_Row_Live__Protests___Politics_Over_Poll_Panel___Govt_VS_Oppn___CEC___Rahul_G.mp4,1118,7711.867,7716.067,4.2,Anchor Studio,84.0,"Anchor Studio: stable=0.74, symmetry=0.87, centered=True, faces=2, face_area=0.0414"
SIR_Row_Live__Protests___Politics_Over_Poll_Panel___Govt_VS_Oppn___CEC___Rahul_G.mp4,1119,7716.133,7720.0,3.867,Anchor Studio,94.0,"Anchor Studio: stable=0.88, symmetry=0.99, centered=True, faces=3, face_area=0.1101"
SIR_Row_Live__Protests___Politics_Over_Poll_Panel___Govt_VS_Oppn___CEC___Rahul_G.mp4,1120,7720.067,7729.867,9.8,Anchor Studio,94.0,"Anchor Studio: stable=0.90, symmetry=0.98, centered=True, faces=3, face_area=0.1163"
SIR_Row_Live__Protests___Politics_Over_Poll_Panel___Govt_VS_Oppn___CEC___Rahul_G.mp4,1121,7729.933,7747.067,17.134,Anchor Studio,94.0,"Anchor Studio: stable=0.88, symmetry=0.97, centered=True, faces=3, face_area=0.1142"
SIR_Row_Live__Protests___Politics_Over_Poll_Panel___Govt_VS_Oppn___CEC___Rahul_G.mp4,1122,7747.133,7749.667,2.534,Anchor Studio,94.0,"Anchor Studio: stable=0.90, symmetry=0.95, centered=True, faces=3, face_area=0.1174"
SIR_Row_Live__Protests___Politics_Over_Poll_Panel___Govt_VS_Oppn___CEC___Rahul_G.mp4,1123,7749.733,7750.4,0.667,Anchor Studio,84.0,"Anchor Studio: stable=0.61, symmetry=0.81, centered=True, faces=2, face_area=0.0389"
SIR_Row_Live__Protests___Politics_Over_Poll_Panel___Govt_VS_Oppn___CEC___Rahul_G.mp4,1124,7750.467,7751.6,1.133,B-Roll,70.0,"B-Roll: motion=0.0372, edge=0.1129, face_area=0.0024, symmetry=0.87"
SIR_Row_Live__Protests___Politics_Over_Poll_Panel___Govt_VS_Oppn___CEC___Rahul_G.mp4,1125,7751.667,7769.867,18.2,Anchor Studio,94.0,"Anchor Studio: stable=0.90, symmetry=0.84, centered=True, faces=2, face_area=0.0221"
SIR_Row_Live__Protests___Politics_Over_Poll_Panel___Govt_VS_Oppn___CEC___Rahul_G.mp4,1126,7769.933,7775.0,5.067,Anchor Studio,94.0,"Anchor Studio: stable=0.84, symmetry=0.94, centered=True, faces=2, face_area=0.0200"
SIR_Row_Live__Protests___Politics_Over_Poll_Panel___Govt_VS_Oppn___CEC___Rahul_G.mp4,1127,7775.067,7775.6,0.533,Anchor Studio,82.0,"Anchor Studio: stable=0.90, symmetry=0.97, centered=False, faces=1, face_area=0.0210"
SIR_Row_Live__Protests___Politics_Over_Poll_Panel___Govt_VS_Oppn___CEC___Rahul_G.mp4,1128,7775.667,7777.0,1.333,B-Roll,70.0,"B-Roll: motion=0.0694, edge=0.1527, face_area=0.0000, symmetry=0.96"
SIR_Row_Live__Protests___Politics_Over_Poll_Panel___Govt_VS_Oppn___CEC___Rahul_G.mp4,1129,7777.067,7777.667,0.6,Title Card,68.0,"Title Card: headline=0.8249, textcov=0.9200, stability=0.79"
SIR_Row_Live__Protests___Politics_Over_Poll_Panel___Govt_VS_Oppn___CEC___Rahul_G.mp4,1130,7777.733,7779.2,1.467,Anchor Studio,82.0,"Anchor Studio: stable=0.88, symmetry=0.96, centered=False, faces=1, face_area=0.0176"
SIR_Row_Live__Protests___Politics_Over_Poll_Panel___Govt_VS_Oppn___CEC___Rahul_G.mp4,1131,7779.267,7780.0,0.733,Anchor Studio,82.0,"Anchor Studio: stable=0.90, symmetry=0.94, centered=False, faces=1, face_area=0.0225"
SIR_Row_Live__Protests___Politics_Over_Poll_Panel___Govt_VS_Oppn___CEC___Rahul_G.mp4,1132,7780.067,7784.533,4.466,Title Card,74.0,"Title Card: headline=0.8266, textcov=0.9284, stability=0.83"
SIR_Row_Live__Protests___Politics_Over_Poll_Panel___Govt_VS_Oppn___CEC___Rahul_G.mp4,1133,7784.6,7787.0,2.4,Title Card,78.0,"Title Card: headline=0.8637, textcov=0.9815, stability=0.89"
SIR_Row_Live__Protests___Politics_Over_Poll_Panel___Govt_VS_Oppn___CEC___Rahul_G.mp4,1134,7787.067,7789.533,2.466,Field Report,68.0,"Field Report: motion=0.0460, faces=1, centered=False, symmetry=0.96"
SIR_Row_Live__Protests___Politics_Over_Poll_Panel___Govt_VS_Oppn___CEC___Rahul_G.mp4,1135,7789.6,7794.467,4.867,Anchor Studio,94.0,"Anchor Studio: stable=0.85, symmetry=0.94, centered=True, faces=2, face_area=0.0224"
SIR_Row_Live__Protests___Politics_Over_Poll_Panel___Govt_VS_Oppn___CEC___Rahul_G.mp4,1136,7794.533,7796.867,2.334,Anchor Studio,82.0,"Anchor Studio: stable=0.84, symmetry=0.96, centered=False, faces=1, face_area=0.0189"
SIR_Row_Live__Protests___Politics_Over_Poll_Panel___Govt_VS_Oppn___CEC___Rahul_G.mp4,1137,7796.933,7799.467,2.534,Anchor Studio,82.0,"Anchor Studio: stable=0.86, symmetry=0.93, centered=False, faces=1, face_area=0.0184"
SIR_Row_Live__Protests___Politics_Over_Poll_Panel___Govt_VS_Oppn___CEC___Rahul_G.mp4,1138,7799.533,7802.133,2.6,Anchor Studio,82.0,"Anchor Studio: stable=0.85, symmetry=0.92, centered=False, faces=1, face_area=0.0198"
SIR_Row_Live__Protests___Politics_Over_Poll_Panel___Govt_VS_Oppn___CEC___Rahul_G.mp4,1139,7802.2,7804.067,1.867,Field Report,68.0,"Field Report: motion=0.0339, faces=1, centered=False, symmetry=0.97"
SIR_Row_Live__Protests___Politics_Over_Poll_Panel___Govt_VS_Oppn___CEC___Rahul_G.mp4,1140,7804.133,7806.8,2.667,Anchor Studio,82.0,"Anchor Studio: stable=0.84, symmetry=0.97, centered=False, faces=1, face_area=0.0218"
SIR_Row_Live__Protests___Politics_Over_Poll_Panel___Govt_VS_Oppn___CEC___Rahul_G.mp4,1141,7806.867,7808.267,1.4,Anchor Studio,82.0,"Anchor Studio: stable=0.84, symmetry=0.95, centered=False, faces=1, face_area=0.0213"
SIR_Row_Live__Protests___Politics_Over_Poll_Panel___Govt_VS_Oppn___CEC___Rahul_G.mp4,1142,7808.333,7813.8,5.467,Anchor Studio,94.0,"Anchor Studio: stable=0.90, symmetry=0.86, centered=True, faces=2, face_area=0.0232"
SIR_Row_Live__Protests___Politics_Over_Poll_Panel___Govt_VS_Oppn___CEC___Rahul_G.mp4,1143,7813.867,7876.667,62.8,Anchor Studio,94.0,"Anchor Studio: stable=0.92, symmetry=0.85, centered=True, faces=2, face_area=0.0194"
SIR_Row_Live__Protests___Politics_Over_Poll_Panel___Govt_VS_Oppn___CEC___Rahul_G.mp4,1144,7876.733,7914.067,37.334,Anchor Studio,94.0,"Anchor Studio: stable=0.91, symmetry=0.92, centered=True, faces=2, face_area=0.0212"
SIR_Row_Live__Protests___Politics_Over_Poll_Panel___Govt_VS_Oppn___CEC___Rahul_G.mp4,1145,7914.133,7916.867,2.734,Anchor Studio,94.0,"Anchor Studio: stable=0.81, symmetry=0.93, centered=True, faces=2, face_area=0.0660"
SIR_Row_Live__Protests___Politics_Over_Poll_Panel___Govt_VS_Oppn___CEC___Rahul_G.mp4,1146,7916.933,7924.2,7.267,Anchor Studio,94.0,"Anchor Studio: stable=0.85, symmetry=0.95, centered=True, faces=3, face_area=0.1189"
SIR_Row_Live__Protests___Politics_Over_Poll_Panel___Govt_VS_Oppn___CEC___Rahul_G.mp4,1147,7924.267,7925.867,1.6,Anchor Studio,94.0,"Anchor Studio: stable=0.84, symmetry=0.96, centered=True, faces=3, face_area=0.1153"
SIR_Row_Live__Protests___Politics_Over_Poll_Panel___Govt_VS_Oppn___CEC___Rahul_G.mp4,1148,7925.933,7949.867,23.934,Anchor Studio,94.0,"Anchor Studio: stable=0.90, symmetry=0.95, centered=True, faces=4, face_area=0.1146"
SIR_Row_Live__Protests___Politics_Over_Poll_Panel___Govt_VS_Oppn___CEC___Rahul_G.mp4,1149,7949.933,7950.6,0.667,Anchor Studio,72.0,"Anchor Studio: stable=0.61, symmetry=0.77, centered=True, faces=1, face_area=0.0275"
SIR_Row_Live__Protests___Politics_Over_Poll_Panel___Govt_VS_Oppn___CEC___Rahul_G.mp4,1150,7950.667,7980.333,29.666,Anchor Studio,82.0,"Anchor Studio: stable=0.90, symmetry=0.80, centered=True, faces=2, face_area=0.0227"
SIR_Row_Live__Protests___Politics_Over_Poll_Panel___Govt_VS_Oppn___CEC___Rahul_G.mp4,1151,7980.4,8018.533,38.133,Title Card,74.0,"Title Card: headline=0.7695, textcov=0.9108, stability=0.92"
SIR_Row_Live__Protests___Politics_Over_Poll_Panel___Govt_VS_Oppn___CEC___Rahul_G.mp4,1152,8018.6,8020.0,1.4,Anchor Studio,82.0,"Anchor Studio: stable=0.81, symmetry=0.94, centered=False, faces=1, face_area=0.0223"
SIR_Row_Live__Protests___Politics_Over_Poll_Panel___Govt_VS_Oppn___CEC___Rahul_G.mp4,1153,8020.067,8021.4,1.333,Anchor Studio,82.0,"Anchor Studio: stable=0.83, symmetry=0.92, centered=False, faces=1, face_area=0.0201"
SIR_Row_Live__Protests___Politics_Over_Poll_Panel___Govt_VS_Oppn___CEC___Rahul_G.mp4,1154,8021.467,8026.4,4.933,Anchor Studio,94.0,"Anchor Studio: stable=0.84, symmetry=0.94, centered=True, faces=2, face_area=0.0243"
SIR_Row_Live__Protests___Politics_Over_Poll_Panel___Govt_VS_Oppn___CEC___Rahul_G.mp4,1155,8026.467,8030.067,3.6,Anchor Studio,82.0,"Anchor Studio: stable=0.84, symmetry=0.95, centered=False, faces=1, face_area=0.0130"
SIR_Row_Live__Protests___Politics_Over_Poll_Panel___Govt_VS_Oppn___CEC___Rahul_G.mp4,1156,8030.133,8031.0,0.867,Anchor Studio,72.0,"Anchor Studio: stable=0.67, symmetry=0.87, centered=False, faces=1, face_area=0.0145"
SIR_Row_Live__Protests___Politics_Over_Poll_Panel___Govt_VS_Oppn___CEC___Rahul_G.mp4,1157,8031.067,8036.0,4.933,Anchor Studio,82.0,"Anchor Studio: stable=0.85, symmetry=0.94, centered=False, faces=1, face_area=0.0128"
SIR_Row_Live__Protests___Politics_Over_Poll_Panel___Govt_VS_Oppn___CEC___Rahul_G.mp4,1158,8036.067,8036.933,0.866,Anchor Studio,82.0,"Anchor Studio: stable=0.86, symmetry=0.96, centered=False, faces=1, face_area=0.0204"
SIR_Row_Live__Protests___Politics_Over_Poll_Panel___Govt_VS_Oppn___CEC___Rahul_G.mp4,1159,8037.0,8040.2,3.2,Anchor Studio,94.0,"Anchor Studio: stable=0.87, symmetry=0.97, centered=True, faces=3, face_area=0.0555"
SIR_Row_Live__Protests___Politics_Over_Poll_Panel___Govt_VS_Oppn___CEC___Rahul_G.mp4,1160,8040.267,8043.933,3.666,Anchor Studio,94.0,"Anchor Studio: stable=0.89, symmetry=0.95, centered=True, faces=3, face_area=0.0719"
SIR_Row_Live__Protests___Politics_Over_Poll_Panel___Govt_VS_Oppn___CEC___Rahul_G.mp4,1161,8044.0,8048.267,4.267,Anchor Studio,94.0,"Anchor Studio: stable=0.87, symmetry=0.96, centered=True, faces=3, face_area=0.0633"
SIR_Row_Live__Protests___Politics_Over_Poll_Panel___Govt_VS_Oppn___CEC___Rahul_G.mp4,1162,8048.333,8050.067,1.734,Anchor Studio,94.0,"Anchor Studio: stable=0.83, symmetry=0.93, centered=True, faces=3, face_area=0.0704"
SIR_Row_Live__Protests___Politics_Over_Poll_Panel___Govt_VS_Oppn___CEC___Rahul_G.mp4,1163,8050.133,8053.067,2.934,Anchor Studio,94.0,"Anchor Studio: stable=0.88, symmetry=0.95, centered=True, faces=3, face_area=0.0603"
SIR_Row_Live__Protests___Politics_Over_Poll_Panel___Govt_VS_Oppn___CEC___Rahul_G.mp4,1164,8053.133,8056.4,3.267,Anchor Studio,94.0,"Anchor Studio: stable=0.86, symmetry=0.95, centered=True, faces=3, face_area=0.0568"
SIR_Row_Live__Protests___Politics_Over_Poll_Panel___Govt_VS_Oppn___CEC___Rahul_G.mp4,1165,8056.467,8060.067,3.6,Anchor Studio,94.0,"Anchor Studio: stable=0.88, symmetry=0.98, centered=True, faces=4, face_area=0.0712"
SIR_Row_Live__Protests___Politics_Over_Poll_Panel___Govt_VS_Oppn___CEC___Rahul_G.mp4,1166,8060.133,8062.067,1.934,Anchor Studio,94.0,"Anchor Studio: stable=0.79, symmetry=0.95, centered=True, faces=3, face_area=0.0492"
SIR_Row_Live__Protests___Politics_Over_Poll_Panel___Govt_VS_Oppn___CEC___Rahul_G.mp4,1167,8062.133,8064.467,2.334,Anchor Studio,94.0,"Anchor Studio: stable=0.90, symmetry=0.95, centered=True, faces=3, face_area=0.0456"
SIR_Row_Live__Protests___Politics_Over_Poll_Panel___Govt_VS_Oppn___CEC___Rahul_G.mp4,1168,8064.533,8066.267,1.734,Anchor Studio,94.0,"Anchor Studio: stable=0.80, symmetry=0.92, centered=True, faces=3, face_area=0.0538"
SIR_Row_Live__Protests___Politics_Over_Poll_Panel___Govt_VS_Oppn___CEC___Rahul_G.mp4,1169,8066.333,8070.067,3.734,Anchor Studio,94.0,"Anchor Studio: stable=0.87, symmetry=0.89, centered=True, faces=2, face_area=0.0176"
SIR_Row_Live__Protests___Politics_Over_Poll_Panel___Govt_VS_Oppn___CEC___Rahul_G.mp4,1170,8070.133,8080.0,9.867,Anchor Studio,82.0,"Anchor Studio: stable=0.85, symmetry=0.86, centered=False, faces=2, face_area=0.0201"
SIR_Row_Live__Protests___Politics_Over_Poll_Panel___Govt_VS_Oppn___CEC___Rahul_G.mp4,1171,8080.067,8084.467,4.4,Anchor Studio,94.0,"Anchor Studio: stable=0.85, symmetry=0.88, centered=True, faces=2, face_area=0.0211"
SIR_Row_Live__Protests___Politics_Over_Poll_Panel___Govt_VS_Oppn___CEC___Rahul_G.mp4,1172,8084.533,8090.0,5.467,Anchor Studio,82.0,"Anchor Studio: stable=0.86, symmetry=0.88, centered=False, faces=2, face_area=0.0171"
SIR_Row_Live__Protests___Politics_Over_Poll_Panel___Govt_VS_Oppn___CEC___Rahul_G.mp4,1173,8090.067,8100.067,10.0,Anchor Studio,94.0,"Anchor Studio: stable=0.84, symmetry=0.88, centered=True, faces=2, face_area=0.0218"
SIR_Row_Live__Protests___Politics_Over_Poll_Panel___Govt_VS_Oppn___CEC___Rahul_G.mp4,1174,8100.133,8110.0,9.867,Anchor Studio,82.0,"Anchor Studio: stable=0.85, symmetry=0.85, centered=False, faces=1, face_area=0.0214"
SIR_Row_Live__Protests___Politics_Over_Poll_Panel___Govt_VS_Oppn___CEC___Rahul_G.mp4,1175,8110.067,8114.4,4.333,Anchor Studio,82.0,"Anchor Studio: stable=0.88, symmetry=0.91, centered=False, faces=1, face_area=0.0192"
SIR_Row_Live__Protests___Politics_Over_Poll_Panel___Govt_VS_Oppn___CEC___Rahul_G.mp4,1176,8114.467,8115.067,0.6,Field Report,68.0,"Field Report: motion=0.0492, faces=1, centered=False, symmetry=0.71"
SIR_Row_Live__Protests___Politics_Over_Poll_Panel___Govt_VS_Oppn___CEC___Rahul_G.mp4,1177,8115.133,8118.667,3.534,Anchor Studio,94.0,"Anchor Studio: stable=0.82, symmetry=0.95, centered=True, faces=3, face_area=0.0766"
SIR_Row_Live__Protests___Politics_Over_Poll_Panel___Govt_VS_Oppn___CEC___Rahul_G.mp4,1178,8118.733,8119.667,0.934,Anchor Studio,72.0,"Anchor Studio: stable=0.58, symmetry=0.78, centered=True, faces=3, face_area=0.0301"
SIR_Row_Live__Protests___Politics_Over_Poll_Panel___Govt_VS_Oppn___CEC___Rahul_G.mp4,1179,8119.733,8135.8,16.067,Anchor Studio,94.0,"Anchor Studio: stable=0.88, symmetry=0.92, centered=True, faces=4, face_area=0.0454"
SIR_Row_Live__Protests___Politics_Over_Poll_Panel___Govt_VS_Oppn___CEC___Rahul_G.mp4,1180,8135.867,8147.267,11.4,Anchor Studio,94.0,"Anchor Studio: stable=0.80, symmetry=0.90, centered=True, faces=2, face_area=0.0304"
SIR_Row_Live__Protests___Politics_Over_Poll_Panel___Govt_VS_Oppn___CEC___Rahul_G.mp4,1181,8147.333,8148.2,0.867,Anchor Studio,72.0,"Anchor Studio: stable=0.51, symmetry=0.96, centered=False, faces=1, face_area=0.0225"
SIR_Row_Live__Protests___Politics_Over_Poll_Panel___Govt_VS_Oppn___CEC___Rahul_G.mp4,1182,8148.267,8150.533,2.266,Anchor Studio,84.0,"Anchor Studio: stable=0.44, symmetry=0.98, centered=True, faces=2, face_area=0.0361"
SIR_Row_Live__Protests___Politics_Over_Poll_Panel___Govt_VS_Oppn___CEC___Rahul_G.mp4,1183,8150.6,8156.933,6.333,Anchor Studio,72.0,"Anchor Studio: stable=0.58, symmetry=0.96, centered=False, faces=2, face_area=0.0313"
SIR_Row_Live__Protests___Politics_Over_Poll_Panel___Govt_VS_Oppn___CEC___Rahul_G.mp4,1184,8157.0,8159.267,2.267,Anchor Studio,84.0,"Anchor Studio: stable=0.56, symmetry=0.96, centered=True, faces=3, face_area=0.0472"
SIR_Row_Live__Protests___Politics_Over_Poll_Panel___Govt_VS_Oppn___CEC___Rahul_G.mp4,1185,8159.333,8161.6,2.267,Anchor Studio,72.0,"Anchor Studio: stable=0.57, symmetry=0.95, centered=False, faces=2, face_area=0.0443"
SIR_Row_Live__Protests___Politics_Over_Poll_Panel___Govt_VS_Oppn___CEC___Rahul_G.mp4,1186,8161.667,8184.2,22.533,Anchor Studio,94.0,"Anchor Studio: stable=0.88, symmetry=0.94, centered=True, faces=3, face_area=0.0408"
SIR_Row_Live__Protests___Politics_Over_Poll_Panel___Govt_VS_Oppn___CEC___Rahul_G.mp4,1187,8184.267,8196.8,12.533,Anchor Studio,82.0,"Anchor Studio: stable=0.85, symmetry=0.91, centered=False, faces=3, face_area=0.0534"
SIR_Row_Live__Protests___Politics_Over_Poll_Panel___Govt_VS_Oppn___CEC___Rahul_G.mp4,1188,8196.867,8219.067,22.2,Anchor Studio,82.0,"Anchor Studio: stable=0.86, symmetry=0.89, centered=False, faces=3, face_area=0.0512"
SIR_Row_Live__Protests___Politics_Over_Poll_Panel___Govt_VS_Oppn___CEC___Rahul_G.mp4,1189,8219.133,8228.533,9.4,Anchor Studio,74.0,"Anchor Studio: stable=0.34, symmetry=0.87, centered=True, faces=1, face_area=0.0003"
SIR_Row_Live__Protests___Politics_Over_Poll_Panel___Govt_VS_Oppn___CEC___Rahul_G.mp4,1190,8228.6,8241.133,12.533,Anchor Studio,84.0,"Anchor Studio: stable=0.48, symmetry=0.91, centered=True, faces=3, face_area=0.0164"
SIR_Row_Live__Protests___Politics_Over_Poll_Panel___Govt_VS_Oppn___CEC___Rahul_G.mp4,1191,8241.2,8244.533,3.333,B-Roll,70.0,"B-Roll: motion=0.0736, edge=0.1450, face_area=0.0000, symmetry=0.90"
SIR_Row_Live__Protests___Politics_Over_Poll_Panel___Govt_VS_Oppn___CEC___Rahul_G.mp4,1192,8244.6,8249.667,5.067,B-Roll,70.0,"B-Roll: motion=0.0585, edge=0.1701, face_area=0.0005, symmetry=0.84"
SIR_Row_Live__Protests___Politics_Over_Poll_Panel___Govt_VS_Oppn___CEC___Rahul_G.mp4,1193,8249.733,8252.6,2.867,Anchor Studio,84.0,"Anchor Studio: stable=0.41, symmetry=0.96, centered=True, faces=2, face_area=0.0767"
SIR_Row_Live__Protests___Politics_Over_Poll_Panel___Govt_VS_Oppn___CEC___Rahul_G.mp4,1194,8252.667,8254.533,1.866,B-Roll,70.0,"B-Roll: motion=0.0802, edge=0.1656, face_area=0.0000, symmetry=0.96"
SIR_Row_Live__Protests___Politics_Over_Poll_Panel___Govt_VS_Oppn___CEC___Rahul_G.mp4,1195,8254.6,8255.667,1.067,B-Roll,70.0,"B-Roll: motion=0.0699, edge=0.1121, face_area=0.0000, symmetry=0.92"
SIR_Row_Live__Protests___Politics_Over_Poll_Panel___Govt_VS_Oppn___CEC___Rahul_G.mp4,1196,8255.733,8257.333,1.6,B-Roll,70.0,"B-Roll: motion=0.1109, edge=0.1266, face_area=0.0000, symmetry=0.95"
SIR_Row_Live__Protests___Politics_Over_Poll_Panel___Govt_VS_Oppn___CEC___Rahul_G.mp4,1197,8257.4,8262.6,5.2,Anchor Studio,74.0,"Anchor Studio: stable=0.11, symmetry=0.91, centered=True, faces=1, face_area=0.0060"
SIR_Row_Live__Protests___Politics_Over_Poll_Panel___Govt_VS_Oppn___CEC___Rahul_G.mp4,1198,8262.667,8265.2,2.533,B-Roll,70.0,"B-Roll: motion=0.0791, edge=0.1338, face_area=0.0000, symmetry=0.89"
SIR_Row_Live__Protests___Politics_Over_Poll_Panel___Govt_VS_Oppn___CEC___Rahul_G.mp4,1199,8265.267,8270.933,5.666,Anchor Studio,84.0,"Anchor Studio: stable=0.23, symmetry=0.93, centered=True, faces=2, face_area=0.0284"
SIR_Row_Live__Protests___Politics_Over_Poll_Panel___Govt_VS_Oppn___CEC___Rahul_G.mp4,1200,8271.0,8273.8,2.8,Anchor Studio,72.0,"Anchor Studio: stable=0.19, symmetry=0.87, centered=False, faces=1, face_area=0.0110"
SIR_Row_Live__Protests___Politics_Over_Poll_Panel___Govt_VS_Oppn___CEC___Rahul_G.mp4,1201,8273.867,8276.8,2.933,Anchor Studio,74.0,"Anchor Studio: stable=0.09, symmetry=0.95, centered=True, faces=1, face_area=0.0034"
SIR_Row_Live__Protests___Politics_Over_Poll_Panel___Govt_VS_Oppn___CEC___Rahul_G.mp4,1202,8276.867,8279.2,2.333,B-Roll,70.0,"B-Roll: motion=0.1051, edge=0.1719, face_area=0.0000, symmetry=0.97"
SIR_Row_Live__Protests___Politics_Over_Poll_Panel___Govt_VS_Oppn___CEC___Rahul_G.mp4,1203,8279.267,8281.067,1.8,B-Roll,70.0,"B-Roll: motion=0.0552, edge=0.1336, face_area=0.0000, symmetry=0.90"
SIR_Row_Live__Protests___Politics_Over_Poll_Panel___Govt_VS_Oppn___CEC___Rahul_G.mp4,1204,8281.133,8290.4,9.267,Anchor Studio,74.0,"Anchor Studio: stable=0.72, symmetry=0.95, centered=True, faces=1, face_area=0.0012"
SIR_Row_Live__Protests___Politics_Over_Poll_Panel___Govt_VS_Oppn___CEC___Rahul_G.mp4,1205,8290.467,8326.0,35.533,Title Card,78.0,"Title Card: headline=0.2644, textcov=0.3868, stability=0.92"
SIR_Row_Live__Protests___Politics_Over_Poll_Panel___Govt_VS_Oppn___CEC___Rahul_G.mp4,1206,8326.067,8329.133,3.066,Anchor Studio,84.0,"Anchor Studio: stable=0.03, symmetry=0.90, centered=True, faces=2, face_area=0.0183"
SIR_Row_Live__Protests___Politics_Over_Poll_Panel___Govt_VS_Oppn___CEC___Rahul_G.mp4,1207,8329.2,8330.867,1.667,Title Card,78.0,"Title Card: headline=0.6184, textcov=0.8165, stability=0.85"
SIR_Row_Live__Protests___Politics_Over_Poll_Panel___Govt_VS_Oppn___CEC___Rahul_G.mp4,1208,8330.933,8332.4,1.467,Title Card,78.0,"Title Card: headline=0.5445, textcov=0.6380, stability=0.87"
SIR_Row_Live__Protests___Politics_Over_Poll_Panel___Govt_VS_Oppn___CEC___Rahul_G.mp4,1209,8332.467,8333.2,0.733,Anchor Studio,84.0,"Anchor Studio: stable=0.69, symmetry=0.90, centered=True, faces=1, face_area=0.0258"
SIR_Row_Live__Protests___Politics_Over_Poll_Panel___Govt_VS_Oppn___CEC___Rahul_G.mp4,1210,8333.267,8335.067,1.8,B-Roll,70.0,"B-Roll: motion=0.0679, edge=0.1644, face_area=0.0000, symmetry=0.93"
SIR_Row_Live__Protests___Politics_Over_Poll_Panel___Govt_VS_Oppn___CEC___Rahul_G.mp4,1211,8335.133,8336.4,1.267,B-Roll,70.0,"B-Roll: motion=0.0339, edge=0.1263, face_area=0.0000, symmetry=0.98"
SIR_Row_Live__Protests___Politics_Over_Poll_Panel___Govt_VS_Oppn___CEC___Rahul_G.mp4,1212,8336.467,8338.8,2.333,Anchor Studio,84.0,"Anchor Studio: stable=0.88, symmetry=0.86, centered=True, faces=1, face_area=0.0064"
SIR_Row_Live__Protests___Politics_Over_Poll_Panel___Govt_VS_Oppn___CEC___Rahul_G.mp4,1213,8338.867,8342.8,3.933,B-Roll,70.0,"B-Roll: motion=0.0541, edge=0.0985, face_area=0.0014, symmetry=0.90"
SIR_Row_Live__Protests___Politics_Over_Poll_Panel___Govt_VS_Oppn___CEC___Rahul_G.mp4,1214,8342.867,8346.2,3.333,Anchor Studio,74.0,"Anchor Studio: stable=0.63, symmetry=0.94, centered=True, faces=1, face_area=0.0068"
SIR_Row_Live__Protests___Politics_Over_Poll_Panel___Govt_VS_Oppn___CEC___Rahul_G.mp4,1215,8346.267,8346.867,0.6,Anchor Studio,74.0,"Anchor Studio: stable=0.51, symmetry=0.97, centered=True, faces=1, face_area=0.0021"
SIR_Row_Live__Protests___Politics_Over_Poll_Panel___Govt_VS_Oppn___CEC___Rahul_G.mp4,1216,8346.933,8351.067,4.134,Anchor Studio,84.0,"Anchor Studio: stable=0.61, symmetry=0.94, centered=True, faces=2, face_area=0.0419"
SIR_Row_Live__Protests___Politics_Over_Poll_Panel___Govt_VS_Oppn___CEC___Rahul_G.mp4,1217,8351.133,8377.333,26.2,Anchor Studio,94.0,"Anchor Studio: stable=0.88, symmetry=0.95, centered=True, faces=4, face_area=0.0990"
SIR_Row_Live__Protests___Politics_Over_Poll_Panel___Govt_VS_Oppn___CEC___Rahul_G.mp4,1218,8377.4,8378.133,0.733,Anchor Studio,84.0,"Anchor Studio: stable=0.87, symmetry=0.89, centered=True, faces=1, face_area=0.0062"
SIR_Row_Live__Protests___Politics_Over_Poll_Panel___Govt_VS_Oppn___CEC___Rahul_G.mp4,1219,8378.2,8383.4,5.2,Anchor Studio,82.0,"Anchor Studio: stable=0.89, symmetry=0.88, centered=False, faces=1, face_area=0.0223"
SIR_Row_Live__Protests___Politics_Over_Poll_Panel___Govt_VS_Oppn___CEC___Rahul_G.mp4,1220,8383.467,8391.2,7.733,Anchor Studio,82.0,"Anchor Studio: stable=0.92, symmetry=0.88, centered=False, faces=1, face_area=0.0252"
SIR_Row_Live__Protests___Politics_Over_Poll_Panel___Govt_VS_Oppn___CEC___Rahul_G.mp4,1221,8391.267,8392.933,1.666,Anchor Studio,72.0,"Anchor Studio: stable=0.66, symmetry=0.80, centered=False, faces=1, face_area=0.0282"
SIR_Row_Live__Protests___Politics_Over_Poll_Panel___Govt_VS_Oppn___CEC___Rahul_G.mp4,1222,8393.0,8396.467,3.467,Title Card,74.0,"Title Card: headline=0.8130, textcov=0.9477, stability=0.82"
SIR_Row_Live__Protests___Politics_Over_Poll_Panel___Govt_VS_Oppn___CEC___Rahul_G.mp4,1223,8396.533,8399.6,3.067,Anchor Studio,94.0,"Anchor Studio: stable=0.89, symmetry=0.85, centered=True, faces=3, face_area=0.0486"
SIR_Row_Live__Protests___Politics_Over_Poll_Panel___Govt_VS_Oppn___CEC___Rahul_G.mp4,1224,8399.667,8400.333,0.666,Anchor Studio,82.0,"Anchor Studio: stable=0.79, symmetry=0.91, centered=False, faces=1, face_area=0.0261"
SIR_Row_Live__Protests___Politics_Over_Poll_Panel___Govt_VS_Oppn___CEC___Rahul_G.mp4,1225,8400.4,8405.067,4.667,Anchor Studio,94.0,"Anchor Studio: stable=0.91, symmetry=0.89, centered=True, faces=1, face_area=0.0202"
SIR_Row_Live__Protests___Politics_Over_Poll_Panel___Govt_VS_Oppn___CEC___Rahul_G.mp4,1226,8405.133,8405.8,0.667,Anchor Studio,82.0,"Anchor Studio: stable=0.91, symmetry=0.94, centered=False, faces=1, face_area=0.0285"
SIR_Row_Live__Protests___Politics_Over_Poll_Panel___Govt_VS_Oppn___CEC___Rahul_G.mp4,1227,8405.867,8409.467,3.6,Anchor Studio,84.0,"Anchor Studio: stable=0.35, symmetry=0.96, centered=True, faces=1, face_area=0.0313"
SIR_Row_Live__Protests___Politics_Over_Poll_Panel___Govt_VS_Oppn___CEC___Rahul_G.mp4,1228,8409.533,8413.4,3.867,Anchor Studio,84.0,"Anchor Studio: stable=0.52, symmetry=0.96, centered=True, faces=2, face_area=0.0138"
SIR_Row_Live__Protests___Politics_Over_Poll_Panel___Govt_VS_Oppn___CEC___Rahul_G.mp4,1229,8413.467,8414.267,0.8,Anchor Studio,84.0,"Anchor Studio: stable=0.37, symmetry=0.93, centered=True, faces=1, face_area=0.0103"
SIR_Row_Live__Protests___Politics_Over_Poll_Panel___Govt_VS_Oppn___CEC___Rahul_G.mp4,1230,8414.333,8416.933,2.6,B-Roll,70.0,"B-Roll: motion=0.0427, edge=0.1429, face_area=0.0000, symmetry=0.91"
SIR_Row_Live__Protests___Politics_Over_Poll_Panel___Govt_VS_Oppn___CEC___Rahul_G.mp4,1231,8417.0,8419.467,2.467,Title Card,68.0,"Title Card: headline=0.0657, textcov=0.3553, stability=0.79"
SIR_Row_Live__Protests___Politics_Over_Poll_Panel___Govt_VS_Oppn___CEC___Rahul_G.mp4,1232,8419.533,8423.133,3.6,Anchor Studio,82.0,"Anchor Studio: stable=0.87, symmetry=0.80, centered=True, faces=2, face_area=0.1103"
SIR_Row_Live__Protests___Politics_Over_Poll_Panel___Govt_VS_Oppn___CEC___Rahul_G.mp4,1233,8423.2,8436.133,12.933,Anchor Studio,84.0,"Anchor Studio: stable=0.60, symmetry=0.92, centered=True, faces=1, face_area=0.0346"
SIR_Row_Live__Protests___Politics_Over_Poll_Panel___Govt_VS_Oppn___CEC___Rahul_G.mp4,1234,8436.2,8438.667,2.467,Anchor Studio,72.0,"Anchor Studio: stable=0.74, symmetry=0.88, centered=False, faces=1, face_area=0.0252"
SIR_Row_Live__Protests___Politics_Over_Poll_Panel___Govt_VS_Oppn___CEC___Rahul_G.mp4,1235,8438.733,8442.8,4.067,Anchor Studio,94.0,"Anchor Studio: stable=0.80, symmetry=0.95, centered=True, faces=2, face_area=0.0250"
SIR_Row_Live__Protests___Politics_Over_Poll_Panel___Govt_VS_Oppn___CEC___Rahul_G.mp4,1236,8442.867,8451.467,8.6,Anchor Studio,84.0,"Anchor Studio: stable=0.73, symmetry=0.97, centered=True, faces=2, face_area=0.0280"
SIR_Row_Live__Protests___Politics_Over_Poll_Panel___Govt_VS_Oppn___CEC___Rahul_G.mp4,1237,8451.533,8462.4,10.867,Anchor Studio,84.0,"Anchor Studio: stable=0.64, symmetry=0.86, centered=True, faces=1, face_area=0.0133"
SIR_Row_Live__Protests___Politics_Over_Poll_Panel___Govt_VS_Oppn___CEC___Rahul_G.mp4,1238,8462.467,8464.267,1.8,Title Card,78.0,"Title Card: headline=0.6310, textcov=0.8111, stability=0.82"
SIR_Row_Live__Protests___Politics_Over_Poll_Panel___Govt_VS_Oppn___CEC___Rahul_G.mp4,1239,8464.333,8465.0,0.667,Title Card,68.0,"Title Card: headline=0.1058, textcov=0.4542, stability=0.77"
SIR_Row_Live__Protests___Politics_Over_Poll_Panel___Govt_VS_Oppn___CEC___Rahul_G.mp4,1240,8465.067,8468.133,3.066,Title Card,78.0,"Title Card: headline=0.2988, textcov=0.5569, stability=0.83"
SIR_Row_Live__Protests___Politics_Over_Poll_Panel___Govt_VS_Oppn___CEC___Rahul_G.mp4,1241,8468.2,8470.2,2.0,Title Card,78.0,"Title Card: headline=0.4508, textcov=0.5439, stability=0.90"
SIR_Row_Live__Protests___Politics_Over_Poll_Panel___Govt_VS_Oppn___CEC___Rahul_G.mp4,1242,8470.267,8476.067,5.8,Title Card,78.0,"Title Card: headline=0.7373, textcov=0.8550, stability=0.93"
SIR_Row_Live__Protests___Politics_Over_Poll_Panel___Govt_VS_Oppn___CEC___Rahul_G.mp4,1243,8476.133,8482.467,6.334,Anchor Studio,74.0,"Anchor Studio: stable=0.51, symmetry=0.91, centered=True, faces=1, face_area=0.0011"
SIR_Row_Live__Protests___Politics_Over_Poll_Panel___Govt_VS_Oppn___CEC___Rahul_G.mp4,1244,8482.533,8487.467,4.934,B-Roll,70.0,"B-Roll: motion=0.0419, edge=0.1552, face_area=0.0000, symmetry=0.97"
SIR_Row_Live__Protests___Politics_Over_Poll_Panel___Govt_VS_Oppn___CEC___Rahul_G.mp4,1245,8487.533,8491.067,3.534,B-Roll,70.0,"B-Roll: motion=0.1201, edge=0.0824, face_area=0.0000, symmetry=0.90"
SIR_Row_Live__Protests___Politics_Over_Poll_Panel___Govt_VS_Oppn___CEC___Rahul_G.mp4,1246,8491.133,8493.133,2.0,B-Roll,70.0,"B-Roll: motion=0.0849, edge=0.1232, face_area=0.0000, symmetry=0.93"
SIR_Row_Live__Protests___Politics_Over_Poll_Panel___Govt_VS_Oppn___CEC___Rahul_G.mp4,1247,8493.2,8495.867,2.667,Anchor Studio,82.0,"Anchor Studio: stable=0.81, symmetry=0.92, centered=False, faces=1, face_area=0.0475"
SIR_Row_Live__Protests___Politics_Over_Poll_Panel___Govt_VS_Oppn___CEC___Rahul_G.mp4,1248,8495.933,8497.867,1.934,Anchor Studio,84.0,"Anchor Studio: stable=0.79, symmetry=0.91, centered=True, faces=1, face_area=0.0090"
SIR_Row_Live__Protests___Politics_Over_Poll_Panel___Govt_VS_Oppn___CEC___Rahul_G.mp4,1249,8497.933,8500.133,2.2,Anchor Studio,84.0,"Anchor Studio: stable=0.86, symmetry=0.92, centered=True, faces=1, face_area=0.0057"
SIR_Row_Live__Protests___Politics_Over_Poll_Panel___Govt_VS_Oppn___CEC___Rahul_G.mp4,1250,8500.2,8502.6,2.4,Anchor Studio,94.0,"Anchor Studio: stable=0.75, symmetry=0.98, centered=True, faces=1, face_area=0.0159"
SIR_Row_Live__Protests___Politics_Over_Poll_Panel___Govt_VS_Oppn___CEC___Rahul_G.mp4,1251,8502.667,8506.733,4.066,Anchor Studio,94.0,"Anchor Studio: stable=0.76, symmetry=0.83, centered=True, faces=2, face_area=0.0223"
SIR_Row_Live__Protests___Politics_Over_Poll_Panel___Govt_VS_Oppn___CEC___Rahul_G.mp4,1252,8506.8,8514.4,7.6,Anchor Studio,84.0,"Anchor Studio: stable=0.69, symmetry=0.88, centered=True, faces=2, face_area=0.0182"
SIR_Row_Live__Protests___Politics_Over_Poll_Panel___Govt_VS_Oppn___CEC___Rahul_G.mp4,1253,8514.467,8519.6,5.133,Anchor Studio,94.0,"Anchor Studio: stable=0.78, symmetry=0.89, centered=True, faces=1, face_area=0.0114"
SIR_Row_Live__Protests___Politics_Over_Poll_Panel___Govt_VS_Oppn___CEC___Rahul_G.mp4,1254,8519.667,8520.533,0.866,Anchor Studio,74.0,"Anchor Studio: stable=0.74, symmetry=0.94, centered=True, faces=1, face_area=0.0037"
SIR_Row_Live__Protests___Politics_Over_Poll_Panel___Govt_VS_Oppn___CEC___Rahul_G.mp4,1255,8520.6,8521.6,1.0,Anchor Studio,94.0,"Anchor Studio: stable=0.78, symmetry=0.98, centered=True, faces=1, face_area=0.0262"
SIR_Row_Live__Protests___Politics_Over_Poll_Panel___Govt_VS_Oppn___CEC___Rahul_G.mp4,1256,8521.667,8523.667,2.0,Anchor Studio,84.0,"Anchor Studio: stable=0.70, symmetry=0.96, centered=True, faces=1, face_area=0.0204"
SIR_Row_Live__Protests___Politics_Over_Poll_Panel___Govt_VS_Oppn___CEC___Rahul_G.mp4,1257,8523.733,8525.667,1.934,Title Card,78.0,"Title Card: headline=0.2915, textcov=0.4777, stability=0.86"
SIR_Row_Live__Protests___Politics_Over_Poll_Panel___Govt_VS_Oppn___CEC___Rahul_G.mp4,1258,8525.733,8527.467,1.734,B-Roll,70.0,"B-Roll: motion=0.0262, edge=0.0844, face_area=0.0000, symmetry=0.89"
SIR_Row_Live__Protests___Politics_Over_Poll_Panel___Govt_VS_Oppn___CEC___Rahul_G.mp4,1259,8527.533,8530.267,2.734,Title Card,78.0,"Title Card: headline=0.3618, textcov=0.5510, stability=0.87"
SIR_Row_Live__Protests___Politics_Over_Poll_Panel___Govt_VS_Oppn___CEC___Rahul_G.mp4,1260,8530.333,8531.6,1.267,Title Card,78.0,"Title Card: headline=0.1620, textcov=0.3226, stability=0.85"
SIR_Row_Live__Protests___Politics_Over_Poll_Panel___Govt_VS_Oppn___CEC___Rahul_G.mp4,1261,8531.667,8533.067,1.4,B-Roll,70.0,"B-Roll: motion=0.0385, edge=0.1132, face_area=0.0000, symmetry=0.80"
SIR_Row_Live__Protests___Politics_Over_Poll_Panel___Govt_VS_Oppn___CEC___Rahul_G.mp4,1262,8533.133,8537.0,3.867,Anchor Studio,94.0,"Anchor Studio: stable=0.86, symmetry=0.82, centered=True, faces=2, face_area=0.0162"
SIR_Row_Live__Protests___Politics_Over_Poll_Panel___Govt_VS_Oppn___CEC___Rahul_G.mp4,1263,8537.067,8538.733,1.666,Anchor Studio,82.0,"Anchor Studio: stable=0.83, symmetry=0.79, centered=True, faces=2, face_area=0.0324"
SIR_Row_Live__Protests___Politics_Over_Poll_Panel___Govt_VS_Oppn___CEC___Rahul_G.mp4,1264,8538.8,8539.333,0.533,Anchor Studio,72.0,"Anchor Studio: stable=0.75, symmetry=0.78, centered=True, faces=1, face_area=0.0191"
SIR_Row_Live__Protests___Politics_Over_Poll_Panel___Govt_VS_Oppn___CEC___Rahul_G.mp4,1265,8539.4,8544.067,4.667,Anchor Studio,84.0,"Anchor Studio: stable=0.76, symmetry=0.93, centered=True, faces=1, face_area=0.0071"
SIR_Row_Live__Protests___Politics_Over_Poll_Panel___Govt_VS_Oppn___CEC___Rahul_G.mp4,1266,8544.133,8546.467,2.334,Title Card,78.0,"Title Card: headline=0.1997, textcov=0.3126, stability=0.84"
SIR_Row_Live__Protests___Politics_Over_Poll_Panel___Govt_VS_Oppn___CEC___Rahul_G.mp4,1267,8546.533,8548.267,1.734,B-Roll,70.0,"B-Roll: motion=0.0516, edge=0.2027, face_area=0.0000, symmetry=0.87"
SIR_Row_Live__Protests___Politics_Over_Poll_Panel___Govt_VS_Oppn___CEC___Rahul_G.mp4,1268,8548.333,8549.467,1.134,B-Roll,70.0,"B-Roll: motion=0.0455, edge=0.1998, face_area=0.0000, symmetry=0.84"
SIR_Row_Live__Protests___Politics_Over_Poll_Panel___Govt_VS_Oppn___CEC___Rahul_G.mp4,1269,8549.533,8559.2,9.667,Anchor Studio,74.0,"Anchor Studio: stable=0.37, symmetry=0.93, centered=True, faces=1, face_area=0.0025"
SIR_Row_Live__Protests___Politics_Over_Poll_Panel___Govt_VS_Oppn___CEC___Rahul_G.mp4,1270,8559.267,8566.2,6.933,Anchor Studio,94.0,"Anchor Studio: stable=0.86, symmetry=0.89, centered=True, faces=2, face_area=0.0282"
SIR_Row_Live__Protests___Politics_Over_Poll_Panel___Govt_VS_Oppn___CEC___Rahul_G.mp4,1271,8566.267,8588.067,21.8,Anchor Studio,94.0,"Anchor Studio: stable=0.89, symmetry=0.89, centered=True, faces=4, face_area=0.1239"
SIR_Row_Live__Protests___Politics_Over_Poll_Panel___Govt_VS_Oppn___CEC___Rahul_G.mp4,1272,8588.133,8599.0,10.867,Anchor Studio,94.0,"Anchor Studio: stable=0.91, symmetry=0.86, centered=True, faces=4, face_area=0.1420"
SIR_Row_Live__Protests___Politics_Over_Poll_Panel___Govt_VS_Oppn___CEC___Rahul_G.mp4,1273,8599.067,8614.933,15.866,Anchor Studio,94.0,"Anchor Studio: stable=0.93, symmetry=0.89, centered=True, faces=4, face_area=0.1488"
SIR_Row_Live__Protests___Politics_Over_Poll_Panel___Govt_VS_Oppn___CEC___Rahul_G.mp4,1274,8615.0,8615.667,0.667,Anchor Studio,72.0,"Anchor Studio: stable=0.48, symmetry=0.74, centered=True, faces=3, face_area=0.0255"
SIR_Row_Live__Protests___Politics_Over_Poll_Panel___Govt_VS_Oppn___CEC___Rahul_G.mp4,1275,8615.733,8643.133,27.4,Anchor Studio,84.0,"Anchor Studio: stable=0.88, symmetry=0.90, centered=True, faces=1, face_area=0.0020"
SIR_Row_Live__Protests___Politics_Over_Poll_Panel___Govt_VS_Oppn___CEC___Rahul_G.mp4,1276,8643.2,8646.667,3.467,Anchor Studio,94.0,"Anchor Studio: stable=0.80, symmetry=0.89, centered=True, faces=1, face_area=0.0149"
SIR_Row_Live__Protests___Politics_Over_Poll_Panel___Govt_VS_Oppn___CEC___Rahul_G.mp4,1277,8646.733,8649.333,2.6,Anchor Studio,94.0,"Anchor Studio: stable=0.90, symmetry=0.97, centered=True, faces=1, face_area=0.0198"
SIR_Row_Live__Protests___Politics_Over_Poll_Panel___Govt_VS_Oppn___CEC___Rahul_G.mp4,1278,8649.4,8650.867,1.467,Anchor Studio,94.0,"Anchor Studio: stable=0.84, symmetry=0.96, centered=True, faces=1, face_area=0.0187"
SIR_Row_Live__Protests___Politics_Over_Poll_Panel___Govt_VS_Oppn___CEC___Rahul_G.mp4,1279,8650.933,8651.6,0.667,Anchor Studio,94.0,"Anchor Studio: stable=0.93, symmetry=0.97, centered=True, faces=1, face_area=0.0190"
SIR_Row_Live__Protests___Politics_Over_Poll_Panel___Govt_VS_Oppn___CEC___Rahul_G.mp4,1280,8651.667,8663.267,11.6,Anchor Studio,94.0,"Anchor Studio: stable=0.89, symmetry=0.91, centered=True, faces=1, face_area=0.0168"
SIR_Row_Live__Protests___Politics_Over_Poll_Panel___Govt_VS_Oppn___CEC___Rahul_G.mp4,1281,8663.333,8664.267,0.934,Anchor Studio,94.0,"Anchor Studio: stable=0.80, symmetry=0.95, centered=True, faces=1, face_area=0.0193"
SIR_Row_Live__Protests___Politics_Over_Poll_Panel___Govt_VS_Oppn___CEC___Rahul_G.mp4,1282,8664.333,8675.2,10.867,Anchor Studio,94.0,"Anchor Studio: stable=0.91, symmetry=0.95, centered=True, faces=1, face_area=0.0159"
SIR_Row_Live__Protests___Politics_Over_Poll_Panel___Govt_VS_Oppn___CEC___Rahul_G.mp4,1283,8675.267,8681.667,6.4,Anchor Studio,94.0,"Anchor Studio: stable=0.84, symmetry=0.97, centered=True, faces=2, face_area=0.0372"
SIR_Row_Live__Protests___Politics_Over_Poll_Panel___Govt_VS_Oppn___CEC___Rahul_G.mp4,1284,8681.733,8686.2,4.467,Anchor Studio,84.0,"Anchor Studio: stable=0.92, symmetry=0.90, centered=True, faces=1, face_area=0.0058"
SIR_Row_Live__Protests___Politics_Over_Poll_Panel___Govt_VS_Oppn___CEC___Rahul_G.mp4,1285,8686.267,8694.2,7.933,Anchor Studio,94.0,"Anchor Studio: stable=0.92, symmetry=0.94, centered=True, faces=1, face_area=0.0142"
SIR_Row_Live__Protests___Politics_Over_Poll_Panel___Govt_VS_Oppn___CEC___Rahul_G.mp4,1286,8694.267,8695.4,1.133,Anchor Studio,94.0,"Anchor Studio: stable=0.93, symmetry=0.98, centered=True, faces=1, face_area=0.0193"
SIR_Row_Live__Protests___Politics_Over_Poll_Panel___Govt_VS_Oppn___CEC___Rahul_G.mp4,1287,8695.467,8696.667,1.2,Anchor Studio,94.0,"Anchor Studio: stable=0.92, symmetry=0.98, centered=True, faces=1, face_area=0.0193"
SIR_Row_Live__Protests___Politics_Over_Poll_Panel___Govt_VS_Oppn___CEC___Rahul_G.mp4,1288,8696.733,8704.267,7.534,Anchor Studio,94.0,"Anchor Studio: stable=0.91, symmetry=0.95, centered=True, faces=1, face_area=0.0193"
SIR_Row_Live__Protests___Politics_Over_Poll_Panel___Govt_VS_Oppn___CEC___Rahul_G.mp4,1289,8704.333,8751.267,46.934,Anchor Studio,94.0,"Anchor Studio: stable=0.93, symmetry=0.96, centered=True, faces=1, face_area=0.0169"
SIR_Row_Live__Protests___Politics_Over_Poll_Panel___Govt_VS_Oppn___CEC___Rahul_G.mp4,1290,8751.333,8752.067,0.734,Anchor Studio,72.0,"Anchor Studio: stable=0.59, symmetry=0.78, centered=True, faces=1, face_area=0.0102"
SIR_Row_Live__Protests___Politics_Over_Poll_Panel___Govt_VS_Oppn___CEC___Rahul_G.mp4,1291,8752.133,8765.667,13.534,Title Card,78.0,"Title Card: headline=0.7967, textcov=0.9505, stability=0.89"
SIR_Row_Live__Protests___Politics_Over_Poll_Panel___Govt_VS_Oppn___CEC___Rahul_G.mp4,1292,8765.733,8777.867,12.134,Anchor Studio,84.0,"Anchor Studio: stable=0.88, symmetry=0.92, centered=True, faces=1, face_area=0.0048"
SIR_Row_Live__Protests___Politics_Over_Poll_Panel___Govt_VS_Oppn___CEC___Rahul_G.mp4,1293,8777.933,8853.867,75.934,Anchor Studio,82.0,"Anchor Studio: stable=0.91, symmetry=0.92, centered=False, faces=2, face_area=0.0161"
SIR_Row_Live__Protests___Politics_Over_Poll_Panel___Govt_VS_Oppn___CEC___Rahul_G.mp4,1294,8853.933,8859.667,5.734,Field Report,68.0,"Field Report: motion=0.0297, faces=1, centered=False, symmetry=0.82"
SIR_Row_Live__Protests___Politics_Over_Poll_Panel___Govt_VS_Oppn___CEC___Rahul_G.mp4,1295,8859.733,8884.333,24.6,Anchor Studio,94.0,"Anchor Studio: stable=0.85, symmetry=0.81, centered=True, faces=2, face_area=0.0153"
SIR_Row_Live__Protests___Politics_Over_Poll_Panel___Govt_VS_Oppn___CEC___Rahul_G.mp4,1296,8884.4,8886.6,2.2,Title Card,74.0,"Title Card: headline=0.3952, textcov=0.5473, stability=0.82"
SIR_Row_Live__Protests___Politics_Over_Poll_Panel___Govt_VS_Oppn___CEC___Rahul_G.mp4,1297,8886.667,8909.133,22.466,Title Card,78.0,"Title Card: headline=0.8491, textcov=0.9514, stability=0.90"
SIR_Row_Live__Protests___Politics_Over_Poll_Panel___Govt_VS_Oppn___CEC___Rahul_G.mp4,1298,8909.2,8939.2,30.0,Title Card,78.0,"Title Card: headline=0.8990, textcov=1.0224, stability=0.89"
SIR_Row_Live__Protests___Politics_Over_Poll_Panel___Govt_VS_Oppn___CEC___Rahul_G.mp4,1299,8939.267,8943.267,4.0,Title Card,78.0,"Title Card: headline=1.0235, textcov=1.1449, stability=0.87"
SIR_Row_Live__Protests___Politics_Over_Poll_Panel___Govt_VS_Oppn___CEC___Rahul_G.mp4,1300,8943.333,8991.4,48.067,Anchor Studio,82.0,"Anchor Studio: stable=0.91, symmetry=0.84, centered=False, faces=1, face_area=0.0200"
SIR_Row_Live__Protests___Politics_Over_Poll_Panel___Govt_VS_Oppn___CEC___Rahul_G.mp4,1301,8991.467,8996.133,4.666,Title Card,78.0,"Title Card: headline=0.9617, textcov=1.0134, stability=0.85"
SIR_Row_Live__Protests___Politics_Over_Poll_Panel___Govt_VS_Oppn___CEC___Rahul_G.mp4,1302,8996.2,9000.667,4.467,Title Card,78.0,"Title Card: headline=0.9786, textcov=1.0077, stability=0.81"
SIR_Row_Live__Protests___Politics_Over_Poll_Panel___Govt_VS_Oppn___CEC___Rahul_G.mp4,1303,9000.733,9002.067,1.334,Title Card,78.0,"Title Card: headline=1.0475, textcov=1.1429, stability=0.84"
SIR_Row_Live__Protests___Politics_Over_Poll_Panel___Govt_VS_Oppn___CEC___Rahul_G.mp4,1304,9002.133,9005.667,3.534,Title Card,78.0,"Title Card: headline=1.2204, textcov=1.2820, stability=0.89"
SIR_Row_Live__Protests___Politics_Over_Poll_Panel___Govt_VS_Oppn___CEC___Rahul_G.mp4,1305,9005.733,9008.6,2.867,Title Card,68.0,"Title Card: headline=0.8912, textcov=0.9485, stability=0.77"
SIR_Row_Live__Protests___Politics_Over_Poll_Panel___Govt_VS_Oppn___CEC___Rahul_G.mp4,1306,9008.667,9010.6,1.933,Title Card,68.0,"Title Card: headline=0.8927, textcov=0.9273, stability=0.80"
SIR_Row_Live__Protests___Politics_Over_Poll_Panel___Govt_VS_Oppn___CEC___Rahul_G.mp4,1307,9010.667,9013.0,2.333,Title Card,78.0,"Title Card: headline=0.9221, textcov=1.0029, stability=0.89"
SIR_Row_Live__Protests___Politics_Over_Poll_Panel___Govt_VS_Oppn___CEC___Rahul_G.mp4,1308,9013.067,9015.667,2.6,Title Card,78.0,"Title Card: headline=0.8850, textcov=0.9370, stability=0.81"
SIR_Row_Live__Protests___Politics_Over_Poll_Panel___Govt_VS_Oppn___CEC___Rahul_G.mp4,1309,9015.733,9020.2,4.467,Title Card,78.0,"Title Card: headline=1.0107, textcov=1.0497, stability=0.87"
SIR_Row_Live__Protests___Politics_Over_Poll_Panel___Govt_VS_Oppn___CEC___Rahul_G.mp4,1310,9020.267,9024.0,3.733,Title Card,78.0,"Title Card: headline=1.1058, textcov=1.1273, stability=0.85"
SIR_Row_Live__Protests___Politics_Over_Poll_Panel___Govt_VS_Oppn___CEC___Rahul_G.mp4,1311,9024.067,9024.933,0.866,Anchor Studio,74.0,"Anchor Studio: stable=0.72, symmetry=0.94, centered=True, faces=1, face_area=0.0017"
SIR_Row_Live__Protests___Politics_Over_Poll_Panel___Govt_VS_Oppn___CEC___Rahul_G.mp4,1312,9025.0,9045.667,20.667,Anchor Studio,84.0,"Anchor Studio: stable=0.90, symmetry=0.89, centered=True, faces=1, face_area=0.0027"
SIR_Row_Live__Protests___Politics_Over_Poll_Panel___Govt_VS_Oppn___CEC___Rahul_G.mp4,1313,9045.733,9057.8,12.067,Title Card,78.0,"Title Card: headline=0.9944, textcov=1.1056, stability=0.90"
SIR_Row_Live__Protests___Politics_Over_Poll_Panel___Govt_VS_Oppn___CEC___Rahul_G.mp4,1314,9057.867,9059.0,1.133,Title Card,78.0,"Title Card: headline=0.6996, textcov=0.8171, stability=0.81"
SIR_Row_Live__Protests___Politics_Over_Poll_Panel___Govt_VS_Oppn___CEC___Rahul_G.mp4,1315,9059.067,9061.267,2.2,B-Roll,70.0,"B-Roll: motion=0.0451, edge=0.1484, face_area=0.0000, symmetry=0.94"
SIR_Row_Live__Protests___Politics_Over_Poll_Panel___Govt_VS_Oppn___CEC___Rahul_G.mp4,1316,9061.333,9062.6,1.267,Title Card,78.0,"Title Card: headline=0.8176, textcov=0.9529, stability=0.89"
SIR_Row_Live__Protests___Politics_Over_Poll_Panel___Govt_VS_Oppn___CEC___Rahul_G.mp4,1317,9062.667,9068.0,5.333,Title Card,78.0,"Title Card: headline=0.9012, textcov=1.0415, stability=0.90"
SIR_Row_Live__Protests___Politics_Over_Poll_Panel___Govt_VS_Oppn___CEC___Rahul_G.mp4,1318,9068.067,9071.0,2.933,Title Card,78.0,"Title Card: headline=0.9936, textcov=1.1371, stability=0.90"
SIR_Row_Live__Protests___Politics_Over_Poll_Panel___Govt_VS_Oppn___CEC___Rahul_G.mp4,1319,9071.067,9071.867,0.8,Anchor Studio,84.0,"Anchor Studio: stable=0.00, symmetry=0.97, centered=True, faces=2, face_area=0.0111"
SIR_Row_Live__Protests___Politics_Over_Poll_Panel___Govt_VS_Oppn___CEC___Rahul_G.mp4,1320,9071.933,9078.6,6.667,Anchor Studio,94.0,"Anchor Studio: stable=0.86, symmetry=0.99, centered=True, faces=3, face_area=0.0466"
SIR_Row_Live__Protests___Politics_Over_Poll_Panel___Govt_VS_Oppn___CEC___Rahul_G.mp4,1321,9078.667,9079.733,1.066,Anchor Studio,94.0,"Anchor Studio: stable=0.90, symmetry=1.00, centered=True, faces=3, face_area=0.1010"
SIR_Row_Live__Protests___Politics_Over_Poll_Panel___Govt_VS_Oppn___CEC___Rahul_G.mp4,1322,9079.8,9083.0,3.2,Anchor Studio,94.0,"Anchor Studio: stable=0.92, symmetry=0.99, centered=True, faces=2, face_area=0.0415"
SIR_Row_Live__Protests___Politics_Over_Poll_Panel___Govt_VS_Oppn___CEC___Rahul_G.mp4,1323,9083.067,9087.8,4.733,Anchor Studio,94.0,"Anchor Studio: stable=0.86, symmetry=0.98, centered=True, faces=3, face_area=0.0535"
SIR_Row_Live__Protests___Politics_Over_Poll_Panel___Govt_VS_Oppn___CEC___Rahul_G.mp4,1324,9087.867,9089.2,1.333,Anchor Studio,94.0,"Anchor Studio: stable=0.89, symmetry=0.98, centered=True, faces=2, face_area=0.0486"
SIR_Row_Live__Protests___Politics_Over_Poll_Panel___Govt_VS_Oppn___CEC___Rahul_G.mp4,1325,9089.267,9097.133,7.866,Anchor Studio,94.0,"Anchor Studio: stable=0.83, symmetry=0.96, centered=True, faces=3, face_area=0.0491"
SIR_Row_Live__Protests___Politics_Over_Poll_Panel___Govt_VS_Oppn___CEC___Rahul_G.mp4,1326,9097.2,9099.333,2.133,Anchor Studio,94.0,"Anchor Studio: stable=0.84, symmetry=0.95, centered=True, faces=2, face_area=0.0299"
SIR_Row_Live__Protests___Politics_Over_Poll_Panel___Govt_VS_Oppn___CEC___Rahul_G.mp4,1327,9099.4,9119.2,19.8,Title Card,78.0,"Title Card: headline=1.0627, textcov=1.1938, stability=0.93"
SIR_Row_Live__Protests___Politics_Over_Poll_Panel___Govt_VS_Oppn___CEC___Rahul_G.mp4,1328,9119.267,9121.4,2.133,Title Card,78.0,"Title Card: headline=0.5761, textcov=0.7744, stability=0.88"
SIR_Row_Live__Protests___Politics_Over_Poll_Panel___Govt_VS_Oppn___CEC___Rahul_G.mp4,1329,9121.467,9122.133,0.666,B-Roll,70.0,"B-Roll: motion=0.0586, edge=0.0910, face_area=0.0000, symmetry=0.77"
SIR_Row_Live__Protests___Politics_Over_Poll_Panel___Govt_VS_Oppn___CEC___Rahul_G.mp4,1330,9122.2,9136.133,13.933,Title Card,78.0,"Title Card: headline=0.9716, textcov=1.1144, stability=0.89"
SIR_Row_Live__Protests___Politics_Over_Poll_Panel___Govt_VS_Oppn___CEC___Rahul_G.mp4,1331,9136.2,9159.0,22.8,Title Card,78.0,"Title Card: headline=0.9749, textcov=1.1073, stability=0.92"
SIR_Row_Live__Protests___Politics_Over_Poll_Panel___Govt_VS_Oppn___CEC___Rahul_G.mp4,1332,9159.067,9180.4,21.333,Anchor Studio,84.0,"Anchor Studio: stable=0.88, symmetry=0.87, centered=True, faces=1, face_area=0.0027"
SIR_Row_Live__Protests___Politics_Over_Poll_Panel___Govt_VS_Oppn___CEC___Rahul_G.mp4,1333,9180.467,9196.467,16.0,Anchor Studio,94.0,"Anchor Studio: stable=0.85, symmetry=0.87, centered=True, faces=1, face_area=0.0191"
SIR_Row_Live__Protests___Politics_Over_Poll_Panel___Govt_VS_Oppn___CEC___Rahul_G.mp4,1334,9196.533,9254.533,58.0,Anchor Studio,84.0,"Anchor Studio: stable=0.88, symmetry=0.85, centered=True, faces=1, face_area=0.0033"
SIR_Row_Live__Protests___Politics_Over_Poll_Panel___Govt_VS_Oppn___CEC___Rahul_G.mp4,1335,9254.6,9320.8,66.2,Anchor Studio,94.0,"Anchor Studio: stable=0.84, symmetry=0.85, centered=True, faces=1, face_area=0.0111"
SIR_Row_Live__Protests___Politics_Over_Poll_Panel___Govt_VS_Oppn___CEC___Rahul_G.mp4,1336,9320.867,9321.933,1.066,B-Roll,70.0,"B-Roll: motion=0.0410, edge=0.1140, face_area=0.0012, symmetry=0.85"
SIR_Row_Live__Protests___Politics_Over_Poll_Panel___Govt_VS_Oppn___CEC___Rahul_G.mp4,1337,9322.0,9324.067,2.067,Anchor Studio,82.0,"Anchor Studio: stable=0.78, symmetry=0.99, centered=False, faces=1, face_area=0.0174"
SIR_Row_Live__Protests___Politics_Over_Poll_Panel___Govt_VS_Oppn___CEC___Rahul_G.mp4,1338,9324.133,9329.067,4.934,Anchor Studio,82.0,"Anchor Studio: stable=0.84, symmetry=0.91, centered=False, faces=1, face_area=0.0212"
SIR_Row_Live__Protests___Politics_Over_Poll_Panel___Govt_VS_Oppn___CEC___Rahul_G.mp4,1339,9329.133,9333.667,4.534,Anchor Studio,82.0,"Anchor Studio: stable=0.80, symmetry=0.95, centered=False, faces=1, face_area=0.0207"
SIR_Row_Live__Protests___Politics_Over_Poll_Panel___Govt_VS_Oppn___CEC___Rahul_G.mp4,1340,9333.733,9335.533,1.8,Anchor Studio,82.0,"Anchor Studio: stable=0.85, symmetry=0.95, centered=False, faces=1, face_area=0.0211"
SIR_Row_Live__Protests___Politics_Over_Poll_Panel___Govt_VS_Oppn___CEC___Rahul_G.mp4,1341,9335.6,9338.667,3.067,Anchor Studio,82.0,"Anchor Studio: stable=0.84, symmetry=0.95, centered=False, faces=1, face_area=0.0198"
SIR_Row_Live__Protests___Politics_Over_Poll_Panel___Govt_VS_Oppn___CEC___Rahul_G.mp4,1342,9338.733,9343.6,4.867,Anchor Studio,82.0,"Anchor Studio: stable=0.84, symmetry=0.95, centered=False, faces=1, face_area=0.0214"
SIR_Row_Live__Protests___Politics_Over_Poll_Panel___Govt_VS_Oppn___CEC___Rahul_G.mp4,1343,9343.667,9348.6,4.933,Anchor Studio,82.0,"Anchor Studio: stable=0.87, symmetry=0.95, centered=False, faces=1, face_area=0.0185"
SIR_Row_Live__Protests___Politics_Over_Poll_Panel___Govt_VS_Oppn___CEC___Rahul_G.mp4,1344,9348.667,9349.667,1.0,Anchor Studio,82.0,"Anchor Studio: stable=0.83, symmetry=0.96, centered=False, faces=1, face_area=0.0194"
SIR_Row_Live__Protests___Politics_Over_Poll_Panel___Govt_VS_Oppn___CEC___Rahul_G.mp4,1345,9349.733,9353.2,3.467,Anchor Studio,72.0,"Anchor Studio: stable=0.74, symmetry=0.94, centered=False, faces=1, face_area=0.0126"
SIR_Row_Live__Protests___Politics_Over_Poll_Panel___Govt_VS_Oppn___CEC___Rahul_G.mp4,1346,9353.267,9357.2,3.933,Anchor Studio,82.0,"Anchor Studio: stable=0.85, symmetry=0.92, centered=False, faces=1, face_area=0.0115"
SIR_Row_Live__Protests___Politics_Over_Poll_Panel___Govt_VS_Oppn___CEC___Rahul_G.mp4,1347,9357.267,9358.467,1.2,Anchor Studio,94.0,"Anchor Studio: stable=0.77, symmetry=0.94, centered=True, faces=2, face_area=0.0244"
SIR_Row_Live__Protests___Politics_Over_Poll_Panel___Govt_VS_Oppn___CEC___Rahul_G.mp4,1348,9358.533,9359.667,1.134,Anchor Studio,94.0,"Anchor Studio: stable=0.93, symmetry=0.97, centered=True, faces=2, face_area=0.0194"
SIR_Row_Live__Protests___Politics_Over_Poll_Panel___Govt_VS_Oppn___CEC___Rahul_G.mp4,1349,9359.733,9361.867,2.134,Anchor Studio,82.0,"Anchor Studio: stable=0.88, symmetry=0.97, centered=False, faces=1, face_area=0.0193"
SIR_Row_Live__Protests___Politics_Over_Poll_Panel___Govt_VS_Oppn___CEC___Rahul_G.mp4,1350,9361.933,9364.8,2.867,Anchor Studio,94.0,"Anchor Studio: stable=0.88, symmetry=0.99, centered=True, faces=2, face_area=0.0167"
SIR_Row_Live__Protests___Politics_Over_Poll_Panel___Govt_VS_Oppn___CEC___Rahul_G.mp4,1351,9364.867,9370.8,5.933,Anchor Studio,94.0,"Anchor Studio: stable=0.81, symmetry=0.92, centered=True, faces=2, face_area=0.0140"
SIR_Row_Live__Protests___Politics_Over_Poll_Panel___Govt_VS_Oppn___CEC___Rahul_G.mp4,1352,9370.867,9371.467,0.6,Title Card,64.0,"Title Card: headline=0.4584, textcov=0.5914, stability=0.39"
SIR_Row_Live__Protests___Politics_Over_Poll_Panel___Govt_VS_Oppn___CEC___Rahul_G.mp4,1353,9371.533,9375.467,3.934,Anchor Studio,84.0,"Anchor Studio: stable=0.73, symmetry=0.94, centered=True, faces=2, face_area=0.0182"
SIR_Row_Live__Protests___Politics_Over_Poll_Panel___Govt_VS_Oppn___CEC___Rahul_G.mp4,1354,9375.533,9377.867,2.334,Anchor Studio,94.0,"Anchor Studio: stable=0.93, symmetry=0.99, centered=True, faces=2, face_area=0.0333"
SIR_Row_Live__Protests___Politics_Over_Poll_Panel___Govt_VS_Oppn___CEC___Rahul_G.mp4,1355,9377.933,9384.2,6.267,Anchor Studio,94.0,"Anchor Studio: stable=0.86, symmetry=0.98, centered=True, faces=2, face_area=0.0224"
SIR_Row_Live__Protests___Politics_Over_Poll_Panel___Govt_VS_Oppn___CEC___Rahul_G.mp4,1356,9384.267,9386.0,1.733,Anchor Studio,84.0,"Anchor Studio: stable=0.70, symmetry=0.98, centered=True, faces=2, face_area=0.0231"
SIR_Row_Live__Protests___Politics_Over_Poll_Panel___Govt_VS_Oppn___CEC___Rahul_G.mp4,1357,9386.067,9391.0,4.933,Anchor Studio,94.0,"Anchor Studio: stable=0.87, symmetry=0.94, centered=True, faces=2, face_area=0.0308"
SIR_Row_Live__Protests___Politics_Over_Poll_Panel___Govt_VS_Oppn___CEC___Rahul_G.mp4,1358,9391.067,9391.667,0.6,Anchor Studio,94.0,"Anchor Studio: stable=0.88, symmetry=0.88, centered=True, faces=1, face_area=0.0242"
SIR_Row_Live__Protests___Politics_Over_Poll_Panel___Govt_VS_Oppn___CEC___Rahul_G.mp4,1359,9391.733,9393.067,1.334,Anchor Studio,94.0,"Anchor Studio: stable=0.81, symmetry=0.86, centered=True, faces=1, face_area=0.0242"
SIR_Row_Live__Protests___Politics_Over_Poll_Panel___Govt_VS_Oppn___CEC___Rahul_G.mp4,1360,9393.133,9395.4,2.267,Anchor Studio,94.0,"Anchor Studio: stable=0.77, symmetry=0.94, centered=True, faces=1, face_area=0.0169"
SIR_Row_Live__Protests___Politics_Over_Poll_Panel___Govt_VS_Oppn___CEC___Rahul_G.mp4,1361,9395.467,9398.267,2.8,Anchor Studio,94.0,"Anchor Studio: stable=0.83, symmetry=0.96, centered=True, faces=2, face_area=0.0316"
SIR_Row_Live__Protests___Politics_Over_Poll_Panel___Govt_VS_Oppn___CEC___Rahul_G.mp4,1362,9398.333,9402.067,3.734,Anchor Studio,94.0,"Anchor Studio: stable=0.85, symmetry=0.98, centered=True, faces=2, face_area=0.0246"
SIR_Row_Live__Protests___Politics_Over_Poll_Panel___Govt_VS_Oppn___CEC___Rahul_G.mp4,1363,9402.133,9407.067,4.934,Anchor Studio,94.0,"Anchor Studio: stable=0.83, symmetry=0.99, centered=True, faces=2, face_area=0.0221"
SIR_Row_Live__Protests___Politics_Over_Poll_Panel___Govt_VS_Oppn___CEC___Rahul_G.mp4,1364,9407.133,9408.4,1.267,Anchor Studio,84.0,"Anchor Studio: stable=0.78, symmetry=0.99, centered=True, faces=1, face_area=0.0011"
SIR_Row_Live__Protests___Politics_Over_Poll_Panel___Govt_VS_Oppn___CEC___Rahul_G.mp4,1365,9408.467,9411.667,3.2,Anchor Studio,94.0,"Anchor Studio: stable=0.81, symmetry=0.98, centered=True, faces=2, face_area=0.0249"
SIR_Row_Live__Protests___Politics_Over_Poll_Panel___Govt_VS_Oppn___CEC___Rahul_G.mp4,1366,9411.733,9417.467,5.734,Anchor Studio,94.0,"Anchor Studio: stable=0.84, symmetry=0.99, centered=True, faces=2, face_area=0.0260"
SIR_Row_Live__Protests___Politics_Over_Poll_Panel___Govt_VS_Oppn___CEC___Rahul_G.mp4,1367,9417.533,9421.6,4.067,Anchor Studio,94.0,"Anchor Studio: stable=0.85, symmetry=0.98, centered=True, faces=2, face_area=0.0225"
SIR_Row_Live__Protests___Politics_Over_Poll_Panel___Govt_VS_Oppn___CEC___Rahul_G.mp4,1368,9421.667,9427.467,5.8,Anchor Studio,94.0,"Anchor Studio: stable=0.82, symmetry=0.96, centered=True, faces=2, face_area=0.0254"
SIR_Row_Live__Protests___Politics_Over_Poll_Panel___Govt_VS_Oppn___CEC___Rahul_G.mp4,1369,9427.533,9429.067,1.534,Anchor Studio,94.0,"Anchor Studio: stable=0.81, symmetry=0.94, centered=True, faces=1, face_area=0.0222"
SIR_Row_Live__Protests___Politics_Over_Poll_Panel___Govt_VS_Oppn___CEC___Rahul_G.mp4,1370,9429.133,9429.867,0.734,Anchor Studio,72.0,"Anchor Studio: stable=0.60, symmetry=0.78, centered=True, faces=2, face_area=0.0150"
SIR_Row_Live__Protests___Politics_Over_Poll_Panel___Govt_VS_Oppn___CEC___Rahul_G.mp4,1371,9429.933,9431.133,1.2,Anchor Studio,74.0,"Anchor Studio: stable=0.63, symmetry=0.88, centered=True, faces=1, face_area=0.0009"
SIR_Row_Live__Protests___Politics_Over_Poll_Panel___Govt_VS_Oppn___CEC___Rahul_G.mp4,1372,9431.2,9435.267,4.067,Anchor Studio,84.0,"Anchor Studio: stable=0.81, symmetry=0.95, centered=True, faces=2, face_area=0.0088"
SIR_Row_Live__Protests___Politics_Over_Poll_Panel___Govt_VS_Oppn___CEC___Rahul_G.mp4,1373,9435.333,9440.267,4.934,Anchor Studio,94.0,"Anchor Studio: stable=0.81, symmetry=0.84, centered=True, faces=2, face_area=0.0185"
SIR_Row_Live__Protests___Politics_Over_Poll_Panel___Govt_VS_Oppn___CEC___Rahul_G.mp4,1374,9440.333,9478.6,38.267,Anchor Studio,84.0,"Anchor Studio: stable=0.84, symmetry=0.93, centered=True, faces=1, face_area=0.0029"
SIR_Row_Live__Protests___Politics_Over_Poll_Panel___Govt_VS_Oppn___CEC___Rahul_G.mp4,1375,9478.667,9506.0,27.333,Anchor Studio,94.0,"Anchor Studio: stable=0.89, symmetry=0.88, centered=True, faces=2, face_area=0.0103"
SIR_Row_Live__Protests___Politics_Over_Poll_Panel___Govt_VS_Oppn___CEC___Rahul_G.mp4,1376,9506.067,9507.667,1.6,Anchor Studio,84.0,"Anchor Studio: stable=0.65, symmetry=0.88, centered=True, faces=4, face_area=0.0659"
SIR_Row_Live__Protests___Politics_Over_Poll_Panel___Govt_VS_Oppn___CEC___Rahul_G.mp4,1377,9507.733,9508.867,1.134,Anchor Studio,94.0,"Anchor Studio: stable=0.85, symmetry=0.89, centered=True, faces=4, face_area=0.1208"
SIR_Row_Live__Protests___Politics_Over_Poll_Panel___Govt_VS_Oppn___CEC___Rahul_G.mp4,1378,9508.933,9509.533,0.6,Field Report,68.0,"Field Report: motion=0.0491, faces=1, centered=False, symmetry=0.78"
SIR_Row_Live__Protests___Politics_Over_Poll_Panel___Govt_VS_Oppn___CEC___Rahul_G.mp4,1379,9509.6,9513.8,4.2,Anchor Studio,84.0,"Anchor Studio: stable=0.74, symmetry=0.87, centered=True, faces=2, face_area=0.0396"
SIR_Row_Live__Protests___Politics_Over_Poll_Panel___Govt_VS_Oppn___CEC___Rahul_G.mp4,1380,9513.867,9517.8,3.933,Anchor Studio,94.0,"Anchor Studio: stable=0.87, symmetry=0.99, centered=True, faces=3, face_area=0.1129"
SIR_Row_Live__Protests___Politics_Over_Poll_Panel___Govt_VS_Oppn___CEC___Rahul_G.mp4,1381,9517.867,9527.6,9.733,Anchor Studio,94.0,"Anchor Studio: stable=0.90, symmetry=0.98, centered=True, faces=3, face_area=0.1159"
SIR_Row_Live__Protests___Politics_Over_Poll_Panel___Govt_VS_Oppn___CEC___Rahul_G.mp4,1382,9527.667,9544.867,17.2,Anchor Studio,94.0,"Anchor Studio: stable=0.88, symmetry=0.97, centered=True, faces=3, face_area=0.1152"
SIR_Row_Live__Protests___Politics_Over_Poll_Panel___Govt_VS_Oppn___CEC___Rahul_G.mp4,1383,9544.933,9547.467,2.534,Anchor Studio,94.0,"Anchor Studio: stable=0.90, symmetry=0.96, centered=True, faces=3, face_area=0.1193"
SIR_Row_Live__Protests___Politics_Over_Poll_Panel___Govt_VS_Oppn___CEC___Rahul_G.mp4,1384,9547.533,9548.2,0.667,Anchor Studio,72.0,"Anchor Studio: stable=0.61, symmetry=0.77, centered=True, faces=2, face_area=0.0360"
SIR_Row_Live__Protests___Politics_Over_Poll_Panel___Govt_VS_Oppn___CEC___Rahul_G.mp4,1385,9548.267,9549.4,1.133,B-Roll,70.0,"B-Roll: motion=0.0377, edge=0.1112, face_area=0.0021, symmetry=0.87"
SIR_Row_Live__Protests___Politics_Over_Poll_Panel___Govt_VS_Oppn___CEC___Rahul_G.mp4,1386,9549.467,9567.6,18.133,Anchor Studio,94.0,"Anchor Studio: stable=0.90, symmetry=0.84, centered=True, faces=2, face_area=0.0226"
SIR_Row_Live__Protests___Politics_Over_Poll_Panel___Govt_VS_Oppn___CEC___Rahul_G.mp4,1387,9567.667,9572.733,5.066,Anchor Studio,94.0,"Anchor Studio: stable=0.84, symmetry=0.94, centered=True, faces=2, face_area=0.0184"
SIR_Row_Live__Protests___Politics_Over_Poll_Panel___Govt_VS_Oppn___CEC___Rahul_G.mp4,1388,9572.8,9573.4,0.6,Anchor Studio,82.0,"Anchor Studio: stable=0.89, symmetry=0.97, centered=False, faces=1, face_area=0.0210"
SIR_Row_Live__Protests___Politics_Over_Poll_Panel___Govt_VS_Oppn___CEC___Rahul_G.mp4,1389,9573.467,9574.667,1.2,B-Roll,70.0,"B-Roll: motion=0.0748, edge=0.1514, face_area=0.0000, symmetry=0.96"
SIR_Row_Live__Protests___Politics_Over_Poll_Panel___Govt_VS_Oppn___CEC___Rahul_G.mp4,1390,9574.733,9575.467,0.734,Title Card,68.0,"Title Card: headline=0.7715, textcov=0.8539, stability=0.78"
SIR_Row_Live__Protests___Politics_Over_Poll_Panel___Govt_VS_Oppn___CEC___Rahul_G.mp4,1391,9575.533,9576.933,1.4,Anchor Studio,82.0,"Anchor Studio: stable=0.88, symmetry=0.96, centered=False, faces=1, face_area=0.0183"
SIR_Row_Live__Protests___Politics_Over_Poll_Panel___Govt_VS_Oppn___CEC___Rahul_G.mp4,1392,9577.0,9577.733,0.733,Anchor Studio,82.0,"Anchor Studio: stable=0.89, symmetry=0.94, centered=False, faces=1, face_area=0.0225"
SIR_Row_Live__Protests___Politics_Over_Poll_Panel___Govt_VS_Oppn___CEC___Rahul_G.mp4,1393,9577.8,9582.267,4.467,Title Card,74.0,"Title Card: headline=0.8294, textcov=0.9290, stability=0.83"
SIR_Row_Live__Protests___Politics_Over_Poll_Panel___Govt_VS_Oppn___CEC___Rahul_G.mp4,1394,9582.333,9584.733,2.4,Title Card,78.0,"Title Card: headline=0.8453, textcov=1.0036, stability=0.88"
SIR_Row_Live__Protests___Politics_Over_Poll_Panel___Govt_VS_Oppn___CEC___Rahul_G.mp4,1395,9584.8,9586.267,1.467,B-Roll,70.0,"B-Roll: motion=0.0584, edge=0.1650, face_area=0.0010, symmetry=0.97"
SIR_Row_Live__Protests___Politics_Over_Poll_Panel___Govt_VS_Oppn___CEC___Rahul_G.mp4,1396,9586.333,9587.267,0.934,Anchor Studio,82.0,"Anchor Studio: stable=0.77, symmetry=0.95, centered=False, faces=1, face_area=0.0213"
SIR_Row_Live__Protests___Politics_Over_Poll_Panel___Govt_VS_Oppn___CEC___Rahul_G.mp4,1397,9587.333,9592.267,4.934,Anchor Studio,94.0,"Anchor Studio: stable=0.84, symmetry=0.94, centered=True, faces=2, face_area=0.0226"
SIR_Row_Live__Protests___Politics_Over_Poll_Panel___Govt_VS_Oppn___CEC___Rahul_G.mp4,1398,9592.333,9594.6,2.267,Anchor Studio,82.0,"Anchor Studio: stable=0.85, symmetry=0.96, centered=False, faces=1, face_area=0.0193"
SIR_Row_Live__Protests___Politics_Over_Poll_Panel___Govt_VS_Oppn___CEC___Rahul_G.mp4,1399,9594.667,9597.267,2.6,Anchor Studio,82.0,"Anchor Studio: stable=0.85, symmetry=0.92, centered=False, faces=1, face_area=0.0165"
SIR_Row_Live__Protests___Politics_Over_Poll_Panel___Govt_VS_Oppn___CEC___Rahul_G.mp4,1400,9597.333,9599.867,2.534,Anchor Studio,82.0,"Anchor Studio: stable=0.86, symmetry=0.92, centered=False, faces=1, face_area=0.0198"
SIR_Row_Live__Protests___Politics_Over_Poll_Panel___Govt_VS_Oppn___CEC___Rahul_G.mp4,1401,9599.933,9601.8,1.867,Field Report,68.0,"Field Report: motion=0.0328, faces=1, centered=False, symmetry=0.97"
SIR_Row_Live__Protests___Politics_Over_Poll_Panel___Govt_VS_Oppn___CEC___Rahul_G.mp4,1402,9601.867,9604.6,2.733,Anchor Studio,82.0,"Anchor Studio: stable=0.84, symmetry=0.97, centered=False, faces=1, face_area=0.0215"
SIR_Row_Live__Protests___Politics_Over_Poll_Panel___Govt_VS_Oppn___CEC___Rahul_G.mp4,1403,9604.667,9606.0,1.333,Anchor Studio,82.0,"Anchor Studio: stable=0.84, symmetry=0.95, centered=False, faces=1, face_area=0.0216"
SIR_Row_Live__Protests___Politics_Over_Poll_Panel___Govt_VS_Oppn___CEC___Rahul_G.mp4,1404,9606.067,9611.533,5.466,Anchor Studio,94.0,"Anchor Studio: stable=0.90, symmetry=0.86, centered=True, faces=2, face_area=0.0231"
SIR_Row_Live__Protests___Politics_Over_Poll_Panel___Govt_VS_Oppn___CEC___Rahul_G.mp4,1405,9611.6,9674.4,62.8,Anchor Studio,94.0,"Anchor Studio: stable=0.92, symmetry=0.85, centered=True, faces=2, face_area=0.0197"
SIR_Row_Live__Protests___Politics_Over_Poll_Panel___Govt_VS_Oppn___CEC___Rahul_G.mp4,1406,9674.467,9711.867,37.4,Anchor Studio,94.0,"Anchor Studio: stable=0.91, symmetry=0.92, centered=True, faces=2, face_area=0.0209"
SIR_Row_Live__Protests___Politics_Over_Poll_Panel___Govt_VS_Oppn___CEC___Rahul_G.mp4,1407,9711.933,9714.667,2.734,Anchor Studio,94.0,"Anchor Studio: stable=0.81, symmetry=0.94, centered=True, faces=3, face_area=0.0671"
SIR_Row_Live__Protests___Politics_Over_Poll_Panel___Govt_VS_Oppn___CEC___Rahul_G.mp4,1408,9714.733,9747.6,32.867,Anchor Studio,94.0,"Anchor Studio: stable=0.88, symmetry=0.95, centered=True, faces=3, face_area=0.1141"
SIR_Row_Live__Protests___Politics_Over_Poll_Panel___Govt_VS_Oppn___CEC___Rahul_G.mp4,1409,9747.667,9748.333,0.666,Anchor Studio,72.0,"Anchor Studio: stable=0.58, symmetry=0.77, centered=True, faces=1, face_area=0.0275"
SIR_Row_Live__Protests___Politics_Over_Poll_Panel___Govt_VS_Oppn___CEC___Rahul_G.mp4,1410,9748.4,9778.067,29.667,Anchor Studio,82.0,"Anchor Studio: stable=0.90, symmetry=0.80, centered=True, faces=2, face_area=0.0239"
SIR_Row_Live__Protests___Politics_Over_Poll_Panel___Govt_VS_Oppn___CEC___Rahul_G.mp4,1411,9778.133,9816.267,38.134,Title Card,74.0,"Title Card: headline=0.7779, textcov=0.9164, stability=0.92"
SIR_Row_Live__Protests___Politics_Over_Poll_Panel___Govt_VS_Oppn___CEC___Rahul_G.mp4,1412,9816.333,9817.8,1.467,Anchor Studio,82.0,"Anchor Studio: stable=0.82, symmetry=0.94, centered=False, faces=1, face_area=0.0224"
SIR_Row_Live__Protests___Politics_Over_Poll_Panel___Govt_VS_Oppn___CEC___Rahul_G.mp4,1413,9817.867,9819.2,1.333,Anchor Studio,82.0,"Anchor Studio: stable=0.83, symmetry=0.93, centered=False, faces=1, face_area=0.0201"
SIR_Row_Live__Protests___Politics_Over_Poll_Panel___Govt_VS_Oppn___CEC___Rahul_G.mp4,1414,9819.267,9824.2,4.933,Anchor Studio,94.0,"Anchor Studio: stable=0.84, symmetry=0.94, centered=True, faces=2, face_area=0.0242"
SIR_Row_Live__Protests___Politics_Over_Poll_Panel___Govt_VS_Oppn___CEC___Rahul_G.mp4,1415,9824.267,9828.733,4.466,Anchor Studio,82.0,"Anchor Studio: stable=0.81, symmetry=0.93, centered=False, faces=1, face_area=0.0107"
SIR_Row_Live__Protests___Politics_Over_Poll_Panel___Govt_VS_Oppn___CEC___Rahul_G.mp4,1416,9828.8,9833.733,4.933,Anchor Studio,82.0,"Anchor Studio: stable=0.84, symmetry=0.93, centered=False, faces=1, face_area=0.0125"
SIR_Row_Live__Protests___Politics_Over_Poll_Panel___Govt_VS_Oppn___CEC___Rahul_G.mp4,1417,9833.8,9834.733,0.933,Anchor Studio,82.0,"Anchor Studio: stable=0.86, symmetry=0.96, centered=False, faces=1, face_area=0.0163"
SIR_Row_Live__Protests___Politics_Over_Poll_Panel___Govt_VS_Oppn___CEC___Rahul_G.mp4,1418,9834.8,9838.0,3.2,Anchor Studio,94.0,"Anchor Studio: stable=0.87, symmetry=0.97, centered=True, faces=3, face_area=0.0562"
SIR_Row_Live__Protests___Politics_Over_Poll_Panel___Govt_VS_Oppn___CEC___Rahul_G.mp4,1419,9838.067,9841.667,3.6,Anchor Studio,94.0,"Anchor Studio: stable=0.89, symmetry=0.95, centered=True, faces=3, face_area=0.0707"
SIR_Row_Live__Protests___Politics_Over_Poll_Panel___Govt_VS_Oppn___CEC___Rahul_G.mp4,1420,9841.733,9846.067,4.334,Anchor Studio,94.0,"Anchor Studio: stable=0.87, symmetry=0.96, centered=True, faces=4, face_area=0.0636"
SIR_Row_Live__Protests___Politics_Over_Poll_Panel___Govt_VS_Oppn___CEC___Rahul_G.mp4,1421,9846.133,9847.867,1.734,Anchor Studio,94.0,"Anchor Studio: stable=0.82, symmetry=0.92, centered=True, faces=3, face_area=0.0704"
SIR_Row_Live__Protests___Politics_Over_Poll_Panel___Govt_VS_Oppn___CEC___Rahul_G.mp4,1422,9847.933,9850.867,2.934,Anchor Studio,94.0,"Anchor Studio: stable=0.89, symmetry=0.96, centered=True, faces=3, face_area=0.0576"
SIR_Row_Live__Protests___Politics_Over_Poll_Panel___Govt_VS_Oppn___CEC___Rahul_G.mp4,1423,9850.933,9854.133,3.2,Anchor Studio,94.0,"Anchor Studio: stable=0.86, symmetry=0.95, centered=True, faces=3, face_area=0.0500"
SIR_Row_Live__Protests___Politics_Over_Poll_Panel___Govt_VS_Oppn___CEC___Rahul_G.mp4,1424,9854.2,9857.867,3.667,Anchor Studio,94.0,"Anchor Studio: stable=0.88, symmetry=0.97, centered=True, faces=4, face_area=0.0744"
SIR_Row_Live__Protests___Politics_Over_Poll_Panel___Govt_VS_Oppn___CEC___Rahul_G.mp4,1425,9857.933,9858.8,0.867,Anchor Studio,94.0,"Anchor Studio: stable=0.82, symmetry=0.95, centered=True, faces=3, face_area=0.0481"
SIR_Row_Live__Protests___Politics_Over_Poll_Panel___Govt_VS_Oppn___CEC___Rahul_G.mp4,1426,9858.867,9859.867,1.0,Anchor Studio,82.0,"Anchor Studio: stable=0.78, symmetry=0.95, centered=False, faces=2, face_area=0.0436"
SIR_Row_Live__Protests___Politics_Over_Poll_Panel___Govt_VS_Oppn___CEC___Rahul_G.mp4,1427,9859.933,9862.267,2.334,Anchor Studio,94.0,"Anchor Studio: stable=0.89, symmetry=0.95, centered=True, faces=3, face_area=0.0466"
SIR_Row_Live__Protests___Politics_Over_Poll_Panel___Govt_VS_Oppn___CEC___Rahul_G.mp4,1428,9862.333,9864.067,1.734,Anchor Studio,94.0,"Anchor Studio: stable=0.81, symmetry=0.91, centered=True, faces=3, face_area=0.0568"
SIR_Row_Live__Protests___Politics_Over_Poll_Panel___Govt_VS_Oppn___CEC___Rahul_G.mp4,1429,9864.133,9867.867,3.734,Anchor Studio,94.0,"Anchor Studio: stable=0.88, symmetry=0.90, centered=True, faces=2, face_area=0.0213"
SIR_Row_Live__Protests___Politics_Over_Poll_Panel___Govt_VS_Oppn___CEC___Rahul_G.mp4,1430,9867.933,9877.667,9.734,Anchor Studio,82.0,"Anchor Studio: stable=0.85, symmetry=0.86, centered=False, faces=2, face_area=0.0207"
SIR_Row_Live__Protests___Politics_Over_Poll_Panel___Govt_VS_Oppn___CEC___Rahul_G.mp4,1431,9877.733,9882.267,4.534,Anchor Studio,94.0,"Anchor Studio: stable=0.86, symmetry=0.88, centered=True, faces=2, face_area=0.0224"
SIR_Row_Live__Protests___Politics_Over_Poll_Panel___Govt_VS_Oppn___CEC___Rahul_G.mp4,1432,9882.333,9887.667,5.334,Anchor Studio,82.0,"Anchor Studio: stable=0.86, symmetry=0.88, centered=False, faces=2, face_area=0.0169"
SIR_Row_Live__Protests___Politics_Over_Poll_Panel___Govt_VS_Oppn___CEC___Rahul_G.mp4,1433,9887.733,9897.867,10.134,Anchor Studio,94.0,"Anchor Studio: stable=0.84, symmetry=0.88, centered=True, faces=2, face_area=0.0206"
SIR_Row_Live__Protests___Politics_Over_Poll_Panel___Govt_VS_Oppn___CEC___Rahul_G.mp4,1434,9897.933,9907.667,9.734,Anchor Studio,82.0,"Anchor Studio: stable=0.85, symmetry=0.85, centered=False, faces=1, face_area=0.0199"
SIR_Row_Live__Protests___Politics_Over_Poll_Panel___Govt_VS_Oppn___CEC___Rahul_G.mp4,1435,9907.733,9912.067,4.334,Anchor Studio,82.0,"Anchor Studio: stable=0.89, symmetry=0.92, centered=False, faces=1, face_area=0.0161"
SIR_Row_Live__Protests___Politics_Over_Poll_Panel___Govt_VS_Oppn___CEC___Rahul_G.mp4,1436,9912.133,9916.467,4.334,Anchor Studio,94.0,"Anchor Studio: stable=0.77, symmetry=0.91, centered=True, faces=3, face_area=0.0674"
SIR_Row_Live__Protests___Politics_Over_Poll_Panel___Govt_VS_Oppn___CEC___Rahul_G.mp4,1437,9916.533,9917.2,0.667,Field Report,68.0,"Field Report: motion=0.0422, faces=1, centered=False, symmetry=0.79"
SIR_Row_Live__Protests___Politics_Over_Poll_Panel___Govt_VS_Oppn___CEC___Rahul_G.mp4,1438,9917.267,9933.6,16.333,Anchor Studio,94.0,"Anchor Studio: stable=0.88, symmetry=0.92, centered=True, faces=2, face_area=0.0441"
SIR_Row_Live__Protests___Politics_Over_Poll_Panel___Govt_VS_Oppn___CEC___Rahul_G.mp4,1439,9933.667,9946.0,12.333,Anchor Studio,94.0,"Anchor Studio: stable=0.78, symmetry=0.90, centered=True, faces=3, face_area=0.0281"
SIR_Row_Live__Protests___Politics_Over_Poll_Panel___Govt_VS_Oppn___CEC___Rahul_G.mp4,1440,9946.067,9952.6,6.533,Anchor Studio,84.0,"Anchor Studio: stable=0.51, symmetry=0.97, centered=True, faces=2, face_area=0.0266"
SIR_Row_Live__Protests___Politics_Over_Poll_Panel___Govt_VS_Oppn___CEC___Rahul_G.mp4,1441,9952.667,9953.6,0.933,Anchor Studio,82.0,"Anchor Studio: stable=0.77, symmetry=0.95, centered=False, faces=2, face_area=0.0418"
SIR_Row_Live__Protests___Politics_Over_Poll_Panel___Govt_VS_Oppn___CEC___Rahul_G.mp4,1442,9953.667,9954.733,1.066,Anchor Studio,72.0,"Anchor Studio: stable=0.54, symmetry=0.96, centered=False, faces=2, face_area=0.0447"
SIR_Row_Live__Protests___Politics_Over_Poll_Panel___Govt_VS_Oppn___CEC___Rahul_G.mp4,1443,9954.8,9957.533,2.733,Anchor Studio,72.0,"Anchor Studio: stable=0.55, symmetry=0.96, centered=False, faces=2, face_area=0.0426"
SIR_Row_Live__Protests___Politics_Over_Poll_Panel___Govt_VS_Oppn___CEC___Rahul_G.mp4,1444,9957.6,9959.333,1.733,Anchor Studio,72.0,"Anchor Studio: stable=0.56, symmetry=0.95, centered=False, faces=2, face_area=0.0459"
SIR_Row_Live__Protests___Politics_Over_Poll_Panel___Govt_VS_Oppn___CEC___Rahul_G.mp4,1445,9959.4,9982.0,22.6,Anchor Studio,94.0,"Anchor Studio: stable=0.88, symmetry=0.94, centered=True, faces=3, face_area=0.0402"
SIR_Row_Live__Protests___Politics_Over_Poll_Panel___Govt_VS_Oppn___CEC___Rahul_G.mp4,1446,9982.067,9994.533,12.466,Anchor Studio,82.0,"Anchor Studio: stable=0.85, symmetry=0.91, centered=False, faces=3, face_area=0.0507"
SIR_Row_Live__Protests___Politics_Over_Poll_Panel___Govt_VS_Oppn___CEC___Rahul_G.mp4,1447,9994.6,10016.933,22.333,Anchor Studio,82.0,"Anchor Studio: stable=0.85, symmetry=0.89, centered=False, faces=3, face_area=0.0516"
SIR_Row_Live__Protests___Politics_Over_Poll_Panel___Govt_VS_Oppn___CEC___Rahul_G.mp4,1448,10017.0,10026.333,9.333,B-Roll,70.0,"B-Roll: motion=0.0645, edge=0.1370, face_area=0.0000, symmetry=0.86"
SIR_Row_Live__Protests___Politics_Over_Poll_Panel___Govt_VS_Oppn___CEC___Rahul_G.mp4,1449,10026.4,10042.2,15.8,Anchor Studio,84.0,"Anchor Studio: stable=0.44, symmetry=0.91, centered=True, faces=3, face_area=0.0142"
SIR_Row_Live__Protests___Politics_Over_Poll_Panel___Govt_VS_Oppn___CEC___Rahul_G.mp4,1450,10042.267,10047.4,5.133,B-Roll,70.0,"B-Roll: motion=0.0604, edge=0.1653, face_area=0.0013, symmetry=0.84"
SIR_Row_Live__Protests___Politics_Over_Poll_Panel___Govt_VS_Oppn___CEC___Rahul_G.mp4,1451,10047.467,10050.4,2.933,Anchor Studio,84.0,"Anchor Studio: stable=0.44, symmetry=0.96, centered=True, faces=2, face_area=0.0647"
SIR_Row_Live__Protests___Politics_Over_Poll_Panel___Govt_VS_Oppn___CEC___Rahul_G.mp4,1452,10050.467,10055.2,4.733,B-Roll,70.0,"B-Roll: motion=0.0893, edge=0.1415, face_area=0.0000, symmetry=0.95"
SIR_Row_Live__Protests___Politics_Over_Poll_Panel___Govt_VS_Oppn___CEC___Rahul_G.mp4,1453,10055.267,10062.933,7.666,Anchor Studio,74.0,"Anchor Studio: stable=0.15, symmetry=0.91, centered=True, faces=3, face_area=0.0050"
SIR_Row_Live__Protests___Politics_Over_Poll_Panel___Govt_VS_Oppn___CEC___Rahul_G.mp4,1454,10063.0,10068.733,5.733,Anchor Studio,84.0,"Anchor Studio: stable=0.23, symmetry=0.93, centered=True, faces=2, face_area=0.0251"
SIR_Row_Live__Protests___Politics_Over_Poll_Panel___Govt_VS_Oppn___CEC___Rahul_G.mp4,1455,10068.8,10071.6,2.8,Anchor Studio,72.0,"Anchor Studio: stable=0.20, symmetry=0.86, centered=False, faces=1, face_area=0.0109"
SIR_Row_Live__Protests___Politics_Over_Poll_Panel___Govt_VS_Oppn___CEC___Rahul_G.mp4,1456,10071.667,10073.867,2.2,B-Roll,70.0,"B-Roll: motion=0.0831, edge=0.1577, face_area=0.0028, symmetry=0.94"
SIR_Row_Live__Protests___Politics_Over_Poll_Panel___Govt_VS_Oppn___CEC___Rahul_G.mp4,1457,10073.933,10076.933,3.0,B-Roll,70.0,"B-Roll: motion=0.1066, edge=0.1639, face_area=0.0000, symmetry=0.97"
SIR_Row_Live__Protests___Politics_Over_Poll_Panel___Govt_VS_Oppn___CEC___Rahul_G.mp4,1458,10077.0,10078.867,1.867,B-Roll,70.0,"B-Roll: motion=0.0564, edge=0.1380, face_area=0.0000, symmetry=0.91"
SIR_Row_Live__Protests___Politics_Over_Poll_Panel___Govt_VS_Oppn___CEC___Rahul_G.mp4,1459,10078.933,10088.133,9.2,Anchor Studio,74.0,"Anchor Studio: stable=0.73, symmetry=0.95, centered=True, faces=1, face_area=0.0014"
SIR_Row_Live__Protests___Politics_Over_Poll_Panel___Govt_VS_Oppn___CEC___Rahul_G.mp4,1460,10088.2,10123.8,35.6,Title Card,78.0,"Title Card: headline=0.2653, textcov=0.3887, stability=0.92"
SIR_Row_Live__Protests___Politics_Over_Poll_Panel___Govt_VS_Oppn___CEC___Rahul_G.mp4,1461,10123.867,10126.933,3.066,Anchor Studio,84.0,"Anchor Studio: stable=0.04, symmetry=0.91, centered=True, faces=1, face_area=0.0122"
SIR_Row_Live__Protests___Politics_Over_Poll_Panel___Govt_VS_Oppn___CEC___Rahul_G.mp4,1462,10127.0,10128.667,1.667,Title Card,78.0,"Title Card: headline=0.6098, textcov=0.8140, stability=0.85"
SIR_Row_Live__Protests___Politics_Over_Poll_Panel___Govt_VS_Oppn___CEC___Rahul_G.mp4,1463,10128.733,10130.133,1.4,Title Card,78.0,"Title Card: headline=0.5538, textcov=0.6531, stability=0.86"
SIR_Row_Live__Protests___Politics_Over_Poll_Panel___Govt_VS_Oppn___CEC___Rahul_G.mp4,1464,10130.2,10130.933,0.733,Anchor Studio,84.0,"Anchor Studio: stable=0.70, symmetry=0.91, centered=True, faces=1, face_area=0.0285"
SIR_Row_Live__Protests___Politics_Over_Poll_Panel___Govt_VS_Oppn___CEC___Rahul_G.mp4,1465,10131.0,10132.867,1.867,B-Roll,70.0,"B-Roll: motion=0.0672, edge=0.1639, face_area=0.0000, symmetry=0.93"
SIR_Row_Live__Protests___Politics_Over_Poll_Panel___Govt_VS_Oppn___CEC___Rahul_G.mp4,1466,10132.933,10134.133,1.2,B-Roll,70.0,"B-Roll: motion=0.0353, edge=0.1276, face_area=0.0000, symmetry=0.97"
SIR_Row_Live__Protests___Politics_Over_Poll_Panel___Govt_VS_Oppn___CEC___Rahul_G.mp4,1467,10134.2,10136.533,2.333,Anchor Studio,84.0,"Anchor Studio: stable=0.87, symmetry=0.85, centered=True, faces=1, face_area=0.0058"
SIR_Row_Live__Protests___Politics_Over_Poll_Panel___Govt_VS_Oppn___CEC___Rahul_G.mp4,1468,10136.6,10140.6,4.0,B-Roll,70.0,"B-Roll: motion=0.0542, edge=0.0993, face_area=0.0014, symmetry=0.91"
SIR_Row_Live__Protests___Politics_Over_Poll_Panel___Govt_VS_Oppn___CEC___Rahul_G.mp4,1469,10140.667,10144.667,4.0,Anchor Studio,74.0,"Anchor Studio: stable=0.60, symmetry=0.94, centered=True, faces=1, face_area=0.0062"
SIR_Row_Live__Protests___Politics_Over_Poll_Panel___Govt_VS_Oppn___CEC___Rahul_G.mp4,1470,10144.733,10153.133,8.4,Anchor Studio,84.0,"Anchor Studio: stable=0.72, symmetry=0.94, centered=True, faces=3, face_area=0.0660"
SIR_Row_Live__Protests___Politics_Over_Poll_Panel___Govt_VS_Oppn___CEC___Rahul_G.mp4,1471,10153.2,10174.2,21.0,Anchor Studio,94.0,"Anchor Studio: stable=0.89, symmetry=0.95, centered=True, faces=3, face_area=0.1055"
SIR_Row_Live__Protests___Politics_Over_Poll_Panel___Govt_VS_Oppn___CEC___Rahul_G.mp4,1472,10174.267,10175.133,0.866,Anchor Studio,84.0,"Anchor Studio: stable=0.88, symmetry=0.94, centered=True, faces=1, face_area=0.0017"
SIR_Row_Live__Protests___Politics_Over_Poll_Panel___Govt_VS_Oppn___CEC___Rahul_G.mp4,1473,10175.2,10176.467,1.267,Anchor Studio,82.0,"Anchor Studio: stable=0.83, symmetry=0.91, centered=False, faces=1, face_area=0.0151"
SIR_Row_Live__Protests___Politics_Over_Poll_Panel___Govt_VS_Oppn___CEC___Rahul_G.mp4,1474,10176.533,10181.133,4.6,Anchor Studio,82.0,"Anchor Studio: stable=0.89, symmetry=0.87, centered=False, faces=1, face_area=0.0227"
SIR_Row_Live__Protests___Politics_Over_Poll_Panel___Govt_VS_Oppn___CEC___Rahul_G.mp4,1475,10181.2,10188.933,7.733,Anchor Studio,82.0,"Anchor Studio: stable=0.92, symmetry=0.88, centered=False, faces=1, face_area=0.0250"
SIR_Row_Live__Protests___Politics_Over_Poll_Panel___Govt_VS_Oppn___CEC___Rahul_G.mp4,1476,10189.0,10190.733,1.733,Field Report,68.0,"Field Report: motion=0.0336, faces=1, centered=False, symmetry=0.80"
SIR_Row_Live__Protests___Politics_Over_Poll_Panel___Govt_VS_Oppn___CEC___Rahul_G.mp4,1477,10190.8,10194.267,3.467,Title Card,74.0,"Title Card: headline=0.7949, textcov=0.9187, stability=0.85"
SIR_Row_Live__Protests___Politics_Over_Poll_Panel___Govt_VS_Oppn___CEC___Rahul_G.mp4,1478,10194.333,10197.333,3.0,Anchor Studio,94.0,"Anchor Studio: stable=0.89, symmetry=0.85, centered=True, faces=3, face_area=0.0507"
SIR_Row_Live__Protests___Politics_Over_Poll_Panel___Govt_VS_Oppn___CEC___Rahul_G.mp4,1479,10197.4,10203.533,6.133,Anchor Studio,94.0,"Anchor Studio: stable=0.90, symmetry=0.90, centered=True, faces=1, face_area=0.0214"
SIR_Row_Live__Protests___Politics_Over_Poll_Panel___Govt_VS_Oppn___CEC___Rahul_G.mp4,1480,10203.6,10207.2,3.6,Anchor Studio,84.0,"Anchor Studio: stable=0.35, symmetry=0.96, centered=True, faces=1, face_area=0.0315"
SIR_Row_Live__Protests___Politics_Over_Poll_Panel___Govt_VS_Oppn___CEC___Rahul_G.mp4,1481,10207.267,10211.2,3.933,Anchor Studio,84.0,"Anchor Studio: stable=0.52, symmetry=0.96, centered=True, faces=2, face_area=0.0142"
SIR_Row_Live__Protests___Politics_Over_Poll_Panel___Govt_VS_Oppn___CEC___Rahul_G.mp4,1482,10211.267,10212.067,0.8,B-Roll,70.0,"B-Roll: motion=0.0609, edge=0.1277, face_area=0.0000, symmetry=0.93"
SIR_Row_Live__Protests___Politics_Over_Poll_Panel___Govt_VS_Oppn___CEC___Rahul_G.mp4,1483,10212.133,10214.733,2.6,B-Roll,70.0,"B-Roll: motion=0.0443, edge=0.1424, face_area=0.0000, symmetry=0.91"
SIR_Row_Live__Protests___Politics_Over_Poll_Panel___Govt_VS_Oppn___CEC___Rahul_G.mp4,1484,10214.8,10217.267,2.467,Title Card,68.0,"Title Card: headline=0.0634, textcov=0.3612, stability=0.78"
SIR_Row_Live__Protests___Politics_Over_Poll_Panel___Govt_VS_Oppn___CEC___Rahul_G.mp4,1485,10217.333,10220.6,3.267,Anchor Studio,82.0,"Anchor Studio: stable=0.84, symmetry=0.79, centered=True, faces=2, face_area=0.1126"
SIR_Row_Live__Protests___Politics_Over_Poll_Panel___Govt_VS_Oppn___CEC___Rahul_G.mp4,1486,10220.667,10233.933,13.266,Anchor Studio,84.0,"Anchor Studio: stable=0.61, symmetry=0.92, centered=True, faces=1, face_area=0.0350"
SIR_Row_Live__Protests___Politics_Over_Poll_Panel___Govt_VS_Oppn___CEC___Rahul_G.mp4,1487,10234.0,10236.4,2.4,Anchor Studio,82.0,"Anchor Studio: stable=0.75, symmetry=0.88, centered=False, faces=1, face_area=0.0253"
SIR_Row_Live__Protests___Politics_Over_Poll_Panel___Govt_VS_Oppn___CEC___Rahul_G.mp4,1488,10236.467,10240.6,4.133,Anchor Studio,82.0,"Anchor Studio: stable=0.80, symmetry=0.95, centered=False, faces=1, face_area=0.0245"
SIR_Row_Live__Protests___Politics_Over_Poll_Panel___Govt_VS_Oppn___CEC___Rahul_G.mp4,1489,10240.667,10249.333,8.666,Anchor Studio,84.0,"Anchor Studio: stable=0.73, symmetry=0.97, centered=True, faces=2, face_area=0.0272"
SIR_Row_Live__Protests___Politics_Over_Poll_Panel___Govt_VS_Oppn___CEC___Rahul_G.mp4,1490,10249.4,10260.133,10.733,Anchor Studio,84.0,"Anchor Studio: stable=0.64, symmetry=0.86, centered=True, faces=2, face_area=0.0132"
SIR_Row_Live__Protests___Politics_Over_Poll_Panel___Govt_VS_Oppn___CEC___Rahul_G.mp4,1491,10260.2,10264.6,4.4,Title Card,78.0,"Title Card: headline=0.3207, textcov=0.6040, stability=0.84"
SIR_Row_Live__Protests___Politics_Over_Poll_Panel___Govt_VS_Oppn___CEC___Rahul_G.mp4,1492,10264.667,10265.933,1.266,Title Card,78.0,"Title Card: headline=0.4102, textcov=0.5893, stability=0.84"
SIR_Row_Live__Protests___Politics_Over_Poll_Panel___Govt_VS_Oppn___CEC___Rahul_G.mp4,1493,10266.0,10273.8,7.8,Title Card,78.0,"Title Card: headline=0.6736, textcov=0.7723, stability=0.92"
SIR_Row_Live__Protests___Politics_Over_Poll_Panel___Govt_VS_Oppn___CEC___Rahul_G.mp4,1494,10273.867,10280.2,6.333,B-Roll,70.0,"B-Roll: motion=0.0488, edge=0.1442, face_area=0.0000, symmetry=0.91"
SIR_Row_Live__Protests___Politics_Over_Poll_Panel___Govt_VS_Oppn___CEC___Rahul_G.mp4,1495,10280.267,10285.2,4.933,B-Roll,70.0,"B-Roll: motion=0.0418, edge=0.1541, face_area=0.0000, symmetry=0.97"
SIR_Row_Live__Protests___Politics_Over_Poll_Panel___Govt_VS_Oppn___CEC___Rahul_G.mp4,1496,10285.267,10288.8,3.533,B-Roll,70.0,"B-Roll: motion=0.1204, edge=0.0822, face_area=0.0000, symmetry=0.90"
SIR_Row_Live__Protests___Politics_Over_Poll_Panel___Govt_VS_Oppn___CEC___Rahul_G.mp4,1497,10288.867,10290.933,2.066,B-Roll,70.0,"B-Roll: motion=0.0853, edge=0.1259, face_area=0.0000, symmetry=0.93"
SIR_Row_Live__Protests___Politics_Over_Poll_Panel___Govt_VS_Oppn___CEC___Rahul_G.mp4,1498,10291.0,10293.667,2.667,Anchor Studio,82.0,"Anchor Studio: stable=0.80, symmetry=0.92, centered=False, faces=1, face_area=0.0488"
SIR_Row_Live__Protests___Politics_Over_Poll_Panel___Govt_VS_Oppn___CEC___Rahul_G.mp4,1499,10293.733,10296.2,2.467,Anchor Studio,84.0,"Anchor Studio: stable=0.83, symmetry=0.91, centered=True, faces=1, face_area=0.0091"
SIR_Row_Live__Protests___Politics_Over_Poll_Panel___Govt_VS_Oppn___CEC___Rahul_G.mp4,1500,10296.267,10297.933,1.666,Anchor Studio,84.0,"Anchor Studio: stable=0.85, symmetry=0.91, centered=True, faces=1, face_area=0.0085"
SIR_Row_Live__Protests___Politics_Over_Poll_Panel___Govt_VS_Oppn___CEC___Rahul_G.mp4,1501,10298.0,10300.333,2.333,Anchor Studio,94.0,"Anchor Studio: stable=0.76, symmetry=0.98, centered=True, faces=1, face_area=0.0172"
SIR_Row_Live__Protests___Politics_Over_Poll_Panel___Govt_VS_Oppn___CEC___Rahul_G.mp4,1502,10300.4,10303.667,3.267,Anchor Studio,84.0,"Anchor Studio: stable=0.73, symmetry=0.83, centered=True, faces=2, face_area=0.0137"
SIR_Row_Live__Protests___Politics_Over_Poll_Panel___Govt_VS_Oppn___CEC___Rahul_G.mp4,1503,10303.733,10304.533,0.8,Anchor Studio,94.0,"Anchor Studio: stable=0.87, symmetry=0.85, centered=True, faces=2, face_area=0.0431"
SIR_Row_Live__Protests___Politics_Over_Poll_Panel___Govt_VS_Oppn___CEC___Rahul_G.mp4,1504,10304.6,10312.2,7.6,Anchor Studio,84.0,"Anchor Studio: stable=0.69, symmetry=0.88, centered=True, faces=2, face_area=0.0200"
SIR_Row_Live__Protests___Politics_Over_Poll_Panel___Govt_VS_Oppn___CEC___Rahul_G.mp4,1505,10312.267,10317.333,5.066,Anchor Studio,94.0,"Anchor Studio: stable=0.79, symmetry=0.89, centered=True, faces=2, face_area=0.0129"
SIR_Row_Live__Protests___Politics_Over_Poll_Panel___Govt_VS_Oppn___CEC___Rahul_G.mp4,1506,10317.4,10318.667,1.267,Anchor Studio,94.0,"Anchor Studio: stable=0.75, symmetry=0.95, centered=True, faces=2, face_area=0.0149"
SIR_Row_Live__Protests___Politics_Over_Poll_Panel___Govt_VS_Oppn___CEC___Rahul_G.mp4,1507,10318.733,10321.933,3.2,Anchor Studio,84.0,"Anchor Studio: stable=0.73, symmetry=0.95, centered=True, faces=1, face_area=0.0182"
SIR_Row_Live__Protests___Politics_Over_Poll_Panel___Govt_VS_Oppn___CEC___Rahul_G.mp4,1508,10322.0,10323.467,1.467,Title Card,78.0,"Title Card: headline=0.2388, textcov=0.4360, stability=0.86"
SIR_Row_Live__Protests___Politics_Over_Poll_Panel___Govt_VS_Oppn___CEC___Rahul_G.mp4,1509,10323.533,10325.2,1.667,B-Roll,70.0,"B-Roll: motion=0.0265, edge=0.0843, face_area=0.0000, symmetry=0.90"
SIR_Row_Live__Protests___Politics_Over_Poll_Panel___Govt_VS_Oppn___CEC___Rahul_G.mp4,1510,10325.267,10328.067,2.8,Title Card,78.0,"Title Card: headline=0.3313, textcov=0.5239, stability=0.87"
SIR_Row_Live__Protests___Politics_Over_Poll_Panel___Govt_VS_Oppn___CEC___Rahul_G.mp4,1511,10328.133,10329.4,1.267,Title Card,78.0,"Title Card: headline=0.1922, textcov=0.3505, stability=0.84"
SIR_Row_Live__Protests___Politics_Over_Poll_Panel___Govt_VS_Oppn___CEC___Rahul_G.mp4,1512,10329.467,10331.667,2.2,B-Roll,70.0,"B-Roll: motion=0.0296, edge=0.1150, face_area=0.0000, symmetry=0.82"
SIR_Row_Live__Protests___Politics_Over_Poll_Panel___Govt_VS_Oppn___CEC___Rahul_G.mp4,1513,10331.733,10336.533,4.8,Anchor Studio,94.0,"Anchor Studio: stable=0.88, symmetry=0.81, centered=True, faces=2, face_area=0.0247"
SIR_Row_Live__Protests___Politics_Over_Poll_Panel___Govt_VS_Oppn___CEC___Rahul_G.mp4,1514,10336.6,10337.133,0.533,Anchor Studio,82.0,"Anchor Studio: stable=0.82, symmetry=0.78, centered=True, faces=1, face_area=0.0190"
SIR_Row_Live__Protests___Politics_Over_Poll_Panel___Govt_VS_Oppn___CEC___Rahul_G.mp4,1515,10337.2,10341.867,4.667,Anchor Studio,84.0,"Anchor Studio: stable=0.76, symmetry=0.94, centered=True, faces=1, face_area=0.0065"
SIR_Row_Live__Protests___Politics_Over_Poll_Panel___Govt_VS_Oppn___CEC___Rahul_G.mp4,1516,10341.933,10344.2,2.267,Title Card,78.0,"Title Card: headline=0.1955, textcov=0.3152, stability=0.84"
SIR_Row_Live__Protests___Politics_Over_Poll_Panel___Govt_VS_Oppn___CEC___Rahul_G.mp4,1517,10344.267,10350.4,6.133,B-Roll,70.0,"B-Roll: motion=0.0561, edge=0.1757, face_area=0.0000, symmetry=0.90"
SIR_Row_Live__Protests___Politics_Over_Poll_Panel___Govt_VS_Oppn___CEC___Rahul_G.mp4,1518,10350.467,10357.0,6.533,Anchor Studio,74.0,"Anchor Studio: stable=0.35, symmetry=0.93, centered=True, faces=1, face_area=0.0017"
SIR_Row_Live__Protests___Politics_Over_Poll_Panel___Govt_VS_Oppn___CEC___Rahul_G.mp4,1519,10357.067,10364.0,6.933,Anchor Studio,94.0,"Anchor Studio: stable=0.87, symmetry=0.88, centered=True, faces=1, face_area=0.0257"
SIR_Row_Live__Protests___Politics_Over_Poll_Panel___Govt_VS_Oppn___CEC___Rahul_G.mp4,1520,10364.067,10383.933,19.866,Anchor Studio,94.0,"Anchor Studio: stable=0.89, symmetry=0.88, centered=True, faces=4, face_area=0.1233"
SIR_Row_Live__Protests___Politics_Over_Poll_Panel___Govt_VS_Oppn___CEC___Rahul_G.mp4,1521,10384.0,10407.4,23.4,Anchor Studio,94.0,"Anchor Studio: stable=0.91, symmetry=0.87, centered=True, faces=4, face_area=0.1439"
SIR_Row_Live__Protests___Politics_Over_Poll_Panel___Govt_VS_Oppn___CEC___Rahul_G.mp4,1522,10407.467,10412.733,5.266,Anchor Studio,94.0,"Anchor Studio: stable=0.94, symmetry=0.90, centered=True, faces=4, face_area=0.1490"
SIR_Row_Live__Protests___Politics_Over_Poll_Panel___Govt_VS_Oppn___CEC___Rahul_G.mp4,1523,10412.8,10413.467,0.667,Anchor Studio,72.0,"Anchor Studio: stable=0.48, symmetry=0.73, centered=True, faces=3, face_area=0.0249"
SIR_Row_Live__Protests___Politics_Over_Poll_Panel___Govt_VS_Oppn___CEC___Rahul_G.mp4,1524,10413.533,10440.933,27.4,Anchor Studio,84.0,"Anchor Studio: stable=0.88, symmetry=0.90, centered=True, faces=1, face_area=0.0020"
SIR_Row_Live__Protests___Politics_Over_Poll_Panel___Govt_VS_Oppn___CEC___Rahul_G.mp4,1525,10441.0,10444.4,3.4,Anchor Studio,94.0,"Anchor Studio: stable=0.80, symmetry=0.89, centered=True, faces=1, face_area=0.0147"
SIR_Row_Live__Protests___Politics_Over_Poll_Panel___Govt_VS_Oppn___CEC___Rahul_G.mp4,1526,10444.467,10447.333,2.866,Anchor Studio,94.0,"Anchor Studio: stable=0.89, symmetry=0.96, centered=True, faces=1, face_area=0.0199"
SIR_Row_Live__Protests___Politics_Over_Poll_Panel___Govt_VS_Oppn___CEC___Rahul_G.mp4,1527,10447.4,10448.8,1.4,Anchor Studio,94.0,"Anchor Studio: stable=0.85, symmetry=0.96, centered=True, faces=1, face_area=0.0186"
SIR_Row_Live__Protests___Politics_Over_Poll_Panel___Govt_VS_Oppn___CEC___Rahul_G.mp4,1528,10448.867,10449.4,0.533,Anchor Studio,94.0,"Anchor Studio: stable=0.93, symmetry=0.98, centered=True, faces=1, face_area=0.0190"
SIR_Row_Live__Protests___Politics_Over_Poll_Panel___Govt_VS_Oppn___CEC___Rahul_G.mp4,1529,10449.467,10451.0,1.533,Anchor Studio,84.0,"Anchor Studio: stable=0.92, symmetry=0.91, centered=True, faces=1, face_area=0.0072"
SIR_Row_Live__Protests___Politics_Over_Poll_Panel___Govt_VS_Oppn___CEC___Rahul_G.mp4,1530,10451.067,10461.067,10.0,Anchor Studio,94.0,"Anchor Studio: stable=0.89, symmetry=0.91, centered=True, faces=1, face_area=0.0189"
SIR_Row_Live__Protests___Politics_Over_Poll_Panel___Govt_VS_Oppn___CEC___Rahul_G.mp4,1531,10461.133,10462.0,0.867,Anchor Studio,94.0,"Anchor Studio: stable=0.80, symmetry=0.96, centered=True, faces=1, face_area=0.0193"
SIR_Row_Live__Protests___Politics_Over_Poll_Panel___Govt_VS_Oppn___CEC___Rahul_G.mp4,1532,10462.067,10473.0,10.933,Anchor Studio,94.0,"Anchor Studio: stable=0.91, symmetry=0.95, centered=True, faces=1, face_area=0.0157"
SIR_Row_Live__Protests___Politics_Over_Poll_Panel___Govt_VS_Oppn___CEC___Rahul_G.mp4,1533,10473.067,10479.467,6.4,Anchor Studio,94.0,"Anchor Studio: stable=0.84, symmetry=0.97, centered=True, faces=2, face_area=0.0393"
SIR_Row_Live__Protests___Politics_Over_Poll_Panel___Govt_VS_Oppn___CEC___Rahul_G.mp4,1534,10479.533,10494.6,15.067,Anchor Studio,94.0,"Anchor Studio: stable=0.92, symmetry=0.94, centered=True, faces=1, face_area=0.0144"
SIR_Row_Live__Protests___Politics_Over_Poll_Panel___Govt_VS_Oppn___CEC___Rahul_G.mp4,1535,10494.667,10502.0,7.333,Anchor Studio,94.0,"Anchor Studio: stable=0.92, symmetry=0.95, centered=True, faces=1, face_area=0.0193"
SIR_Row_Live__Protests___Politics_Over_Poll_Panel___Govt_VS_Oppn___CEC___Rahul_G.mp4,1536,10502.067,10549.133,47.066,Anchor Studio,94.0,"Anchor Studio: stable=0.93, symmetry=0.95, centered=True, faces=1, face_area=0.0171"
SIR_Row_Live__Protests___Politics_Over_Poll_Panel___Govt_VS_Oppn___CEC___Rahul_G.mp4,1537,10549.2,10549.8,0.6,Title Card,64.0,"Title Card: headline=0.9006, textcov=1.0405, stability=0.54"
SIR_Row_Live__Protests___Politics_Over_Poll_Panel___Govt_VS_Oppn___CEC___Rahul_G.mp4,1538,10549.867,10563.4,13.533,Title Card,78.0,"Title Card: headline=0.7935, textcov=0.9436, stability=0.89"
SIR_Row_Live__Protests___Politics_Over_Poll_Panel___Govt_VS_Oppn___CEC___Rahul_G.mp4,1539,10563.467,10575.6,12.133,Anchor Studio,84.0,"Anchor Studio: stable=0.88, symmetry=0.92, centered=True, faces=1, face_area=0.0053"
SIR_Row_Live__Protests___Politics_Over_Poll_Panel___Govt_VS_Oppn___CEC___Rahul_G.mp4,1540,10575.667,10651.667,76.0,Anchor Studio,82.0,"Anchor Studio: stable=0.91, symmetry=0.92, centered=False, faces=2, face_area=0.0162"
SIR_Row_Live__Protests___Politics_Over_Poll_Panel___Govt_VS_Oppn___CEC___Rahul_G.mp4,1541,10651.733,10657.4,5.667,Anchor Studio,72.0,"Anchor Studio: stable=0.70, symmetry=0.83, centered=False, faces=1, face_area=0.0102"
SIR_Row_Live__Protests___Politics_Over_Poll_Panel___Govt_VS_Oppn___CEC___Rahul_G.mp4,1542,10657.467,10682.133,24.666,Anchor Studio,94.0,"Anchor Studio: stable=0.85, symmetry=0.80, centered=True, faces=2, face_area=0.0148"
SIR_Row_Live__Protests___Politics_Over_Poll_Panel___Govt_VS_Oppn___CEC___Rahul_G.mp4,1543,10682.2,10684.4,2.2,Title Card,74.0,"Title Card: headline=0.4179, textcov=0.5560, stability=0.82"
SIR_Row_Live__Protests___Politics_Over_Poll_Panel___Govt_VS_Oppn___CEC___Rahul_G.mp4,1544,10684.467,10706.933,22.466,Title Card,78.0,"Title Card: headline=0.8485, textcov=0.9504, stability=0.90"
SIR_Row_Live__Protests___Politics_Over_Poll_Panel___Govt_VS_Oppn___CEC___Rahul_G.mp4,1545,10707.0,10737.0,30.0,Anchor Studio,84.0,"Anchor Studio: stable=0.90, symmetry=0.80, centered=True, faces=1, face_area=0.0001"
SIR_Row_Live__Protests___Politics_Over_Poll_Panel___Govt_VS_Oppn___CEC___Rahul_G.mp4,1546,10737.067,10741.067,4.0,Title Card,78.0,"Title Card: headline=0.9936, textcov=1.1248, stability=0.87"
SIR_Row_Live__Protests___Politics_Over_Poll_Panel___Govt_VS_Oppn___CEC___Rahul_G.mp4,1547,10741.133,10789.133,48.0,Anchor Studio,82.0,"Anchor Studio: stable=0.91, symmetry=0.84, centered=False, faces=1, face_area=0.0200"
SIR_Row_Live__Protests___Politics_Over_Poll_Panel___Govt_VS_Oppn___CEC___Rahul_G.mp4,1548,10789.2,10793.933,4.733,Title Card,78.0,"Title Card: headline=0.9694, textcov=1.0205, stability=0.86"
SIR_Row_Live__Protests___Politics_Over_Poll_Panel___Govt_VS_Oppn___CEC___Rahul_G.mp4,1549,10794.0,10798.467,4.467,Title Card,78.0,"Title Card: headline=0.9932, textcov=1.0286, stability=0.81"
SIR_Row_Live__Protests___Politics_Over_Poll_Panel___Govt_VS_Oppn___CEC___Rahul_G.mp4,1550,10798.533,10799.8,1.267,Title Card,78.0,"Title Card: headline=1.0184, textcov=1.1535, stability=0.85"
SIR_Row_Live__Protests___Politics_Over_Poll_Panel___Govt_VS_Oppn___CEC___Rahul_G.mp4,1551,10799.867,10803.467,3.6,Title Card,78.0,"Title Card: headline=1.2241, textcov=1.2884, stability=0.88"
SIR_Row_Live__Protests___Politics_Over_Poll_Panel___Govt_VS_Oppn___CEC___Rahul_G.mp4,1552,10803.533,10804.533,1.0,Title Card,68.0,"Title Card: headline=1.0037, textcov=1.0560, stability=0.78"
SIR_Row_Live__Protests___Politics_Over_Poll_Panel___Govt_VS_Oppn___CEC___Rahul_G.mp4,1553,10804.6,10806.4,1.8,Title Card,68.0,"Title Card: headline=0.7775, textcov=0.8509, stability=0.77"
SIR_Row_Live__Protests___Politics_Over_Poll_Panel___Govt_VS_Oppn___CEC___Rahul_G.mp4,1554,10806.467,10808.4,1.933,Title Card,78.0,"Title Card: headline=0.8679, textcov=0.9052, stability=0.82"
SIR_Row_Live__Protests___Politics_Over_Poll_Panel___Govt_VS_Oppn___CEC___Rahul_G.mp4,1555,10808.467,10810.067,1.6,Title Card,78.0,"Title Card: headline=0.9504, textcov=1.0714, stability=0.88"
SIR_Row_Live__Protests___Politics_Over_Poll_Panel___Govt_VS_Oppn___CEC___Rahul_G.mp4,1556,10810.133,10810.8,0.667,Title Card,78.0,"Title Card: headline=0.8068, textcov=0.8410, stability=0.86"
SIR_Row_Live__Protests___Politics_Over_Poll_Panel___Govt_VS_Oppn___CEC___Rahul_G.mp4,1557,10810.867,10813.4,2.533,Title Card,78.0,"Title Card: headline=0.8803, textcov=0.9302, stability=0.82"
SIR_Row_Live__Protests___Politics_Over_Poll_Panel___Govt_VS_Oppn___CEC___Rahul_G.mp4,1558,10813.467,10818.0,4.533,Title Card,78.0,"Title Card: headline=1.0355, textcov=1.0711, stability=0.86"
SIR_Row_Live__Protests___Politics_Over_Poll_Panel___Govt_VS_Oppn___CEC___Rahul_G.mp4,1559,10818.067,10822.4,4.333,Title Card,78.0,"Title Card: headline=1.1769, textcov=1.2074, stability=0.84"
SIR_Row_Live__Protests___Politics_Over_Poll_Panel___Govt_VS_Oppn___CEC___Rahul_G.mp4,1560,10822.467,10839.467,17.0,Anchor Studio,84.0,"Anchor Studio: stable=0.90, symmetry=0.87, centered=True, faces=1, face_area=0.0035"
SIR_Row_Live__Protests___Politics_Over_Poll_Panel___Govt_VS_Oppn___CEC___Rahul_G.mp4,1561,10839.533,10843.467,3.934,Title Card,78.0,"Title Card: headline=1.1251, textcov=1.1981, stability=0.89"
SIR_Row_Live__Protests___Politics_Over_Poll_Panel___Govt_VS_Oppn___CEC___Rahul_G.mp4,1562,10843.533,10853.467,9.934,Title Card,78.0,"Title Card: headline=1.0948, textcov=1.2347, stability=0.93"
SIR_Row_Live__Protests___Politics_Over_Poll_Panel___Govt_VS_Oppn___CEC___Rahul_G.mp4,1563,10853.533,10856.8,3.267,Title Card,78.0,"Title Card: headline=0.6052, textcov=0.7709, stability=0.80"
SIR_Row_Live__Protests___Politics_Over_Poll_Panel___Govt_VS_Oppn___CEC___Rahul_G.mp4,1564,10856.867,10859.0,2.133,B-Roll,70.0,"B-Roll: motion=0.0462, edge=0.1481, face_area=0.0000, symmetry=0.94"
SIR_Row_Live__Protests___Politics_Over_Poll_Panel___Govt_VS_Oppn___CEC___Rahul_G.mp4,1565,10859.067,10860.4,1.333,Title Card,78.0,"Title Card: headline=0.8687, textcov=0.9997, stability=0.89"
SIR_Row_Live__Protests___Politics_Over_Poll_Panel___Govt_VS_Oppn___CEC___Rahul_G.mp4,1566,10860.467,10865.733,5.266,Title Card,78.0,"Title Card: headline=0.9147, textcov=1.0522, stability=0.90"
SIR_Row_Live__Protests___Politics_Over_Poll_Panel___Govt_VS_Oppn___CEC___Rahul_G.mp4,1567,10865.8,10868.8,3.0,Title Card,78.0,"Title Card: headline=1.0129, textcov=1.1232, stability=0.90"
SIR_Row_Live__Protests___Politics_Over_Poll_Panel___Govt_VS_Oppn___CEC___Rahul_G.mp4,1568,10868.867,10869.533,0.666,B-Roll,70.0,"B-Roll: motion=0.1008, edge=0.1402, face_area=0.0047, symmetry=0.97"
SIR_Row_Live__Protests___Politics_Over_Poll_Panel___Govt_VS_Oppn___CEC___Rahul_G.mp4,1569,10869.6,10876.4,6.8,Anchor Studio,94.0,"Anchor Studio: stable=0.85, symmetry=0.99, centered=True, faces=2, face_area=0.0463"
SIR_Row_Live__Protests___Politics_Over_Poll_Panel___Govt_VS_Oppn___CEC___Rahul_G.mp4,1570,10876.467,10877.467,1.0,Anchor Studio,94.0,"Anchor Studio: stable=0.89, symmetry=1.00, centered=True, faces=3, face_area=0.0861"
SIR_Row_Live__Protests___Politics_Over_Poll_Panel___Govt_VS_Oppn___CEC___Rahul_G.mp4,1571,10877.533,10880.8,3.267,Anchor Studio,94.0,"Anchor Studio: stable=0.92, symmetry=0.99, centered=True, faces=2, face_area=0.0405"
SIR_Row_Live__Protests___Politics_Over_Poll_Panel___Govt_VS_Oppn___CEC___Rahul_G.mp4,1572,10880.867,10885.6,4.733,Anchor Studio,94.0,"Anchor Studio: stable=0.86, symmetry=0.98, centered=True, faces=3, face_area=0.0533"
SIR_Row_Live__Protests___Politics_Over_Poll_Panel___Govt_VS_Oppn___CEC___Rahul_G.mp4,1573,10885.667,10887.0,1.333,Anchor Studio,94.0,"Anchor Studio: stable=0.89, symmetry=0.98, centered=True, faces=2, face_area=0.0482"
SIR_Row_Live__Protests___Politics_Over_Poll_Panel___Govt_VS_Oppn___CEC___Rahul_G.mp4,1574,10887.067,10890.4,3.333,Anchor Studio,94.0,"Anchor Studio: stable=0.83, symmetry=0.98, centered=True, faces=2, face_area=0.0411"
SIR_Row_Live__Protests___Politics_Over_Poll_Panel___Govt_VS_Oppn___CEC___Rahul_G.mp4,1575,10890.467,10894.933,4.466,Anchor Studio,94.0,"Anchor Studio: stable=0.83, symmetry=0.95, centered=True, faces=3, face_area=0.0600"
SIR_Row_Live__Protests___Politics_Over_Poll_Panel___Govt_VS_Oppn___CEC___Rahul_G.mp4,1576,10895.0,10897.067,2.067,Anchor Studio,94.0,"Anchor Studio: stable=0.84, symmetry=0.96, centered=True, faces=2, face_area=0.0288"
SIR_Row_Live__Protests___Politics_Over_Poll_Panel___Govt_VS_Oppn___CEC___Rahul_G.mp4,1577,10897.133,10917.4,20.267,Title Card,78.0,"Title Card: headline=1.0583, textcov=1.1893, stability=0.93"
SIR_Row_Live__Protests___Politics_Over_Poll_Panel___Govt_VS_Oppn___CEC___Rahul_G.mp4,1578,10917.467,10919.133,1.666,Title Card,78.0,"Title Card: headline=0.6199, textcov=0.8206, stability=0.87"
SIR_Row_Live__Protests___Politics_Over_Poll_Panel___Govt_VS_Oppn___CEC___Rahul_G.mp4,1579,10919.2,10919.933,0.733,B-Roll,70.0,"B-Roll: motion=0.0537, edge=0.0901, face_area=0.0000, symmetry=0.79"
SIR_Row_Live__Protests___Politics_Over_Poll_Panel___Govt_VS_Oppn___CEC___Rahul_G.mp4,1580,10920.0,10933.133,13.133,Title Card,78.0,"Title Card: headline=0.9330, textcov=1.0451, stability=0.91"
SIR_Row_Live__Protests___Politics_Over_Poll_Panel___Govt_VS_Oppn___CEC___Rahul_G.mp4,1581,10933.2,10933.867,0.667,B-Roll,70.0,"B-Roll: motion=0.0492, edge=0.0961, face_area=0.0000, symmetry=0.74"
SIR_Row_Live__Protests___Politics_Over_Poll_Panel___Govt_VS_Oppn___CEC___Rahul_G.mp4,1582,10933.933,10939.2,5.267,Title Card,78.0,"Title Card: headline=1.1355, textcov=1.2576, stability=0.89"
SIR_Row_Live__Protests___Politics_Over_Poll_Panel___Govt_VS_Oppn___CEC___Rahul_G.mp4,1583,10939.267,10956.733,17.466,Title Card,78.0,"Title Card: headline=0.9232, textcov=1.0671, stability=0.92"
SIR_Row_Live__Protests___Politics_Over_Poll_Panel___Govt_VS_Oppn___CEC___Rahul_G.mp4,1584,10956.8,10978.2,21.4,Anchor Studio,84.0,"Anchor Studio: stable=0.88, symmetry=0.87, centered=True, faces=1, face_area=0.0026"
SIR_Row_Live__Protests___Politics_Over_Poll_Panel___Govt_VS_Oppn___CEC___Rahul_G.mp4,1585,10978.267,10994.2,15.933,Anchor Studio,94.0,"Anchor Studio: stable=0.85, symmetry=0.87, centered=True, faces=1, face_area=0.0192"
SIR_Row_Live__Protests___Politics_Over_Poll_Panel___Govt_VS_Oppn___CEC___Rahul_G.mp4,1586,10994.267,11052.333,58.066,Anchor Studio,84.0,"Anchor Studio: stable=0.88, symmetry=0.85, centered=True, faces=2, face_area=0.0034"
SIR_Row_Live__Protests___Politics_Over_Poll_Panel___Govt_VS_Oppn___CEC___Rahul_G.mp4,1587,11052.4,11089.4,37.0,Anchor Studio,84.0,"Anchor Studio: stable=0.82, symmetry=0.84, centered=True, faces=1, face_area=0.0045"
SIR_Row_Live__Protests___Politics_Over_Poll_Panel___Govt_VS_Oppn___CEC___Rahul_G.mp4,1588,11089.467,11118.6,29.133,Anchor Studio,94.0,"Anchor Studio: stable=0.87, symmetry=0.86, centered=True, faces=1, face_area=0.0203"
SIR_Row_Live__Protests___Politics_Over_Poll_Panel___Govt_VS_Oppn___CEC___Rahul_G.mp4,1589,11118.667,11119.533,0.866,B-Roll,70.0,"B-Roll: motion=0.0405, edge=0.1060, face_area=0.0000, symmetry=0.84"
SIR_Row_Live__Protests___Politics_Over_Poll_Panel___Govt_VS_Oppn___CEC___Rahul_G.mp4,1590,11119.6,11121.867,2.267,Anchor Studio,82.0,"Anchor Studio: stable=0.75, symmetry=0.99, centered=False, faces=1, face_area=0.0171"
SIR_Row_Live__Protests___Politics_Over_Poll_Panel___Govt_VS_Oppn___CEC___Rahul_G.mp4,1591,11121.933,11126.867,4.934,Anchor Studio,82.0,"Anchor Studio: stable=0.85, symmetry=0.91, centered=False, faces=1, face_area=0.0213"
SIR_Row_Live__Protests___Politics_Over_Poll_Panel___Govt_VS_Oppn___CEC___Rahul_G.mp4,1592,11126.933,11131.4,4.467,Anchor Studio,82.0,"Anchor Studio: stable=0.80, symmetry=0.95, centered=False, faces=1, face_area=0.0200"
SIR_Row_Live__Protests___Politics_Over_Poll_Panel___Govt_VS_Oppn___CEC___Rahul_G.mp4,1593,11131.467,11133.333,1.866,Anchor Studio,82.0,"Anchor Studio: stable=0.85, symmetry=0.94, centered=False, faces=1, face_area=0.0212"
SIR_Row_Live__Protests___Politics_Over_Poll_Panel___Govt_VS_Oppn___CEC___Rahul_G.mp4,1594,11133.4,11136.4,3.0,Anchor Studio,82.0,"Anchor Studio: stable=0.85, symmetry=0.95, centered=False, faces=1, face_area=0.0180"
SIR_Row_Live__Protests___Politics_Over_Poll_Panel___Govt_VS_Oppn___CEC___Rahul_G.mp4,1595,11136.467,11138.0,1.533,Anchor Studio,82.0,"Anchor Studio: stable=0.84, symmetry=0.95, centered=False, faces=1, face_area=0.0201"
SIR_Row_Live__Protests___Politics_Over_Poll_Panel___Govt_VS_Oppn___CEC___Rahul_G.mp4,1596,11138.067,11141.4,3.333,Anchor Studio,82.0,"Anchor Studio: stable=0.84, symmetry=0.94, centered=False, faces=1, face_area=0.0216"
SIR_Row_Live__Protests___Politics_Over_Poll_Panel___Govt_VS_Oppn___CEC___Rahul_G.mp4,1597,11141.467,11146.4,4.933,Anchor Studio,82.0,"Anchor Studio: stable=0.86, symmetry=0.95, centered=False, faces=1, face_area=0.0166"
SIR_Row_Live__Protests___Politics_Over_Poll_Panel___Govt_VS_Oppn___CEC___Rahul_G.mp4,1598,11146.467,11150.933,4.466,Anchor Studio,82.0,"Anchor Studio: stable=0.76, symmetry=0.94, centered=False, faces=1, face_area=0.0136"
SIR_Row_Live__Protests___Politics_Over_Poll_Panel___Govt_VS_Oppn___CEC___Rahul_G.mp4,1599,11151.0,11155.0,4.0,Title Card,74.0,"Title Card: headline=0.9174, textcov=0.9538, stability=0.85"
SIR_Row_Live__Protests___Politics_Over_Poll_Panel___Govt_VS_Oppn___CEC___Rahul_G.mp4,1600,11155.067,11159.6,4.533,Anchor Studio,94.0,"Anchor Studio: stable=0.87, symmetry=0.95, centered=True, faces=2, face_area=0.0200"
SIR_Row_Live__Protests___Politics_Over_Poll_Panel___Govt_VS_Oppn___CEC___Rahul_G.mp4,1601,11159.667,11162.6,2.933,Anchor Studio,94.0,"Anchor Studio: stable=0.87, symmetry=0.99, centered=True, faces=2, face_area=0.0171"
SIR_Row_Live__Protests___Politics_Over_Poll_Panel___Govt_VS_Oppn___CEC___Rahul_G.mp4,1602,11162.667,11169.267,6.6,Anchor Studio,94.0,"Anchor Studio: stable=0.77, symmetry=0.91, centered=True, faces=2, face_area=0.0152"
SIR_Row_Live__Protests___Politics_Over_Poll_Panel___Govt_VS_Oppn___CEC___Rahul_G.mp4,1603,11169.333,11175.667,6.334,Anchor Studio,94.0,"Anchor Studio: stable=0.80, symmetry=0.96, centered=True, faces=2, face_area=0.0232"
SIR_Row_Live__Protests___Politics_Over_Poll_Panel___Govt_VS_Oppn___CEC___Rahul_G.mp4,1604,11175.733,11182.133,6.4,Anchor Studio,94.0,"Anchor Studio: stable=0.86, symmetry=0.99, centered=True, faces=2, face_area=0.0210"
SIR_Row_Live__Protests___Politics_Over_Poll_Panel___Govt_VS_Oppn___CEC___Rahul_G.mp4,1605,11182.2,11185.133,2.933,Anchor Studio,94.0,"Anchor Studio: stable=0.78, symmetry=0.97, centered=True, faces=2, face_area=0.0276"
SIR_Row_Live__Protests___Politics_Over_Poll_Panel___Govt_VS_Oppn___CEC___Rahul_G.mp4,1606,11185.2,11189.333,4.133,Anchor Studio,94.0,"Anchor Studio: stable=0.87, symmetry=0.92, centered=True, faces=2, face_area=0.0301"
SIR_Row_Live__Protests___Politics_Over_Poll_Panel___Govt_VS_Oppn___CEC___Rahul_G.mp4,1607,11189.4,11190.8,1.4,Anchor Studio,94.0,"Anchor Studio: stable=0.81, symmetry=0.84, centered=True, faces=1, face_area=0.0244"
SIR_Row_Live__Protests___Politics_Over_Poll_Panel___Govt_VS_Oppn___CEC___Rahul_G.mp4,1608,11190.867,11193.0,2.133,Anchor Studio,94.0,"Anchor Studio: stable=0.76, symmetry=0.95, centered=True, faces=1, face_area=0.0170"
SIR_Row_Live__Protests___Politics_Over_Poll_Panel___Govt_VS_Oppn___CEC___Rahul_G.mp4,1609,11193.067,11196.133,3.066,Anchor Studio,94.0,"Anchor Studio: stable=0.83, symmetry=0.96, centered=True, faces=2, face_area=0.0308"
SIR_Row_Live__Protests___Politics_Over_Poll_Panel___Govt_VS_Oppn___CEC___Rahul_G.mp4,1610,11196.2,11199.8,3.6,Anchor Studio,94.0,"Anchor Studio: stable=0.86, symmetry=0.98, centered=True, faces=1, face_area=0.0236"
SIR_Row_Live__Protests___Politics_Over_Poll_Panel___Govt_VS_Oppn___CEC___Rahul_G.mp4,1611,11199.867,11200.533,0.666,Anchor Studio,94.0,"Anchor Studio: stable=0.81, symmetry=0.98, centered=True, faces=2, face_area=0.0416"
SIR_Row_Live__Protests___Politics_Over_Poll_Panel___Govt_VS_Oppn___CEC___Rahul_G.mp4,1612,11200.6,11204.867,4.267,Anchor Studio,94.0,"Anchor Studio: stable=0.83, symmetry=0.99, centered=True, faces=2, face_area=0.0199"
SIR_Row_Live__Protests___Politics_Over_Poll_Panel___Govt_VS_Oppn___CEC___Rahul_G.mp4,1613,11204.933,11206.2,1.267,Anchor Studio,84.0,"Anchor Studio: stable=0.78, symmetry=0.98, centered=True, faces=1, face_area=0.0010"
SIR_Row_Live__Protests___Politics_Over_Poll_Panel___Govt_VS_Oppn___CEC___Rahul_G.mp4,1614,11206.267,11209.4,3.133,Anchor Studio,94.0,"Anchor Studio: stable=0.81, symmetry=0.98, centered=True, faces=2, face_area=0.0240"
SIR_Row_Live__Protests___Politics_Over_Poll_Panel___Govt_VS_Oppn___CEC___Rahul_G.mp4,1615,11209.467,11210.533,1.066,Anchor Studio,94.0,"Anchor Studio: stable=0.84, symmetry=1.00, centered=True, faces=2, face_area=0.0362"
SIR_Row_Live__Protests___Politics_Over_Poll_Panel___Govt_VS_Oppn___CEC___Rahul_G.mp4,1616,11210.6,11215.2,4.6,Anchor Studio,94.0,"Anchor Studio: stable=0.83, symmetry=0.99, centered=True, faces=2, face_area=0.0246"
SIR_Row_Live__Protests___Politics_Over_Poll_Panel___Govt_VS_Oppn___CEC___Rahul_G.mp4,1617,11215.267,11219.333,4.066,Anchor Studio,94.0,"Anchor Studio: stable=0.85, symmetry=0.98, centered=True, faces=2, face_area=0.0219"
SIR_Row_Live__Protests___Politics_Over_Poll_Panel___Govt_VS_Oppn___CEC___Rahul_G.mp4,1618,11219.4,11225.2,5.8,Anchor Studio,94.0,"Anchor Studio: stable=0.81, symmetry=0.97, centered=True, faces=2, face_area=0.0247"
SIR_Row_Live__Protests___Politics_Over_Poll_Panel___Govt_VS_Oppn___CEC___Rahul_G.mp4,1619,11225.267,11226.867,1.6,Anchor Studio,94.0,"Anchor Studio: stable=0.79, symmetry=0.94, centered=True, faces=1, face_area=0.0220"
SIR_Row_Live__Protests___Politics_Over_Poll_Panel___Govt_VS_Oppn___CEC___Rahul_G.mp4,1620,11226.933,11227.6,0.667,Anchor Studio,72.0,"Anchor Studio: stable=0.59, symmetry=0.79, centered=True, faces=2, face_area=0.0167"
SIR_Row_Live__Protests___Politics_Over_Poll_Panel___Govt_VS_Oppn___CEC___Rahul_G.mp4,1621,11227.667,11228.933,1.266,B-Roll,70.0,"B-Roll: motion=0.0344, edge=0.1171, face_area=0.0000, symmetry=0.86"
SIR_Row_Live__Protests___Politics_Over_Poll_Panel___Govt_VS_Oppn___CEC___Rahul_G.mp4,1622,11229.0,11233.067,4.067,Anchor Studio,84.0,"Anchor Studio: stable=0.81, symmetry=0.95, centered=True, faces=2, face_area=0.0088"
SIR_Row_Live__Protests___Politics_Over_Poll_Panel___Govt_VS_Oppn___CEC___Rahul_G.mp4,1623,11233.133,11238.067,4.934,Anchor Studio,94.0,"Anchor Studio: stable=0.82, symmetry=0.84, centered=True, faces=2, face_area=0.0169"
SIR_Row_Live__Protests___Politics_Over_Poll_Panel___Govt_VS_Oppn___CEC___Rahul_G.mp4,1624,11238.133,11276.333,38.2,Anchor Studio,84.0,"Anchor Studio: stable=0.84, symmetry=0.93, centered=True, faces=1, face_area=0.0030"
SIR_Row_Live__Protests___Politics_Over_Poll_Panel___Govt_VS_Oppn___CEC___Rahul_G.mp4,1625,11276.4,11303.733,27.333,Anchor Studio,94.0,"Anchor Studio: stable=0.89, symmetry=0.88, centered=True, faces=2, face_area=0.0105"
SIR_Row_Live__Protests___Politics_Over_Poll_Panel___Govt_VS_Oppn___CEC___Rahul_G.mp4,1626,11303.8,11305.4,1.6,Anchor Studio,84.0,"Anchor Studio: stable=0.65, symmetry=0.88, centered=True, faces=4, face_area=0.0628"
SIR_Row_Live__Protests___Politics_Over_Poll_Panel___Govt_VS_Oppn___CEC___Rahul_G.mp4,1627,11305.467,11306.6,1.133,Anchor Studio,94.0,"Anchor Studio: stable=0.84, symmetry=0.89, centered=True, faces=3, face_area=0.1123"
SIR_Row_Live__Protests___Politics_Over_Poll_Panel___Govt_VS_Oppn___CEC___Rahul_G.mp4,1628,11306.667,11307.333,0.666,Anchor Studio,72.0,"Anchor Studio: stable=0.55, symmetry=0.76, centered=True, faces=2, face_area=0.0163"
SIR_Row_Live__Protests___Politics_Over_Poll_Panel___Govt_VS_Oppn___CEC___Rahul_G.mp4,1629,11307.4,11311.6,4.2,Anchor Studio,84.0,"Anchor Studio: stable=0.74, symmetry=0.86, centered=True, faces=2, face_area=0.0394"
SIR_Row_Live__Protests___Politics_Over_Poll_Panel___Govt_VS_Oppn___CEC___Rahul_G.mp4,1630,11311.667,11315.533,3.866,Anchor Studio,94.0,"Anchor Studio: stable=0.88, symmetry=0.99, centered=True, faces=3, face_area=0.1117"
SIR_Row_Live__Protests___Politics_Over_Poll_Panel___Govt_VS_Oppn___CEC___Rahul_G.mp4,1631,11315.6,11325.4,9.8,Anchor Studio,94.0,"Anchor Studio: stable=0.90, symmetry=0.98, centered=True, faces=3, face_area=0.1185"
SIR_Row_Live__Protests___Politics_Over_Poll_Panel___Govt_VS_Oppn___CEC___Rahul_G.mp4,1632,11325.467,11342.6,17.133,Anchor Studio,94.0,"Anchor Studio: stable=0.88, symmetry=0.97, centered=True, faces=3, face_area=0.1155"
SIR_Row_Live__Protests___Politics_Over_Poll_Panel___Govt_VS_Oppn___CEC___Rahul_G.mp4,1633,11342.667,11345.2,2.533,Anchor Studio,94.0,"Anchor Studio: stable=0.90, symmetry=0.95, centered=True, faces=3, face_area=0.1178"
SIR_Row_Live__Protests___Politics_Over_Poll_Panel___Govt_VS_Oppn___CEC___Rahul_G.mp4,1634,11345.267,11345.933,0.666,Anchor Studio,84.0,"Anchor Studio: stable=0.61, symmetry=0.82, centered=True, faces=3, face_area=0.0408"
SIR_Row_Live__Protests___Politics_Over_Poll_Panel___Govt_VS_Oppn___CEC___Rahul_G.mp4,1635,11346.0,11347.133,1.133,B-Roll,70.0,"B-Roll: motion=0.0376, edge=0.1139, face_area=0.0024, symmetry=0.85"
SIR_Row_Live__Protests___Politics_Over_Poll_Panel___Govt_VS_Oppn___CEC___Rahul_G.mp4,1636,11347.2,11365.4,18.2,Anchor Studio,94.0,"Anchor Studio: stable=0.90, symmetry=0.84, centered=True, faces=2, face_area=0.0222"
SIR_Row_Live__Protests___Politics_Over_Poll_Panel___Govt_VS_Oppn___CEC___Rahul_G.mp4,1637,11365.467,11370.533,5.066,Anchor Studio,94.0,"Anchor Studio: stable=0.84, symmetry=0.94, centered=True, faces=2, face_area=0.0199"
SIR_Row_Live__Protests___Politics_Over_Poll_Panel___Govt_VS_Oppn___CEC___Rahul_G.mp4,1638,11370.6,11371.133,0.533,Anchor Studio,82.0,"Anchor Studio: stable=0.90, symmetry=0.97, centered=False, faces=1, face_area=0.0210"
SIR_Row_Live__Protests___Politics_Over_Poll_Panel___Govt_VS_Oppn___CEC___Rahul_G.mp4,1639,11371.2,11372.533,1.333,B-Roll,70.0,"B-Roll: motion=0.0696, edge=0.1533, face_area=0.0000, symmetry=0.96"
SIR_Row_Live__Protests___Politics_Over_Poll_Panel___Govt_VS_Oppn___CEC___Rahul_G.mp4,1640,11372.6,11373.2,0.6,Title Card,68.0,"Title Card: headline=0.8998, textcov=0.9879, stability=0.79"
SIR_Row_Live__Protests___Politics_Over_Poll_Panel___Govt_VS_Oppn___CEC___Rahul_G.mp4,1641,11373.267,11374.733,1.466,Anchor Studio,82.0,"Anchor Studio: stable=0.88, symmetry=0.96, centered=False, faces=1, face_area=0.0176"
SIR_Row_Live__Protests___Politics_Over_Poll_Panel___Govt_VS_Oppn___CEC___Rahul_G.mp4,1642,11374.8,11375.533,0.733,Anchor Studio,82.0,"Anchor Studio: stable=0.90, symmetry=0.94, centered=False, faces=1, face_area=0.0225"
SIR_Row_Live__Protests___Politics_Over_Poll_Panel___Govt_VS_Oppn___CEC___Rahul_G.mp4,1643,11375.6,11380.067,4.467,Title Card,74.0,"Title Card: headline=0.8263, textcov=0.9257, stability=0.83"
SIR_Row_Live__Protests___Politics_Over_Poll_Panel___Govt_VS_Oppn___CEC___Rahul_G.mp4,1644,11380.133,11382.533,2.4,Title Card,78.0,"Title Card: headline=0.8885, textcov=1.0163, stability=0.89"
SIR_Row_Live__Protests___Politics_Over_Poll_Panel___Govt_VS_Oppn___CEC___Rahul_G.mp4,1645,11382.6,11385.067,2.467,Field Report,68.0,"Field Report: motion=0.0460, faces=1, centered=False, symmetry=0.96"
SIR_Row_Live__Protests___Politics_Over_Poll_Panel___Govt_VS_Oppn___CEC___Rahul_G.mp4,1646,11385.133,11390.0,4.867,Anchor Studio,94.0,"Anchor Studio: stable=0.85, symmetry=0.94, centered=True, faces=2, face_area=0.0222"
SIR_Row_Live__Protests___Politics_Over_Poll_Panel___Govt_VS_Oppn___CEC___Rahul_G.mp4,1647,11390.067,11392.4,2.333,Anchor Studio,82.0,"Anchor Studio: stable=0.84, symmetry=0.96, centered=False, faces=1, face_area=0.0190"
SIR_Row_Live__Protests___Politics_Over_Poll_Panel___Govt_VS_Oppn___CEC___Rahul_G.mp4,1648,11392.467,11395.0,2.533,Anchor Studio,82.0,"Anchor Studio: stable=0.86, symmetry=0.92, centered=False, faces=1, face_area=0.0158"
SIR_Row_Live__Protests___Politics_Over_Poll_Panel___Govt_VS_Oppn___CEC___Rahul_G.mp4,1649,11395.067,11397.667,2.6,Anchor Studio,82.0,"Anchor Studio: stable=0.85, symmetry=0.92, centered=False, faces=1, face_area=0.0207"
SIR_Row_Live__Protests___Politics_Over_Poll_Panel___Govt_VS_Oppn___CEC___Rahul_G.mp4,1650,11397.733,11399.6,1.867,Field Report,68.0,"Field Report: motion=0.0338, faces=1, centered=False, symmetry=0.97"
SIR_Row_Live__Protests___Politics_Over_Poll_Panel___Govt_VS_Oppn___CEC___Rahul_G.mp4,1651,11399.667,11402.333,2.666,Anchor Studio,82.0,"Anchor Studio: stable=0.84, symmetry=0.97, centered=False, faces=1, face_area=0.0217"
SIR_Row_Live__Protests___Politics_Over_Poll_Panel___Govt_VS_Oppn___CEC___Rahul_G.mp4,1652,11402.4,11403.8,1.4,Anchor Studio,82.0,"Anchor Studio: stable=0.84, symmetry=0.95, centered=False, faces=1, face_area=0.0217"
SIR_Row_Live__Protests___Politics_Over_Poll_Panel___Govt_VS_Oppn___CEC___Rahul_G.mp4,1653,11403.867,11409.333,5.466,Anchor Studio,94.0,"Anchor Studio: stable=0.90, symmetry=0.86, centered=True, faces=2, face_area=0.0230"
SIR_Row_Live__Protests___Politics_Over_Poll_Panel___Govt_VS_Oppn___CEC___Rahul_G.mp4,1654,11409.4,11462.133,52.733,Anchor Studio,94.0,"Anchor Studio: stable=0.92, symmetry=0.83, centered=True, faces=2, face_area=0.0193"
SIR_Row_Live__Protests___Politics_Over_Poll_Panel___Govt_VS_Oppn___CEC___Rahul_G.mp4,1655,11462.2,11472.2,10.0,Anchor Studio,94.0,"Anchor Studio: stable=0.92, symmetry=0.93, centered=True, faces=2, face_area=0.0207"
SIR_Row_Live__Protests___Politics_Over_Poll_Panel___Govt_VS_Oppn___CEC___Rahul_G.mp4,1656,11472.267,11509.6,37.333,Anchor Studio,94.0,"Anchor Studio: stable=0.91, symmetry=0.92, centered=True, faces=2, face_area=0.0210"
SIR_Row_Live__Protests___Politics_Over_Poll_Panel___Govt_VS_Oppn___CEC___Rahul_G.mp4,1657,11509.667,11512.4,2.733,Anchor Studio,94.0,"Anchor Studio: stable=0.81, symmetry=0.93, centered=True, faces=3, face_area=0.0742"
SIR_Row_Live__Protests___Politics_Over_Poll_Panel___Govt_VS_Oppn___CEC___Rahul_G.mp4,1658,11512.467,11519.533,7.066,Anchor Studio,94.0,"Anchor Studio: stable=0.85, symmetry=0.95, centered=True, faces=4, face_area=0.1208"
SIR_Row_Live__Protests___Politics_Over_Poll_Panel___Govt_VS_Oppn___CEC___Rahul_G.mp4,1659,11519.6,11545.4,25.8,Anchor Studio,94.0,"Anchor Studio: stable=0.89, symmetry=0.95, centered=True, faces=4, face_area=0.1157"
SIR_Row_Live__Protests___Politics_Over_Poll_Panel___Govt_VS_Oppn___CEC___Rahul_G.mp4,1660,11545.467,11546.133,0.666,Anchor Studio,72.0,"Anchor Studio: stable=0.62, symmetry=0.77, centered=True, faces=1, face_area=0.0275"
SIR_Row_Live__Protests___Politics_Over_Poll_Panel___Govt_VS_Oppn___CEC___Rahul_G.mp4,1661,11546.2,11576.067,29.867,Title Card,74.0,"Title Card: headline=0.7807, textcov=0.8847, stability=0.90"
SIR_Row_Live__Protests___Politics_Over_Poll_Panel___Govt_VS_Oppn___CEC___Rahul_G.mp4,1662,11576.133,11614.067,37.934,Title Card,74.0,"Title Card: headline=0.7712, textcov=0.9149, stability=0.93"
SIR_Row_Live__Protests___Politics_Over_Poll_Panel___Govt_VS_Oppn___CEC___Rahul_G.mp4,1663,11614.133,11615.533,1.4,Anchor Studio,82.0,"Anchor Studio: stable=0.81, symmetry=0.95, centered=False, faces=1, face_area=0.0222"
SIR_Row_Live__Protests___Politics_Over_Poll_Panel___Govt_VS_Oppn___CEC___Rahul_G.mp4,1664,11615.6,11616.933,1.333,Anchor Studio,82.0,"Anchor Studio: stable=0.83, symmetry=0.92, centered=False, faces=1, face_area=0.0200"
SIR_Row_Live__Protests___Politics_Over_Poll_Panel___Govt_VS_Oppn___CEC___Rahul_G.mp4,1665,11617.0,11621.933,4.933,Anchor Studio,94.0,"Anchor Studio: stable=0.84, symmetry=0.94, centered=True, faces=2, face_area=0.0243"
SIR_Row_Live__Protests___Politics_Over_Poll_Panel___Govt_VS_Oppn___CEC___Rahul_G.mp4,1666,11622.0,11625.6,3.6,Anchor Studio,82.0,"Anchor Studio: stable=0.84, symmetry=0.95, centered=False, faces=1, face_area=0.0113"
SIR_Row_Live__Protests___Politics_Over_Poll_Panel___Govt_VS_Oppn___CEC___Rahul_G.mp4,1667,11625.667,11626.533,0.866,B-Roll,70.0,"B-Roll: motion=0.0326, edge=0.1730, face_area=0.0015, symmetry=0.88"
SIR_Row_Live__Protests___Politics_Over_Poll_Panel___Govt_VS_Oppn___CEC___Rahul_G.mp4,1668,11626.6,11628.4,1.8,Title Card,74.0,"Title Card: headline=0.8252, textcov=0.9842, stability=0.87"
SIR_Row_Live__Protests___Politics_Over_Poll_Panel___Govt_VS_Oppn___CEC___Rahul_G.mp4,1669,11628.467,11631.533,3.066,Anchor Studio,82.0,"Anchor Studio: stable=0.83, symmetry=0.95, centered=False, faces=1, face_area=0.0138"
SIR_Row_Live__Protests___Politics_Over_Poll_Panel___Govt_VS_Oppn___CEC___Rahul_G.mp4,1670,11631.6,11632.467,0.867,Anchor Studio,82.0,"Anchor Studio: stable=0.86, symmetry=0.96, centered=False, faces=1, face_area=0.0204"
SIR_Row_Live__Protests___Politics_Over_Poll_Panel___Govt_VS_Oppn___CEC___Rahul_G.mp4,1671,11632.533,11635.733,3.2,Anchor Studio,94.0,"Anchor Studio: stable=0.87, symmetry=0.97, centered=True, faces=3, face_area=0.0519"
SIR_Row_Live__Protests___Politics_Over_Poll_Panel___Govt_VS_Oppn___CEC___Rahul_G.mp4,1672,11635.8,11639.467,3.667,Anchor Studio,94.0,"Anchor Studio: stable=0.89, symmetry=0.95, centered=True, faces=3, face_area=0.0678"
SIR_Row_Live__Protests___Politics_Over_Poll_Panel___Govt_VS_Oppn___CEC___Rahul_G.mp4,1673,11639.533,11643.8,4.267,Anchor Studio,94.0,"Anchor Studio: stable=0.87, symmetry=0.96, centered=True, faces=4, face_area=0.0672"
SIR_Row_Live__Protests___Politics_Over_Poll_Panel___Govt_VS_Oppn___CEC___Rahul_G.mp4,1674,11643.867,11645.6,1.733,Anchor Studio,94.0,"Anchor Studio: stable=0.83, symmetry=0.93, centered=True, faces=3, face_area=0.0742"
SIR_Row_Live__Protests___Politics_Over_Poll_Panel___Govt_VS_Oppn___CEC___Rahul_G.mp4,1675,11645.667,11648.6,2.933,Anchor Studio,94.0,"Anchor Studio: stable=0.88, symmetry=0.95, centered=True, faces=3, face_area=0.0607"
SIR_Row_Live__Protests___Politics_Over_Poll_Panel___Govt_VS_Oppn___CEC___Rahul_G.mp4,1676,11648.667,11651.933,3.266,Anchor Studio,94.0,"Anchor Studio: stable=0.86, symmetry=0.95, centered=True, faces=3, face_area=0.0505"
SIR_Row_Live__Protests___Politics_Over_Poll_Panel___Govt_VS_Oppn___CEC___Rahul_G.mp4,1677,11652.0,11655.6,3.6,Anchor Studio,94.0,"Anchor Studio: stable=0.88, symmetry=0.98, centered=True, faces=4, face_area=0.0779"
SIR_Row_Live__Protests___Politics_Over_Poll_Panel___Govt_VS_Oppn___CEC___Rahul_G.mp4,1678,11655.667,11656.533,0.866,Anchor Studio,94.0,"Anchor Studio: stable=0.82, symmetry=0.94, centered=True, faces=3, face_area=0.0552"
SIR_Row_Live__Protests___Politics_Over_Poll_Panel___Govt_VS_Oppn___CEC___Rahul_G.mp4,1679,11656.6,11660.0,3.4,Anchor Studio,94.0,"Anchor Studio: stable=0.86, symmetry=0.95, centered=True, faces=3, face_area=0.0450"
SIR_Row_Live__Protests___Politics_Over_Poll_Panel___Govt_VS_Oppn___CEC___Rahul_G.mp4,1680,11660.067,11661.8,1.733,Anchor Studio,94.0,"Anchor Studio: stable=0.80, symmetry=0.91, centered=True, faces=3, face_area=0.0461"
SIR_Row_Live__Protests___Politics_Over_Poll_Panel___Govt_VS_Oppn___CEC___Rahul_G.mp4,1681,11661.867,11665.6,3.733,Anchor Studio,94.0,"Anchor Studio: stable=0.87, symmetry=0.89, centered=True, faces=2, face_area=0.0223"
SIR_Row_Live__Protests___Politics_Over_Poll_Panel___Govt_VS_Oppn___CEC___Rahul_G.mp4,1682,11665.667,11675.533,9.866,Anchor Studio,82.0,"Anchor Studio: stable=0.85, symmetry=0.86, centered=False, faces=2, face_area=0.0208"
SIR_Row_Live__Protests___Politics_Over_Poll_Panel___Govt_VS_Oppn___CEC___Rahul_G.mp4,1683,11675.6,11680.0,4.4,Anchor Studio,94.0,"Anchor Studio: stable=0.85, symmetry=0.89, centered=True, faces=2, face_area=0.0202"
SIR_Row_Live__Protests___Politics_Over_Poll_Panel___Govt_VS_Oppn___CEC___Rahul_G.mp4,1684,11680.067,11685.533,5.466,Anchor Studio,82.0,"Anchor Studio: stable=0.86, symmetry=0.88, centered=False, faces=2, face_area=0.0173"
SIR_Row_Live__Protests___Politics_Over_Poll_Panel___Govt_VS_Oppn___CEC___Rahul_G.mp4,1685,11685.6,11695.6,10.0,Anchor Studio,94.0,"Anchor Studio: stable=0.84, symmetry=0.88, centered=True, faces=2, face_area=0.0220"
SIR_Row_Live__Protests___Politics_Over_Poll_Panel___Govt_VS_Oppn___CEC___Rahul_G.mp4,1686,11695.667,11705.533,9.866,Anchor Studio,82.0,"Anchor Studio: stable=0.85, symmetry=0.85, centered=False, faces=1, face_area=0.0199"
SIR_Row_Live__Protests___Politics_Over_Poll_Panel___Govt_VS_Oppn___CEC___Rahul_G.mp4,1687,11705.6,11709.933,4.333,Anchor Studio,82.0,"Anchor Studio: stable=0.88, symmetry=0.91, centered=False, faces=1, face_area=0.0170"
SIR_Row_Live__Protests___Politics_Over_Poll_Panel___Govt_VS_Oppn___CEC___Rahul_G.mp4,1688,11710.0,11714.2,4.2,Anchor Studio,94.0,"Anchor Studio: stable=0.77, symmetry=0.91, centered=True, faces=3, face_area=0.0670"
SIR_Row_Live__Protests___Politics_Over_Poll_Panel___Govt_VS_Oppn___CEC___Rahul_G.mp4,1689,11714.267,11715.0,0.733,Anchor Studio,84.0,"Anchor Studio: stable=0.55, symmetry=0.81, centered=True, faces=3, face_area=0.0377"
SIR_Row_Live__Protests___Politics_Over_Poll_Panel___Govt_VS_Oppn___CEC___Rahul_G.mp4,1690,11715.067,11731.333,16.266,Anchor Studio,94.0,"Anchor Studio: stable=0.88, symmetry=0.92, centered=True, faces=2, face_area=0.0433"
SIR_Row_Live__Protests___Politics_Over_Poll_Panel___Govt_VS_Oppn___CEC___Rahul_G.mp4,1691,11731.4,11744.0,12.6,Anchor Studio,94.0,"Anchor Studio: stable=0.77, symmetry=0.91, centered=True, faces=2, face_area=0.0285"
SIR_Row_Live__Protests___Politics_Over_Poll_Panel___Govt_VS_Oppn___CEC___Rahul_G.mp4,1692,11744.067,11746.133,2.066,Anchor Studio,84.0,"Anchor Studio: stable=0.44, symmetry=0.98, centered=True, faces=2, face_area=0.0348"
SIR_Row_Live__Protests___Politics_Over_Poll_Panel___Govt_VS_Oppn___CEC___Rahul_G.mp4,1693,11746.2,11750.4,4.2,Anchor Studio,72.0,"Anchor Studio: stable=0.55, symmetry=0.96, centered=False, faces=2, face_area=0.0267"
SIR_Row_Live__Protests___Politics_Over_Poll_Panel___Govt_VS_Oppn___CEC___Rahul_G.mp4,1694,11750.467,11751.333,0.866,Anchor Studio,82.0,"Anchor Studio: stable=0.78, symmetry=0.96, centered=False, faces=2, face_area=0.0320"
SIR_Row_Live__Protests___Politics_Over_Poll_Panel___Govt_VS_Oppn___CEC___Rahul_G.mp4,1695,11751.4,11752.6,1.2,Anchor Studio,72.0,"Anchor Studio: stable=0.51, symmetry=0.95, centered=False, faces=2, face_area=0.0448"
SIR_Row_Live__Protests___Politics_Over_Poll_Panel___Govt_VS_Oppn___CEC___Rahul_G.mp4,1696,11752.667,11754.8,2.133,Anchor Studio,72.0,"Anchor Studio: stable=0.56, symmetry=0.96, centered=False, faces=2, face_area=0.0364"
SIR_Row_Live__Protests___Politics_Over_Poll_Panel___Govt_VS_Oppn___CEC___Rahul_G.mp4,1697,11754.867,11757.133,2.266,Anchor Studio,72.0,"Anchor Studio: stable=0.58, symmetry=0.96, centered=False, faces=2, face_area=0.0378"
SIR_Row_Live__Protests___Politics_Over_Poll_Panel___Govt_VS_Oppn___CEC___Rahul_G.mp4,1698,11757.2,11779.733,22.533,Anchor Studio,94.0,"Anchor Studio: stable=0.88, symmetry=0.94, centered=True, faces=3, face_area=0.0395"
SIR_Row_Live__Protests___Politics_Over_Poll_Panel___Govt_VS_Oppn___CEC___Rahul_G.mp4,1699,11779.8,11792.333,12.533,Anchor Studio,82.0,"Anchor Studio: stable=0.85, symmetry=0.92, centered=False, faces=3, face_area=0.0542"
SIR_Row_Live__Protests___Politics_Over_Poll_Panel___Govt_VS_Oppn___CEC___Rahul_G.mp4,1700,11792.4,11814.6,22.2,Anchor Studio,82.0,"Anchor Studio: stable=0.86, symmetry=0.89, centered=False, faces=3, face_area=0.0516"
SIR_Row_Live__Protests___Politics_Over_Poll_Panel___Govt_VS_Oppn___CEC___Rahul_G.mp4,1701,11814.667,11824.067,9.4,B-Roll,70.0,"B-Roll: motion=0.0660, edge=0.1386, face_area=0.0005, symmetry=0.86"
SIR_Row_Live__Protests___Politics_Over_Poll_Panel___Govt_VS_Oppn___CEC___Rahul_G.mp4,1702,11824.133,11836.933,12.8,Anchor Studio,84.0,"Anchor Studio: stable=0.47, symmetry=0.91, centered=True, faces=3, face_area=0.0146"
SIR_Row_Live__Protests___Politics_Over_Poll_Panel___Govt_VS_Oppn___CEC___Rahul_G.mp4,1703,11837.0,11840.0,3.0,Anchor Studio,74.0,"Anchor Studio: stable=0.27, symmetry=0.91, centered=True, faces=1, face_area=0.0057"
SIR_Row_Live__Protests___Politics_Over_Poll_Panel___Govt_VS_Oppn___CEC___Rahul_G.mp4,1704,11840.067,11845.2,5.133,B-Roll,70.0,"B-Roll: motion=0.0599, edge=0.1717, face_area=0.0008, symmetry=0.85"
SIR_Row_Live__Protests___Politics_Over_Poll_Panel___Govt_VS_Oppn___CEC___Rahul_G.mp4,1705,11845.267,11848.133,2.866,Anchor Studio,84.0,"Anchor Studio: stable=0.42, symmetry=0.96, centered=True, faces=2, face_area=0.0661"
SIR_Row_Live__Protests___Politics_Over_Poll_Panel___Govt_VS_Oppn___CEC___Rahul_G.mp4,1706,11848.2,11850.067,1.867,B-Roll,70.0,"B-Roll: motion=0.0794, edge=0.1635, face_area=0.0000, symmetry=0.96"
SIR_Row_Live__Protests___Politics_Over_Poll_Panel___Govt_VS_Oppn___CEC___Rahul_G.mp4,1707,11850.133,11851.2,1.067,B-Roll,70.0,"B-Roll: motion=0.0701, edge=0.1123, face_area=0.0000, symmetry=0.92"
SIR_Row_Live__Protests___Politics_Over_Poll_Panel___Govt_VS_Oppn___CEC___Rahul_G.mp4,1708,11851.267,11852.933,1.666,Anchor Studio,74.0,"Anchor Studio: stable=0.00, symmetry=0.96, centered=True, faces=1, face_area=0.0009"
SIR_Row_Live__Protests___Politics_Over_Poll_Panel___Govt_VS_Oppn___CEC___Rahul_G.mp4,1709,11853.0,11857.8,4.8,Anchor Studio,74.0,"Anchor Studio: stable=0.09, symmetry=0.91, centered=True, faces=2, face_area=0.0079"
SIR_Row_Live__Protests___Politics_Over_Poll_Panel___Govt_VS_Oppn___CEC___Rahul_G.mp4,1710,11857.867,11860.733,2.866,B-Roll,70.0,"B-Roll: motion=0.0761, edge=0.1343, face_area=0.0000, symmetry=0.89"
SIR_Row_Live__Protests___Politics_Over_Poll_Panel___Govt_VS_Oppn___CEC___Rahul_G.mp4,1711,11860.8,11866.467,5.667,Anchor Studio,84.0,"Anchor Studio: stable=0.23, symmetry=0.93, centered=True, faces=2, face_area=0.0261"
SIR_Row_Live__Protests___Politics_Over_Poll_Panel___Govt_VS_Oppn___CEC___Rahul_G.mp4,1712,11866.533,11869.267,2.734,Anchor Studio,72.0,"Anchor Studio: stable=0.18, symmetry=0.87, centered=False, faces=1, face_area=0.0135"
SIR_Row_Live__Protests___Politics_Over_Poll_Panel___Govt_VS_Oppn___CEC___Rahul_G.mp4,1713,11869.333,11871.6,2.267,B-Roll,70.0,"B-Roll: motion=0.0799, edge=0.1515, face_area=0.0018, symmetry=0.94"
SIR_Row_Live__Protests___Politics_Over_Poll_Panel___Govt_VS_Oppn___CEC___Rahul_G.mp4,1714,11871.667,11874.733,3.066,B-Roll,70.0,"B-Roll: motion=0.1095, edge=0.1695, face_area=0.0000, symmetry=0.98"
SIR_Row_Live__Protests___Politics_Over_Poll_Panel___Govt_VS_Oppn___CEC___Rahul_G.mp4,1715,11874.8,11876.6,1.8,B-Roll,70.0,"B-Roll: motion=0.0558, edge=0.1355, face_area=0.0000, symmetry=0.90"
SIR_Row_Live__Protests___Politics_Over_Poll_Panel___Govt_VS_Oppn___CEC___Rahul_G.mp4,1716,11876.667,11885.933,9.266,Anchor Studio,74.0,"Anchor Studio: stable=0.72, symmetry=0.95, centered=True, faces=1, face_area=0.0007"
SIR_Row_Live__Protests___Politics_Over_Poll_Panel___Govt_VS_Oppn___CEC___Rahul_G.mp4,1717,11886.0,11921.533,35.533,Title Card,78.0,"Title Card: headline=0.2646, textcov=0.3886, stability=0.92"
SIR_Row_Live__Protests___Politics_Over_Poll_Panel___Govt_VS_Oppn___CEC___Rahul_G.mp4,1718,11921.6,11924.667,3.067,Anchor Studio,84.0,"Anchor Studio: stable=0.03, symmetry=0.90, centered=True, faces=2, face_area=0.0135"
SIR_Row_Live__Protests___Politics_Over_Poll_Panel___Govt_VS_Oppn___CEC___Rahul_G.mp4,1719,11924.733,11926.4,1.667,Title Card,78.0,"Title Card: headline=0.6378, textcov=0.8355, stability=0.85"
SIR_Row_Live__Protests___Politics_Over_Poll_Panel___Govt_VS_Oppn___CEC___Rahul_G.mp4,1720,11926.467,11927.933,1.466,Title Card,78.0,"Title Card: headline=0.5481, textcov=0.6514, stability=0.87"
SIR_Row_Live__Protests___Politics_Over_Poll_Panel___Govt_VS_Oppn___CEC___Rahul_G.mp4,1721,11928.0,11928.733,0.733,Anchor Studio,84.0,"Anchor Studio: stable=0.69, symmetry=0.94, centered=True, faces=1, face_area=0.0272"
SIR_Row_Live__Protests___Politics_Over_Poll_Panel___Govt_VS_Oppn___CEC___Rahul_G.mp4,1722,11928.8,11930.6,1.8,Anchor Studio,74.0,"Anchor Studio: stable=0.32, symmetry=0.93, centered=True, faces=1, face_area=0.0011"
SIR_Row_Live__Protests___Politics_Over_Poll_Panel___Govt_VS_Oppn___CEC___Rahul_G.mp4,1723,11930.667,11931.933,1.266,B-Roll,70.0,"B-Roll: motion=0.0338, edge=0.1260, face_area=0.0000, symmetry=0.98"
SIR_Row_Live__Protests___Politics_Over_Poll_Panel___Govt_VS_Oppn___CEC___Rahul_G.mp4,1724,11932.0,11934.333,2.333,Anchor Studio,84.0,"Anchor Studio: stable=0.88, symmetry=0.86, centered=True, faces=1, face_area=0.0058"
SIR_Row_Live__Protests___Politics_Over_Poll_Panel___Govt_VS_Oppn___CEC___Rahul_G.mp4,1725,11934.4,11938.267,3.867,Anchor Studio,74.0,"Anchor Studio: stable=0.45, symmetry=0.91, centered=True, faces=1, face_area=0.0019"
SIR_Row_Live__Protests___Politics_Over_Poll_Panel___Govt_VS_Oppn___CEC___Rahul_G.mp4,1726,11938.333,11942.4,4.067,Anchor Studio,74.0,"Anchor Studio: stable=0.61, symmetry=0.94, centered=True, faces=1, face_area=0.0058"
SIR_Row_Live__Protests___Politics_Over_Poll_Panel___Govt_VS_Oppn___CEC___Rahul_G.mp4,1727,11942.467,11946.6,4.133,Anchor Studio,84.0,"Anchor Studio: stable=0.61, symmetry=0.94, centered=True, faces=2, face_area=0.0399"
SIR_Row_Live__Protests___Politics_Over_Poll_Panel___Govt_VS_Oppn___CEC___Rahul_G.mp4,1728,11946.667,11972.867,26.2,Anchor Studio,94.0,"Anchor Studio: stable=0.88, symmetry=0.95, centered=True, faces=3, face_area=0.0950"
SIR_Row_Live__Protests___Politics_Over_Poll_Panel___Govt_VS_Oppn___CEC___Rahul_G.mp4,1729,11972.933,11973.667,0.734,Anchor Studio,84.0,"Anchor Studio: stable=0.87, symmetry=0.89, centered=True, faces=1, face_area=0.0079"
SIR_Row_Live__Protests___Politics_Over_Poll_Panel___Govt_VS_Oppn___CEC___Rahul_G.mp4,1730,11973.733,11978.933,5.2,Anchor Studio,82.0,"Anchor Studio: stable=0.89, symmetry=0.88, centered=False, faces=1, face_area=0.0216"
SIR_Row_Live__Protests___Politics_Over_Poll_Panel___Govt_VS_Oppn___CEC___Rahul_G.mp4,1731,11979.0,11986.733,7.733,Anchor Studio,82.0,"Anchor Studio: stable=0.92, symmetry=0.88, centered=False, faces=1, face_area=0.0247"
SIR_Row_Live__Protests___Politics_Over_Poll_Panel___Govt_VS_Oppn___CEC___Rahul_G.mp4,1732,11986.8,11988.467,1.667,Field Report,68.0,"Field Report: motion=0.0341, faces=1, centered=False, symmetry=0.80"
SIR_Row_Live__Protests___Politics_Over_Poll_Panel___Govt_VS_Oppn___CEC___Rahul_G.mp4,1733,11988.533,11992.0,3.467,Title Card,74.0,"Title Card: headline=0.8221, textcov=0.9473, stability=0.82"
SIR_Row_Live__Protests___Politics_Over_Poll_Panel___Govt_VS_Oppn___CEC___Rahul_G.mp4,1734,11992.067,11995.133,3.066,Anchor Studio,94.0,"Anchor Studio: stable=0.89, symmetry=0.84, centered=True, faces=3, face_area=0.0502"
SIR_Row_Live__Protests___Politics_Over_Poll_Panel___Govt_VS_Oppn___CEC___Rahul_G.mp4,1735,11995.2,11995.867,0.667,Anchor Studio,82.0,"Anchor Studio: stable=0.79, symmetry=0.93, centered=False, faces=1, face_area=0.0258"
SIR_Row_Live__Protests___Politics_Over_Poll_Panel___Govt_VS_Oppn___CEC___Rahul_G.mp4,1736,11995.933,12000.6,4.667,Anchor Studio,94.0,"Anchor Studio: stable=0.91, symmetry=0.89, centered=True, faces=1, face_area=0.0199"
SIR_Row_Live__Protests___Politics_Over_Poll_Panel___Govt_VS_Oppn___CEC___Rahul_G.mp4,1737,12000.667,12001.333,0.666,Anchor Studio,82.0,"Anchor Studio: stable=0.91, symmetry=0.93, centered=False, faces=1, face_area=0.0281"
SIR_Row_Live__Protests___Politics_Over_Poll_Panel___Govt_VS_Oppn___CEC___Rahul_G.mp4,1738,12001.4,12005.0,3.6,Anchor Studio,84.0,"Anchor Studio: stable=0.35, symmetry=0.96, centered=True, faces=1, face_area=0.0318"
SIR_Row_Live__Protests___Politics_Over_Poll_Panel___Govt_VS_Oppn___CEC___Rahul_G.mp4,1739,12005.067,12008.933,3.866,Anchor Studio,84.0,"Anchor Studio: stable=0.52, symmetry=0.96, centered=True, faces=2, face_area=0.0164"
SIR_Row_Live__Protests___Politics_Over_Poll_Panel___Govt_VS_Oppn___CEC___Rahul_G.mp4,1740,12009.0,12009.8,0.8,B-Roll,70.0,"B-Roll: motion=0.0626, edge=0.1312, face_area=0.0000, symmetry=0.93"
SIR_Row_Live__Protests___Politics_Over_Poll_Panel___Govt_VS_Oppn___CEC___Rahul_G.mp4,1741,12009.867,12012.467,2.6,B-Roll,70.0,"B-Roll: motion=0.0425, edge=0.1422, face_area=0.0000, symmetry=0.91"
SIR_Row_Live__Protests___Politics_Over_Poll_Panel___Govt_VS_Oppn___CEC___Rahul_G.mp4,1742,12012.533,12015.0,2.467,Title Card,68.0,"Title Card: headline=0.0989, textcov=0.3961, stability=0.79"
SIR_Row_Live__Protests___Politics_Over_Poll_Panel___Govt_VS_Oppn___CEC___Rahul_G.mp4,1743,12015.067,12018.133,3.066,Anchor Studio,82.0,"Anchor Studio: stable=0.89, symmetry=0.79, centered=True, faces=2, face_area=0.1172"
SIR_Row_Live__Protests___Politics_Over_Poll_Panel___Govt_VS_Oppn___CEC___Rahul_G.mp4,1744,12018.2,12031.667,13.467,Anchor Studio,84.0,"Anchor Studio: stable=0.61, symmetry=0.92, centered=True, faces=1, face_area=0.0356"
SIR_Row_Live__Protests___Politics_Over_Poll_Panel___Govt_VS_Oppn___CEC___Rahul_G.mp4,1745,12031.733,12034.2,2.467,Anchor Studio,72.0,"Anchor Studio: stable=0.74, symmetry=0.88, centered=False, faces=1, face_area=0.0252"
SIR_Row_Live__Protests___Politics_Over_Poll_Panel___Govt_VS_Oppn___CEC___Rahul_G.mp4,1746,12034.267,12038.333,4.066,Anchor Studio,82.0,"Anchor Studio: stable=0.80, symmetry=0.95, centered=False, faces=1, face_area=0.0245"
SIR_Row_Live__Protests___Politics_Over_Poll_Panel___Govt_VS_Oppn___CEC___Rahul_G.mp4,1747,12038.4,12047.0,8.6,Anchor Studio,84.0,"Anchor Studio: stable=0.73, symmetry=0.97, centered=True, faces=2, face_area=0.0277"
SIR_Row_Live__Protests___Politics_Over_Poll_Panel___Govt_VS_Oppn___CEC___Rahul_G.mp4,1748,12047.067,12057.933,10.866,Anchor Studio,84.0,"Anchor Studio: stable=0.64, symmetry=0.86, centered=True, faces=1, face_area=0.0134"
SIR_Row_Live__Protests___Politics_Over_Poll_Panel___Govt_VS_Oppn___CEC___Rahul_G.mp4,1749,12058.0,12059.8,1.8,Title Card,78.0,"Title Card: headline=0.6431, textcov=0.8149, stability=0.82"
SIR_Row_Live__Protests___Politics_Over_Poll_Panel___Govt_VS_Oppn___CEC___Rahul_G.mp4,1750,12059.867,12060.533,0.666,Title Card,68.0,"Title Card: headline=0.0271, textcov=0.4104, stability=0.77"
SIR_Row_Live__Protests___Politics_Over_Poll_Panel___Govt_VS_Oppn___CEC___Rahul_G.mp4,1751,12060.6,12063.667,3.067,Title Card,78.0,"Title Card: headline=0.2525, textcov=0.5355, stability=0.83"
SIR_Row_Live__Protests___Politics_Over_Poll_Panel___Govt_VS_Oppn___CEC___Rahul_G.mp4,1752,12063.733,12065.733,2.0,Title Card,78.0,"Title Card: headline=0.4499, textcov=0.5433, stability=0.90"
SIR_Row_Live__Protests___Politics_Over_Poll_Panel___Govt_VS_Oppn___CEC___Rahul_G.mp4,1753,12065.8,12071.6,5.8,Anchor Studio,84.0,"Anchor Studio: stable=0.93, symmetry=0.88, centered=True, faces=1, face_area=0.0005"
SIR_Row_Live__Protests___Politics_Over_Poll_Panel___Govt_VS_Oppn___CEC___Rahul_G.mp4,1754,12071.667,12078.0,6.333,Anchor Studio,74.0,"Anchor Studio: stable=0.51, symmetry=0.91, centered=True, faces=1, face_area=0.0009"
SIR_Row_Live__Protests___Politics_Over_Poll_Panel___Govt_VS_Oppn___CEC___Rahul_G.mp4,1755,12078.067,12083.0,4.933,B-Roll,70.0,"B-Roll: motion=0.0421, edge=0.1554, face_area=0.0000, symmetry=0.97"
SIR_Row_Live__Protests___Politics_Over_Poll_Panel___Govt_VS_Oppn___CEC___Rahul_G.mp4,1756,12083.067,12087.0,3.933,B-Roll,70.0,"B-Roll: motion=0.1201, edge=0.0825, face_area=0.0000, symmetry=0.89"
SIR_Row_Live__Protests___Politics_Over_Poll_Panel___Govt_VS_Oppn___CEC___Rahul_G.mp4,1757,12087.067,12088.6,1.533,B-Roll,70.0,"B-Roll: motion=0.0718, edge=0.1265, face_area=0.0000, symmetry=0.95"
SIR_Row_Live__Protests___Politics_Over_Poll_Panel___Govt_VS_Oppn___CEC___Rahul_G.mp4,1758,12088.667,12091.4,2.733,Anchor Studio,82.0,"Anchor Studio: stable=0.78, symmetry=0.92, centered=False, faces=1, face_area=0.0477"
SIR_Row_Live__Protests___Politics_Over_Poll_Panel___Govt_VS_Oppn___CEC___Rahul_G.mp4,1759,12091.467,12093.4,1.933,Anchor Studio,94.0,"Anchor Studio: stable=0.79, symmetry=0.91, centered=True, faces=1, face_area=0.0115"
SIR_Row_Live__Protests___Politics_Over_Poll_Panel___Govt_VS_Oppn___CEC___Rahul_G.mp4,1760,12093.467,12095.667,2.2,Title Card,74.0,"Title Card: headline=1.1899, textcov=1.2492, stability=0.86"
SIR_Row_Live__Protests___Politics_Over_Poll_Panel___Govt_VS_Oppn___CEC___Rahul_G.mp4,1761,12095.733,12098.133,2.4,Anchor Studio,94.0,"Anchor Studio: stable=0.75, symmetry=0.98, centered=True, faces=1, face_area=0.0142"
SIR_Row_Live__Protests___Politics_Over_Poll_Panel___Govt_VS_Oppn___CEC___Rahul_G.mp4,1762,12098.2,12102.267,4.067,Anchor Studio,94.0,"Anchor Studio: stable=0.76, symmetry=0.83, centered=True, faces=2, face_area=0.0243"
SIR_Row_Live__Protests___Politics_Over_Poll_Panel___Govt_VS_Oppn___CEC___Rahul_G.mp4,1763,12102.333,12109.933,7.6,Anchor Studio,84.0,"Anchor Studio: stable=0.69, symmetry=0.89, centered=True, faces=2, face_area=0.0209"
SIR_Row_Live__Protests___Politics_Over_Poll_Panel___Govt_VS_Oppn___CEC___Rahul_G.mp4,1764,12110.0,12115.133,5.133,Anchor Studio,94.0,"Anchor Studio: stable=0.78, symmetry=0.89, centered=True, faces=1, face_area=0.0129"
SIR_Row_Live__Protests___Politics_Over_Poll_Panel___Govt_VS_Oppn___CEC___Rahul_G.mp4,1765,12115.2,12116.067,0.867,Anchor Studio,74.0,"Anchor Studio: stable=0.74, symmetry=0.94, centered=True, faces=1, face_area=0.0038"
SIR_Row_Live__Protests___Politics_Over_Poll_Panel___Govt_VS_Oppn___CEC___Rahul_G.mp4,1766,12116.133,12119.667,3.534,Anchor Studio,84.0,"Anchor Studio: stable=0.74, symmetry=0.96, centered=True, faces=1, face_area=0.0181"
SIR_Row_Live__Protests___Politics_Over_Poll_Panel___Govt_VS_Oppn___CEC___Rahul_G.mp4,1767,12119.733,12121.2,1.467,Title Card,78.0,"Title Card: headline=0.2342, textcov=0.4426, stability=0.87"
SIR_Row_Live__Protests___Politics_Over_Poll_Panel___Govt_VS_Oppn___CEC___Rahul_G.mp4,1768,12121.267,12123.0,1.733,B-Roll,70.0,"B-Roll: motion=0.0262, edge=0.0845, face_area=0.0000, symmetry=0.90"
SIR_Row_Live__Protests___Politics_Over_Poll_Panel___Govt_VS_Oppn___CEC___Rahul_G.mp4,1769,12123.067,12125.8,2.733,Title Card,78.0,"Title Card: headline=0.4127, textcov=0.5951, stability=0.87"
SIR_Row_Live__Protests___Politics_Over_Poll_Panel___Govt_VS_Oppn___CEC___Rahul_G.mp4,1770,12125.867,12127.133,1.266,Title Card,78.0,"Title Card: headline=0.1572, textcov=0.3316, stability=0.86"
SIR_Row_Live__Protests___Politics_Over_Poll_Panel___Govt_VS_Oppn___CEC___Rahul_G.mp4,1771,12127.2,12128.6,1.4,B-Roll,70.0,"B-Roll: motion=0.0386, edge=0.1106, face_area=0.0000, symmetry=0.80"
SIR_Row_Live__Protests___Politics_Over_Poll_Panel___Govt_VS_Oppn___CEC___Rahul_G.mp4,1772,12128.667,12132.533,3.866,Anchor Studio,94.0,"Anchor Studio: stable=0.86, symmetry=0.82, centered=True, faces=2, face_area=0.0144"
SIR_Row_Live__Protests___Politics_Over_Poll_Panel___Govt_VS_Oppn___CEC___Rahul_G.mp4,1773,12132.6,12134.267,1.667,Anchor Studio,82.0,"Anchor Studio: stable=0.82, symmetry=0.80, centered=True, faces=2, face_area=0.0350"
SIR_Row_Live__Protests___Politics_Over_Poll_Panel___Govt_VS_Oppn___CEC___Rahul_G.mp4,1774,12134.333,12134.867,0.534,Anchor Studio,72.0,"Anchor Studio: stable=0.74, symmetry=0.77, centered=True, faces=1, face_area=0.0193"
SIR_Row_Live__Protests___Politics_Over_Poll_Panel___Govt_VS_Oppn___CEC___Rahul_G.mp4,1775,12134.933,12139.6,4.667,Anchor Studio,84.0,"Anchor Studio: stable=0.76, symmetry=0.93, centered=True, faces=1, face_area=0.0060"
SIR_Row_Live__Protests___Politics_Over_Poll_Panel___Govt_VS_Oppn___CEC___Rahul_G.mp4,1776,12139.667,12142.667,3.0,B-Roll,70.0,"B-Roll: motion=0.0270, edge=0.1191, face_area=0.0000, symmetry=0.95"
SIR_Row_Live__Protests___Politics_Over_Poll_Panel___Govt_VS_Oppn___CEC___Rahul_G.mp4,1777,12142.733,12145.0,2.267,B-Roll,70.0,"B-Roll: motion=0.0440, edge=0.1992, face_area=0.0000, symmetry=0.86"
SIR_Row_Live__Protests___Politics_Over_Poll_Panel___Govt_VS_Oppn___CEC___Rahul_G.mp4,1778,12145.067,12154.733,9.666,Anchor Studio,74.0,"Anchor Studio: stable=0.36, symmetry=0.93, centered=True, faces=1, face_area=0.0010"
SIR_Row_Live__Protests___Politics_Over_Poll_Panel___Govt_VS_Oppn___CEC___Rahul_G.mp4,1779,12154.8,12161.733,6.933,Anchor Studio,94.0,"Anchor Studio: stable=0.86, symmetry=0.89, centered=True, faces=2, face_area=0.0282"
SIR_Row_Live__Protests___Politics_Over_Poll_Panel___Govt_VS_Oppn___CEC___Rahul_G.mp4,1780,12161.8,12210.467,48.667,Anchor Studio,94.0,"Anchor Studio: stable=0.91, symmetry=0.88, centered=True, faces=4, face_area=0.1362"
SIR_Row_Live__Protests___Politics_Over_Poll_Panel___Govt_VS_Oppn___CEC___Rahul_G.mp4,1781,12210.533,12211.2,0.667,Anchor Studio,72.0,"Anchor Studio: stable=0.48, symmetry=0.74, centered=True, faces=3, face_area=0.0247"
SIR_Row_Live__Protests___Politics_Over_Poll_Panel___Govt_VS_Oppn___CEC___Rahul_G.mp4,1782,12211.267,12238.667,27.4,Anchor Studio,84.0,"Anchor Studio: stable=0.88, symmetry=0.90, centered=True, faces=1, face_area=0.0020"
SIR_Row_Live__Protests___Politics_Over_Poll_Panel___Govt_VS_Oppn___CEC___Rahul_G.mp4,1783,12238.733,12242.2,3.467,Anchor Studio,94.0,"Anchor Studio: stable=0.81, symmetry=0.89, centered=True, faces=1, face_area=0.0148"
SIR_Row_Live__Protests___Politics_Over_Poll_Panel___Govt_VS_Oppn___CEC___Rahul_G.mp4,1784,12242.267,12244.867,2.6,Anchor Studio,94.0,"Anchor Studio: stable=0.89, symmetry=0.97, centered=True, faces=1, face_area=0.0198"
SIR_Row_Live__Protests___Politics_Over_Poll_Panel___Govt_VS_Oppn___CEC___Rahul_G.mp4,1785,12244.933,12247.133,2.2,Anchor Studio,94.0,"Anchor Studio: stable=0.87, symmetry=0.97, centered=True, faces=1, face_area=0.0193"
SIR_Row_Live__Protests___Politics_Over_Poll_Panel___Govt_VS_Oppn___CEC___Rahul_G.mp4,1786,12247.2,12258.667,11.467,Anchor Studio,94.0,"Anchor Studio: stable=0.89, symmetry=0.91, centered=True, faces=1, face_area=0.0170"
SIR_Row_Live__Protests___Politics_Over_Poll_Panel___Govt_VS_Oppn___CEC___Rahul_G.mp4,1787,12258.733,12259.8,1.067,Anchor Studio,94.0,"Anchor Studio: stable=0.82, symmetry=0.96, centered=True, faces=1, face_area=0.0197"
SIR_Row_Live__Protests___Politics_Over_Poll_Panel___Govt_VS_Oppn___CEC___Rahul_G.mp4,1788,12259.867,12270.8,10.933,Anchor Studio,94.0,"Anchor Studio: stable=0.91, symmetry=0.95, centered=True, faces=1, face_area=0.0158"
SIR_Row_Live__Protests___Politics_Over_Poll_Panel___Govt_VS_Oppn___CEC___Rahul_G.mp4,1789,12270.867,12277.2,6.333,Anchor Studio,94.0,"Anchor Studio: stable=0.84, symmetry=0.97, centered=True, faces=2, face_area=0.0324"
SIR_Row_Live__Protests___Politics_Over_Poll_Panel___Govt_VS_Oppn___CEC___Rahul_G.mp4,1790,12277.267,12281.733,4.466,Anchor Studio,84.0,"Anchor Studio: stable=0.92, symmetry=0.91, centered=True, faces=1, face_area=0.0065"
SIR_Row_Live__Protests___Politics_Over_Poll_Panel___Govt_VS_Oppn___CEC___Rahul_G.mp4,1791,12281.8,12291.333,9.533,Anchor Studio,94.0,"Anchor Studio: stable=0.92, symmetry=0.95, centered=True, faces=1, face_area=0.0147"
SIR_Row_Live__Protests___Politics_Over_Poll_Panel___Govt_VS_Oppn___CEC___Rahul_G.mp4,1792,12291.4,12292.2,0.8,Anchor Studio,94.0,"Anchor Studio: stable=0.92, symmetry=0.98, centered=True, faces=1, face_area=0.0193"
SIR_Row_Live__Protests___Politics_Over_Poll_Panel___Govt_VS_Oppn___CEC___Rahul_G.mp4,1793,12292.267,12299.8,7.533,Anchor Studio,94.0,"Anchor Studio: stable=0.91, symmetry=0.95, centered=True, faces=1, face_area=0.0193"
SIR_Row_Live__Protests___Politics_Over_Poll_Panel___Govt_VS_Oppn___CEC___Rahul_G.mp4,1794,12299.867,12346.8,46.933,Anchor Studio,94.0,"Anchor Studio: stable=0.93, symmetry=0.96, centered=True, faces=1, face_area=0.0169"
SIR_Row_Live__Protests___Politics_Over_Poll_Panel___Govt_VS_Oppn___CEC___Rahul_G.mp4,1795,12346.867,12347.6,0.733,Anchor Studio,72.0,"Anchor Studio: stable=0.58, symmetry=0.78, centered=True, faces=1, face_area=0.0100"
SIR_Row_Live__Protests___Politics_Over_Poll_Panel___Govt_VS_Oppn___CEC___Rahul_G.mp4,1796,12347.667,12361.2,13.533,Title Card,78.0,"Title Card: headline=0.7991, textcov=0.9529, stability=0.89"
SIR_Row_Live__Protests___Politics_Over_Poll_Panel___Govt_VS_Oppn___CEC___Rahul_G.mp4,1797,12361.267,12373.4,12.133,Anchor Studio,84.0,"Anchor Studio: stable=0.88, symmetry=0.92, centered=True, faces=1, face_area=0.0047"
SIR_Row_Live__Protests___Politics_Over_Poll_Panel___Govt_VS_Oppn___CEC___Rahul_G.mp4,1798,12373.467,12449.4,75.933,Anchor Studio,82.0,"Anchor Studio: stable=0.91, symmetry=0.92, centered=False, faces=2, face_area=0.0163"
SIR_Row_Live__Protests___Politics_Over_Poll_Panel___Govt_VS_Oppn___CEC___Rahul_G.mp4,1799,12449.467,12455.2,5.733,Anchor Studio,72.0,"Anchor Studio: stable=0.70, symmetry=0.82, centered=False, faces=1, face_area=0.0104"
SIR_Row_Live__Protests___Politics_Over_Poll_Panel___Govt_VS_Oppn___CEC___Rahul_G.mp4,1800,12455.267,12479.867,24.6,Anchor Studio,94.0,"Anchor Studio: stable=0.85, symmetry=0.80, centered=True, faces=2, face_area=0.0149"
SIR_Row_Live__Protests___Politics_Over_Poll_Panel___Govt_VS_Oppn___CEC___Rahul_G.mp4,1801,12479.933,12482.133,2.2,Title Card,74.0,"Title Card: headline=0.4191, textcov=0.5568, stability=0.82"
SIR_Row_Live__Protests___Politics_Over_Poll_Panel___Govt_VS_Oppn___CEC___Rahul_G.mp4,1802,12482.2,12504.667,22.467,Title Card,78.0,"Title Card: headline=0.8512, textcov=0.9516, stability=0.90"
SIR_Row_Live__Protests___Politics_Over_Poll_Panel___Govt_VS_Oppn___CEC___Rahul_G.mp4,1803,12504.733,12534.733,30.0,Anchor Studio,84.0,"Anchor Studio: stable=0.90, symmetry=0.80, centered=True, faces=1, face_area=0.0001"
SIR_Row_Live__Protests___Politics_Over_Poll_Panel___Govt_VS_Oppn___CEC___Rahul_G.mp4,1804,12534.8,12538.8,4.0,Title Card,78.0,"Title Card: headline=1.0121, textcov=1.1326, stability=0.87"
SIR_Row_Live__Protests___Politics_Over_Poll_Panel___Govt_VS_Oppn___CEC___Rahul_G.mp4,1805,12538.867,12586.933,48.066,Anchor Studio,82.0,"Anchor Studio: stable=0.91, symmetry=0.84, centered=False, faces=1, face_area=0.0200"
SIR_Row_Live__Protests___Politics_Over_Poll_Panel___Govt_VS_Oppn___CEC___Rahul_G.mp4,1806,12587.0,12591.667,4.667,Title Card,78.0,"Title Card: headline=1.0756, textcov=1.1316, stability=0.85"
SIR_Row_Live__Protests___Politics_Over_Poll_Panel___Govt_VS_Oppn___CEC___Rahul_G.mp4,1807,12591.733,12596.2,4.467,Title Card,78.0,"Title Card: headline=1.0373, textcov=1.0683, stability=0.81"
SIR_Row_Live__Protests___Politics_Over_Poll_Panel___Govt_VS_Oppn___CEC___Rahul_G.mp4,1808,12596.267,12597.533,1.266,Title Card,78.0,"Title Card: headline=1.0537, textcov=1.1718, stability=0.84"
SIR_Row_Live__Protests___Politics_Over_Poll_Panel___Govt_VS_Oppn___CEC___Rahul_G.mp4,1809,12597.6,12601.2,3.6,Title Card,78.0,"Title Card: headline=1.2343, textcov=1.2824, stability=0.89"
SIR_Row_Live__Protests___Politics_Over_Poll_Panel___Govt_VS_Oppn___CEC___Rahul_G.mp4,1810,12601.267,12604.133,2.866,Title Card,68.0,"Title Card: headline=0.8866, textcov=0.9503, stability=0.77"
SIR_Row_Live__Protests___Politics_Over_Poll_Panel___Govt_VS_Oppn___CEC___Rahul_G.mp4,1811,12604.2,12606.133,1.933,Title Card,68.0,"Title Card: headline=0.8804, textcov=0.9153, stability=0.80"
SIR_Row_Live__Protests___Politics_Over_Poll_Panel___Govt_VS_Oppn___CEC___Rahul_G.mp4,1812,12606.2,12608.533,2.333,Title Card,78.0,"Title Card: headline=0.9317, textcov=1.0161, stability=0.89"
SIR_Row_Live__Protests___Politics_Over_Poll_Panel___Govt_VS_Oppn___CEC___Rahul_G.mp4,1813,12608.6,12611.2,2.6,Title Card,78.0,"Title Card: headline=0.8923, textcov=0.9452, stability=0.81"
SIR_Row_Live__Protests___Politics_Over_Poll_Panel___Govt_VS_Oppn___CEC___Rahul_G.mp4,1814,12611.267,12615.733,4.466,Title Card,78.0,"Title Card: headline=0.9752, textcov=1.0100, stability=0.87"
SIR_Row_Live__Protests___Politics_Over_Poll_Panel___Govt_VS_Oppn___CEC___Rahul_G.mp4,1815,12615.8,12619.533,3.733,Title Card,78.0,"Title Card: headline=1.0920, textcov=1.1109, stability=0.85"
SIR_Row_Live__Protests___Politics_Over_Poll_Panel___Govt_VS_Oppn___CEC___Rahul_G.mp4,1816,12619.6,12620.133,0.533,Title Card,68.0,"Title Card: headline=1.4351, textcov=1.5096, stability=0.79"
SIR_Row_Live__Protests___Politics_Over_Poll_Panel___Govt_VS_Oppn___CEC___Rahul_G.mp4,1817,12620.2,12637.2,17.0,Anchor Studio,84.0,"Anchor Studio: stable=0.90, symmetry=0.87, centered=True, faces=1, face_area=0.0034"
SIR_Row_Live__Protests___Politics_Over_Poll_Panel___Govt_VS_Oppn___CEC___Rahul_G.mp4,1818,12637.267,12638.733,1.466,Title Card,78.0,"Title Card: headline=0.8938, textcov=0.9853, stability=0.82"
SIR_Row_Live__Protests___Politics_Over_Poll_Panel___Govt_VS_Oppn___CEC___Rahul_G.mp4,1819,12638.8,12641.2,2.4,Title Card,78.0,"Title Card: headline=1.2585, textcov=1.3352, stability=0.93"
SIR_Row_Live__Protests___Politics_Over_Poll_Panel___Govt_VS_Oppn___CEC___Rahul_G.mp4,1820,12641.267,12642.2,0.933,Title Card,78.0,"Title Card: headline=1.3411, textcov=1.3779, stability=0.90"
SIR_Row_Live__Protests___Politics_Over_Poll_Panel___Govt_VS_Oppn___CEC___Rahul_G.mp4,1821,12642.267,12654.533,12.266,Anchor Studio,84.0,"Anchor Studio: stable=0.89, symmetry=0.94, centered=True, faces=1, face_area=0.0001"
SIR_Row_Live__Protests___Politics_Over_Poll_Panel___Govt_VS_Oppn___CEC___Rahul_G.mp4,1822,12654.6,12655.733,1.133,B-Roll,70.0,"B-Roll: motion=0.0752, edge=0.1382, face_area=0.0000, symmetry=0.95"
SIR_Row_Live__Protests___Politics_Over_Poll_Panel___Govt_VS_Oppn___CEC___Rahul_G.mp4,1823,12655.8,12656.8,1.0,Title Card,78.0,"Title Card: headline=0.8656, textcov=0.9592, stability=0.89"
SIR_Row_Live__Protests___Politics_Over_Poll_Panel___Govt_VS_Oppn___CEC___Rahul_G.mp4,1824,12656.867,12658.2,1.333,Title Card,78.0,"Title Card: headline=0.8373, textcov=0.9776, stability=0.89"
SIR_Row_Live__Protests___Politics_Over_Poll_Panel___Govt_VS_Oppn___CEC___Rahul_G.mp4,1825,12658.267,12666.533,8.266,Title Card,78.0,"Title Card: headline=0.9058, textcov=1.0588, stability=0.90"
SIR_Row_Live__Protests___Politics_Over_Poll_Panel___Govt_VS_Oppn___CEC___Rahul_G.mp4,1826,12666.6,12667.333,0.733,Anchor Studio,84.0,"Anchor Studio: stable=0.00, symmetry=0.96, centered=True, faces=2, face_area=0.0115"
SIR_Row_Live__Protests___Politics_Over_Poll_Panel___Govt_VS_Oppn___CEC___Rahul_G.mp4,1827,12667.4,12672.2,4.8,Anchor Studio,94.0,"Anchor Studio: stable=0.86, symmetry=0.98, centered=True, faces=2, face_area=0.0437"
SIR_Row_Live__Protests___Politics_Over_Poll_Panel___Govt_VS_Oppn___CEC___Rahul_G.mp4,1828,12672.267,12674.133,1.866,Anchor Studio,94.0,"Anchor Studio: stable=0.83, symmetry=0.99, centered=True, faces=2, face_area=0.0478"
SIR_Row_Live__Protests___Politics_Over_Poll_Panel___Govt_VS_Oppn___CEC___Rahul_G.mp4,1829,12674.2,12675.267,1.067,Anchor Studio,94.0,"Anchor Studio: stable=0.89, symmetry=0.99, centered=True, faces=3, face_area=0.1095"
SIR_Row_Live__Protests___Politics_Over_Poll_Panel___Govt_VS_Oppn___CEC___Rahul_G.mp4,1830,12675.333,12678.533,3.2,Anchor Studio,94.0,"Anchor Studio: stable=0.92, symmetry=0.99, centered=True, faces=2, face_area=0.0412"
SIR_Row_Live__Protests___Politics_Over_Poll_Panel___Govt_VS_Oppn___CEC___Rahul_G.mp4,1831,12678.6,12683.333,4.733,Anchor Studio,94.0,"Anchor Studio: stable=0.86, symmetry=0.98, centered=True, faces=2, face_area=0.0502"
SIR_Row_Live__Protests___Politics_Over_Poll_Panel___Govt_VS_Oppn___CEC___Rahul_G.mp4,1832,12683.4,12684.733,1.333,Anchor Studio,94.0,"Anchor Studio: stable=0.89, symmetry=0.98, centered=True, faces=2, face_area=0.0482"
SIR_Row_Live__Protests___Politics_Over_Poll_Panel___Govt_VS_Oppn___CEC___Rahul_G.mp4,1833,12684.8,12692.733,7.933,Anchor Studio,94.0,"Anchor Studio: stable=0.83, symmetry=0.96, centered=True, faces=3, face_area=0.0470"
SIR_Row_Live__Protests___Politics_Over_Poll_Panel___Govt_VS_Oppn___CEC___Rahul_G.mp4,1834,12692.8,12694.867,2.067,Anchor Studio,94.0,"Anchor Studio: stable=0.84, symmetry=0.96, centered=True, faces=2, face_area=0.0325"
SIR_Row_Live__Protests___Politics_Over_Poll_Panel___Govt_VS_Oppn___CEC___Rahul_G.mp4,1835,12694.933,12714.733,19.8,Title Card,78.0,"Title Card: headline=1.0302, textcov=1.1606, stability=0.93"
SIR_Row_Live__Protests___Politics_Over_Poll_Panel___Govt_VS_Oppn___CEC___Rahul_G.mp4,1836,12714.8,12716.933,2.133,Title Card,78.0,"Title Card: headline=0.6202, textcov=0.8044, stability=0.88"
SIR_Row_Live__Protests___Politics_Over_Poll_Panel___Govt_VS_Oppn___CEC___Rahul_G.mp4,1837,12717.0,12717.667,0.667,B-Roll,70.0,"B-Roll: motion=0.0589, edge=0.0914, face_area=0.0000, symmetry=0.78"
SIR_Row_Live__Protests___Politics_Over_Poll_Panel___Govt_VS_Oppn___CEC___Rahul_G.mp4,1838,12717.733,12731.667,13.934,Title Card,78.0,"Title Card: headline=0.9036, textcov=1.0453, stability=0.89"
SIR_Row_Live__Protests___Politics_Over_Poll_Panel___Govt_VS_Oppn___CEC___Rahul_G.mp4,1839,12731.733,12754.533,22.8,Title Card,78.0,"Title Card: headline=0.9769, textcov=1.1174, stability=0.92"
SIR_Row_Live__Protests___Politics_Over_Poll_Panel___Govt_VS_Oppn___CEC___Rahul_G.mp4,1840,12754.6,12775.933,21.333,Anchor Studio,84.0,"Anchor Studio: stable=0.88, symmetry=0.87, centered=True, faces=1, face_area=0.0026"
SIR_Row_Live__Protests___Politics_Over_Poll_Panel___Govt_VS_Oppn___CEC___Rahul_G.mp4,1841,12776.0,12792.0,16.0,Anchor Studio,94.0,"Anchor Studio: stable=0.85, symmetry=0.87, centered=True, faces=1, face_area=0.0190"
SIR_Row_Live__Protests___Politics_Over_Poll_Panel___Govt_VS_Oppn___CEC___Rahul_G.mp4,1842,12792.067,12850.067,58.0,Anchor Studio,84.0,"Anchor Studio: stable=0.88, symmetry=0.85, centered=True, faces=2, face_area=0.0033"
SIR_Row_Live__Protests___Politics_Over_Poll_Panel___Govt_VS_Oppn___CEC___Rahul_G.mp4,1843,12850.133,12916.333,66.2,Anchor Studio,94.0,"Anchor Studio: stable=0.84, symmetry=0.85, centered=True, faces=2, face_area=0.0126"
SIR_Row_Live__Protests___Politics_Over_Poll_Panel___Govt_VS_Oppn___CEC___Rahul_G.mp4,1844,12916.4,12917.2,0.8,B-Roll,70.0,"B-Roll: motion=0.0372, edge=0.0993, face_area=0.0000, symmetry=0.83"
SIR_Row_Live__Protests___Politics_Over_Poll_Panel___Govt_VS_Oppn___CEC___Rahul_G.mp4,1845,12917.267,12919.6,2.333,Anchor Studio,72.0,"Anchor Studio: stable=0.74, symmetry=0.99, centered=False, faces=1, face_area=0.0168"
SIR_Row_Live__Protests___Politics_Over_Poll_Panel___Govt_VS_Oppn___CEC___Rahul_G.mp4,1846,12919.667,12924.6,4.933,Anchor Studio,82.0,"Anchor Studio: stable=0.84, symmetry=0.91, centered=False, faces=1, face_area=0.0213"
SIR_Row_Live__Protests___Politics_Over_Poll_Panel___Govt_VS_Oppn___CEC___Rahul_G.mp4,1847,12924.667,12929.2,4.533,Anchor Studio,82.0,"Anchor Studio: stable=0.80, symmetry=0.95, centered=False, faces=1, face_area=0.0207"
SIR_Row_Live__Protests___Politics_Over_Poll_Panel___Govt_VS_Oppn___CEC___Rahul_G.mp4,1848,12929.267,12931.067,1.8,Anchor Studio,82.0,"Anchor Studio: stable=0.85, symmetry=0.94, centered=False, faces=1, face_area=0.0211"
SIR_Row_Live__Protests___Politics_Over_Poll_Panel___Govt_VS_Oppn___CEC___Rahul_G.mp4,1849,12931.133,12934.2,3.067,Anchor Studio,82.0,"Anchor Studio: stable=0.84, symmetry=0.95, centered=False, faces=1, face_area=0.0203"
SIR_Row_Live__Protests___Politics_Over_Poll_Panel___Govt_VS_Oppn___CEC___Rahul_G.mp4,1850,12934.267,12939.133,4.866,Anchor Studio,82.0,"Anchor Studio: stable=0.84, symmetry=0.95, centered=False, faces=1, face_area=0.0216"
SIR_Row_Live__Protests___Politics_Over_Poll_Panel___Govt_VS_Oppn___CEC___Rahul_G.mp4,1851,12939.2,12943.067,3.867,Anchor Studio,82.0,"Anchor Studio: stable=0.87, symmetry=0.95, centered=False, faces=1, face_area=0.0176"
SIR_Row_Live__Protests___Politics_Over_Poll_Panel___Govt_VS_Oppn___CEC___Rahul_G.mp4,1852,12943.133,12944.133,1.0,Anchor Studio,82.0,"Anchor Studio: stable=0.86, symmetry=0.95, centered=False, faces=1, face_area=0.0187"
SIR_Row_Live__Protests___Politics_Over_Poll_Panel___Govt_VS_Oppn___CEC___Rahul_G.mp4,1853,12944.2,12945.2,1.0,Anchor Studio,82.0,"Anchor Studio: stable=0.83, symmetry=0.96, centered=False, faces=1, face_area=0.0182"
SIR_Row_Live__Protests___Politics_Over_Poll_Panel___Govt_VS_Oppn___CEC___Rahul_G.mp4,1854,12945.267,12948.733,3.466,Anchor Studio,72.0,"Anchor Studio: stable=0.74, symmetry=0.94, centered=False, faces=1, face_area=0.0115"
SIR_Row_Live__Protests___Politics_Over_Poll_Panel___Govt_VS_Oppn___CEC___Rahul_G.mp4,1855,12948.8,12952.733,3.933,Anchor Studio,82.0,"Anchor Studio: stable=0.85, symmetry=0.92, centered=False, faces=1, face_area=0.0114"
SIR_Row_Live__Protests___Politics_Over_Poll_Panel___Govt_VS_Oppn___CEC___Rahul_G.mp4,1856,12952.8,12957.333,4.533,Anchor Studio,94.0,"Anchor Studio: stable=0.86, symmetry=0.96, centered=True, faces=2, face_area=0.0206"
SIR_Row_Live__Protests___Politics_Over_Poll_Panel___Govt_VS_Oppn___CEC___Rahul_G.mp4,1857,12957.4,12960.333,2.933,Anchor Studio,94.0,"Anchor Studio: stable=0.88, symmetry=0.98, centered=True, faces=2, face_area=0.0157"
SIR_Row_Live__Protests___Politics_Over_Poll_Panel___Govt_VS_Oppn___CEC___Rahul_G.mp4,1858,12960.4,12966.333,5.933,Anchor Studio,94.0,"Anchor Studio: stable=0.81, symmetry=0.93, centered=True, faces=2, face_area=0.0173"
SIR_Row_Live__Protests___Politics_Over_Poll_Panel___Govt_VS_Oppn___CEC___Rahul_G.mp4,1859,12966.4,12967.0,0.6,Title Card,64.0,"Title Card: headline=0.4588, textcov=0.6073, stability=0.39"
SIR_Row_Live__Protests___Politics_Over_Poll_Panel___Govt_VS_Oppn___CEC___Rahul_G.mp4,1860,12967.067,12970.467,3.4,Anchor Studio,84.0,"Anchor Studio: stable=0.69, symmetry=0.94, centered=True, faces=2, face_area=0.0185"
SIR_Row_Live__Protests___Politics_Over_Poll_Panel___Govt_VS_Oppn___CEC___Rahul_G.mp4,1861,12970.533,12973.4,2.867,Anchor Studio,94.0,"Anchor Studio: stable=0.93, symmetry=0.98, centered=True, faces=2, face_area=0.0300"
SIR_Row_Live__Protests___Politics_Over_Poll_Panel___Govt_VS_Oppn___CEC___Rahul_G.mp4,1862,12973.467,12979.533,6.066,Anchor Studio,94.0,"Anchor Studio: stable=0.86, symmetry=0.98, centered=True, faces=2, face_area=0.0210"
SIR_Row_Live__Protests___Politics_Over_Poll_Panel___Govt_VS_Oppn___CEC___Rahul_G.mp4,1863,12979.6,12980.733,1.133,Anchor Studio,94.0,"Anchor Studio: stable=0.76, symmetry=0.99, centered=True, faces=2, face_area=0.0225"
SIR_Row_Live__Protests___Politics_Over_Poll_Panel___Govt_VS_Oppn___CEC___Rahul_G.mp4,1864,12980.8,12981.533,0.733,Anchor Studio,84.0,"Anchor Studio: stable=0.63, symmetry=0.97, centered=True, faces=2, face_area=0.0269"
SIR_Row_Live__Protests___Politics_Over_Poll_Panel___Govt_VS_Oppn___CEC___Rahul_G.mp4,1865,12981.6,12987.2,5.6,Anchor Studio,94.0,"Anchor Studio: stable=0.87, symmetry=0.93, centered=True, faces=2, face_area=0.0300"
SIR_Row_Live__Protests___Politics_Over_Poll_Panel___Govt_VS_Oppn___CEC___Rahul_G.mp4,1866,12987.267,12988.6,1.333,Anchor Studio,94.0,"Anchor Studio: stable=0.82, symmetry=0.85, centered=True, faces=1, face_area=0.0243"
SIR_Row_Live__Protests___Politics_Over_Poll_Panel___Govt_VS_Oppn___CEC___Rahul_G.mp4,1867,12988.667,12991.0,2.333,Anchor Studio,94.0,"Anchor Studio: stable=0.77, symmetry=0.95, centered=True, faces=1, face_area=0.0168"
SIR_Row_Live__Protests___Politics_Over_Poll_Panel___Govt_VS_Oppn___CEC___Rahul_G.mp4,1868,12991.067,12993.8,2.733,Anchor Studio,94.0,"Anchor Studio: stable=0.82, symmetry=0.96, centered=True, faces=2, face_area=0.0325"
SIR_Row_Live__Protests___Politics_Over_Poll_Panel___Govt_VS_Oppn___CEC___Rahul_G.mp4,1869,12993.867,12997.6,3.733,Anchor Studio,94.0,"Anchor Studio: stable=0.85, symmetry=0.98, centered=True, faces=2, face_area=0.0251"
SIR_Row_Live__Protests___Politics_Over_Poll_Panel___Govt_VS_Oppn___CEC___Rahul_G.mp4,1870,12997.667,13002.6,4.933,Anchor Studio,94.0,"Anchor Studio: stable=0.83, symmetry=0.99, centered=True, faces=2, face_area=0.0229"
SIR_Row_Live__Protests___Politics_Over_Poll_Panel___Govt_VS_Oppn___CEC___Rahul_G.mp4,1871,13002.667,13003.933,1.266,Anchor Studio,84.0,"Anchor Studio: stable=0.78, symmetry=0.98, centered=True, faces=1, face_area=0.0010"
SIR_Row_Live__Protests___Politics_Over_Poll_Panel___Govt_VS_Oppn___CEC___Rahul_G.mp4,1872,13004.0,13007.2,3.2,Anchor Studio,94.0,"Anchor Studio: stable=0.81, symmetry=0.98, centered=True, faces=2, face_area=0.0241"
SIR_Row_Live__Protests___Politics_Over_Poll_Panel___Govt_VS_Oppn___CEC___Rahul_G.mp4,1873,13007.267,13008.333,1.066,Anchor Studio,94.0,"Anchor Studio: stable=0.84, symmetry=0.99, centered=True, faces=2, face_area=0.0350"
SIR_Row_Live__Protests___Politics_Over_Poll_Panel___Govt_VS_Oppn___CEC___Rahul_G.mp4,1874,13008.4,13013.0,4.6,Anchor Studio,94.0,"Anchor Studio: stable=0.83, symmetry=0.99, centered=True, faces=2, face_area=0.0250"
SIR_Row_Live__Protests___Politics_Over_Poll_Panel___Govt_VS_Oppn___CEC___Rahul_G.mp4,1875,13013.067,13017.133,4.066,Anchor Studio,94.0,"Anchor Studio: stable=0.85, symmetry=0.98, centered=True, faces=2, face_area=0.0215"
SIR_Row_Live__Protests___Politics_Over_Poll_Panel___Govt_VS_Oppn___CEC___Rahul_G.mp4,1876,13017.2,13023.0,5.8,Anchor Studio,94.0,"Anchor Studio: stable=0.82, symmetry=0.96, centered=True, faces=2, face_area=0.0260"
SIR_Row_Live__Protests___Politics_Over_Poll_Panel___Govt_VS_Oppn___CEC___Rahul_G.mp4,1877,13023.067,13024.6,1.533,Anchor Studio,94.0,"Anchor Studio: stable=0.81, symmetry=0.94, centered=True, faces=1, face_area=0.0225"
SIR_Row_Live__Protests___Politics_Over_Poll_Panel___Govt_VS_Oppn___CEC___Rahul_G.mp4,1878,13024.667,13025.4,0.733,Anchor Studio,72.0,"Anchor Studio: stable=0.60, symmetry=0.78, centered=True, faces=2, face_area=0.0156"
SIR_Row_Live__Protests___Politics_Over_Poll_Panel___Govt_VS_Oppn___CEC___Rahul_G.mp4,1879,13025.467,13026.667,1.2,Anchor Studio,74.0,"Anchor Studio: stable=0.63, symmetry=0.89, centered=True, faces=1, face_area=0.0010"
SIR_Row_Live__Protests___Politics_Over_Poll_Panel___Govt_VS_Oppn___CEC___Rahul_G.mp4,1880,13026.733,13030.8,4.067,Anchor Studio,84.0,"Anchor Studio: stable=0.81, symmetry=0.95, centered=True, faces=2, face_area=0.0098"
SIR_Row_Live__Protests___Politics_Over_Poll_Panel___Govt_VS_Oppn___CEC___Rahul_G.mp4,1881,13030.867,13035.8,4.933,Anchor Studio,94.0,"Anchor Studio: stable=0.81, symmetry=0.84, centered=True, faces=2, face_area=0.0186"
SIR_Row_Live__Protests___Politics_Over_Poll_Panel___Govt_VS_Oppn___CEC___Rahul_G.mp4,1882,13035.867,13074.133,38.266,Anchor Studio,84.0,"Anchor Studio: stable=0.84, symmetry=0.93, centered=True, faces=1, face_area=0.0030"
SIR_Row_Live__Protests___Politics_Over_Poll_Panel___Govt_VS_Oppn___CEC___Rahul_G.mp4,1883,13074.2,13101.533,27.333,Anchor Studio,94.0,"Anchor Studio: stable=0.89, symmetry=0.88, centered=True, faces=2, face_area=0.0107"
SIR_Row_Live__Protests___Politics_Over_Poll_Panel___Govt_VS_Oppn___CEC___Rahul_G.mp4,1884,13101.6,13103.2,1.6,Anchor Studio,84.0,"Anchor Studio: stable=0.65, symmetry=0.88, centered=True, faces=4, face_area=0.0649"
SIR_Row_Live__Protests___Politics_Over_Poll_Panel___Govt_VS_Oppn___CEC___Rahul_G.mp4,1885,13103.267,13104.4,1.133,Anchor Studio,94.0,"Anchor Studio: stable=0.85, symmetry=0.89, centered=True, faces=4, face_area=0.1215"
SIR_Row_Live__Protests___Politics_Over_Poll_Panel___Govt_VS_Oppn___CEC___Rahul_G.mp4,1886,13104.467,13105.067,0.6,Anchor Studio,72.0,"Anchor Studio: stable=0.52, symmetry=0.77, centered=True, faces=2, face_area=0.0114"
SIR_Row_Live__Protests___Politics_Over_Poll_Panel___Govt_VS_Oppn___CEC___Rahul_G.mp4,1887,13105.133,13109.333,4.2,Anchor Studio,84.0,"Anchor Studio: stable=0.74, symmetry=0.87, centered=True, faces=2, face_area=0.0404"
SIR_Row_Live__Protests___Politics_Over_Poll_Panel___Govt_VS_Oppn___CEC___Rahul_G.mp4,1888,13109.4,13113.333,3.933,Anchor Studio,94.0,"Anchor Studio: stable=0.87, symmetry=0.99, centered=True, faces=3, face_area=0.1125"
SIR_Row_Live__Protests___Politics_Over_Poll_Panel___Govt_VS_Oppn___CEC___Rahul_G.mp4,1889,13113.4,13123.2,9.8,Anchor Studio,94.0,"Anchor Studio: stable=0.90, symmetry=0.98, centered=True, faces=3, face_area=0.1188"
SIR_Row_Live__Protests___Politics_Over_Poll_Panel___Govt_VS_Oppn___CEC___Rahul_G.mp4,1890,13123.267,13140.4,17.133,Anchor Studio,94.0,"Anchor Studio: stable=0.88, symmetry=0.97, centered=True, faces=3, face_area=0.1147"
SIR_Row_Live__Protests___Politics_Over_Poll_Panel___Govt_VS_Oppn___CEC___Rahul_G.mp4,1891,13140.467,13143.0,2.533,Anchor Studio,94.0,"Anchor Studio: stable=0.90, symmetry=0.95, centered=True, faces=3, face_area=0.1195"
SIR_Row_Live__Protests___Politics_Over_Poll_Panel___Govt_VS_Oppn___CEC___Rahul_G.mp4,1892,13143.067,13143.733,0.666,Anchor Studio,72.0,"Anchor Studio: stable=0.61, symmetry=0.77, centered=True, faces=2, face_area=0.0363"
SIR_Row_Live__Protests___Politics_Over_Poll_Panel___Govt_VS_Oppn___CEC___Rahul_G.mp4,1893,13143.8,13144.933,1.133,Anchor Studio,74.0,"Anchor Studio: stable=0.62, symmetry=0.87, centered=True, faces=2, face_area=0.0081"
SIR_Row_Live__Protests___Politics_Over_Poll_Panel___Govt_VS_Oppn___CEC___Rahul_G.mp4,1894,13145.0,13163.133,18.133,Anchor Studio,94.0,"Anchor Studio: stable=0.90, symmetry=0.84, centered=True, faces=2, face_area=0.0227"
SIR_Row_Live__Protests___Politics_Over_Poll_Panel___Govt_VS_Oppn___CEC___Rahul_G.mp4,1895,13163.2,13168.267,5.067,Anchor Studio,94.0,"Anchor Studio: stable=0.84, symmetry=0.94, centered=True, faces=2, face_area=0.0197"
SIR_Row_Live__Protests___Politics_Over_Poll_Panel___Govt_VS_Oppn___CEC___Rahul_G.mp4,1896,13168.333,13168.933,0.6,Anchor Studio,82.0,"Anchor Studio: stable=0.89, symmetry=0.97, centered=False, faces=1, face_area=0.0209"
SIR_Row_Live__Protests___Politics_Over_Poll_Panel___Govt_VS_Oppn___CEC___Rahul_G.mp4,1897,13169.0,13170.2,1.2,B-Roll,70.0,"B-Roll: motion=0.0748, edge=0.1515, face_area=0.0000, symmetry=0.97"
SIR_Row_Live__Protests___Politics_Over_Poll_Panel___Govt_VS_Oppn___CEC___Rahul_G.mp4,1898,13170.267,13171.0,0.733,Title Card,68.0,"Title Card: headline=0.8358, textcov=0.9181, stability=0.78"
SIR_Row_Live__Protests___Politics_Over_Poll_Panel___Govt_VS_Oppn___CEC___Rahul_G.mp4,1899,13171.067,13172.467,1.4,Anchor Studio,82.0,"Anchor Studio: stable=0.88, symmetry=0.95, centered=False, faces=1, face_area=0.0183"
SIR_Row_Live__Protests___Politics_Over_Poll_Panel___Govt_VS_Oppn___CEC___Rahul_G.mp4,1900,13172.533,13173.267,0.734,Anchor Studio,82.0,"Anchor Studio: stable=0.89, symmetry=0.94, centered=False, faces=1, face_area=0.0225"
SIR_Row_Live__Protests___Politics_Over_Poll_Panel___Govt_VS_Oppn___CEC___Rahul_G.mp4,1901,13173.333,13177.8,4.467,Title Card,74.0,"Title Card: headline=0.8426, textcov=0.9520, stability=0.83"
SIR_Row_Live__Protests___Politics_Over_Poll_Panel___Govt_VS_Oppn___CEC___Rahul_G.mp4,1902,13177.867,13180.267,2.4,Title Card,78.0,"Title Card: headline=0.8860, textcov=1.0433, stability=0.88"
SIR_Row_Live__Protests___Politics_Over_Poll_Panel___Govt_VS_Oppn___CEC___Rahul_G.mp4,1903,13180.333,13181.733,1.4,Anchor Studio,74.0,"Anchor Studio: stable=0.44, symmetry=0.96, centered=True, faces=1, face_area=0.0018"
SIR_Row_Live__Protests___Politics_Over_Poll_Panel___Govt_VS_Oppn___CEC___Rahul_G.mp4,1904,13181.8,13182.8,1.0,Anchor Studio,72.0,"Anchor Studio: stable=0.71, symmetry=0.95, centered=False, faces=1, face_area=0.0175"
SIR_Row_Live__Protests___Politics_Over_Poll_Panel___Govt_VS_Oppn___CEC___Rahul_G.mp4,1905,13182.867,13187.8,4.933,Anchor Studio,94.0,"Anchor Studio: stable=0.84, symmetry=0.94, centered=True, faces=2, face_area=0.0222"
SIR_Row_Live__Protests___Politics_Over_Poll_Panel___Govt_VS_Oppn___CEC___Rahul_G.mp4,1906,13187.867,13190.2,2.333,Anchor Studio,94.0,"Anchor Studio: stable=0.85, symmetry=0.96, centered=True, faces=2, face_area=0.0196"
SIR_Row_Live__Protests___Politics_Over_Poll_Panel___Govt_VS_Oppn___CEC___Rahul_G.mp4,1907,13190.267,13192.8,2.533,Anchor Studio,82.0,"Anchor Studio: stable=0.85, symmetry=0.92, centered=False, faces=1, face_area=0.0140"
SIR_Row_Live__Protests___Politics_Over_Poll_Panel___Govt_VS_Oppn___CEC___Rahul_G.mp4,1908,13192.867,13195.4,2.533,Anchor Studio,82.0,"Anchor Studio: stable=0.86, symmetry=0.92, centered=False, faces=1, face_area=0.0192"
SIR_Row_Live__Protests___Politics_Over_Poll_Panel___Govt_VS_Oppn___CEC___Rahul_G.mp4,1909,13195.467,13197.333,1.866,Field Report,68.0,"Field Report: motion=0.0326, faces=1, centered=False, symmetry=0.96"
SIR_Row_Live__Protests___Politics_Over_Poll_Panel___Govt_VS_Oppn___CEC___Rahul_G.mp4,1910,13197.4,13200.067,2.667,Anchor Studio,82.0,"Anchor Studio: stable=0.84, symmetry=0.97, centered=False, faces=1, face_area=0.0217"
SIR_Row_Live__Protests___Politics_Over_Poll_Panel___Govt_VS_Oppn___CEC___Rahul_G.mp4,1911,13200.133,13201.533,1.4,Anchor Studio,82.0,"Anchor Studio: stable=0.85, symmetry=0.95, centered=False, faces=1, face_area=0.0214"
SIR_Row_Live__Protests___Politics_Over_Poll_Panel___Govt_VS_Oppn___CEC___Rahul_G.mp4,1912,13201.6,13207.067,5.467,Anchor Studio,94.0,"Anchor Studio: stable=0.90, symmetry=0.86, centered=True, faces=2, face_area=0.0231"
SIR_Row_Live__Protests___Politics_Over_Poll_Panel___Govt_VS_Oppn___CEC___Rahul_G.mp4,1913,13207.133,13269.933,62.8,Anchor Studio,94.0,"Anchor Studio: stable=0.92, symmetry=0.85, centered=True, faces=2, face_area=0.0195"
SIR_Row_Live__Protests___Politics_Over_Poll_Panel___Govt_VS_Oppn___CEC___Rahul_G.mp4,1914,13270.0,13307.4,37.4,Anchor Studio,94.0,"Anchor Studio: stable=0.91, symmetry=0.92, centered=True, faces=2, face_area=0.0206"
SIR_Row_Live__Protests___Politics_Over_Poll_Panel___Govt_VS_Oppn___CEC___Rahul_G.mp4,1915,13307.467,13310.2,2.733,Anchor Studio,94.0,"Anchor Studio: stable=0.81, symmetry=0.94, centered=True, faces=2, face_area=0.0680"
SIR_Row_Live__Protests___Politics_Over_Poll_Panel___Govt_VS_Oppn___CEC___Rahul_G.mp4,1916,13310.267,13317.333,7.066,Anchor Studio,94.0,"Anchor Studio: stable=0.85, symmetry=0.95, centered=True, faces=3, face_area=0.1196"
SIR_Row_Live__Protests___Politics_Over_Poll_Panel___Govt_VS_Oppn___CEC___Rahul_G.mp4,1917,13317.4,13343.133,25.733,Anchor Studio,94.0,"Anchor Studio: stable=0.90, symmetry=0.95, centered=True, faces=4, face_area=0.1173"
SIR_Row_Live__Protests___Politics_Over_Poll_Panel___Govt_VS_Oppn___CEC___Rahul_G.mp4,1918,13343.2,13343.867,0.667,Anchor Studio,72.0,"Anchor Studio: stable=0.58, symmetry=0.78, centered=True, faces=1, face_area=0.0272"
SIR_Row_Live__Protests___Politics_Over_Poll_Panel___Govt_VS_Oppn___CEC___Rahul_G.mp4,1919,13343.933,13373.6,29.667,Anchor Studio,82.0,"Anchor Studio: stable=0.90, symmetry=0.80, centered=True, faces=2, face_area=0.0238"
SIR_Row_Live__Protests___Politics_Over_Poll_Panel___Govt_VS_Oppn___CEC___Rahul_G.mp4,1920,13373.667,13411.8,38.133,Title Card,74.0,"Title Card: headline=0.7751, textcov=0.9141, stability=0.92"
SIR_Row_Live__Protests___Politics_Over_Poll_Panel___Govt_VS_Oppn___CEC___Rahul_G.mp4,1921,13411.867,13413.333,1.466,Anchor Studio,82.0,"Anchor Studio: stable=0.81, symmetry=0.95, centered=False, faces=1, face_area=0.0214"
SIR_Row_Live__Protests___Politics_Over_Poll_Panel___Govt_VS_Oppn___CEC___Rahul_G.mp4,1922,13413.4,13414.733,1.333,Anchor Studio,82.0,"Anchor Studio: stable=0.83, symmetry=0.93, centered=False, faces=1, face_area=0.0193"
SIR_Row_Live__Protests___Politics_Over_Poll_Panel___Govt_VS_Oppn___CEC___Rahul_G.mp4,1923,13414.8,13419.733,4.933,Anchor Studio,94.0,"Anchor Studio: stable=0.84, symmetry=0.94, centered=True, faces=2, face_area=0.0243"
SIR_Row_Live__Protests___Politics_Over_Poll_Panel___Govt_VS_Oppn___CEC___Rahul_G.mp4,1924,13419.8,13423.4,3.6,Anchor Studio,82.0,"Anchor Studio: stable=0.84, symmetry=0.95, centered=False, faces=1, face_area=0.0111"
SIR_Row_Live__Protests___Politics_Over_Poll_Panel___Govt_VS_Oppn___CEC___Rahul_G.mp4,1925,13423.467,13424.267,0.8,B-Roll,70.0,"B-Roll: motion=0.0351, edge=0.1724, face_area=0.0000, symmetry=0.88"
SIR_Row_Live__Protests___Politics_Over_Poll_Panel___Govt_VS_Oppn___CEC___Rahul_G.mp4,1926,13424.333,13429.267,4.934,Anchor Studio,82.0,"Anchor Studio: stable=0.84, symmetry=0.94, centered=False, faces=1, face_area=0.0129"
SIR_Row_Live__Protests___Politics_Over_Poll_Panel___Govt_VS_Oppn___CEC___Rahul_G.mp4,1927,13429.333,13430.267,0.934,Anchor Studio,82.0,"Anchor Studio: stable=0.86, symmetry=0.96, centered=False, faces=1, face_area=0.0206"
SIR_Row_Live__Protests___Politics_Over_Poll_Panel___Govt_VS_Oppn___CEC___Rahul_G.mp4,1928,13430.333,13433.533,3.2,Anchor Studio,94.0,"Anchor Studio: stable=0.87, symmetry=0.97, centered=True, faces=3, face_area=0.0572"
SIR_Row_Live__Protests___Politics_Over_Poll_Panel___Govt_VS_Oppn___CEC___Rahul_G.mp4,1929,13433.6,13437.2,3.6,Anchor Studio,94.0,"Anchor Studio: stable=0.89, symmetry=0.95, centered=True, faces=3, face_area=0.0707"
SIR_Row_Live__Protests___Politics_Over_Poll_Panel___Govt_VS_Oppn___CEC___Rahul_G.mp4,1930,13437.267,13441.6,4.333,Anchor Studio,94.0,"Anchor Studio: stable=0.87, symmetry=0.96, centered=True, faces=4, face_area=0.0600"
SIR_Row_Live__Protests___Politics_Over_Poll_Panel___Govt_VS_Oppn___CEC___Rahul_G.mp4,1931,13441.667,13443.4,1.733,Anchor Studio,94.0,"Anchor Studio: stable=0.82, symmetry=0.93, centered=True, faces=3, face_area=0.0649"
SIR_Row_Live__Protests___Politics_Over_Poll_Panel___Govt_VS_Oppn___CEC___Rahul_G.mp4,1932,13443.467,13446.4,2.933,Anchor Studio,94.0,"Anchor Studio: stable=0.89, symmetry=0.95, centered=True, faces=3, face_area=0.0586"
SIR_Row_Live__Protests___Politics_Over_Poll_Panel___Govt_VS_Oppn___CEC___Rahul_G.mp4,1933,13446.467,13449.667,3.2,Anchor Studio,94.0,"Anchor Studio: stable=0.86, symmetry=0.95, centered=True, faces=3, face_area=0.0549"
SIR_Row_Live__Protests___Politics_Over_Poll_Panel___Govt_VS_Oppn___CEC___Rahul_G.mp4,1934,13449.733,13453.4,3.667,Anchor Studio,94.0,"Anchor Studio: stable=0.88, symmetry=0.97, centered=True, faces=4, face_area=0.0717"
SIR_Row_Live__Protests___Politics_Over_Poll_Panel___Govt_VS_Oppn___CEC___Rahul_G.mp4,1935,13453.467,13454.333,0.866,Anchor Studio,94.0,"Anchor Studio: stable=0.82, symmetry=0.94, centered=True, faces=3, face_area=0.0579"
SIR_Row_Live__Protests___Politics_Over_Poll_Panel___Govt_VS_Oppn___CEC___Rahul_G.mp4,1936,13454.4,13455.4,1.0,Anchor Studio,82.0,"Anchor Studio: stable=0.78, symmetry=0.95, centered=False, faces=2, face_area=0.0464"
SIR_Row_Live__Protests___Politics_Over_Poll_Panel___Govt_VS_Oppn___CEC___Rahul_G.mp4,1937,13455.467,13457.8,2.333,Anchor Studio,94.0,"Anchor Studio: stable=0.89, symmetry=0.95, centered=True, faces=3, face_area=0.0444"
SIR_Row_Live__Protests___Politics_Over_Poll_Panel___Govt_VS_Oppn___CEC___Rahul_G.mp4,1938,13457.867,13459.6,1.733,Anchor Studio,94.0,"Anchor Studio: stable=0.81, symmetry=0.91, centered=True, faces=3, face_area=0.0498"
SIR_Row_Live__Protests___Politics_Over_Poll_Panel___Govt_VS_Oppn___CEC___Rahul_G.mp4,1939,13459.667,13463.4,3.733,Anchor Studio,94.0,"Anchor Studio: stable=0.88, symmetry=0.90, centered=True, faces=2, face_area=0.0201"
SIR_Row_Live__Protests___Politics_Over_Poll_Panel___Govt_VS_Oppn___CEC___Rahul_G.mp4,1940,13463.467,13473.2,9.733,Anchor Studio,82.0,"Anchor Studio: stable=0.85, symmetry=0.86, centered=False, faces=2, face_area=0.0200"
SIR_Row_Live__Protests___Politics_Over_Poll_Panel___Govt_VS_Oppn___CEC___Rahul_G.mp4,1941,13473.267,13477.8,4.533,Anchor Studio,94.0,"Anchor Studio: stable=0.86, symmetry=0.89, centered=True, faces=2, face_area=0.0219"
SIR_Row_Live__Protests___Politics_Over_Poll_Panel___Govt_VS_Oppn___CEC___Rahul_G.mp4,1942,13477.867,13483.2,5.333,Anchor Studio,82.0,"Anchor Studio: stable=0.86, symmetry=0.89, centered=False, faces=2, face_area=0.0166"
SIR_Row_Live__Protests___Politics_Over_Poll_Panel___Govt_VS_Oppn___CEC___Rahul_G.mp4,1943,13483.267,13493.4,10.133,Anchor Studio,94.0,"Anchor Studio: stable=0.84, symmetry=0.88, centered=True, faces=2, face_area=0.0217"
SIR_Row_Live__Protests___Politics_Over_Poll_Panel___Govt_VS_Oppn___CEC___Rahul_G.mp4,1944,13493.467,13503.333,9.866,Anchor Studio,82.0,"Anchor Studio: stable=0.85, symmetry=0.85, centered=False, faces=1, face_area=0.0194"
SIR_Row_Live__Protests___Politics_Over_Poll_Panel___Govt_VS_Oppn___CEC___Rahul_G.mp4,1945,13503.4,13507.6,4.2,Anchor Studio,82.0,"Anchor Studio: stable=0.89, symmetry=0.92, centered=False, faces=1, face_area=0.0184"
SIR_Row_Live__Protests___Politics_Over_Poll_Panel___Govt_VS_Oppn___CEC___Rahul_G.mp4,1946,13507.667,13512.0,4.333,Anchor Studio,94.0,"Anchor Studio: stable=0.77, symmetry=0.91, centered=True, faces=3, face_area=0.0670"
SIR_Row_Live__Protests___Politics_Over_Poll_Panel___Govt_VS_Oppn___CEC___Rahul_G.mp4,1947,13512.067,13512.733,0.666,Field Report,68.0,"Field Report: motion=0.0425, faces=1, centered=False, symmetry=0.78"
SIR_Row_Live__Protests___Politics_Over_Poll_Panel___Govt_VS_Oppn___CEC___Rahul_G.mp4,1948,13512.8,13529.133,16.333,Anchor Studio,94.0,"Anchor Studio: stable=0.88, symmetry=0.92, centered=True, faces=3, face_area=0.0462"
SIR_Row_Live__Protests___Politics_Over_Poll_Panel___Govt_VS_Oppn___CEC___Rahul_G.mp4,1949,13529.2,13541.533,12.333,Anchor Studio,94.0,"Anchor Studio: stable=0.78, symmetry=0.91, centered=True, faces=2, face_area=0.0275"
SIR_Row_Live__Protests___Politics_Over_Poll_Panel___Govt_VS_Oppn___CEC___Rahul_G.mp4,1950,13541.6,13549.133,7.533,Anchor Studio,84.0,"Anchor Studio: stable=0.55, symmetry=0.97, centered=True, faces=2, face_area=0.0318"
SIR_Row_Live__Protests___Politics_Over_Poll_Panel___Govt_VS_Oppn___CEC___Rahul_G.mp4,1951,13549.2,13552.533,3.333,Anchor Studio,72.0,"Anchor Studio: stable=0.56, symmetry=0.97, centered=False, faces=2, face_area=0.0449"
SIR_Row_Live__Protests___Politics_Over_Poll_Panel___Govt_VS_Oppn___CEC___Rahul_G.mp4,1952,13552.6,13554.867,2.267,Anchor Studio,72.0,"Anchor Studio: stable=0.54, symmetry=0.95, centered=False, faces=2, face_area=0.0444"
SIR_Row_Live__Protests___Politics_Over_Poll_Panel___Govt_VS_Oppn___CEC___Rahul_G.mp4,1953,13554.933,13577.533,22.6,Anchor Studio,94.0,"Anchor Studio: stable=0.88, symmetry=0.93, centered=True, faces=3, face_area=0.0405"
SIR_Row_Live__Protests___Politics_Over_Poll_Panel___Govt_VS_Oppn___CEC___Rahul_G.mp4,1954,13577.6,13590.067,12.467,Anchor Studio,82.0,"Anchor Studio: stable=0.85, symmetry=0.92, centered=False, faces=3, face_area=0.0514"
SIR_Row_Live__Protests___Politics_Over_Poll_Panel___Govt_VS_Oppn___CEC___Rahul_G.mp4,1955,13590.133,13612.467,22.334,Anchor Studio,82.0,"Anchor Studio: stable=0.85, symmetry=0.89, centered=False, faces=3, face_area=0.0524"
SIR_Row_Live__Protests___Politics_Over_Poll_Panel___Govt_VS_Oppn___CEC___Rahul_G.mp4,1956,13612.533,13621.867,9.334,Anchor Studio,74.0,"Anchor Studio: stable=0.36, symmetry=0.86, centered=True, faces=1, face_area=0.0011"
SIR_Row_Live__Protests___Politics_Over_Poll_Panel___Govt_VS_Oppn___CEC___Rahul_G.mp4,1957,13621.933,13634.667,12.734,Anchor Studio,84.0,"Anchor Studio: stable=0.48, symmetry=0.91, centered=True, faces=3, face_area=0.0159"
SIR_Row_Live__Protests___Politics_Over_Poll_Panel___Govt_VS_Oppn___CEC___Rahul_G.mp4,1958,13634.733,13637.6,2.867,B-Roll,70.0,"B-Roll: motion=0.0738, edge=0.1430, face_area=0.0000, symmetry=0.91"
SIR_Row_Live__Protests___Politics_Over_Poll_Panel___Govt_VS_Oppn___CEC___Rahul_G.mp4,1959,13637.667,13642.933,5.266,B-Roll,70.0,"B-Roll: motion=0.0609, edge=0.1658, face_area=0.0013, symmetry=0.84"
SIR_Row_Live__Protests___Politics_Over_Poll_Panel___Govt_VS_Oppn___CEC___Rahul_G.mp4,1960,13643.0,13645.933,2.933,Anchor Studio,84.0,"Anchor Studio: stable=0.44, symmetry=0.95, centered=True, faces=2, face_area=0.0719"
SIR_Row_Live__Protests___Politics_Over_Poll_Panel___Govt_VS_Oppn___CEC___Rahul_G.mp4,1961,13646.0,13648.933,2.933,B-Roll,70.0,"B-Roll: motion=0.0770, edge=0.1446, face_area=0.0000, symmetry=0.95"
SIR_Row_Live__Protests___Politics_Over_Poll_Panel___Govt_VS_Oppn___CEC___Rahul_G.mp4,1962,13649.0,13650.733,1.733,Anchor Studio,74.0,"Anchor Studio: stable=0.00, symmetry=0.95, centered=True, faces=1, face_area=0.0008"
SIR_Row_Live__Protests___Politics_Over_Poll_Panel___Govt_VS_Oppn___CEC___Rahul_G.mp4,1963,13650.8,13658.467,7.667,Anchor Studio,74.0,"Anchor Studio: stable=0.14, symmetry=0.90, centered=True, faces=2, face_area=0.0046"
SIR_Row_Live__Protests___Politics_Over_Poll_Panel___Govt_VS_Oppn___CEC___Rahul_G.mp4,1964,13658.533,13664.267,5.734,Anchor Studio,84.0,"Anchor Studio: stable=0.24, symmetry=0.92, centered=True, faces=1, face_area=0.0211"
SIR_Row_Live__Protests___Politics_Over_Poll_Panel___Govt_VS_Oppn___CEC___Rahul_G.mp4,1965,13664.333,13667.267,2.934,Title Card,64.0,"Title Card: headline=0.8878, textcov=1.0512, stability=0.20"
SIR_Row_Live__Protests___Politics_Over_Poll_Panel___Govt_VS_Oppn___CEC___Rahul_G.mp4,1966,13667.333,13670.133,2.8,Anchor Studio,74.0,"Anchor Studio: stable=0.07, symmetry=0.96, centered=True, faces=1, face_area=0.0048"
SIR_Row_Live__Protests___Politics_Over_Poll_Panel___Govt_VS_Oppn___CEC___Rahul_G.mp4,1967,13670.2,13671.667,1.467,B-Roll,70.0,"B-Roll: motion=0.0973, edge=0.1599, face_area=0.0000, symmetry=0.96"
SIR_Row_Live__Protests___Politics_Over_Poll_Panel___Govt_VS_Oppn___CEC___Rahul_G.mp4,1968,13671.733,13672.467,0.734,B-Roll,70.0,"B-Roll: motion=0.1111, edge=0.1742, face_area=0.0000, symmetry=0.98"
SIR_Row_Live__Protests___Politics_Over_Poll_Panel___Govt_VS_Oppn___CEC___Rahul_G.mp4,1969,13672.533,13674.4,1.867,B-Roll,70.0,"B-Roll: motion=0.0572, edge=0.1405, face_area=0.0000, symmetry=0.91"
SIR_Row_Live__Protests___Politics_Over_Poll_Panel___Govt_VS_Oppn___CEC___Rahul_G.mp4,1970,13674.467,13683.667,9.2,Anchor Studio,74.0,"Anchor Studio: stable=0.73, symmetry=0.95, centered=True, faces=1, face_area=0.0012"
SIR_Row_Live__Protests___Politics_Over_Poll_Panel___Govt_VS_Oppn___CEC___Rahul_G.mp4,1971,13683.733,13719.333,35.6,Title Card,78.0,"Title Card: headline=0.2657, textcov=0.3889, stability=0.92"
SIR_Row_Live__Protests___Politics_Over_Poll_Panel___Govt_VS_Oppn___CEC___Rahul_G.mp4,1972,13719.4,13722.467,3.067,Anchor Studio,84.0,"Anchor Studio: stable=0.04, symmetry=0.90, centered=True, faces=2, face_area=0.0173"
SIR_Row_Live__Protests___Politics_Over_Poll_Panel___Govt_VS_Oppn___CEC___Rahul_G.mp4,1973,13722.533,13724.2,1.667,Title Card,78.0,"Title Card: headline=0.6553, textcov=0.8473, stability=0.85"
SIR_Row_Live__Protests___Politics_Over_Poll_Panel___Govt_VS_Oppn___CEC___Rahul_G.mp4,1974,13724.267,13725.667,1.4,Title Card,78.0,"Title Card: headline=0.5498, textcov=0.6519, stability=0.86"
SIR_Row_Live__Protests___Politics_Over_Poll_Panel___Govt_VS_Oppn___CEC___Rahul_G.mp4,1975,13725.733,13726.467,0.734,Anchor Studio,84.0,"Anchor Studio: stable=0.70, symmetry=0.94, centered=True, faces=1, face_area=0.0289"
SIR_Row_Live__Protests___Politics_Over_Poll_Panel___Govt_VS_Oppn___CEC___Rahul_G.mp4,1976,13726.533,13728.4,1.867,B-Roll,70.0,"B-Roll: motion=0.0674, edge=0.1642, face_area=0.0000, symmetry=0.93"
SIR_Row_Live__Protests___Politics_Over_Poll_Panel___Govt_VS_Oppn___CEC___Rahul_G.mp4,1977,13728.467,13729.667,1.2,B-Roll,70.0,"B-Roll: motion=0.0350, edge=0.1264, face_area=0.0000, symmetry=0.98"
SIR_Row_Live__Protests___Politics_Over_Poll_Panel___Govt_VS_Oppn___CEC___Rahul_G.mp4,1978,13729.733,13732.067,2.334,Anchor Studio,84.0,"Anchor Studio: stable=0.87, symmetry=0.86, centered=True, faces=1, face_area=0.0065"
SIR_Row_Live__Protests___Politics_Over_Poll_Panel___Govt_VS_Oppn___CEC___Rahul_G.mp4,1979,13732.133,13736.067,3.934,Anchor Studio,74.0,"Anchor Studio: stable=0.46, symmetry=0.91, centered=True, faces=1, face_area=0.0014"
SIR_Row_Live__Protests___Politics_Over_Poll_Panel___Govt_VS_Oppn___CEC___Rahul_G.mp4,1980,13736.133,13739.467,3.334,Anchor Studio,74.0,"Anchor Studio: stable=0.63, symmetry=0.94, centered=True, faces=1, face_area=0.0064"
SIR_Row_Live__Protests___Politics_Over_Poll_Panel___Govt_VS_Oppn___CEC___Rahul_G.mp4,1981,13739.533,13740.2,0.667,Anchor Studio,74.0,"Anchor Studio: stable=0.47, symmetry=0.95, centered=True, faces=1, face_area=0.0041"
SIR_Row_Live__Protests___Politics_Over_Poll_Panel___Govt_VS_Oppn___CEC___Rahul_G.mp4,1982,13740.267,13744.333,4.066,Anchor Studio,84.0,"Anchor Studio: stable=0.61, symmetry=0.94, centered=True, faces=2, face_area=0.0448"
SIR_Row_Live__Protests___Politics_Over_Poll_Panel___Govt_VS_Oppn___CEC___Rahul_G.mp4,1983,13744.4,13769.733,25.333,Anchor Studio,94.0,"Anchor Studio: stable=0.87, symmetry=0.95, centered=True, faces=3, face_area=0.1007"
SIR_Row_Live__Protests___Politics_Over_Poll_Panel___Govt_VS_Oppn___CEC___Rahul_G.mp4,1984,13769.8,13770.667,0.867,Anchor Studio,84.0,"Anchor Studio: stable=0.88, symmetry=0.94, centered=True, faces=1, face_area=0.0032"
SIR_Row_Live__Protests___Politics_Over_Poll_Panel___Govt_VS_Oppn___CEC___Rahul_G.mp4,1985,13770.733,13772.0,1.267,Anchor Studio,94.0,"Anchor Studio: stable=0.83, symmetry=0.91, centered=True, faces=1, face_area=0.0164"
SIR_Row_Live__Protests___Politics_Over_Poll_Panel___Govt_VS_Oppn___CEC___Rahul_G.mp4,1986,13772.067,13773.133,1.066,Anchor Studio,82.0,"Anchor Studio: stable=0.87, symmetry=0.89, centered=False, faces=1, face_area=0.0274"
SIR_Row_Live__Protests___Politics_Over_Poll_Panel___Govt_VS_Oppn___CEC___Rahul_G.mp4,1987,13773.2,13776.667,3.467,Anchor Studio,94.0,"Anchor Studio: stable=0.90, symmetry=0.87, centered=True, faces=1, face_area=0.0215"
SIR_Row_Live__Protests___Politics_Over_Poll_Panel___Govt_VS_Oppn___CEC___Rahul_G.mp4,1988,13776.733,13784.467,7.734,Anchor Studio,82.0,"Anchor Studio: stable=0.92, symmetry=0.88, centered=False, faces=1, face_area=0.0249"
SIR_Row_Live__Protests___Politics_Over_Poll_Panel___Govt_VS_Oppn___CEC___Rahul_G.mp4,1989,13784.533,13786.267,1.734,Field Report,68.0,"Field Report: motion=0.0337, faces=1, centered=False, symmetry=0.80"
SIR_Row_Live__Protests___Politics_Over_Poll_Panel___Govt_VS_Oppn___CEC___Rahul_G.mp4,1990,13786.333,13789.8,3.467,Title Card,74.0,"Title Card: headline=0.8240, textcov=0.9471, stability=0.85"
SIR_Row_Live__Protests___Politics_Over_Poll_Panel___Govt_VS_Oppn___CEC___Rahul_G.mp4,1991,13789.867,13792.867,3.0,Anchor Studio,94.0,"Anchor Studio: stable=0.89, symmetry=0.84, centered=True, faces=3, face_area=0.0505"
SIR_Row_Live__Protests___Politics_Over_Poll_Panel___Govt_VS_Oppn___CEC___Rahul_G.mp4,1992,13792.933,13793.6,0.667,Anchor Studio,82.0,"Anchor Studio: stable=0.87, symmetry=0.92, centered=False, faces=1, face_area=0.0285"
SIR_Row_Live__Protests___Politics_Over_Poll_Panel___Govt_VS_Oppn___CEC___Rahul_G.mp4,1993,13793.667,13799.067,5.4,Anchor Studio,94.0,"Anchor Studio: stable=0.91, symmetry=0.89, centered=True, faces=1, face_area=0.0211"
SIR_Row_Live__Protests___Politics_Over_Poll_Panel___Govt_VS_Oppn___CEC___Rahul_G.mp4,1994,13799.133,13802.733,3.6,Anchor Studio,84.0,"Anchor Studio: stable=0.35, symmetry=0.96, centered=True, faces=1, face_area=0.0313"
SIR_Row_Live__Protests___Politics_Over_Poll_Panel___Govt_VS_Oppn___CEC___Rahul_G.mp4,1995,13802.8,13806.733,3.933,Anchor Studio,84.0,"Anchor Studio: stable=0.52, symmetry=0.96, centered=True, faces=2, face_area=0.0153"
SIR_Row_Live__Protests___Politics_Over_Poll_Panel___Govt_VS_Oppn___CEC___Rahul_G.mp4,1996,13806.8,13807.6,0.8,B-Roll,70.0,"B-Roll: motion=0.0607, edge=0.1269, face_area=0.0000, symmetry=0.92"
SIR_Row_Live__Protests___Politics_Over_Poll_Panel___Govt_VS_Oppn___CEC___Rahul_G.mp4,1997,13807.667,13810.267,2.6,B-Roll,70.0,"B-Roll: motion=0.0446, edge=0.1430, face_area=0.0000, symmetry=0.91"
SIR_Row_Live__Protests___Politics_Over_Poll_Panel___Govt_VS_Oppn___CEC___Rahul_G.mp4,1998,13810.333,13812.8,2.467,Title Card,68.0,"Title Card: headline=0.0768, textcov=0.3425, stability=0.78"
SIR_Row_Live__Protests___Politics_Over_Poll_Panel___Govt_VS_Oppn___CEC___Rahul_G.mp4,1999,13812.867,13815.867,3.0,Anchor Studio,82.0,"Anchor Studio: stable=0.87, symmetry=0.79, centered=True, faces=2, face_area=0.1190"
SIR_Row_Live__Protests___Politics_Over_Poll_Panel___Govt_VS_Oppn___CEC___Rahul_G.mp4,2000,13815.933,13829.467,13.534,Anchor Studio,84.0,"Anchor Studio: stable=0.61, symmetry=0.92, centered=True, faces=1, face_area=0.0352"
SIR_Row_Live__Protests___Politics_Over_Poll_Panel___Govt_VS_Oppn___CEC___Rahul_G.mp4,2001,13829.533,13831.933,2.4,Anchor Studio,82.0,"Anchor Studio: stable=0.75, symmetry=0.88, centered=False, faces=1, face_area=0.0259"
SIR_Row_Live__Protests___Politics_Over_Poll_Panel___Govt_VS_Oppn___CEC___Rahul_G.mp4,2002,13832.0,13836.133,4.133,Anchor Studio,94.0,"Anchor Studio: stable=0.80, symmetry=0.95, centered=True, faces=2, face_area=0.0250"
SIR_Row_Live__Protests___Politics_Over_Poll_Panel___Govt_VS_Oppn___CEC___Rahul_G.mp4,2003,13836.2,13844.867,8.667,Anchor Studio,84.0,"Anchor Studio: stable=0.73, symmetry=0.97, centered=True, faces=2, face_area=0.0275"
SIR_Row_Live__Protests___Politics_Over_Poll_Panel___Govt_VS_Oppn___CEC___Rahul_G.mp4,2004,13844.933,13855.667,10.734,Anchor Studio,84.0,"Anchor Studio: stable=0.64, symmetry=0.86, centered=True, faces=1, face_area=0.0123"
SIR_Row_Live__Protests___Politics_Over_Poll_Panel___Govt_VS_Oppn___CEC___Rahul_G.mp4,2005,13855.733,13857.533,1.8,Title Card,78.0,"Title Card: headline=0.6584, textcov=0.8253, stability=0.84"
SIR_Row_Live__Protests___Politics_Over_Poll_Panel___Govt_VS_Oppn___CEC___Rahul_G.mp4,2006,13857.6,13859.667,2.067,Title Card,78.0,"Title Card: headline=0.2488, textcov=0.5405, stability=0.85"
SIR_Row_Live__Protests___Politics_Over_Poll_Panel___Govt_VS_Oppn___CEC___Rahul_G.mp4,2007,13859.733,13861.467,1.734,Title Card,78.0,"Title Card: headline=0.3349, textcov=0.5575, stability=0.84"
SIR_Row_Live__Protests___Politics_Over_Poll_Panel___Govt_VS_Oppn___CEC___Rahul_G.mp4,2008,13861.533,13869.333,7.8,Title Card,78.0,"Title Card: headline=0.6657, textcov=0.7688, stability=0.92"
SIR_Row_Live__Protests___Politics_Over_Poll_Panel___Govt_VS_Oppn___CEC___Rahul_G.mp4,2009,13869.4,13875.733,6.333,B-Roll,70.0,"B-Roll: motion=0.0489, edge=0.1444, face_area=0.0000, symmetry=0.91"
SIR_Row_Live__Protests___Politics_Over_Poll_Panel___Govt_VS_Oppn___CEC___Rahul_G.mp4,2010,13875.8,13880.733,4.933,B-Roll,70.0,"B-Roll: motion=0.0417, edge=0.1543, face_area=0.0000, symmetry=0.97"
SIR_Row_Live__Protests___Politics_Over_Poll_Panel___Govt_VS_Oppn___CEC___Rahul_G.mp4,2011,13880.8,13884.333,3.533,B-Roll,70.0,"B-Roll: motion=0.1209, edge=0.0833, face_area=0.0000, symmetry=0.89"
SIR_Row_Live__Protests___Politics_Over_Poll_Panel___Govt_VS_Oppn___CEC___Rahul_G.mp4,2012,13884.4,13886.467,2.067,Anchor Studio,74.0,"Anchor Studio: stable=0.15, symmetry=0.93, centered=True, faces=1, face_area=0.0009"
SIR_Row_Live__Protests___Politics_Over_Poll_Panel___Govt_VS_Oppn___CEC___Rahul_G.mp4,2013,13886.533,13889.267,2.734,Anchor Studio,82.0,"Anchor Studio: stable=0.80, symmetry=0.91, centered=False, faces=1, face_area=0.0483"
SIR_Row_Live__Protests___Politics_Over_Poll_Panel___Govt_VS_Oppn___CEC___Rahul_G.mp4,2014,13889.333,13889.867,0.534,Anchor Studio,82.0,"Anchor Studio: stable=0.79, symmetry=0.90, centered=False, faces=1, face_area=0.0235"
SIR_Row_Live__Protests___Politics_Over_Poll_Panel___Govt_VS_Oppn___CEC___Rahul_G.mp4,2015,13889.933,13891.733,1.8,Anchor Studio,84.0,"Anchor Studio: stable=0.85, symmetry=0.91, centered=True, faces=1, face_area=0.0032"
SIR_Row_Live__Protests___Politics_Over_Poll_Panel___Govt_VS_Oppn___CEC___Rahul_G.mp4,2016,13891.8,13893.467,1.667,Anchor Studio,84.0,"Anchor Studio: stable=0.85, symmetry=0.92, centered=True, faces=1, face_area=0.0099"
SIR_Row_Live__Protests___Politics_Over_Poll_Panel___Govt_VS_Oppn___CEC___Rahul_G.mp4,2017,13893.533,13895.867,2.334,Anchor Studio,94.0,"Anchor Studio: stable=0.76, symmetry=0.98, centered=True, faces=1, face_area=0.0181"
SIR_Row_Live__Protests___Politics_Over_Poll_Panel___Govt_VS_Oppn___CEC___Rahul_G.mp4,2018,13895.933,13900.067,4.134,Anchor Studio,94.0,"Anchor Studio: stable=0.76, symmetry=0.83, centered=True, faces=2, face_area=0.0178"
SIR_Row_Live__Protests___Politics_Over_Poll_Panel___Govt_VS_Oppn___CEC___Rahul_G.mp4,2019,13900.133,13907.733,7.6,Anchor Studio,84.0,"Anchor Studio: stable=0.69, symmetry=0.88, centered=True, faces=2, face_area=0.0208"
SIR_Row_Live__Protests___Politics_Over_Poll_Panel___Govt_VS_Oppn___CEC___Rahul_G.mp4,2020,13907.8,13912.867,5.067,Anchor Studio,94.0,"Anchor Studio: stable=0.79, symmetry=0.89, centered=True, faces=1, face_area=0.0111"
SIR_Row_Live__Protests___Politics_Over_Poll_Panel___Govt_VS_Oppn___CEC___Rahul_G.mp4,2021,13912.933,13913.867,0.934,Anchor Studio,74.0,"Anchor Studio: stable=0.74, symmetry=0.94, centered=True, faces=1, face_area=0.0036"
SIR_Row_Live__Protests___Politics_Over_Poll_Panel___Govt_VS_Oppn___CEC___Rahul_G.mp4,2022,13913.933,13917.467,3.534,Anchor Studio,84.0,"Anchor Studio: stable=0.74, symmetry=0.96, centered=True, faces=2, face_area=0.0201"
SIR_Row_Live__Protests___Politics_Over_Poll_Panel___Govt_VS_Oppn___CEC___Rahul_G.mp4,2023,13917.533,13919.0,1.467,Title Card,78.0,"Title Card: headline=0.2277, textcov=0.4379, stability=0.86"
SIR_Row_Live__Protests___Politics_Over_Poll_Panel___Govt_VS_Oppn___CEC___Rahul_G.mp4,2024,13919.067,13920.733,1.666,B-Roll,70.0,"B-Roll: motion=0.0264, edge=0.0842, face_area=0.0000, symmetry=0.90"
SIR_Row_Live__Protests___Politics_Over_Poll_Panel___Govt_VS_Oppn___CEC___Rahul_G.mp4,2025,13920.8,13923.6,2.8,Title Card,78.0,"Title Card: headline=0.3198, textcov=0.5005, stability=0.87"
SIR_Row_Live__Protests___Politics_Over_Poll_Panel___Govt_VS_Oppn___CEC___Rahul_G.mp4,2026,13923.667,13924.933,1.266,Title Card,78.0,"Title Card: headline=0.2063, textcov=0.3369, stability=0.84"
SIR_Row_Live__Protests___Politics_Over_Poll_Panel___Govt_VS_Oppn___CEC___Rahul_G.mp4,2027,13925.0,13927.2,2.2,B-Roll,70.0,"B-Roll: motion=0.0295, edge=0.1124, face_area=0.0000, symmetry=0.82"
SIR_Row_Live__Protests___Politics_Over_Poll_Panel___Govt_VS_Oppn___CEC___Rahul_G.mp4,2028,13927.267,13932.067,4.8,Anchor Studio,94.0,"Anchor Studio: stable=0.88, symmetry=0.80, centered=True, faces=2, face_area=0.0260"
SIR_Row_Live__Protests___Politics_Over_Poll_Panel___Govt_VS_Oppn___CEC___Rahul_G.mp4,2029,13932.133,13932.667,0.534,Anchor Studio,82.0,"Anchor Studio: stable=0.81, symmetry=0.78, centered=True, faces=1, face_area=0.0191"
SIR_Row_Live__Protests___Politics_Over_Poll_Panel___Govt_VS_Oppn___CEC___Rahul_G.mp4,2030,13932.733,13937.4,4.667,Anchor Studio,84.0,"Anchor Studio: stable=0.76, symmetry=0.94, centered=True, faces=1, face_area=0.0060"
SIR_Row_Live__Protests___Politics_Over_Poll_Panel___Govt_VS_Oppn___CEC___Rahul_G.mp4,2031,13937.467,13940.467,3.0,B-Roll,70.0,"B-Roll: motion=0.0282, edge=0.1216, face_area=0.0000, symmetry=0.94"
SIR_Row_Live__Protests___Politics_Over_Poll_Panel___Govt_VS_Oppn___CEC___Rahul_G.mp4,2032,13940.533,13941.6,1.067,B-Roll,70.0,"B-Roll: motion=0.0448, edge=0.1987, face_area=0.0000, symmetry=0.87"
SIR_Row_Live__Protests___Politics_Over_Poll_Panel___Govt_VS_Oppn___CEC___Rahul_G.mp4,2033,13941.667,13942.733,1.066,B-Roll,70.0,"B-Roll: motion=0.0430, edge=0.1899, face_area=0.0000, symmetry=0.85"
SIR_Row_Live__Protests___Politics_Over_Poll_Panel___Govt_VS_Oppn___CEC___Rahul_G.mp4,2034,13942.8,13945.933,3.133,B-Roll,70.0,"B-Roll: motion=0.0632, edge=0.1608, face_area=0.0000, symmetry=0.94"
SIR_Row_Live__Protests___Politics_Over_Poll_Panel___Govt_VS_Oppn___CEC___Rahul_G.mp4,2035,13946.0,13952.533,6.533,Anchor Studio,74.0,"Anchor Studio: stable=0.36, symmetry=0.93, centered=True, faces=1, face_area=0.0014"
SIR_Row_Live__Protests___Politics_Over_Poll_Panel___Govt_VS_Oppn___CEC___Rahul_G.mp4,2036,13952.6,13959.533,6.933,Anchor Studio,94.0,"Anchor Studio: stable=0.87, symmetry=0.88, centered=True, faces=1, face_area=0.0256"
SIR_Row_Live__Protests___Politics_Over_Poll_Panel___Govt_VS_Oppn___CEC___Rahul_G.mp4,2037,13959.6,13979.467,19.867,Anchor Studio,94.0,"Anchor Studio: stable=0.89, symmetry=0.88, centered=True, faces=4, face_area=0.1249"
SIR_Row_Live__Protests___Politics_Over_Poll_Panel___Govt_VS_Oppn___CEC___Rahul_G.mp4,2038,13979.533,14002.933,23.4,Anchor Studio,94.0,"Anchor Studio: stable=0.91, symmetry=0.87, centered=True, faces=4, face_area=0.1451"
SIR_Row_Live__Protests___Politics_Over_Poll_Panel___Govt_VS_Oppn___CEC___Rahul_G.mp4,2039,14003.0,14008.267,5.267,Anchor Studio,94.0,"Anchor Studio: stable=0.94, symmetry=0.90, centered=True, faces=4, face_area=0.1470"
SIR_Row_Live__Protests___Politics_Over_Poll_Panel___Govt_VS_Oppn___CEC___Rahul_G.mp4,2040,14008.333,14009.0,0.667,Anchor Studio,72.0,"Anchor Studio: stable=0.48, symmetry=0.73, centered=True, faces=2, face_area=0.0203"
SIR_Row_Live__Protests___Politics_Over_Poll_Panel___Govt_VS_Oppn___CEC___Rahul_G.mp4,2041,14009.067,14036.467,27.4,Anchor Studio,84.0,"Anchor Studio: stable=0.88, symmetry=0.90, centered=True, faces=1, face_area=0.0020"
SIR_Row_Live__Protests___Politics_Over_Poll_Panel___Govt_VS_Oppn___CEC___Rahul_G.mp4,2042,14036.533,14039.933,3.4,Anchor Studio,94.0,"Anchor Studio: stable=0.80, symmetry=0.90, centered=True, faces=1, face_area=0.0148"
SIR_Row_Live__Protests___Politics_Over_Poll_Panel___Govt_VS_Oppn___CEC___Rahul_G.mp4,2043,14040.0,14042.867,2.867,Anchor Studio,94.0,"Anchor Studio: stable=0.89, symmetry=0.97, centered=True, faces=1, face_area=0.0199"
SIR_Row_Live__Protests___Politics_Over_Poll_Panel___Govt_VS_Oppn___CEC___Rahul_G.mp4,2044,14042.933,14044.333,1.4,Anchor Studio,94.0,"Anchor Studio: stable=0.85, symmetry=0.96, centered=True, faces=1, face_area=0.0192"
SIR_Row_Live__Protests___Politics_Over_Poll_Panel___Govt_VS_Oppn___CEC___Rahul_G.mp4,2045,14044.4,14044.933,0.533,Anchor Studio,94.0,"Anchor Studio: stable=0.93, symmetry=0.97, centered=True, faces=1, face_area=0.0190"
SIR_Row_Live__Protests___Politics_Over_Poll_Panel___Govt_VS_Oppn___CEC___Rahul_G.mp4,2046,14045.0,14046.533,1.533,Anchor Studio,94.0,"Anchor Studio: stable=0.92, symmetry=0.91, centered=True, faces=1, face_area=0.0104"
SIR_Row_Live__Protests___Politics_Over_Poll_Panel___Govt_VS_Oppn___CEC___Rahul_G.mp4,2047,14046.6,14056.6,10.0,Anchor Studio,94.0,"Anchor Studio: stable=0.89, symmetry=0.91, centered=True, faces=1, face_area=0.0187"
SIR_Row_Live__Protests___Politics_Over_Poll_Panel___Govt_VS_Oppn___CEC___Rahul_G.mp4,2048,14056.667,14057.533,0.866,Anchor Studio,94.0,"Anchor Studio: stable=0.80, symmetry=0.95, centered=True, faces=1, face_area=0.0196"
SIR_Row_Live__Protests___Politics_Over_Poll_Panel___Govt_VS_Oppn___CEC___Rahul_G.mp4,2049,14057.6,14068.533,10.933,Anchor Studio,94.0,"Anchor Studio: stable=0.91, symmetry=0.95, centered=True, faces=1, face_area=0.0160"
SIR_Row_Live__Protests___Politics_Over_Poll_Panel___Govt_VS_Oppn___CEC___Rahul_G.mp4,2050,14068.6,14075.0,6.4,Anchor Studio,94.0,"Anchor Studio: stable=0.84, symmetry=0.97, centered=True, faces=2, face_area=0.0310"
SIR_Row_Live__Protests___Politics_Over_Poll_Panel___Govt_VS_Oppn___CEC___Rahul_G.mp4,2051,14075.067,14089.2,14.133,Anchor Studio,94.0,"Anchor Studio: stable=0.92, symmetry=0.94, centered=True, faces=1, face_area=0.0137"
SIR_Row_Live__Protests___Politics_Over_Poll_Panel___Govt_VS_Oppn___CEC___Rahul_G.mp4,2052,14089.267,14090.133,0.866,Anchor Studio,94.0,"Anchor Studio: stable=0.88, symmetry=0.97, centered=True, faces=1, face_area=0.0193"
SIR_Row_Live__Protests___Politics_Over_Poll_Panel___Govt_VS_Oppn___CEC___Rahul_G.mp4,2053,14090.2,14097.533,7.333,Anchor Studio,94.0,"Anchor Studio: stable=0.92, symmetry=0.94, centered=True, faces=1, face_area=0.0193"
SIR_Row_Live__Protests___Politics_Over_Poll_Panel___Govt_VS_Oppn___CEC___Rahul_G.mp4,2054,14097.6,14144.667,47.067,Anchor Studio,94.0,"Anchor Studio: stable=0.93, symmetry=0.95, centered=True, faces=1, face_area=0.0170"
SIR_Row_Live__Protests___Politics_Over_Poll_Panel___Govt_VS_Oppn___CEC___Rahul_G.mp4,2055,14144.733,14145.333,0.6,Title Card,64.0,"Title Card: headline=0.9292, textcov=1.0682, stability=0.55"
SIR_Row_Live__Protests___Politics_Over_Poll_Panel___Govt_VS_Oppn___CEC___Rahul_G.mp4,2056,14145.4,14158.933,13.533,Title Card,78.0,"Title Card: headline=0.7940, textcov=0.9488, stability=0.89"
SIR_Row_Live__Protests___Politics_Over_Poll_Panel___Govt_VS_Oppn___CEC___Rahul_G.mp4,2057,14159.0,14171.133,12.133,Anchor Studio,84.0,"Anchor Studio: stable=0.88, symmetry=0.92, centered=True, faces=1, face_area=0.0059"
SIR_Row_Live__Protests___Politics_Over_Poll_Panel___Govt_VS_Oppn___CEC___Rahul_G.mp4,2058,14171.2,14247.2,76.0,Anchor Studio,82.0,"Anchor Studio: stable=0.91, symmetry=0.92, centered=False, faces=2, face_area=0.0162"
SIR_Row_Live__Protests___Politics_Over_Poll_Panel___Govt_VS_Oppn___CEC___Rahul_G.mp4,2059,14247.267,14252.933,5.666,Field Report,68.0,"Field Report: motion=0.0302, faces=1, centered=False, symmetry=0.83"
SIR_Row_Live__Protests___Politics_Over_Poll_Panel___Govt_VS_Oppn___CEC___Rahul_G.mp4,2060,14253.0,14277.667,24.667,Anchor Studio,94.0,"Anchor Studio: stable=0.85, symmetry=0.80, centered=True, faces=2, face_area=0.0149"
SIR_Row_Live__Protests___Politics_Over_Poll_Panel___Govt_VS_Oppn___CEC___Rahul_G.mp4,2061,14277.733,14279.933,2.2,Title Card,74.0,"Title Card: headline=0.3695, textcov=0.5373, stability=0.81"
SIR_Row_Live__Protests___Politics_Over_Poll_Panel___Govt_VS_Oppn___CEC___Rahul_G.mp4,2062,14280.0,14302.467,22.467,Title Card,78.0,"Title Card: headline=0.8473, textcov=0.9506, stability=0.90"
SIR_Row_Live__Protests___Politics_Over_Poll_Panel___Govt_VS_Oppn___CEC___Rahul_G.mp4,2063,14302.533,14332.533,30.0,Anchor Studio,84.0,"Anchor Studio: stable=0.90, symmetry=0.80, centered=True, faces=1, face_area=0.0001"
SIR_Row_Live__Protests___Politics_Over_Poll_Panel___Govt_VS_Oppn___CEC___Rahul_G.mp4,2064,14332.6,14336.6,4.0,Title Card,78.0,"Title Card: headline=1.0086, textcov=1.1417, stability=0.87"
SIR_Row_Live__Protests___Politics_Over_Poll_Panel___Govt_VS_Oppn___CEC___Rahul_G.mp4,2065,14336.667,14384.667,48.0,Anchor Studio,94.0,"Anchor Studio: stable=0.91, symmetry=0.84, centered=True, faces=2, face_area=0.0202"
SIR_Row_Live__Protests___Politics_Over_Poll_Panel___Govt_VS_Oppn___CEC___Rahul_G.mp4,2066,14384.733,14389.467,4.734,Title Card,78.0,"Title Card: headline=0.9656, textcov=1.0154, stability=0.86"
SIR_Row_Live__Protests___Politics_Over_Poll_Panel___Govt_VS_Oppn___CEC___Rahul_G.mp4,2067,14389.533,14394.0,4.467,Title Card,78.0,"Title Card: headline=0.9724, textcov=1.0065, stability=0.81"
SIR_Row_Live__Protests___Politics_Over_Poll_Panel___Govt_VS_Oppn___CEC___Rahul_G.mp4,2068,14394.067,14395.333,1.266,Title Card,78.0,"Title Card: headline=1.0350, textcov=1.1567, stability=0.85"
SIR_Row_Live__Protests___Politics_Over_Poll_Panel___Govt_VS_Oppn___CEC___Rahul_G.mp4,2069,14395.4,14399.0,3.6,Title Card,78.0,"Title Card: headline=1.2353, textcov=1.2795, stability=0.88"
SIR_Row_Live__Protests___Politics_Over_Poll_Panel___Govt_VS_Oppn___CEC___Rahul_G.mp4,2070,14399.067,14401.933,2.866,Title Card,68.0,"Title Card: headline=0.8672, textcov=0.9319, stability=0.77"
SIR_Row_Live__Protests___Politics_Over_Poll_Panel___Govt_VS_Oppn___CEC___Rahul_G.mp4,2071,14402.0,14403.933,1.933,Title Card,78.0,"Title Card: headline=0.8783, textcov=0.9238, stability=0.81"
SIR_Row_Live__Protests___Politics_Over_Poll_Panel___Govt_VS_Oppn___CEC___Rahul_G.mp4,2072,14404.0,14406.267,2.267,Title Card,78.0,"Title Card: headline=0.8971, textcov=0.9752, stability=0.88"
SIR_Row_Live__Protests___Politics_Over_Poll_Panel___Govt_VS_Oppn___CEC___Rahul_G.mp4,2073,14406.333,14408.933,2.6,Title Card,78.0,"Title Card: headline=0.8802, textcov=0.9271, stability=0.82"
SIR_Row_Live__Protests___Politics_Over_Poll_Panel___Govt_VS_Oppn___CEC___Rahul_G.mp4,2074,14409.0,14413.533,4.533,Title Card,78.0,"Title Card: headline=1.0319, textcov=1.0645, stability=0.86"
SIR_Row_Live__Protests___Politics_Over_Poll_Panel___Govt_VS_Oppn___CEC___Rahul_G.mp4,2075,14413.6,14417.333,3.733,Title Card,78.0,"Title Card: headline=1.1334, textcov=1.1592, stability=0.85"
SIR_Row_Live__Protests___Politics_Over_Poll_Panel___Govt_VS_Oppn___CEC___Rahul_G.mp4,2076,14417.4,14417.933,0.533,Title Card,68.0,"Title Card: headline=1.4428, textcov=1.5118, stability=0.79"
SIR_Row_Live__Protests___Politics_Over_Poll_Panel___Govt_VS_Oppn___CEC___Rahul_G.mp4,2077,14418.0,14435.0,17.0,Anchor Studio,84.0,"Anchor Studio: stable=0.90, symmetry=0.87, centered=True, faces=1, face_area=0.0034"
SIR_Row_Live__Protests___Politics_Over_Poll_Panel___Govt_VS_Oppn___CEC___Rahul_G.mp4,2078,14435.067,14439.0,3.933,Title Card,78.0,"Title Card: headline=1.1296, textcov=1.1919, stability=0.89"
SIR_Row_Live__Protests___Politics_Over_Poll_Panel___Govt_VS_Oppn___CEC___Rahul_G.mp4,2079,14439.067,14449.0,9.933,Title Card,78.0,"Title Card: headline=1.0996, textcov=1.2100, stability=0.93"
SIR_Row_Live__Protests___Politics_Over_Poll_Panel___Govt_VS_Oppn___CEC___Rahul_G.mp4,2080,14449.067,14452.333,3.266,Title Card,78.0,"Title Card: headline=0.6459, textcov=0.7729, stability=0.80"
SIR_Row_Live__Protests___Politics_Over_Poll_Panel___Govt_VS_Oppn___CEC___Rahul_G.mp4,2081,14452.4,14453.533,1.133,B-Roll,70.0,"B-Roll: motion=0.0752, edge=0.1385, face_area=0.0000, symmetry=0.95"
SIR_Row_Live__Protests___Politics_Over_Poll_Panel___Govt_VS_Oppn___CEC___Rahul_G.mp4,2082,14453.6,14454.533,0.933,Title Card,78.0,"Title Card: headline=0.8664, textcov=0.9555, stability=0.88"
SIR_Row_Live__Protests___Politics_Over_Poll_Panel___Govt_VS_Oppn___CEC___Rahul_G.mp4,2083,14454.6,14455.933,1.333,Title Card,78.0,"Title Card: headline=0.8899, textcov=1.0204, stability=0.89"
SIR_Row_Live__Protests___Politics_Over_Poll_Panel___Govt_VS_Oppn___CEC___Rahul_G.mp4,2084,14456.0,14463.467,7.467,Title Card,78.0,"Title Card: headline=0.9485, textcov=1.0814, stability=0.90"
SIR_Row_Live__Protests___Politics_Over_Poll_Panel___Govt_VS_Oppn___CEC___Rahul_G.mp4,2085,14463.533,14464.067,0.534,Title Card,78.0,"Title Card: headline=0.7738, textcov=0.9747, stability=0.91"
SIR_Row_Live__Protests___Politics_Over_Poll_Panel___Govt_VS_Oppn___CEC___Rahul_G.mp4,2086,14464.133,14465.067,0.934,B-Roll,70.0,"B-Roll: motion=0.0759, edge=0.1498, face_area=0.0035, symmetry=0.97"
SIR_Row_Live__Protests___Politics_Over_Poll_Panel___Govt_VS_Oppn___CEC___Rahul_G.mp4,2087,14465.133,14470.133,5.0,Anchor Studio,94.0,"Anchor Studio: stable=0.85, symmetry=0.98, centered=True, faces=2, face_area=0.0453"
SIR_Row_Live__Protests___Politics_Over_Poll_Panel___Govt_VS_Oppn___CEC___Rahul_G.mp4,2088,14470.2,14471.933,1.733,Anchor Studio,94.0,"Anchor Studio: stable=0.83, symmetry=0.99, centered=True, faces=2, face_area=0.0512"
SIR_Row_Live__Protests___Politics_Over_Poll_Panel___Govt_VS_Oppn___CEC___Rahul_G.mp4,2089,14472.0,14473.0,1.0,Anchor Studio,94.0,"Anchor Studio: stable=0.89, symmetry=1.00, centered=True, faces=3, face_area=0.1030"
SIR_Row_Live__Protests___Politics_Over_Poll_Panel___Govt_VS_Oppn___CEC___Rahul_G.mp4,2090,14473.067,14476.333,3.266,Anchor Studio,94.0,"Anchor Studio: stable=0.92, symmetry=0.99, centered=True, faces=2, face_area=0.0396"
SIR_Row_Live__Protests___Politics_Over_Poll_Panel___Govt_VS_Oppn___CEC___Rahul_G.mp4,2091,14476.4,14481.133,4.733,Anchor Studio,94.0,"Anchor Studio: stable=0.86, symmetry=0.98, centered=True, faces=2, face_area=0.0502"
SIR_Row_Live__Protests___Politics_Over_Poll_Panel___Govt_VS_Oppn___CEC___Rahul_G.mp4,2092,14481.2,14482.533,1.333,Anchor Studio,94.0,"Anchor Studio: stable=0.89, symmetry=0.98, centered=True, faces=2, face_area=0.0491"
SIR_Row_Live__Protests___Politics_Over_Poll_Panel___Govt_VS_Oppn___CEC___Rahul_G.mp4,2093,14482.6,14485.933,3.333,Anchor Studio,94.0,"Anchor Studio: stable=0.83, symmetry=0.98, centered=True, faces=2, face_area=0.0405"
SIR_Row_Live__Protests___Politics_Over_Poll_Panel___Govt_VS_Oppn___CEC___Rahul_G.mp4,2094,14486.0,14490.2,4.2,Anchor Studio,94.0,"Anchor Studio: stable=0.83, symmetry=0.95, centered=True, faces=3, face_area=0.0571"
SIR_Row_Live__Protests___Politics_Over_Poll_Panel___Govt_VS_Oppn___CEC___Rahul_G.mp4,2095,14490.267,14492.6,2.333,Anchor Studio,94.0,"Anchor Studio: stable=0.85, symmetry=0.95, centered=True, faces=2, face_area=0.0275"
SIR_Row_Live__Protests___Politics_Over_Poll_Panel___Govt_VS_Oppn___CEC___Rahul_G.mp4,2096,14492.667,14512.533,19.866,Title Card,78.0,"Title Card: headline=1.0366, textcov=1.1615, stability=0.93"
SIR_Row_Live__Protests___Politics_Over_Poll_Panel___Govt_VS_Oppn___CEC___Rahul_G.mp4,2097,14512.6,14515.467,2.867,Title Card,68.0,"Title Card: headline=0.5114, textcov=0.7087, stability=0.76"
SIR_Row_Live__Protests___Politics_Over_Poll_Panel___Govt_VS_Oppn___CEC___Rahul_G.mp4,2098,14515.533,14528.667,13.134,Title Card,78.0,"Title Card: headline=0.8944, textcov=1.0575, stability=0.91"
SIR_Row_Live__Protests___Politics_Over_Poll_Panel___Govt_VS_Oppn___CEC___Rahul_G.mp4,2099,14528.733,14529.4,0.667,B-Roll,70.0,"B-Roll: motion=0.0490, edge=0.0960, face_area=0.0000, symmetry=0.75"
SIR_Row_Live__Protests___Politics_Over_Poll_Panel___Govt_VS_Oppn___CEC___Rahul_G.mp4,2100,14529.467,14534.733,5.266,Title Card,78.0,"Title Card: headline=1.1000, textcov=1.2451, stability=0.89"
SIR_Row_Live__Protests___Politics_Over_Poll_Panel___Govt_VS_Oppn___CEC___Rahul_G.mp4,2101,14534.8,14552.267,17.467,Title Card,78.0,"Title Card: headline=0.9412, textcov=1.0738, stability=0.92"
SIR_Row_Live__Protests___Politics_Over_Poll_Panel___Govt_VS_Oppn___CEC___Rahul_G.mp4,2102,14552.333,14573.733,21.4,Anchor Studio,84.0,"Anchor Studio: stable=0.88, symmetry=0.87, centered=True, faces=1, face_area=0.0027"
SIR_Row_Live__Protests___Politics_Over_Poll_Panel___Govt_VS_Oppn___CEC___Rahul_G.mp4,2103,14573.8,14589.733,15.933,Anchor Studio,94.0,"Anchor Studio: stable=0.85, symmetry=0.87, centered=True, faces=1, face_area=0.0193"
SIR_Row_Live__Protests___Politics_Over_Poll_Panel___Govt_VS_Oppn___CEC___Rahul_G.mp4,2104,14589.8,14647.867,58.067,Anchor Studio,84.0,"Anchor Studio: stable=0.88, symmetry=0.85, centered=True, faces=1, face_area=0.0035"
SIR_Row_Live__Protests___Politics_Over_Poll_Panel___Govt_VS_Oppn___CEC___Rahul_G.mp4,2105,14647.933,14684.933,37.0,Anchor Studio,84.0,"Anchor Studio: stable=0.82, symmetry=0.84, centered=True, faces=1, face_area=0.0042"
SIR_Row_Live__Protests___Politics_Over_Poll_Panel___Govt_VS_Oppn___CEC___Rahul_G.mp4,2106,14685.0,14714.133,29.133,Anchor Studio,94.0,"Anchor Studio: stable=0.87, symmetry=0.86, centered=True, faces=1, face_area=0.0208"
SIR_Row_Live__Protests___Politics_Over_Poll_Panel___Govt_VS_Oppn___CEC___Rahul_G.mp4,2107,14714.2,14715.067,0.867,B-Roll,70.0,"B-Roll: motion=0.0404, edge=0.1068, face_area=0.0000, symmetry=0.85"
SIR_Row_Live__Protests___Politics_Over_Poll_Panel___Govt_VS_Oppn___CEC___Rahul_G.mp4,2108,14715.133,14717.4,2.267,Anchor Studio,82.0,"Anchor Studio: stable=0.75, symmetry=0.99, centered=False, faces=1, face_area=0.0167"
SIR_Row_Live__Protests___Politics_Over_Poll_Panel___Govt_VS_Oppn___CEC___Rahul_G.mp4,2109,14717.467,14722.4,4.933,Anchor Studio,82.0,"Anchor Studio: stable=0.85, symmetry=0.91, centered=False, faces=1, face_area=0.0213"
SIR_Row_Live__Protests___Politics_Over_Poll_Panel___Govt_VS_Oppn___CEC___Rahul_G.mp4,2110,14722.467,14726.933,4.466,Anchor Studio,82.0,"Anchor Studio: stable=0.80, symmetry=0.95, centered=False, faces=1, face_area=0.0211"
SIR_Row_Live__Protests___Politics_Over_Poll_Panel___Govt_VS_Oppn___CEC___Rahul_G.mp4,2111,14727.0,14728.867,1.867,Anchor Studio,82.0,"Anchor Studio: stable=0.85, symmetry=0.94, centered=False, faces=1, face_area=0.0211"
SIR_Row_Live__Protests___Politics_Over_Poll_Panel___Govt_VS_Oppn___CEC___Rahul_G.mp4,2112,14728.933,14731.933,3.0,Anchor Studio,82.0,"Anchor Studio: stable=0.85, symmetry=0.95, centered=False, faces=1, face_area=0.0186"
SIR_Row_Live__Protests___Politics_Over_Poll_Panel___Govt_VS_Oppn___CEC___Rahul_G.mp4,2113,14732.0,14733.533,1.533,Anchor Studio,82.0,"Anchor Studio: stable=0.84, symmetry=0.95, centered=False, faces=1, face_area=0.0199"
SIR_Row_Live__Protests___Politics_Over_Poll_Panel___Govt_VS_Oppn___CEC___Rahul_G.mp4,2114,14733.6,14736.933,3.333,Anchor Studio,82.0,"Anchor Studio: stable=0.84, symmetry=0.95, centered=False, faces=1, face_area=0.0217"
SIR_Row_Live__Protests___Politics_Over_Poll_Panel___Govt_VS_Oppn___CEC___Rahul_G.mp4,2115,14737.0,14741.933,4.933,Anchor Studio,82.0,"Anchor Studio: stable=0.87, symmetry=0.95, centered=False, faces=1, face_area=0.0177"
SIR_Row_Live__Protests___Politics_Over_Poll_Panel___Govt_VS_Oppn___CEC___Rahul_G.mp4,2116,14742.0,14746.467,4.467,Anchor Studio,82.0,"Anchor Studio: stable=0.76, symmetry=0.95, centered=False, faces=1, face_area=0.0141"
SIR_Row_Live__Protests___Politics_Over_Poll_Panel___Govt_VS_Oppn___CEC___Rahul_G.mp4,2117,14746.533,14755.133,8.6,Anchor Studio,94.0,"Anchor Studio: stable=0.86, symmetry=0.94, centered=True, faces=2, face_area=0.0154"
SIR_Row_Live__Protests___Politics_Over_Poll_Panel___Govt_VS_Oppn___CEC___Rahul_G.mp4,2118,14755.2,14758.133,2.933,Anchor Studio,94.0,"Anchor Studio: stable=0.87, symmetry=0.99, centered=True, faces=2, face_area=0.0173"
SIR_Row_Live__Protests___Politics_Over_Poll_Panel___Govt_VS_Oppn___CEC___Rahul_G.mp4,2119,14758.2,14764.8,6.6,Anchor Studio,94.0,"Anchor Studio: stable=0.77, symmetry=0.91, centered=True, faces=2, face_area=0.0131"
SIR_Row_Live__Protests___Politics_Over_Poll_Panel___Govt_VS_Oppn___CEC___Rahul_G.mp4,2120,14764.867,14770.467,5.6,Anchor Studio,94.0,"Anchor Studio: stable=0.79, symmetry=0.96, centered=True, faces=2, face_area=0.0239"
SIR_Row_Live__Protests___Politics_Over_Poll_Panel___Govt_VS_Oppn___CEC___Rahul_G.mp4,2121,14770.533,14771.2,0.667,Anchor Studio,94.0,"Anchor Studio: stable=0.90, symmetry=0.99, centered=True, faces=1, face_area=0.0244"
SIR_Row_Live__Protests___Politics_Over_Poll_Panel___Govt_VS_Oppn___CEC___Rahul_G.mp4,2122,14771.267,14777.533,6.266,Anchor Studio,94.0,"Anchor Studio: stable=0.86, symmetry=0.98, centered=True, faces=2, face_area=0.0219"
SIR_Row_Live__Protests___Politics_Over_Poll_Panel___Govt_VS_Oppn___CEC___Rahul_G.mp4,2123,14777.6,14780.467,2.867,Anchor Studio,94.0,"Anchor Studio: stable=0.77, symmetry=0.97, centered=True, faces=2, face_area=0.0259"
SIR_Row_Live__Protests___Politics_Over_Poll_Panel___Govt_VS_Oppn___CEC___Rahul_G.mp4,2124,14780.533,14784.533,4.0,Anchor Studio,94.0,"Anchor Studio: stable=0.87, symmetry=0.93, centered=True, faces=2, face_area=0.0303"
SIR_Row_Live__Protests___Politics_Over_Poll_Panel___Govt_VS_Oppn___CEC___Rahul_G.mp4,2125,14784.6,14785.2,0.6,Anchor Studio,94.0,"Anchor Studio: stable=0.80, symmetry=0.85, centered=True, faces=1, face_area=0.0240"
SIR_Row_Live__Protests___Politics_Over_Poll_Panel___Govt_VS_Oppn___CEC___Rahul_G.mp4,2126,14785.267,14786.333,1.066,Anchor Studio,94.0,"Anchor Studio: stable=0.83, symmetry=0.85, centered=True, faces=1, face_area=0.0244"
SIR_Row_Live__Protests___Politics_Over_Poll_Panel___Govt_VS_Oppn___CEC___Rahul_G.mp4,2127,14786.4,14788.933,2.533,Anchor Studio,94.0,"Anchor Studio: stable=0.79, symmetry=0.95, centered=True, faces=1, face_area=0.0169"
SIR_Row_Live__Protests___Politics_Over_Poll_Panel___Govt_VS_Oppn___CEC___Rahul_G.mp4,2128,14789.0,14791.667,2.667,Anchor Studio,94.0,"Anchor Studio: stable=0.82, symmetry=0.96, centered=True, faces=2, face_area=0.0317"
SIR_Row_Live__Protests___Politics_Over_Poll_Panel___Govt_VS_Oppn___CEC___Rahul_G.mp4,2129,14791.733,14795.333,3.6,Anchor Studio,94.0,"Anchor Studio: stable=0.86, symmetry=0.98, centered=True, faces=2, face_area=0.0243"
SIR_Row_Live__Protests___Politics_Over_Poll_Panel___Govt_VS_Oppn___CEC___Rahul_G.mp4,2130,14795.4,14796.067,0.667,Anchor Studio,94.0,"Anchor Studio: stable=0.81, symmetry=0.98, centered=True, faces=2, face_area=0.0414"
SIR_Row_Live__Protests___Politics_Over_Poll_Panel___Govt_VS_Oppn___CEC___Rahul_G.mp4,2131,14796.133,14800.4,4.267,Anchor Studio,94.0,"Anchor Studio: stable=0.83, symmetry=0.99, centered=True, faces=2, face_area=0.0194"
SIR_Row_Live__Protests___Politics_Over_Poll_Panel___Govt_VS_Oppn___CEC___Rahul_G.mp4,2132,14800.467,14801.733,1.266,Anchor Studio,84.0,"Anchor Studio: stable=0.77, symmetry=0.98, centered=True, faces=1, face_area=0.0011"
SIR_Row_Live__Protests___Politics_Over_Poll_Panel___Govt_VS_Oppn___CEC___Rahul_G.mp4,2133,14801.8,14804.933,3.133,Anchor Studio,94.0,"Anchor Studio: stable=0.81, symmetry=0.98, centered=True, faces=2, face_area=0.0239"
SIR_Row_Live__Protests___Politics_Over_Poll_Panel___Govt_VS_Oppn___CEC___Rahul_G.mp4,2134,14805.0,14806.067,1.067,Anchor Studio,94.0,"Anchor Studio: stable=0.84, symmetry=0.99, centered=True, faces=2, face_area=0.0377"
SIR_Row_Live__Protests___Politics_Over_Poll_Panel___Govt_VS_Oppn___CEC___Rahul_G.mp4,2135,14806.133,14810.733,4.6,Anchor Studio,94.0,"Anchor Studio: stable=0.83, symmetry=0.99, centered=True, faces=2, face_area=0.0249"
SIR_Row_Live__Protests___Politics_Over_Poll_Panel___Govt_VS_Oppn___CEC___Rahul_G.mp4,2136,14810.8,14814.867,4.067,Anchor Studio,94.0,"Anchor Studio: stable=0.85, symmetry=0.98, centered=True, faces=2, face_area=0.0220"
SIR_Row_Live__Protests___Politics_Over_Poll_Panel___Govt_VS_Oppn___CEC___Rahul_G.mp4,2137,14814.933,14820.733,5.8,Anchor Studio,94.0,"Anchor Studio: stable=0.81, symmetry=0.97, centered=True, faces=2, face_area=0.0253"
SIR_Row_Live__Protests___Politics_Over_Poll_Panel___Govt_VS_Oppn___CEC___Rahul_G.mp4,2138,14820.8,14822.4,1.6,Anchor Studio,94.0,"Anchor Studio: stable=0.79, symmetry=0.94, centered=True, faces=1, face_area=0.0219"
SIR_Row_Live__Protests___Politics_Over_Poll_Panel___Govt_VS_Oppn___CEC___Rahul_G.mp4,2139,14822.467,14823.133,0.666,Anchor Studio,72.0,"Anchor Studio: stable=0.59, symmetry=0.79, centered=True, faces=2, face_area=0.0147"
SIR_Row_Live__Protests___Politics_Over_Poll_Panel___Govt_VS_Oppn___CEC___Rahul_G.mp4,2140,14823.2,14824.467,1.267,Anchor Studio,74.0,"Anchor Studio: stable=0.66, symmetry=0.87, centered=True, faces=1, face_area=0.0010"
SIR_Row_Live__Protests___Politics_Over_Poll_Panel___Govt_VS_Oppn___CEC___Rahul_G.mp4,2141,14824.533,14828.6,4.067,Anchor Studio,84.0,"Anchor Studio: stable=0.81, symmetry=0.95, centered=True, faces=1, face_area=0.0082"
SIR_Row_Live__Protests___Politics_Over_Poll_Panel___Govt_VS_Oppn___CEC___Rahul_G.mp4,2142,14828.667,14833.6,4.933,Anchor Studio,94.0,"Anchor Studio: stable=0.82, symmetry=0.84, centered=True, faces=2, face_area=0.0177"
SIR_Row_Live__Protests___Politics_Over_Poll_Panel___Govt_VS_Oppn___CEC___Rahul_G.mp4,2143,14833.667,14871.867,38.2,Anchor Studio,84.0,"Anchor Studio: stable=0.84, symmetry=0.93, centered=True, faces=1, face_area=0.0027"
SIR_Row_Live__Protests___Politics_Over_Poll_Panel___Govt_VS_Oppn___CEC___Rahul_G.mp4,2144,14871.933,14899.267,27.334,Anchor Studio,94.0,"Anchor Studio: stable=0.89, symmetry=0.88, centered=True, faces=2, face_area=0.0112"
SIR_Row_Live__Protests___Politics_Over_Poll_Panel___Govt_VS_Oppn___CEC___Rahul_G.mp4,2145,14899.333,14900.933,1.6,Anchor Studio,84.0,"Anchor Studio: stable=0.65, symmetry=0.88, centered=True, faces=4, face_area=0.0622"
SIR_Row_Live__Protests___Politics_Over_Poll_Panel___Govt_VS_Oppn___CEC___Rahul_G.mp4,2146,14901.0,14902.133,1.133,Anchor Studio,94.0,"Anchor Studio: stable=0.84, symmetry=0.89, centered=True, faces=3, face_area=0.1089"
SIR_Row_Live__Protests___Politics_Over_Poll_Panel___Govt_VS_Oppn___CEC___Rahul_G.mp4,2147,14902.2,14902.867,0.667,Anchor Studio,72.0,"Anchor Studio: stable=0.55, symmetry=0.77, centered=True, faces=2, face_area=0.0228"
SIR_Row_Live__Protests___Politics_Over_Poll_Panel___Govt_VS_Oppn___CEC___Rahul_G.mp4,2148,14902.933,14907.133,4.2,Anchor Studio,84.0,"Anchor Studio: stable=0.74, symmetry=0.86, centered=True, faces=2, face_area=0.0414"
SIR_Row_Live__Protests___Politics_Over_Poll_Panel___Govt_VS_Oppn___CEC___Rahul_G.mp4,2149,14907.2,14911.0,3.8,Anchor Studio,94.0,"Anchor Studio: stable=0.88, symmetry=0.99, centered=True, faces=3, face_area=0.1105"
SIR_Row_Live__Protests___Politics_Over_Poll_Panel___Govt_VS_Oppn___CEC___Rahul_G.mp4,2150,14911.067,14920.933,9.866,Anchor Studio,94.0,"Anchor Studio: stable=0.90, symmetry=0.98, centered=True, faces=3, face_area=0.1189"
SIR_Row_Live__Protests___Politics_Over_Poll_Panel___Govt_VS_Oppn___CEC___Rahul_G.mp4,2151,14921.0,14938.133,17.133,Anchor Studio,94.0,"Anchor Studio: stable=0.88, symmetry=0.97, centered=True, faces=4, face_area=0.1162"
SIR_Row_Live__Protests___Politics_Over_Poll_Panel___Govt_VS_Oppn___CEC___Rahul_G.mp4,2152,14938.2,14940.733,2.533,Anchor Studio,94.0,"Anchor Studio: stable=0.90, symmetry=0.95, centered=True, faces=3, face_area=0.1176"
SIR_Row_Live__Protests___Politics_Over_Poll_Panel___Govt_VS_Oppn___CEC___Rahul_G.mp4,2153,14940.8,14941.467,0.667,Anchor Studio,84.0,"Anchor Studio: stable=0.61, symmetry=0.81, centered=True, faces=3, face_area=0.0407"
SIR_Row_Live__Protests___Politics_Over_Poll_Panel___Govt_VS_Oppn___CEC___Rahul_G.mp4,2154,14941.533,14942.667,1.134,Anchor Studio,74.0,"Anchor Studio: stable=0.63, symmetry=0.85, centered=True, faces=2, face_area=0.0083"
SIR_Row_Live__Protests___Politics_Over_Poll_Panel___Govt_VS_Oppn___CEC___Rahul_G.mp4,2155,14942.733,14960.933,18.2,Anchor Studio,94.0,"Anchor Studio: stable=0.90, symmetry=0.84, centered=True, faces=2, face_area=0.0222"
SIR_Row_Live__Protests___Politics_Over_Poll_Panel___Govt_VS_Oppn___CEC___Rahul_G.mp4,2156,14961.0,14966.067,5.067,Anchor Studio,94.0,"Anchor Studio: stable=0.84, symmetry=0.94, centered=True, faces=2, face_area=0.0194"
SIR_Row_Live__Protests___Politics_Over_Poll_Panel___Govt_VS_Oppn___CEC___Rahul_G.mp4,2157,14966.133,14966.667,0.534,Anchor Studio,82.0,"Anchor Studio: stable=0.90, symmetry=0.97, centered=False, faces=1, face_area=0.0187"
SIR_Row_Live__Protests___Politics_Over_Poll_Panel___Govt_VS_Oppn___CEC___Rahul_G.mp4,2158,14966.733,14968.067,1.334,B-Roll,70.0,"B-Roll: motion=0.0693, edge=0.1524, face_area=0.0000, symmetry=0.96"
SIR_Row_Live__Protests___Politics_Over_Poll_Panel___Govt_VS_Oppn___CEC___Rahul_G.mp4,2159,14968.133,14968.733,0.6,Title Card,68.0,"Title Card: headline=0.8641, textcov=0.9549, stability=0.79"
SIR_Row_Live__Protests___Politics_Over_Poll_Panel___Govt_VS_Oppn___CEC___Rahul_G.mp4,2160,14968.8,14970.267,1.467,Anchor Studio,82.0,"Anchor Studio: stable=0.88, symmetry=0.96, centered=False, faces=1, face_area=0.0175"
SIR_Row_Live__Protests___Politics_Over_Poll_Panel___Govt_VS_Oppn___CEC___Rahul_G.mp4,2161,14970.333,14971.067,0.734,Anchor Studio,82.0,"Anchor Studio: stable=0.90, symmetry=0.94, centered=False, faces=1, face_area=0.0225"
SIR_Row_Live__Protests___Politics_Over_Poll_Panel___Govt_VS_Oppn___CEC___Rahul_G.mp4,2162,14971.133,14975.6,4.467,Title Card,74.0,"Title Card: headline=0.8213, textcov=0.9214, stability=0.83"
SIR_Row_Live__Protests___Politics_Over_Poll_Panel___Govt_VS_Oppn___CEC___Rahul_G.mp4,2163,14975.667,14977.933,2.266,Title Card,78.0,"Title Card: headline=0.8836, textcov=0.9820, stability=0.89"
SIR_Row_Live__Protests___Politics_Over_Poll_Panel___Govt_VS_Oppn___CEC___Rahul_G.mp4,2164,14978.0,14980.6,2.6,Field Report,68.0,"Field Report: motion=0.0440, faces=1, centered=False, symmetry=0.96"
SIR_Row_Live__Protests___Politics_Over_Poll_Panel___Govt_VS_Oppn___CEC___Rahul_G.mp4,2165,14980.667,14985.533,4.866,Anchor Studio,94.0,"Anchor Studio: stable=0.85, symmetry=0.94, centered=True, faces=2, face_area=0.0224"
SIR_Row_Live__Protests___Politics_Over_Poll_Panel___Govt_VS_Oppn___CEC___Rahul_G.mp4,2166,14985.6,14987.933,2.333,Anchor Studio,94.0,"Anchor Studio: stable=0.84, symmetry=0.96, centered=True, faces=2, face_area=0.0201"
SIR_Row_Live__Protests___Politics_Over_Poll_Panel___Govt_VS_Oppn___CEC___Rahul_G.mp4,2167,14988.0,14990.533,2.533,Anchor Studio,82.0,"Anchor Studio: stable=0.86, symmetry=0.92, centered=False, faces=1, face_area=0.0175"
SIR_Row_Live__Protests___Politics_Over_Poll_Panel___Govt_VS_Oppn___CEC___Rahul_G.mp4,2168,14990.6,14993.2,2.6,Anchor Studio,82.0,"Anchor Studio: stable=0.85, symmetry=0.92, centered=False, faces=1, face_area=0.0193"
SIR_Row_Live__Protests___Politics_Over_Poll_Panel___Govt_VS_Oppn___CEC___Rahul_G.mp4,2169,14993.267,14995.133,1.866,Field Report,68.0,"Field Report: motion=0.0339, faces=1, centered=False, symmetry=0.96"
SIR_Row_Live__Protests___Politics_Over_Poll_Panel___Govt_VS_Oppn___CEC___Rahul_G.mp4,2170,14995.2,14997.867,2.667,Anchor Studio,82.0,"Anchor Studio: stable=0.84, symmetry=0.97, centered=False, faces=1, face_area=0.0218"
SIR_Row_Live__Protests___Politics_Over_Poll_Panel___Govt_VS_Oppn___CEC___Rahul_G.mp4,2171,14997.933,14999.333,1.4,Anchor Studio,82.0,"Anchor Studio: stable=0.84, symmetry=0.95, centered=False, faces=1, face_area=0.0217"
SIR_Row_Live__Protests___Politics_Over_Poll_Panel___Govt_VS_Oppn___CEC___Rahul_G.mp4,2172,14999.4,15004.867,5.467,Anchor Studio,94.0,"Anchor Studio: stable=0.90, symmetry=0.86, centered=True, faces=2, face_area=0.0230"
SIR_Row_Live__Protests___Politics_Over_Poll_Panel___Govt_VS_Oppn___CEC___Rahul_G.mp4,2173,15004.933,15067.733,62.8,Anchor Studio,94.0,"Anchor Studio: stable=0.92, symmetry=0.85, centered=True, faces=2, face_area=0.0199"
SIR_Row_Live__Protests___Politics_Over_Poll_Panel___Govt_VS_Oppn___CEC___Rahul_G.mp4,2174,15067.8,15077.733,9.933,Anchor Studio,82.0,"Anchor Studio: stable=0.92, symmetry=0.92, centered=False, faces=1, face_area=0.0194"
SIR_Row_Live__Protests___Politics_Over_Poll_Panel___Govt_VS_Oppn___CEC___Rahul_G.mp4,2175,15077.8,15105.133,27.333,Anchor Studio,94.0,"Anchor Studio: stable=0.91, symmetry=0.92, centered=True, faces=2, face_area=0.0210"
SIR_Row_Live__Protests___Politics_Over_Poll_Panel___Govt_VS_Oppn___CEC___Rahul_G.mp4,2176,15105.2,15107.933,2.733,Anchor Studio,94.0,"Anchor Studio: stable=0.81, symmetry=0.93, centered=True, faces=3, face_area=0.0656"
SIR_Row_Live__Protests___Politics_Over_Poll_Panel___Govt_VS_Oppn___CEC___Rahul_G.mp4,2177,15108.0,15115.067,7.067,Anchor Studio,94.0,"Anchor Studio: stable=0.85, symmetry=0.95, centered=True, faces=4, face_area=0.1227"
SIR_Row_Live__Protests___Politics_Over_Poll_Panel___Govt_VS_Oppn___CEC___Rahul_G.mp4,2178,15115.133,15140.933,25.8,Anchor Studio,94.0,"Anchor Studio: stable=0.89, symmetry=0.95, centered=True, faces=3, face_area=0.1152"
SIR_Row_Live__Protests___Politics_Over_Poll_Panel___Govt_VS_Oppn___CEC___Rahul_G.mp4,2179,15141.0,15141.667,0.667,Anchor Studio,72.0,"Anchor Studio: stable=0.61, symmetry=0.78, centered=True, faces=1, face_area=0.0272"
SIR_Row_Live__Protests___Politics_Over_Poll_Panel___Govt_VS_Oppn___CEC___Rahul_G.mp4,2180,15141.733,15171.4,29.667,Title Card,74.0,"Title Card: headline=0.7829, textcov=0.8865, stability=0.90"
SIR_Row_Live__Protests___Politics_Over_Poll_Panel___Govt_VS_Oppn___CEC___Rahul_G.mp4,2181,15171.467,15209.6,38.133,Title Card,74.0,"Title Card: headline=0.7687, textcov=0.9113, stability=0.92"
SIR_Row_Live__Protests___Politics_Over_Poll_Panel___Govt_VS_Oppn___CEC___Rahul_G.mp4,2182,15209.667,15211.067,1.4,Anchor Studio,82.0,"Anchor Studio: stable=0.81, symmetry=0.95, centered=False, faces=1, face_area=0.0223"
SIR_Row_Live__Protests___Politics_Over_Poll_Panel___Govt_VS_Oppn___CEC___Rahul_G.mp4,2183,15211.133,15212.467,1.334,Anchor Studio,82.0,"Anchor Studio: stable=0.83, symmetry=0.92, centered=False, faces=1, face_area=0.0214"
SIR_Row_Live__Protests___Politics_Over_Poll_Panel___Govt_VS_Oppn___CEC___Rahul_G.mp4,2184,15212.533,15217.467,4.934,Anchor Studio,94.0,"Anchor Studio: stable=0.84, symmetry=0.94, centered=True, faces=2, face_area=0.0240"
SIR_Row_Live__Protests___Politics_Over_Poll_Panel___Govt_VS_Oppn___CEC___Rahul_G.mp4,2185,15217.533,15221.133,3.6,Anchor Studio,82.0,"Anchor Studio: stable=0.84, symmetry=0.95, centered=False, faces=1, face_area=0.0106"
SIR_Row_Live__Protests___Politics_Over_Poll_Panel___Govt_VS_Oppn___CEC___Rahul_G.mp4,2186,15221.2,15222.067,0.867,B-Roll,70.0,"B-Roll: motion=0.0330, edge=0.1738, face_area=0.0049, symmetry=0.88"
SIR_Row_Live__Protests___Politics_Over_Poll_Panel___Govt_VS_Oppn___CEC___Rahul_G.mp4,2187,15222.133,15223.933,1.8,Anchor Studio,82.0,"Anchor Studio: stable=0.87, symmetry=0.92, centered=False, faces=1, face_area=0.0104"
SIR_Row_Live__Protests___Politics_Over_Poll_Panel___Govt_VS_Oppn___CEC___Rahul_G.mp4,2188,15224.0,15227.067,3.067,Anchor Studio,82.0,"Anchor Studio: stable=0.83, symmetry=0.94, centered=False, faces=1, face_area=0.0103"
SIR_Row_Live__Protests___Politics_Over_Poll_Panel___Govt_VS_Oppn___CEC___Rahul_G.mp4,2189,15227.133,15228.0,0.867,Anchor Studio,82.0,"Anchor Studio: stable=0.86, symmetry=0.96, centered=False, faces=1, face_area=0.0158"
SIR_Row_Live__Protests___Politics_Over_Poll_Panel___Govt_VS_Oppn___CEC___Rahul_G.mp4,2190,15228.067,15231.267,3.2,Anchor Studio,94.0,"Anchor Studio: stable=0.87, symmetry=0.97, centered=True, faces=3, face_area=0.0578"
SIR_Row_Live__Protests___Politics_Over_Poll_Panel___Govt_VS_Oppn___CEC___Rahul_G.mp4,2191,15231.333,15235.0,3.667,Anchor Studio,94.0,"Anchor Studio: stable=0.89, symmetry=0.95, centered=True, faces=3, face_area=0.0696"
SIR_Row_Live__Protests___Politics_Over_Poll_Panel___Govt_VS_Oppn___CEC___Rahul_G.mp4,2192,15235.067,15239.333,4.266,Anchor Studio,94.0,"Anchor Studio: stable=0.87, symmetry=0.96, centered=True, faces=4, face_area=0.0622"
SIR_Row_Live__Protests___Politics_Over_Poll_Panel___Govt_VS_Oppn___CEC___Rahul_G.mp4,2193,15239.4,15241.133,1.733,Anchor Studio,94.0,"Anchor Studio: stable=0.83, symmetry=0.93, centered=True, faces=3, face_area=0.0678"
SIR_Row_Live__Protests___Politics_Over_Poll_Panel___Govt_VS_Oppn___CEC___Rahul_G.mp4,2194,15241.2,15244.133,2.933,Anchor Studio,94.0,"Anchor Studio: stable=0.88, symmetry=0.96, centered=True, faces=3, face_area=0.0579"
SIR_Row_Live__Protests___Politics_Over_Poll_Panel___Govt_VS_Oppn___CEC___Rahul_G.mp4,2195,15244.2,15251.133,6.933,Anchor Studio,94.0,"Anchor Studio: stable=0.87, symmetry=0.96, centered=True, faces=4, face_area=0.0634"
SIR_Row_Live__Protests___Politics_Over_Poll_Panel___Govt_VS_Oppn___CEC___Rahul_G.mp4,2196,15251.2,15252.067,0.867,Anchor Studio,94.0,"Anchor Studio: stable=0.82, symmetry=0.94, centered=True, faces=3, face_area=0.0570"
SIR_Row_Live__Protests___Politics_Over_Poll_Panel___Govt_VS_Oppn___CEC___Rahul_G.mp4,2197,15252.133,15255.533,3.4,Anchor Studio,94.0,"Anchor Studio: stable=0.86, symmetry=0.95, centered=True, faces=3, face_area=0.0459"
SIR_Row_Live__Protests___Politics_Over_Poll_Panel___Govt_VS_Oppn___CEC___Rahul_G.mp4,2198,15255.6,15257.333,1.733,Anchor Studio,94.0,"Anchor Studio: stable=0.80, symmetry=0.91, centered=True, faces=3, face_area=0.0561"
SIR_Row_Live__Protests___Politics_Over_Poll_Panel___Govt_VS_Oppn___CEC___Rahul_G.mp4,2199,15257.4,15261.133,3.733,Anchor Studio,94.0,"Anchor Studio: stable=0.88, symmetry=0.89, centered=True, faces=2, face_area=0.0220"
SIR_Row_Live__Protests___Politics_Over_Poll_Panel___Govt_VS_Oppn___CEC___Rahul_G.mp4,2200,15261.2,15271.067,9.867,Anchor Studio,82.0,"Anchor Studio: stable=0.85, symmetry=0.86, centered=False, faces=2, face_area=0.0195"
SIR_Row_Live__Protests___Politics_Over_Poll_Panel___Govt_VS_Oppn___CEC___Rahul_G.mp4,2201,15271.133,15275.533,4.4,Anchor Studio,94.0,"Anchor Studio: stable=0.85, symmetry=0.88, centered=True, faces=2, face_area=0.0197"
SIR_Row_Live__Protests___Politics_Over_Poll_Panel___Govt_VS_Oppn___CEC___Rahul_G.mp4,2202,15275.6,15281.067,5.467,Anchor Studio,82.0,"Anchor Studio: stable=0.86, symmetry=0.88, centered=False, faces=2, face_area=0.0169"
SIR_Row_Live__Protests___Politics_Over_Poll_Panel___Govt_VS_Oppn___CEC___Rahul_G.mp4,2203,15281.133,15291.133,10.0,Anchor Studio,94.0,"Anchor Studio: stable=0.84, symmetry=0.87, centered=True, faces=2, face_area=0.0211"
SIR_Row_Live__Protests___Politics_Over_Poll_Panel___Govt_VS_Oppn___CEC___Rahul_G.mp4,2204,15291.2,15301.067,9.867,Anchor Studio,82.0,"Anchor Studio: stable=0.85, symmetry=0.85, centered=False, faces=1, face_area=0.0193"
SIR_Row_Live__Protests___Politics_Over_Poll_Panel___Govt_VS_Oppn___CEC___Rahul_G.mp4,2205,15301.133,15305.467,4.334,Anchor Studio,82.0,"Anchor Studio: stable=0.88, symmetry=0.91, centered=False, faces=1, face_area=0.0184"
SIR_Row_Live__Protests___Politics_Over_Poll_Panel___Govt_VS_Oppn___CEC___Rahul_G.mp4,2206,15305.533,15306.133,0.6,Field Report,68.0,"Field Report: motion=0.0491, faces=1, centered=False, symmetry=0.71"
SIR_Row_Live__Protests___Politics_Over_Poll_Panel___Govt_VS_Oppn___CEC___Rahul_G.mp4,2207,15306.2,15309.733,3.533,Anchor Studio,94.0,"Anchor Studio: stable=0.82, symmetry=0.95, centered=True, faces=3, face_area=0.0773"
SIR_Row_Live__Protests___Politics_Over_Poll_Panel___Govt_VS_Oppn___CEC___Rahul_G.mp4,2208,15309.8,15310.533,0.733,Anchor Studio,84.0,"Anchor Studio: stable=0.55, symmetry=0.80, centered=True, faces=2, face_area=0.0362"
SIR_Row_Live__Protests___Politics_Over_Poll_Panel___Govt_VS_Oppn___CEC___Rahul_G.mp4,2209,15310.6,15326.867,16.267,Anchor Studio,94.0,"Anchor Studio: stable=0.88, symmetry=0.92, centered=True, faces=2, face_area=0.0440"
SIR_Row_Live__Protests___Politics_Over_Poll_Panel___Govt_VS_Oppn___CEC___Rahul_G.mp4,2210,15326.933,15339.533,12.6,Anchor Studio,94.0,"Anchor Studio: stable=0.77, symmetry=0.91, centered=True, faces=2, face_area=0.0276"
SIR_Row_Live__Protests___Politics_Over_Poll_Panel___Govt_VS_Oppn___CEC___Rahul_G.mp4,2211,15339.6,15342.067,2.467,Anchor Studio,84.0,"Anchor Studio: stable=0.45, symmetry=0.97, centered=True, faces=2, face_area=0.0252"
SIR_Row_Live__Protests___Politics_Over_Poll_Panel___Govt_VS_Oppn___CEC___Rahul_G.mp4,2212,15342.133,15346.867,4.734,Anchor Studio,72.0,"Anchor Studio: stable=0.60, symmetry=0.96, centered=False, faces=2, face_area=0.0286"
SIR_Row_Live__Protests___Politics_Over_Poll_Panel___Govt_VS_Oppn___CEC___Rahul_G.mp4,2213,15346.933,15348.133,1.2,Anchor Studio,72.0,"Anchor Studio: stable=0.51, symmetry=0.95, centered=False, faces=2, face_area=0.0388"
SIR_Row_Live__Protests___Politics_Over_Poll_Panel___Govt_VS_Oppn___CEC___Rahul_G.mp4,2214,15348.2,15350.4,2.2,Anchor Studio,72.0,"Anchor Studio: stable=0.57, symmetry=0.96, centered=False, faces=2, face_area=0.0446"
SIR_Row_Live__Protests___Politics_Over_Poll_Panel___Govt_VS_Oppn___CEC___Rahul_G.mp4,2215,15350.467,15351.533,1.066,Anchor Studio,72.0,"Anchor Studio: stable=0.54, symmetry=0.96, centered=False, faces=2, face_area=0.0398"
SIR_Row_Live__Protests___Politics_Over_Poll_Panel___Govt_VS_Oppn___CEC___Rahul_G.mp4,2216,15351.6,15352.667,1.067,Anchor Studio,72.0,"Anchor Studio: stable=0.61, symmetry=0.95, centered=False, faces=2, face_area=0.0255"
SIR_Row_Live__Protests___Politics_Over_Poll_Panel___Govt_VS_Oppn___CEC___Rahul_G.mp4,2217,15352.733,15375.267,22.534,Anchor Studio,94.0,"Anchor Studio: stable=0.88, symmetry=0.93, centered=True, faces=3, face_area=0.0398"
SIR_Row_Live__Protests___Politics_Over_Poll_Panel___Govt_VS_Oppn___CEC___Rahul_G.mp4,2218,15375.333,15387.867,12.534,Anchor Studio,82.0,"Anchor Studio: stable=0.85, symmetry=0.91, centered=False, faces=3, face_area=0.0575"
SIR_Row_Live__Protests___Politics_Over_Poll_Panel___Govt_VS_Oppn___CEC___Rahul_G.mp4,2219,15387.933,15410.133,22.2,Anchor Studio,82.0,"Anchor Studio: stable=0.86, symmetry=0.89, centered=False, faces=3, face_area=0.0519"
SIR_Row_Live__Protests___Politics_Over_Poll_Panel___Govt_VS_Oppn___CEC___Rahul_G.mp4,2220,15410.2,15419.6,9.4,B-Roll,70.0,"B-Roll: motion=0.0662, edge=0.1382, face_area=0.0002, symmetry=0.86"
SIR_Row_Live__Protests___Politics_Over_Poll_Panel___Govt_VS_Oppn___CEC___Rahul_G.mp4,2221,15419.667,15432.2,12.533,Anchor Studio,84.0,"Anchor Studio: stable=0.48, symmetry=0.91, centered=True, faces=3, face_area=0.0157"
SIR_Row_Live__Protests___Politics_Over_Poll_Panel___Govt_VS_Oppn___CEC___Rahul_G.mp4,2222,15432.267,15435.533,3.266,Anchor Studio,74.0,"Anchor Studio: stable=0.27, symmetry=0.90, centered=True, faces=1, face_area=0.0067"
SIR_Row_Live__Protests___Politics_Over_Poll_Panel___Govt_VS_Oppn___CEC___Rahul_G.mp4,2223,15435.6,15440.733,5.133,B-Roll,70.0,"B-Roll: motion=0.0595, edge=0.1696, face_area=0.0005, symmetry=0.84"
SIR_Row_Live__Protests___Politics_Over_Poll_Panel___Govt_VS_Oppn___CEC___Rahul_G.mp4,2224,15440.8,15443.667,2.867,Anchor Studio,84.0,"Anchor Studio: stable=0.41, symmetry=0.96, centered=True, faces=2, face_area=0.0805"
SIR_Row_Live__Protests___Politics_Over_Poll_Panel___Govt_VS_Oppn___CEC___Rahul_G.mp4,2225,15443.733,15446.733,3.0,Anchor Studio,74.0,"Anchor Studio: stable=0.24, symmetry=0.95, centered=True, faces=1, face_area=0.0006"
SIR_Row_Live__Protests___Politics_Over_Poll_Panel___Govt_VS_Oppn___CEC___Rahul_G.mp4,2226,15446.8,15448.467,1.667,Anchor Studio,74.0,"Anchor Studio: stable=0.00, symmetry=0.96, centered=True, faces=1, face_area=0.0009"
SIR_Row_Live__Protests___Politics_Over_Poll_Panel___Govt_VS_Oppn___CEC___Rahul_G.mp4,2227,15448.533,15453.4,4.867,Anchor Studio,74.0,"Anchor Studio: stable=0.09, symmetry=0.91, centered=True, faces=2, face_area=0.0077"
SIR_Row_Live__Protests___Politics_Over_Poll_Panel___Govt_VS_Oppn___CEC___Rahul_G.mp4,2228,15453.467,15456.267,2.8,B-Roll,70.0,"B-Roll: motion=0.0760, edge=0.1319, face_area=0.0000, symmetry=0.89"
SIR_Row_Live__Protests___Politics_Over_Poll_Panel___Govt_VS_Oppn___CEC___Rahul_G.mp4,2229,15456.333,15462.0,5.667,Anchor Studio,84.0,"Anchor Studio: stable=0.22, symmetry=0.93, centered=True, faces=1, face_area=0.0232"
SIR_Row_Live__Protests___Politics_Over_Poll_Panel___Govt_VS_Oppn___CEC___Rahul_G.mp4,2230,15462.067,15464.933,2.866,Title Card,64.0,"Title Card: headline=0.8712, textcov=1.0252, stability=0.18"
SIR_Row_Live__Protests___Politics_Over_Poll_Panel___Govt_VS_Oppn___CEC___Rahul_G.mp4,2231,15465.0,15467.533,2.533,Anchor Studio,74.0,"Anchor Studio: stable=0.11, symmetry=0.95, centered=True, faces=1, face_area=0.0061"
SIR_Row_Live__Protests___Politics_Over_Poll_Panel___Govt_VS_Oppn___CEC___Rahul_G.mp4,2232,15467.6,15470.267,2.667,B-Roll,70.0,"B-Roll: motion=0.1057, edge=0.1699, face_area=0.0000, symmetry=0.97"
SIR_Row_Live__Protests___Politics_Over_Poll_Panel___Govt_VS_Oppn___CEC___Rahul_G.mp4,2233,15470.333,15472.133,1.8,B-Roll,70.0,"B-Roll: motion=0.0547, edge=0.1320, face_area=0.0000, symmetry=0.90"
SIR_Row_Live__Protests___Politics_Over_Poll_Panel___Govt_VS_Oppn___CEC___Rahul_G.mp4,2234,15472.2,15481.467,9.267,Anchor Studio,74.0,"Anchor Studio: stable=0.72, symmetry=0.95, centered=True, faces=1, face_area=0.0006"
SIR_Row_Live__Protests___Politics_Over_Poll_Panel___Govt_VS_Oppn___CEC___Rahul_G.mp4,2235,15481.533,15517.067,35.534,Title Card,78.0,"Title Card: headline=0.2643, textcov=0.3881, stability=0.92"
SIR_Row_Live__Protests___Politics_Over_Poll_Panel___Govt_VS_Oppn___CEC___Rahul_G.mp4,2236,15517.133,15520.2,3.067,Anchor Studio,84.0,"Anchor Studio: stable=0.03, symmetry=0.90, centered=True, faces=2, face_area=0.0205"
SIR_Row_Live__Protests___Politics_Over_Poll_Panel___Govt_VS_Oppn___CEC___Rahul_G.mp4,2237,15520.267,15521.933,1.666,Title Card,78.0,"Title Card: headline=0.6083, textcov=0.8279, stability=0.85"
SIR_Row_Live__Protests___Politics_Over_Poll_Panel___Govt_VS_Oppn___CEC___Rahul_G.mp4,2238,15522.0,15523.467,1.467,Title Card,78.0,"Title Card: headline=0.6093, textcov=0.6997, stability=0.87"
SIR_Row_Live__Protests___Politics_Over_Poll_Panel___Govt_VS_Oppn___CEC___Rahul_G.mp4,2239,15523.533,15524.267,0.734,Anchor Studio,84.0,"Anchor Studio: stable=0.69, symmetry=0.93, centered=True, faces=1, face_area=0.0253"
SIR_Row_Live__Protests___Politics_Over_Poll_Panel___Govt_VS_Oppn___CEC___Rahul_G.mp4,2240,15524.333,15526.133,1.8,B-Roll,70.0,"B-Roll: motion=0.0679, edge=0.1648, face_area=0.0000, symmetry=0.93"
SIR_Row_Live__Protests___Politics_Over_Poll_Panel___Govt_VS_Oppn___CEC___Rahul_G.mp4,2241,15526.2,15527.467,1.267,Anchor Studio,74.0,"Anchor Studio: stable=0.67, symmetry=0.98, centered=True, faces=1, face_area=0.0010"
SIR_Row_Live__Protests___Politics_Over_Poll_Panel___Govt_VS_Oppn___CEC___Rahul_G.mp4,2242,15527.533,15529.867,2.334,Anchor Studio,84.0,"Anchor Studio: stable=0.88, symmetry=0.87, centered=True, faces=1, face_area=0.0099"
SIR_Row_Live__Protests___Politics_Over_Poll_Panel___Govt_VS_Oppn___CEC___Rahul_G.mp4,2243,15529.933,15533.8,3.867,B-Roll,70.0,"B-Roll: motion=0.0550, edge=0.0997, face_area=0.0011, symmetry=0.91"
SIR_Row_Live__Protests___Politics_Over_Poll_Panel___Govt_VS_Oppn___CEC___Rahul_G.mp4,2244,15533.867,15537.933,4.066,Anchor Studio,74.0,"Anchor Studio: stable=0.61, symmetry=0.94, centered=True, faces=1, face_area=0.0082"
SIR_Row_Live__Protests___Politics_Over_Poll_Panel___Govt_VS_Oppn___CEC___Rahul_G.mp4,2245,15538.0,15542.133,4.133,Anchor Studio,84.0,"Anchor Studio: stable=0.61, symmetry=0.94, centered=True, faces=2, face_area=0.0406"
SIR_Row_Live__Protests___Politics_Over_Poll_Panel___Govt_VS_Oppn___CEC___Rahul_G.mp4,2246,15542.2,15566.933,24.733,Anchor Studio,94.0,"Anchor Studio: stable=0.88, symmetry=0.95, centered=True, faces=3, face_area=0.1027"
SIR_Row_Live__Protests___Politics_Over_Poll_Panel___Govt_VS_Oppn___CEC___Rahul_G.mp4,2247,15567.0,15568.4,1.4,Anchor Studio,84.0,"Anchor Studio: stable=0.85, symmetry=0.95, centered=True, faces=1, face_area=0.0076"
SIR_Row_Live__Protests___Politics_Over_Poll_Panel___Govt_VS_Oppn___CEC___Rahul_G.mp4,2248,15568.467,15569.2,0.733,Title Card,74.0,"Title Card: headline=0.9137, textcov=1.0455, stability=0.87"
SIR_Row_Live__Protests___Politics_Over_Poll_Panel___Govt_VS_Oppn___CEC___Rahul_G.mp4,2249,15569.267,15574.467,5.2,Anchor Studio,82.0,"Anchor Studio: stable=0.89, symmetry=0.88, centered=False, faces=1, face_area=0.0215"
SIR_Row_Live__Protests___Politics_Over_Poll_Panel___Govt_VS_Oppn___CEC___Rahul_G.mp4,2250,15574.533,15582.267,7.734,Anchor Studio,82.0,"Anchor Studio: stable=0.92, symmetry=0.89, centered=False, faces=1, face_area=0.0249"
SIR_Row_Live__Protests___Politics_Over_Poll_Panel___Govt_VS_Oppn___CEC___Rahul_G.mp4,2251,15582.333,15584.0,1.667,Anchor Studio,72.0,"Anchor Studio: stable=0.66, symmetry=0.81, centered=False, faces=1, face_area=0.0280"
SIR_Row_Live__Protests___Politics_Over_Poll_Panel___Govt_VS_Oppn___CEC___Rahul_G.mp4,2252,15584.067,15587.533,3.466,Title Card,74.0,"Title Card: headline=0.8179, textcov=0.9499, stability=0.82"
SIR_Row_Live__Protests___Politics_Over_Poll_Panel___Govt_VS_Oppn___CEC___Rahul_G.mp4,2253,15587.6,15590.667,3.067,Anchor Studio,94.0,"Anchor Studio: stable=0.89, symmetry=0.84, centered=True, faces=3, face_area=0.0499"
SIR_Row_Live__Protests___Politics_Over_Poll_Panel___Govt_VS_Oppn___CEC___Rahul_G.mp4,2254,15590.733,15591.4,0.667,Anchor Studio,82.0,"Anchor Studio: stable=0.79, symmetry=0.91, centered=False, faces=1, face_area=0.0263"
SIR_Row_Live__Protests___Politics_Over_Poll_Panel___Govt_VS_Oppn___CEC___Rahul_G.mp4,2255,15591.467,15596.133,4.666,Anchor Studio,94.0,"Anchor Studio: stable=0.91, symmetry=0.89, centered=True, faces=1, face_area=0.0201"
SIR_Row_Live__Protests___Politics_Over_Poll_Panel___Govt_VS_Oppn___CEC___Rahul_G.mp4,2256,15596.2,15596.867,0.667,Anchor Studio,82.0,"Anchor Studio: stable=0.91, symmetry=0.94, centered=False, faces=1, face_area=0.0286"
SIR_Row_Live__Protests___Politics_Over_Poll_Panel___Govt_VS_Oppn___CEC___Rahul_G.mp4,2257,15596.933,15600.533,3.6,Anchor Studio,84.0,"Anchor Studio: stable=0.34, symmetry=0.96, centered=True, faces=1, face_area=0.0314"
SIR_Row_Live__Protests___Politics_Over_Poll_Panel___Govt_VS_Oppn___CEC___Rahul_G.mp4,2258,15600.6,15604.467,3.867,Anchor Studio,84.0,"Anchor Studio: stable=0.52, symmetry=0.96, centered=True, faces=2, face_area=0.0133"
SIR_Row_Live__Protests___Politics_Over_Poll_Panel___Govt_VS_Oppn___CEC___Rahul_G.mp4,2259,15604.533,15605.333,0.8,Anchor Studio,84.0,"Anchor Studio: stable=0.37, symmetry=0.93, centered=True, faces=1, face_area=0.0103"
SIR_Row_Live__Protests___Politics_Over_Poll_Panel___Govt_VS_Oppn___CEC___Rahul_G.mp4,2260,15605.4,15608.0,2.6,B-Roll,70.0,"B-Roll: motion=0.0424, edge=0.1417, face_area=0.0000, symmetry=0.91"
SIR_Row_Live__Protests___Politics_Over_Poll_Panel___Govt_VS_Oppn___CEC___Rahul_G.mp4,2261,15608.067,15610.533,2.466,Title Card,68.0,"Title Card: headline=0.1118, textcov=0.4052, stability=0.79"
SIR_Row_Live__Protests___Politics_Over_Poll_Panel___Govt_VS_Oppn___CEC___Rahul_G.mp4,2262,15610.6,15613.667,3.067,Anchor Studio,82.0,"Anchor Studio: stable=0.89, symmetry=0.78, centered=True, faces=2, face_area=0.1158"
SIR_Row_Live__Protests___Politics_Over_Poll_Panel___Govt_VS_Oppn___CEC___Rahul_G.mp4,2263,15613.733,15615.733,2.0,Anchor Studio,82.0,"Anchor Studio: stable=0.77, symmetry=0.77, centered=True, faces=1, face_area=0.0611"
SIR_Row_Live__Protests___Politics_Over_Poll_Panel___Govt_VS_Oppn___CEC___Rahul_G.mp4,2264,15615.8,15627.2,11.4,Anchor Studio,84.0,"Anchor Studio: stable=0.58, symmetry=0.94, centered=True, faces=2, face_area=0.0311"
SIR_Row_Live__Protests___Politics_Over_Poll_Panel___Govt_VS_Oppn___CEC___Rahul_G.mp4,2265,15627.267,15629.733,2.466,Anchor Studio,72.0,"Anchor Studio: stable=0.74, symmetry=0.88, centered=False, faces=1, face_area=0.0255"
SIR_Row_Live__Protests___Politics_Over_Poll_Panel___Govt_VS_Oppn___CEC___Rahul_G.mp4,2266,15629.8,15633.867,4.067,Anchor Studio,94.0,"Anchor Studio: stable=0.80, symmetry=0.95, centered=True, faces=2, face_area=0.0249"
SIR_Row_Live__Protests___Politics_Over_Poll_Panel___Govt_VS_Oppn___CEC___Rahul_G.mp4,2267,15633.933,15642.533,8.6,Anchor Studio,84.0,"Anchor Studio: stable=0.73, symmetry=0.97, centered=True, faces=2, face_area=0.0274"
SIR_Row_Live__Protests___Politics_Over_Poll_Panel___Govt_VS_Oppn___CEC___Rahul_G.mp4,2268,15642.6,15653.467,10.867,Anchor Studio,84.0,"Anchor Studio: stable=0.64, symmetry=0.86, centered=True, faces=1, face_area=0.0130"
SIR_Row_Live__Protests___Politics_Over_Poll_Panel___Govt_VS_Oppn___CEC___Rahul_G.mp4,2269,15653.533,15655.333,1.8,Title Card,78.0,"Title Card: headline=0.6339, textcov=0.8092, stability=0.82"
SIR_Row_Live__Protests___Politics_Over_Poll_Panel___Govt_VS_Oppn___CEC___Rahul_G.mp4,2270,15655.4,15656.067,0.667,Title Card,68.0,"Title Card: headline=0.0271, textcov=0.4158, stability=0.77"
SIR_Row_Live__Protests___Politics_Over_Poll_Panel___Govt_VS_Oppn___CEC___Rahul_G.mp4,2271,15656.133,15659.2,3.067,Title Card,78.0,"Title Card: headline=0.2278, textcov=0.5286, stability=0.83"
SIR_Row_Live__Protests___Politics_Over_Poll_Panel___Govt_VS_Oppn___CEC___Rahul_G.mp4,2272,15659.267,15661.267,2.0,Title Card,78.0,"Title Card: headline=0.4508, textcov=0.5451, stability=0.90"
SIR_Row_Live__Protests___Politics_Over_Poll_Panel___Govt_VS_Oppn___CEC___Rahul_G.mp4,2273,15661.333,15667.133,5.8,Anchor Studio,84.0,"Anchor Studio: stable=0.93, symmetry=0.88, centered=True, faces=1, face_area=0.0005"
SIR_Row_Live__Protests___Politics_Over_Poll_Panel___Govt_VS_Oppn___CEC___Rahul_G.mp4,2274,15667.2,15673.533,6.333,B-Roll,70.0,"B-Roll: motion=0.0487, edge=0.1434, face_area=0.0000, symmetry=0.91"
SIR_Row_Live__Protests___Politics_Over_Poll_Panel___Govt_VS_Oppn___CEC___Rahul_G.mp4,2275,15673.6,15678.533,4.933,B-Roll,70.0,"B-Roll: motion=0.0421, edge=0.1549, face_area=0.0000, symmetry=0.97"
SIR_Row_Live__Protests___Politics_Over_Poll_Panel___Govt_VS_Oppn___CEC___Rahul_G.mp4,2276,15678.6,15682.533,3.933,B-Roll,70.0,"B-Roll: motion=0.1201, edge=0.0823, face_area=0.0000, symmetry=0.90"
SIR_Row_Live__Protests___Politics_Over_Poll_Panel___Govt_VS_Oppn___CEC___Rahul_G.mp4,2277,15682.6,15684.133,1.533,Anchor Studio,74.0,"Anchor Studio: stable=0.27, symmetry=0.95, centered=True, faces=1, face_area=0.0043"
SIR_Row_Live__Protests___Politics_Over_Poll_Panel___Govt_VS_Oppn___CEC___Rahul_G.mp4,2278,15684.2,15687.467,3.267,Anchor Studio,82.0,"Anchor Studio: stable=0.78, symmetry=0.92, centered=False, faces=2, face_area=0.0470"
SIR_Row_Live__Protests___Politics_Over_Poll_Panel___Govt_VS_Oppn___CEC___Rahul_G.mp4,2279,15687.533,15688.933,1.4,Anchor Studio,84.0,"Anchor Studio: stable=0.79, symmetry=0.92, centered=True, faces=1, face_area=0.0053"
SIR_Row_Live__Protests___Politics_Over_Poll_Panel___Govt_VS_Oppn___CEC___Rahul_G.mp4,2280,15689.0,15691.2,2.2,Title Card,74.0,"Title Card: headline=1.1937, textcov=1.2411, stability=0.86"
SIR_Row_Live__Protests___Politics_Over_Poll_Panel___Govt_VS_Oppn___CEC___Rahul_G.mp4,2281,15691.267,15693.667,2.4,Anchor Studio,94.0,"Anchor Studio: stable=0.75, symmetry=0.98, centered=True, faces=1, face_area=0.0139"
SIR_Row_Live__Protests___Politics_Over_Poll_Panel___Govt_VS_Oppn___CEC___Rahul_G.mp4,2282,15693.733,15697.8,4.067,Anchor Studio,94.0,"Anchor Studio: stable=0.76, symmetry=0.83, centered=True, faces=2, face_area=0.0233"
SIR_Row_Live__Protests___Politics_Over_Poll_Panel___Govt_VS_Oppn___CEC___Rahul_G.mp4,2283,15697.867,15705.467,7.6,Anchor Studio,84.0,"Anchor Studio: stable=0.69, symmetry=0.89, centered=True, faces=2, face_area=0.0206"
SIR_Row_Live__Protests___Politics_Over_Poll_Panel___Govt_VS_Oppn___CEC___Rahul_G.mp4,2284,15705.533,15710.667,5.134,Anchor Studio,94.0,"Anchor Studio: stable=0.78, symmetry=0.89, centered=True, faces=1, face_area=0.0119"
SIR_Row_Live__Protests___Politics_Over_Poll_Panel___Govt_VS_Oppn___CEC___Rahul_G.mp4,2285,15710.733,15711.6,0.867,Anchor Studio,74.0,"Anchor Studio: stable=0.74, symmetry=0.94, centered=True, faces=1, face_area=0.0036"
SIR_Row_Live__Protests___Politics_Over_Poll_Panel___Govt_VS_Oppn___CEC___Rahul_G.mp4,2286,15711.667,15714.667,3.0,Anchor Studio,94.0,"Anchor Studio: stable=0.78, symmetry=0.97, centered=True, faces=1, face_area=0.0216"
SIR_Row_Live__Protests___Politics_Over_Poll_Panel___Govt_VS_Oppn___CEC___Rahul_G.mp4,2287,15714.733,15716.733,2.0,Title Card,68.0,"Title Card: headline=0.2442, textcov=0.4294, stability=0.78"
SIR_Row_Live__Protests___Politics_Over_Poll_Panel___Govt_VS_Oppn___CEC___Rahul_G.mp4,2288,15716.8,15718.533,1.733,B-Roll,70.0,"B-Roll: motion=0.0262, edge=0.0828, face_area=0.0000, symmetry=0.91"
SIR_Row_Live__Protests___Politics_Over_Poll_Panel___Govt_VS_Oppn___CEC___Rahul_G.mp4,2289,15718.6,15721.333,2.733,Title Card,78.0,"Title Card: headline=0.3666, textcov=0.5469, stability=0.87"
SIR_Row_Live__Protests___Politics_Over_Poll_Panel___Govt_VS_Oppn___CEC___Rahul_G.mp4,2290,15721.4,15722.667,1.267,Title Card,78.0,"Title Card: headline=0.1724, textcov=0.3286, stability=0.85"
SIR_Row_Live__Protests___Politics_Over_Poll_Panel___Govt_VS_Oppn___CEC___Rahul_G.mp4,2291,15722.733,15724.133,1.4,B-Roll,70.0,"B-Roll: motion=0.0387, edge=0.1119, face_area=0.0000, symmetry=0.80"
SIR_Row_Live__Protests___Politics_Over_Poll_Panel___Govt_VS_Oppn___CEC___Rahul_G.mp4,2292,15724.2,15728.067,3.867,Anchor Studio,94.0,"Anchor Studio: stable=0.86, symmetry=0.82, centered=True, faces=2, face_area=0.0155"
SIR_Row_Live__Protests___Politics_Over_Poll_Panel___Govt_VS_Oppn___CEC___Rahul_G.mp4,2293,15728.133,15729.8,1.667,Anchor Studio,94.0,"Anchor Studio: stable=0.83, symmetry=0.80, centered=True, faces=2, face_area=0.0340"
SIR_Row_Live__Protests___Politics_Over_Poll_Panel___Govt_VS_Oppn___CEC___Rahul_G.mp4,2294,15729.867,15730.4,0.533,Anchor Studio,72.0,"Anchor Studio: stable=0.74, symmetry=0.78, centered=True, faces=1, face_area=0.0191"
SIR_Row_Live__Protests___Politics_Over_Poll_Panel___Govt_VS_Oppn___CEC___Rahul_G.mp4,2295,15730.467,15735.133,4.666,Anchor Studio,84.0,"Anchor Studio: stable=0.76, symmetry=0.93, centered=True, faces=1, face_area=0.0061"
SIR_Row_Live__Protests___Politics_Over_Poll_Panel___Govt_VS_Oppn___CEC___Rahul_G.mp4,2296,15735.2,15737.533,2.333,Title Card,78.0,"Title Card: headline=0.1991, textcov=0.3157, stability=0.84"
SIR_Row_Live__Protests___Politics_Over_Poll_Panel___Govt_VS_Oppn___CEC___Rahul_G.mp4,2297,15737.6,15739.333,1.733,B-Roll,70.0,"B-Roll: motion=0.0518, edge=0.2038, face_area=0.0000, symmetry=0.87"
SIR_Row_Live__Protests___Politics_Over_Poll_Panel___Govt_VS_Oppn___CEC___Rahul_G.mp4,2298,15739.4,15740.533,1.133,B-Roll,70.0,"B-Roll: motion=0.0443, edge=0.1949, face_area=0.0000, symmetry=0.85"
SIR_Row_Live__Protests___Politics_Over_Poll_Panel___Govt_VS_Oppn___CEC___Rahul_G.mp4,2299,15740.6,15750.333,9.733,Anchor Studio,74.0,"Anchor Studio: stable=0.36, symmetry=0.93, centered=True, faces=1, face_area=0.0011"
SIR_Row_Live__Protests___Politics_Over_Poll_Panel___Govt_VS_Oppn___CEC___Rahul_G.mp4,2300,15750.4,15757.267,6.867,Anchor Studio,94.0,"Anchor Studio: stable=0.87, symmetry=0.89, centered=True, faces=2, face_area=0.0284"
SIR_Row_Live__Protests___Politics_Over_Poll_Panel___Govt_VS_Oppn___CEC___Rahul_G.mp4,2301,15757.333,15806.0,48.667,Anchor Studio,94.0,"Anchor Studio: stable=0.91, symmetry=0.88, centered=True, faces=4, face_area=0.1350"
SIR_Row_Live__Protests___Politics_Over_Poll_Panel___Govt_VS_Oppn___CEC___Rahul_G.mp4,2302,15806.067,15806.733,0.666,Anchor Studio,72.0,"Anchor Studio: stable=0.48, symmetry=0.74, centered=True, faces=3, face_area=0.0249"
SIR_Row_Live__Protests___Politics_Over_Poll_Panel___Govt_VS_Oppn___CEC___Rahul_G.mp4,2303,15806.8,15834.2,27.4,Anchor Studio,84.0,"Anchor Studio: stable=0.88, symmetry=0.90, centered=True, faces=1, face_area=0.0020"
SIR_Row_Live__Protests___Politics_Over_Poll_Panel___Govt_VS_Oppn___CEC___Rahul_G.mp4,2304,15834.267,15837.733,3.466,Anchor Studio,94.0,"Anchor Studio: stable=0.81, symmetry=0.89, centered=True, faces=1, face_area=0.0146"
SIR_Row_Live__Protests___Politics_Over_Poll_Panel___Govt_VS_Oppn___CEC___Rahul_G.mp4,2305,15837.8,15840.4,2.6,Anchor Studio,94.0,"Anchor Studio: stable=0.89, symmetry=0.97, centered=True, faces=1, face_area=0.0198"
SIR_Row_Live__Protests___Politics_Over_Poll_Panel___Govt_VS_Oppn___CEC___Rahul_G.mp4,2306,15840.467,15842.667,2.2,Anchor Studio,94.0,"Anchor Studio: stable=0.87, symmetry=0.97, centered=True, faces=1, face_area=0.0193"
SIR_Row_Live__Protests___Politics_Over_Poll_Panel___Govt_VS_Oppn___CEC___Rahul_G.mp4,2307,15842.733,15853.933,11.2,Anchor Studio,94.0,"Anchor Studio: stable=0.89, symmetry=0.91, centered=True, faces=1, face_area=0.0175"
SIR_Row_Live__Protests___Politics_Over_Poll_Panel___Govt_VS_Oppn___CEC___Rahul_G.mp4,2308,15854.0,15855.333,1.333,Anchor Studio,94.0,"Anchor Studio: stable=0.84, symmetry=0.95, centered=True, faces=1, face_area=0.0200"
SIR_Row_Live__Protests___Politics_Over_Poll_Panel___Govt_VS_Oppn___CEC___Rahul_G.mp4,2309,15855.4,15866.267,10.867,Anchor Studio,94.0,"Anchor Studio: stable=0.91, symmetry=0.95, centered=True, faces=1, face_area=0.0156"
SIR_Row_Live__Protests___Politics_Over_Poll_Panel___Govt_VS_Oppn___CEC___Rahul_G.mp4,2310,15866.333,15872.733,6.4,Anchor Studio,94.0,"Anchor Studio: stable=0.84, symmetry=0.97, centered=True, faces=2, face_area=0.0366"
SIR_Row_Live__Protests___Politics_Over_Poll_Panel___Govt_VS_Oppn___CEC___Rahul_G.mp4,2311,15872.8,15877.267,4.467,Anchor Studio,84.0,"Anchor Studio: stable=0.92, symmetry=0.91, centered=True, faces=1, face_area=0.0057"
SIR_Row_Live__Protests___Politics_Over_Poll_Panel___Govt_VS_Oppn___CEC___Rahul_G.mp4,2312,15877.333,15887.733,10.4,Anchor Studio,94.0,"Anchor Studio: stable=0.92, symmetry=0.95, centered=True, faces=1, face_area=0.0158"
SIR_Row_Live__Protests___Politics_Over_Poll_Panel___Govt_VS_Oppn___CEC___Rahul_G.mp4,2313,15887.8,15895.333,7.533,Anchor Studio,94.0,"Anchor Studio: stable=0.91, symmetry=0.94, centered=True, faces=1, face_area=0.0193"
SIR_Row_Live__Protests___Politics_Over_Poll_Panel___Govt_VS_Oppn___CEC___Rahul_G.mp4,2314,15895.4,15942.333,46.933,Anchor Studio,94.0,"Anchor Studio: stable=0.93, symmetry=0.96, centered=True, faces=1, face_area=0.0170"
SIR_Row_Live__Protests___Politics_Over_Poll_Panel___Govt_VS_Oppn___CEC___Rahul_G.mp4,2315,15942.4,15943.133,0.733,Anchor Studio,72.0,"Anchor Studio: stable=0.59, symmetry=0.78, centered=True, faces=1, face_area=0.0102"
SIR_Row_Live__Protests___Politics_Over_Poll_Panel___Govt_VS_Oppn___CEC___Rahul_G.mp4,2316,15943.2,15956.733,13.533,Title Card,78.0,"Title Card: headline=0.8010, textcov=0.9510, stability=0.89"
SIR_Row_Live__Protests___Politics_Over_Poll_Panel___Govt_VS_Oppn___CEC___Rahul_G.mp4,2317,15956.8,15968.933,12.133,Anchor Studio,84.0,"Anchor Studio: stable=0.88, symmetry=0.92, centered=True, faces=1, face_area=0.0045"
SIR_Row_Live__Protests___Politics_Over_Poll_Panel___Govt_VS_Oppn___CEC___Rahul_G.mp4,2318,15969.0,16044.933,75.933,Anchor Studio,82.0,"Anchor Studio: stable=0.91, symmetry=0.92, centered=False, faces=2, face_area=0.0162"
SIR_Row_Live__Protests___Politics_Over_Poll_Panel___Govt_VS_Oppn___CEC___Rahul_G.mp4,2319,16045.0,16050.733,5.733,Anchor Studio,72.0,"Anchor Studio: stable=0.70, symmetry=0.82, centered=False, faces=1, face_area=0.0103"
SIR_Row_Live__Protests___Politics_Over_Poll_Panel___Govt_VS_Oppn___CEC___Rahul_G.mp4,2320,16050.8,16075.4,24.6,Anchor Studio,94.0,"Anchor Studio: stable=0.85, symmetry=0.80, centered=True, faces=2, face_area=0.0153"
SIR_Row_Live__Protests___Politics_Over_Poll_Panel___Govt_VS_Oppn___CEC___Rahul_G.mp4,2321,16075.467,16077.667,2.2,Title Card,74.0,"Title Card: headline=0.4113, textcov=0.5486, stability=0.82"
SIR_Row_Live__Protests___Politics_Over_Poll_Panel___Govt_VS_Oppn___CEC___Rahul_G.mp4,2322,16077.733,16100.2,22.467,Title Card,78.0,"Title Card: headline=0.8522, textcov=0.9512, stability=0.90"
SIR_Row_Live__Protests___Politics_Over_Poll_Panel___Govt_VS_Oppn___CEC___Rahul_G.mp4,2323,16100.267,16130.267,30.0,Anchor Studio,84.0,"Anchor Studio: stable=0.90, symmetry=0.80, centered=True, faces=1, face_area=0.0001"
SIR_Row_Live__Protests___Politics_Over_Poll_Panel___Govt_VS_Oppn___CEC___Rahul_G.mp4,2324,16130.333,16134.333,4.0,Title Card,78.0,"Title Card: headline=0.9897, textcov=1.1219, stability=0.87"
SIR_Row_Live__Protests___Politics_Over_Poll_Panel___Govt_VS_Oppn___CEC___Rahul_G.mp4,2325,16134.4,16182.467,48.067,Anchor Studio,82.0,"Anchor Studio: stable=0.91, symmetry=0.84, centered=False, faces=1, face_area=0.0199"
SIR_Row_Live__Protests___Politics_Over_Poll_Panel___Govt_VS_Oppn___CEC___Rahul_G.mp4,2326,16182.533,16187.2,4.667,Title Card,78.0,"Title Card: headline=0.9775, textcov=1.0248, stability=0.85"
SIR_Row_Live__Protests___Politics_Over_Poll_Panel___Govt_VS_Oppn___CEC___Rahul_G.mp4,2327,16187.267,16191.733,4.466,Title Card,78.0,"Title Card: headline=0.9961, textcov=1.0241, stability=0.81"
SIR_Row_Live__Protests___Politics_Over_Poll_Panel___Govt_VS_Oppn___CEC___Rahul_G.mp4,2328,16191.8,16193.067,1.267,Title Card,78.0,"Title Card: headline=1.0184, textcov=1.1487, stability=0.84"
SIR_Row_Live__Protests___Politics_Over_Poll_Panel___Govt_VS_Oppn___CEC___Rahul_G.mp4,2329,16193.133,16196.733,3.6,Title Card,78.0,"Title Card: headline=1.2246, textcov=1.2885, stability=0.89"
SIR_Row_Live__Protests___Politics_Over_Poll_Panel___Govt_VS_Oppn___CEC___Rahul_G.mp4,2330,16196.8,16199.667,2.867,Title Card,68.0,"Title Card: headline=0.8575, textcov=0.9146, stability=0.77"
SIR_Row_Live__Protests___Politics_Over_Poll_Panel___Govt_VS_Oppn___CEC___Rahul_G.mp4,2331,16199.733,16201.667,1.934,Title Card,68.0,"Title Card: headline=0.8793, textcov=0.9091, stability=0.80"
SIR_Row_Live__Protests___Politics_Over_Poll_Panel___Govt_VS_Oppn___CEC___Rahul_G.mp4,2332,16201.733,16204.067,2.334,Title Card,78.0,"Title Card: headline=0.9240, textcov=1.0161, stability=0.89"
SIR_Row_Live__Protests___Politics_Over_Poll_Panel___Govt_VS_Oppn___CEC___Rahul_G.mp4,2333,16204.133,16206.733,2.6,Title Card,78.0,"Title Card: headline=0.8892, textcov=0.9422, stability=0.81"
SIR_Row_Live__Protests___Politics_Over_Poll_Panel___Govt_VS_Oppn___CEC___Rahul_G.mp4,2334,16206.8,16211.267,4.467,Title Card,78.0,"Title Card: headline=1.0189, textcov=1.0504, stability=0.86"
SIR_Row_Live__Protests___Politics_Over_Poll_Panel___Govt_VS_Oppn___CEC___Rahul_G.mp4,2335,16211.333,16215.067,3.734,Title Card,78.0,"Title Card: headline=1.1192, textcov=1.1379, stability=0.85"
SIR_Row_Live__Protests___Politics_Over_Poll_Panel___Govt_VS_Oppn___CEC___Rahul_G.mp4,2336,16215.133,16215.667,0.534,Title Card,68.0,"Title Card: headline=1.4154, textcov=1.4839, stability=0.79"
SIR_Row_Live__Protests___Politics_Over_Poll_Panel___Govt_VS_Oppn___CEC___Rahul_G.mp4,2337,16215.733,16234.267,18.534,Anchor Studio,84.0,"Anchor Studio: stable=0.89, symmetry=0.88, centered=True, faces=1, face_area=0.0031"
SIR_Row_Live__Protests___Politics_Over_Poll_Panel___Govt_VS_Oppn___CEC___Rahul_G.mp4,2338,16234.333,16234.933,0.6,Title Card,78.0,"Title Card: headline=1.2601, textcov=1.3354, stability=0.95"
SIR_Row_Live__Protests___Politics_Over_Poll_Panel___Govt_VS_Oppn___CEC___Rahul_G.mp4,2339,16235.0,16236.733,1.733,Title Card,78.0,"Title Card: headline=1.2517, textcov=1.3202, stability=0.92"
SIR_Row_Live__Protests___Politics_Over_Poll_Panel___Govt_VS_Oppn___CEC___Rahul_G.mp4,2340,16236.8,16250.067,13.267,Title Card,78.0,"Title Card: headline=0.9621, textcov=1.0982, stability=0.89"
SIR_Row_Live__Protests___Politics_Over_Poll_Panel___Govt_VS_Oppn___CEC___Rahul_G.mp4,2341,16250.133,16251.267,1.134,B-Roll,70.0,"B-Roll: motion=0.0752, edge=0.1383, face_area=0.0000, symmetry=0.95"
SIR_Row_Live__Protests___Politics_Over_Poll_Panel___Govt_VS_Oppn___CEC___Rahul_G.mp4,2342,16251.333,16252.333,1.0,Title Card,78.0,"Title Card: headline=0.8942, textcov=0.9965, stability=0.89"
SIR_Row_Live__Protests___Politics_Over_Poll_Panel___Govt_VS_Oppn___CEC___Rahul_G.mp4,2343,16252.4,16253.667,1.267,Title Card,78.0,"Title Card: headline=0.9241, textcov=1.0529, stability=0.89"
SIR_Row_Live__Protests___Politics_Over_Poll_Panel___Govt_VS_Oppn___CEC___Rahul_G.mp4,2344,16253.733,16259.067,5.334,Title Card,78.0,"Title Card: headline=0.9037, textcov=1.0402, stability=0.90"
SIR_Row_Live__Protests___Politics_Over_Poll_Panel___Govt_VS_Oppn___CEC___Rahul_G.mp4,2345,16259.133,16262.0,2.867,Title Card,78.0,"Title Card: headline=0.9759, textcov=1.1027, stability=0.90"
SIR_Row_Live__Protests___Politics_Over_Poll_Panel___Govt_VS_Oppn___CEC___Rahul_G.mp4,2346,16262.067,16262.933,0.866,Anchor Studio,84.0,"Anchor Studio: stable=0.06, symmetry=0.97, centered=True, faces=2, face_area=0.0115"
SIR_Row_Live__Protests___Politics_Over_Poll_Panel___Govt_VS_Oppn___CEC___Rahul_G.mp4,2347,16263.0,16269.733,6.733,Anchor Studio,94.0,"Anchor Studio: stable=0.86, symmetry=0.99, centered=True, faces=2, face_area=0.0467"
SIR_Row_Live__Protests___Politics_Over_Poll_Panel___Govt_VS_Oppn___CEC___Rahul_G.mp4,2348,16269.8,16270.8,1.0,Anchor Studio,94.0,"Anchor Studio: stable=0.90, symmetry=0.99, centered=True, faces=3, face_area=0.0796"
SIR_Row_Live__Protests___Politics_Over_Poll_Panel___Govt_VS_Oppn___CEC___Rahul_G.mp4,2349,16270.867,16274.067,3.2,Anchor Studio,94.0,"Anchor Studio: stable=0.92, symmetry=0.99, centered=True, faces=2, face_area=0.0386"
SIR_Row_Live__Protests___Politics_Over_Poll_Panel___Govt_VS_Oppn___CEC___Rahul_G.mp4,2350,16274.133,16278.867,4.734,Anchor Studio,94.0,"Anchor Studio: stable=0.86, symmetry=0.98, centered=True, faces=3, face_area=0.0520"
SIR_Row_Live__Protests___Politics_Over_Poll_Panel___Govt_VS_Oppn___CEC___Rahul_G.mp4,2351,16278.933,16280.267,1.334,Anchor Studio,94.0,"Anchor Studio: stable=0.89, symmetry=0.98, centered=True, faces=2, face_area=0.0472"
SIR_Row_Live__Protests___Politics_Over_Poll_Panel___Govt_VS_Oppn___CEC___Rahul_G.mp4,2352,16280.333,16288.267,7.934,Anchor Studio,94.0,"Anchor Studio: stable=0.83, symmetry=0.96, centered=True, faces=3, face_area=0.0422"
SIR_Row_Live__Protests___Politics_Over_Poll_Panel___Govt_VS_Oppn___CEC___Rahul_G.mp4,2353,16288.333,16290.4,2.067,Anchor Studio,94.0,"Anchor Studio: stable=0.84, symmetry=0.95, centered=True, faces=2, face_area=0.0303"
SIR_Row_Live__Protests___Politics_Over_Poll_Panel___Govt_VS_Oppn___CEC___Rahul_G.mp4,2354,16290.467,16310.267,19.8,Title Card,78.0,"Title Card: headline=1.0712, textcov=1.2059, stability=0.93"
SIR_Row_Live__Protests___Politics_Over_Poll_Panel___Govt_VS_Oppn___CEC___Rahul_G.mp4,2355,16310.333,16312.467,2.134,Title Card,78.0,"Title Card: headline=0.5857, textcov=0.7761, stability=0.88"
SIR_Row_Live__Protests___Politics_Over_Poll_Panel___Govt_VS_Oppn___CEC___Rahul_G.mp4,2356,16312.533,16313.2,0.667,B-Roll,70.0,"B-Roll: motion=0.0587, edge=0.0896, face_area=0.0000, symmetry=0.77"
SIR_Row_Live__Protests___Politics_Over_Poll_Panel___Govt_VS_Oppn___CEC___Rahul_G.mp4,2357,16313.267,16327.2,13.933,Title Card,78.0,"Title Card: headline=0.9280, textcov=1.0636, stability=0.89"
SIR_Row_Live__Protests___Politics_Over_Poll_Panel___Govt_VS_Oppn___CEC___Rahul_G.mp4,2358,16327.267,16350.067,22.8,Title Card,78.0,"Title Card: headline=0.9862, textcov=1.1237, stability=0.92"
SIR_Row_Live__Protests___Politics_Over_Poll_Panel___Govt_VS_Oppn___CEC___Rahul_G.mp4,2359,16350.133,16371.467,21.334,Anchor Studio,84.0,"Anchor Studio: stable=0.88, symmetry=0.86, centered=True, faces=1, face_area=0.0025"
SIR_Row_Live__Protests___Politics_Over_Poll_Panel___Govt_VS_Oppn___CEC___Rahul_G.mp4,2360,16371.533,16387.533,16.0,Anchor Studio,94.0,"Anchor Studio: stable=0.85, symmetry=0.87, centered=True, faces=1, face_area=0.0193"
SIR_Row_Live__Protests___Politics_Over_Poll_Panel___Govt_VS_Oppn___CEC___Rahul_G.mp4,2361,16387.6,16445.6,58.0,Anchor Studio,84.0,"Anchor Studio: stable=0.88, symmetry=0.85, centered=True, faces=1, face_area=0.0029"
SIR_Row_Live__Protests___Politics_Over_Poll_Panel___Govt_VS_Oppn___CEC___Rahul_G.mp4,2362,16445.667,16511.867,66.2,Anchor Studio,94.0,"Anchor Studio: stable=0.84, symmetry=0.85, centered=True, faces=1, face_area=0.0115"
SIR_Row_Live__Protests___Politics_Over_Poll_Panel___Govt_VS_Oppn___CEC___Rahul_G.mp4,2363,16511.933,16513.0,1.067,B-Roll,70.0,"B-Roll: motion=0.0408, edge=0.1117, face_area=0.0011, symmetry=0.85"
SIR_Row_Live__Protests___Politics_Over_Poll_Panel___Govt_VS_Oppn___CEC___Rahul_G.mp4,2364,16513.067,16515.133,2.066,Anchor Studio,82.0,"Anchor Studio: stable=0.78, symmetry=0.99, centered=False, faces=1, face_area=0.0199"
SIR_Row_Live__Protests___Politics_Over_Poll_Panel___Govt_VS_Oppn___CEC___Rahul_G.mp4,2365,16515.2,16520.133,4.933,Anchor Studio,82.0,"Anchor Studio: stable=0.84, symmetry=0.91, centered=False, faces=1, face_area=0.0214"
SIR_Row_Live__Protests___Politics_Over_Poll_Panel___Govt_VS_Oppn___CEC___Rahul_G.mp4,2366,16520.2,16524.733,4.533,Anchor Studio,82.0,"Anchor Studio: stable=0.80, symmetry=0.95, centered=False, faces=1, face_area=0.0206"
SIR_Row_Live__Protests___Politics_Over_Poll_Panel___Govt_VS_Oppn___CEC___Rahul_G.mp4,2367,16524.8,16527.0,2.2,Anchor Studio,82.0,"Anchor Studio: stable=0.86, symmetry=0.94, centered=False, faces=1, face_area=0.0211"
SIR_Row_Live__Protests___Politics_Over_Poll_Panel___Govt_VS_Oppn___CEC___Rahul_G.mp4,2368,16527.067,16529.733,2.666,Anchor Studio,82.0,"Anchor Studio: stable=0.83, symmetry=0.95, centered=False, faces=1, face_area=0.0182"
SIR_Row_Live__Protests___Politics_Over_Poll_Panel___Govt_VS_Oppn___CEC___Rahul_G.mp4,2369,16529.8,16534.667,4.867,Anchor Studio,82.0,"Anchor Studio: stable=0.84, symmetry=0.95, centered=False, faces=2, face_area=0.0220"
SIR_Row_Live__Protests___Politics_Over_Poll_Panel___Govt_VS_Oppn___CEC___Rahul_G.mp4,2370,16534.733,16538.6,3.867,Anchor Studio,82.0,"Anchor Studio: stable=0.87, symmetry=0.95, centered=False, faces=1, face_area=0.0181"
SIR_Row_Live__Protests___Politics_Over_Poll_Panel___Govt_VS_Oppn___CEC___Rahul_G.mp4,2371,16538.667,16539.667,1.0,Anchor Studio,82.0,"Anchor Studio: stable=0.86, symmetry=0.95, centered=False, faces=1, face_area=0.0203"
SIR_Row_Live__Protests___Politics_Over_Poll_Panel___Govt_VS_Oppn___CEC___Rahul_G.mp4,2372,16539.733,16540.733,1.0,Anchor Studio,82.0,"Anchor Studio: stable=0.83, symmetry=0.96, centered=False, faces=1, face_area=0.0156"
SIR_Row_Live__Protests___Politics_Over_Poll_Panel___Govt_VS_Oppn___CEC___Rahul_G.mp4,2373,16540.8,16544.267,3.467,Anchor Studio,72.0,"Anchor Studio: stable=0.74, symmetry=0.94, centered=False, faces=1, face_area=0.0111"
SIR_Row_Live__Protests___Politics_Over_Poll_Panel___Govt_VS_Oppn___CEC___Rahul_G.mp4,2374,16544.333,16548.267,3.934,Anchor Studio,82.0,"Anchor Studio: stable=0.85, symmetry=0.92, centered=False, faces=1, face_area=0.0104"
SIR_Row_Live__Protests___Politics_Over_Poll_Panel___Govt_VS_Oppn___CEC___Rahul_G.mp4,2375,16548.333,16551.067,2.734,Anchor Studio,94.0,"Anchor Studio: stable=0.85, symmetry=0.95, centered=True, faces=2, face_area=0.0196"
SIR_Row_Live__Protests___Politics_Over_Poll_Panel___Govt_VS_Oppn___CEC___Rahul_G.mp4,2376,16551.133,16552.867,1.734,Anchor Studio,82.0,"Anchor Studio: stable=0.88, symmetry=0.96, centered=False, faces=1, face_area=0.0171"
SIR_Row_Live__Protests___Politics_Over_Poll_Panel___Govt_VS_Oppn___CEC___Rahul_G.mp4,2377,16552.933,16555.867,2.934,Anchor Studio,94.0,"Anchor Studio: stable=0.87, symmetry=0.99, centered=True, faces=2, face_area=0.0159"
SIR_Row_Live__Protests___Politics_Over_Poll_Panel___Govt_VS_Oppn___CEC___Rahul_G.mp4,2378,16555.933,16561.867,5.934,Anchor Studio,94.0,"Anchor Studio: stable=0.81, symmetry=0.93, centered=True, faces=2, face_area=0.0168"
SIR_Row_Live__Protests___Politics_Over_Poll_Panel___Govt_VS_Oppn___CEC___Rahul_G.mp4,2379,16561.933,16562.533,0.6,Title Card,64.0,"Title Card: headline=0.4525, textcov=0.5934, stability=0.39"
SIR_Row_Live__Protests___Politics_Over_Poll_Panel___Govt_VS_Oppn___CEC___Rahul_G.mp4,2380,16562.6,16565.467,2.867,Anchor Studio,84.0,"Anchor Studio: stable=0.67, symmetry=0.94, centered=True, faces=2, face_area=0.0167"
SIR_Row_Live__Protests___Politics_Over_Poll_Panel___Govt_VS_Oppn___CEC___Rahul_G.mp4,2381,16565.533,16568.933,3.4,Anchor Studio,94.0,"Anchor Studio: stable=0.92, symmetry=0.98, centered=True, faces=2, face_area=0.0293"
SIR_Row_Live__Protests___Politics_Over_Poll_Panel___Govt_VS_Oppn___CEC___Rahul_G.mp4,2382,16569.0,16576.267,7.267,Anchor Studio,94.0,"Anchor Studio: stable=0.85, symmetry=0.98, centered=True, faces=2, face_area=0.0199"
SIR_Row_Live__Protests___Politics_Over_Poll_Panel___Govt_VS_Oppn___CEC___Rahul_G.mp4,2383,16576.333,16577.6,1.267,Anchor Studio,84.0,"Anchor Studio: stable=0.71, symmetry=0.97, centered=True, faces=2, face_area=0.0311"
SIR_Row_Live__Protests___Politics_Over_Poll_Panel___Govt_VS_Oppn___CEC___Rahul_G.mp4,2384,16577.667,16582.733,5.066,Anchor Studio,94.0,"Anchor Studio: stable=0.88, symmetry=0.92, centered=True, faces=2, face_area=0.0286"
SIR_Row_Live__Protests___Politics_Over_Poll_Panel___Govt_VS_Oppn___CEC___Rahul_G.mp4,2385,16582.8,16584.133,1.333,Anchor Studio,94.0,"Anchor Studio: stable=0.82, symmetry=0.84, centered=True, faces=1, face_area=0.0244"
SIR_Row_Live__Protests___Politics_Over_Poll_Panel___Govt_VS_Oppn___CEC___Rahul_G.mp4,2386,16584.2,16586.0,1.8,Anchor Studio,94.0,"Anchor Studio: stable=0.76, symmetry=0.95, centered=True, faces=1, face_area=0.0189"
SIR_Row_Live__Protests___Politics_Over_Poll_Panel___Govt_VS_Oppn___CEC___Rahul_G.mp4,2387,16586.067,16589.333,3.266,Anchor Studio,94.0,"Anchor Studio: stable=0.83, symmetry=0.96, centered=True, faces=2, face_area=0.0271"
SIR_Row_Live__Protests___Politics_Over_Poll_Panel___Govt_VS_Oppn___CEC___Rahul_G.mp4,2388,16589.4,16593.133,3.733,Anchor Studio,94.0,"Anchor Studio: stable=0.85, symmetry=0.98, centered=True, faces=2, face_area=0.0248"
SIR_Row_Live__Protests___Politics_Over_Poll_Panel___Govt_VS_Oppn___CEC___Rahul_G.mp4,2389,16593.2,16598.133,4.933,Anchor Studio,94.0,"Anchor Studio: stable=0.83, symmetry=0.99, centered=True, faces=2, face_area=0.0226"
SIR_Row_Live__Protests___Politics_Over_Poll_Panel___Govt_VS_Oppn___CEC___Rahul_G.mp4,2390,16598.2,16599.467,1.267,Anchor Studio,84.0,"Anchor Studio: stable=0.78, symmetry=0.98, centered=True, faces=1, face_area=0.0010"
SIR_Row_Live__Protests___Politics_Over_Poll_Panel___Govt_VS_Oppn___CEC___Rahul_G.mp4,2391,16599.533,16602.733,3.2,Anchor Studio,94.0,"Anchor Studio: stable=0.81, symmetry=0.98, centered=True, faces=2, face_area=0.0250"
SIR_Row_Live__Protests___Politics_Over_Poll_Panel___Govt_VS_Oppn___CEC___Rahul_G.mp4,2392,16602.8,16603.867,1.067,Anchor Studio,94.0,"Anchor Studio: stable=0.84, symmetry=0.99, centered=True, faces=2, face_area=0.0366"
SIR_Row_Live__Protests___Politics_Over_Poll_Panel___Govt_VS_Oppn___CEC___Rahul_G.mp4,2393,16603.933,16608.533,4.6,Anchor Studio,94.0,"Anchor Studio: stable=0.83, symmetry=0.98, centered=True, faces=2, face_area=0.0248"
SIR_Row_Live__Protests___Politics_Over_Poll_Panel___Govt_VS_Oppn___CEC___Rahul_G.mp4,2394,16608.6,16612.667,4.067,Anchor Studio,94.0,"Anchor Studio: stable=0.85, symmetry=0.98, centered=True, faces=2, face_area=0.0236"
SIR_Row_Live__Protests___Politics_Over_Poll_Panel___Govt_VS_Oppn___CEC___Rahul_G.mp4,2395,16612.733,16618.533,5.8,Anchor Studio,94.0,"Anchor Studio: stable=0.82, symmetry=0.97, centered=True, faces=2, face_area=0.0256"
SIR_Row_Live__Protests___Politics_Over_Poll_Panel___Govt_VS_Oppn___CEC___Rahul_G.mp4,2396,16618.6,16620.267,1.667,Anchor Studio,94.0,"Anchor Studio: stable=0.80, symmetry=0.94, centered=True, faces=1, face_area=0.0223"
SIR_Row_Live__Protests___Politics_Over_Poll_Panel___Govt_VS_Oppn___CEC___Rahul_G.mp4,2397,16620.333,16620.933,0.6,Anchor Studio,72.0,"Anchor Studio: stable=0.57, symmetry=0.77, centered=True, faces=2, face_area=0.0147"
SIR_Row_Live__Protests___Politics_Over_Poll_Panel___Govt_VS_Oppn___CEC___Rahul_G.mp4,2398,16621.0,16622.2,1.2,Anchor Studio,74.0,"Anchor Studio: stable=0.62, symmetry=0.87, centered=True, faces=1, face_area=0.0010"
SIR_Row_Live__Protests___Politics_Over_Poll_Panel___Govt_VS_Oppn___CEC___Rahul_G.mp4,2399,16622.267,16626.333,4.066,Anchor Studio,84.0,"Anchor Studio: stable=0.81, symmetry=0.95, centered=True, faces=2, face_area=0.0095"
SIR_Row_Live__Protests___Politics_Over_Poll_Panel___Govt_VS_Oppn___CEC___Rahul_G.mp4,2400,16626.4,16631.333,4.933,Anchor Studio,94.0,"Anchor Studio: stable=0.81, symmetry=0.83, centered=True, faces=2, face_area=0.0180"
SIR_Row_Live__Protests___Politics_Over_Poll_Panel___Govt_VS_Oppn___CEC___Rahul_G.mp4,2401,16631.4,16669.667,38.267,Anchor Studio,84.0,"Anchor Studio: stable=0.84, symmetry=0.93, centered=True, faces=1, face_area=0.0031"
SIR_Row_Live__Protests___Politics_Over_Poll_Panel___Govt_VS_Oppn___CEC___Rahul_G.mp4,2402,16669.733,16697.067,27.334,Anchor Studio,94.0,"Anchor Studio: stable=0.89, symmetry=0.88, centered=True, faces=2, face_area=0.0108"
SIR_Row_Live__Protests___Politics_Over_Poll_Panel___Govt_VS_Oppn___CEC___Rahul_G.mp4,2403,16697.133,16698.733,1.6,Anchor Studio,84.0,"Anchor Studio: stable=0.65, symmetry=0.88, centered=True, faces=4, face_area=0.0658"
SIR_Row_Live__Protests___Politics_Over_Poll_Panel___Govt_VS_Oppn___CEC___Rahul_G.mp4,2404,16698.8,16699.933,1.133,Anchor Studio,94.0,"Anchor Studio: stable=0.85, symmetry=0.89, centered=True, faces=4, face_area=0.1149"
SIR_Row_Live__Protests___Politics_Over_Poll_Panel___Govt_VS_Oppn___CEC___Rahul_G.mp4,2405,16700.0,16700.6,0.6,Field Report,68.0,"Field Report: motion=0.0490, faces=1, centered=False, symmetry=0.78"
SIR_Row_Live__Protests___Politics_Over_Poll_Panel___Govt_VS_Oppn___CEC___Rahul_G.mp4,2406,16700.667,16704.867,4.2,Anchor Studio,84.0,"Anchor Studio: stable=0.74, symmetry=0.86, centered=True, faces=2, face_area=0.0412"
SIR_Row_Live__Protests___Politics_Over_Poll_Panel___Govt_VS_Oppn___CEC___Rahul_G.mp4,2407,16704.933,16708.867,3.934,Anchor Studio,94.0,"Anchor Studio: stable=0.87, symmetry=0.99, centered=True, faces=3, face_area=0.1104"
SIR_Row_Live__Protests___Politics_Over_Poll_Panel___Govt_VS_Oppn___CEC___Rahul_G.mp4,2408,16708.933,16718.733,9.8,Anchor Studio,94.0,"Anchor Studio: stable=0.90, symmetry=0.98, centered=True, faces=3, face_area=0.1199"
SIR_Row_Live__Protests___Politics_Over_Poll_Panel___Govt_VS_Oppn___CEC___Rahul_G.mp4,2409,16718.8,16735.933,17.133,Anchor Studio,94.0,"Anchor Studio: stable=0.88, symmetry=0.97, centered=True, faces=3, face_area=0.1136"
SIR_Row_Live__Protests___Politics_Over_Poll_Panel___Govt_VS_Oppn___CEC___Rahul_G.mp4,2410,16736.0,16738.533,2.533,Anchor Studio,94.0,"Anchor Studio: stable=0.90, symmetry=0.95, centered=True, faces=3, face_area=0.1199"
SIR_Row_Live__Protests___Politics_Over_Poll_Panel___Govt_VS_Oppn___CEC___Rahul_G.mp4,2411,16738.6,16739.267,0.667,Anchor Studio,72.0,"Anchor Studio: stable=0.61, symmetry=0.77, centered=True, faces=1, face_area=0.0334"
SIR_Row_Live__Protests___Politics_Over_Poll_Panel___Govt_VS_Oppn___CEC___Rahul_G.mp4,2412,16739.333,16740.467,1.134,B-Roll,70.0,"B-Roll: motion=0.0377, edge=0.1104, face_area=0.0023, symmetry=0.88"
SIR_Row_Live__Protests___Politics_Over_Poll_Panel___Govt_VS_Oppn___CEC___Rahul_G.mp4,2413,16740.533,16758.667,18.134,Anchor Studio,94.0,"Anchor Studio: stable=0.90, symmetry=0.84, centered=True, faces=2, face_area=0.0226"
SIR_Row_Live__Protests___Politics_Over_Poll_Panel___Govt_VS_Oppn___CEC___Rahul_G.mp4,2414,16758.733,16763.8,5.067,Anchor Studio,94.0,"Anchor Studio: stable=0.84, symmetry=0.94, centered=True, faces=2, face_area=0.0194"
SIR_Row_Live__Protests___Politics_Over_Poll_Panel___Govt_VS_Oppn___CEC___Rahul_G.mp4,2415,16763.867,16764.467,0.6,Anchor Studio,82.0,"Anchor Studio: stable=0.89, symmetry=0.97, centered=False, faces=1, face_area=0.0215"
SIR_Row_Live__Protests___Politics_Over_Poll_Panel___Govt_VS_Oppn___CEC___Rahul_G.mp4,2416,16764.533,16765.733,1.2,B-Roll,70.0,"B-Roll: motion=0.0747, edge=0.1510, face_area=0.0000, symmetry=0.97"
SIR_Row_Live__Protests___Politics_Over_Poll_Panel___Govt_VS_Oppn___CEC___Rahul_G.mp4,2417,16765.8,16766.533,0.733,Title Card,68.0,"Title Card: headline=0.8336, textcov=0.9173, stability=0.77"
SIR_Row_Live__Protests___Politics_Over_Poll_Panel___Govt_VS_Oppn___CEC___Rahul_G.mp4,2418,16766.6,16768.0,1.4,Anchor Studio,82.0,"Anchor Studio: stable=0.89, symmetry=0.96, centered=False, faces=1, face_area=0.0183"
SIR_Row_Live__Protests___Politics_Over_Poll_Panel___Govt_VS_Oppn___CEC___Rahul_G.mp4,2419,16768.067,16768.8,0.733,Anchor Studio,82.0,"Anchor Studio: stable=0.89, symmetry=0.94, centered=False, faces=1, face_area=0.0225"
SIR_Row_Live__Protests___Politics_Over_Poll_Panel___Govt_VS_Oppn___CEC___Rahul_G.mp4,2420,16768.867,16773.333,4.466,Title Card,74.0,"Title Card: headline=0.8273, textcov=0.9272, stability=0.83"
SIR_Row_Live__Protests___Politics_Over_Poll_Panel___Govt_VS_Oppn___CEC___Rahul_G.mp4,2421,16773.4,16775.8,2.4,Title Card,78.0,"Title Card: headline=0.8324, textcov=0.9595, stability=0.88"
SIR_Row_Live__Protests___Politics_Over_Poll_Panel___Govt_VS_Oppn___CEC___Rahul_G.mp4,2422,16775.867,16777.333,1.466,Anchor Studio,74.0,"Anchor Studio: stable=0.41, symmetry=0.96, centered=True, faces=1, face_area=0.0036"
SIR_Row_Live__Protests___Politics_Over_Poll_Panel___Govt_VS_Oppn___CEC___Rahul_G.mp4,2423,16777.4,16778.333,0.933,Anchor Studio,82.0,"Anchor Studio: stable=0.77, symmetry=0.95, centered=False, faces=1, face_area=0.0199"
SIR_Row_Live__Protests___Politics_Over_Poll_Panel___Govt_VS_Oppn___CEC___Rahul_G.mp4,2424,16778.4,16783.333,4.933,Anchor Studio,94.0,"Anchor Studio: stable=0.84, symmetry=0.94, centered=True, faces=2, face_area=0.0229"
SIR_Row_Live__Protests___Politics_Over_Poll_Panel___Govt_VS_Oppn___CEC___Rahul_G.mp4,2425,16783.4,16785.667,2.267,Anchor Studio,82.0,"Anchor Studio: stable=0.85, symmetry=0.96, centered=False, faces=1, face_area=0.0184"
SIR_Row_Live__Protests___Politics_Over_Poll_Panel___Govt_VS_Oppn___CEC___Rahul_G.mp4,2426,16785.733,16788.333,2.6,Anchor Studio,82.0,"Anchor Studio: stable=0.85, symmetry=0.92, centered=False, faces=1, face_area=0.0190"
SIR_Row_Live__Protests___Politics_Over_Poll_Panel___Govt_VS_Oppn___CEC___Rahul_G.mp4,2427,16788.4,16790.933,2.533,Anchor Studio,82.0,"Anchor Studio: stable=0.86, symmetry=0.92, centered=False, faces=1, face_area=0.0203"
SIR_Row_Live__Protests___Politics_Over_Poll_Panel___Govt_VS_Oppn___CEC___Rahul_G.mp4,2428,16791.0,16792.867,1.867,Field Report,68.0,"Field Report: motion=0.0327, faces=1, centered=False, symmetry=0.97"
SIR_Row_Live__Protests___Politics_Over_Poll_Panel___Govt_VS_Oppn___CEC___Rahul_G.mp4,2429,16792.933,16795.667,2.734,Anchor Studio,82.0,"Anchor Studio: stable=0.84, symmetry=0.97, centered=False, faces=1, face_area=0.0218"
SIR_Row_Live__Protests___Politics_Over_Poll_Panel___Govt_VS_Oppn___CEC___Rahul_G.mp4,2430,16795.733,16797.067,1.334,Anchor Studio,82.0,"Anchor Studio: stable=0.84, symmetry=0.95, centered=False, faces=1, face_area=0.0217"
SIR_Row_Live__Protests___Politics_Over_Poll_Panel___Govt_VS_Oppn___CEC___Rahul_G.mp4,2431,16797.133,16802.6,5.467,Anchor Studio,94.0,"Anchor Studio: stable=0.90, symmetry=0.85, centered=True, faces=2, face_area=0.0229"
SIR_Row_Live__Protests___Politics_Over_Poll_Panel___Govt_VS_Oppn___CEC___Rahul_G.mp4,2432,16802.667,16865.467,62.8,Anchor Studio,94.0,"Anchor Studio: stable=0.92, symmetry=0.85, centered=True, faces=2, face_area=0.0193"
SIR_Row_Live__Protests___Politics_Over_Poll_Panel___Govt_VS_Oppn___CEC___Rahul_G.mp4,2433,16865.533,16902.933,37.4,Anchor Studio,94.0,"Anchor Studio: stable=0.91, symmetry=0.92, centered=True, faces=2, face_area=0.0209"
SIR_Row_Live__Protests___Politics_Over_Poll_Panel___Govt_VS_Oppn___CEC___Rahul_G.mp4,2434,16903.0,16905.733,2.733,Anchor Studio,94.0,"Anchor Studio: stable=0.81, symmetry=0.94, centered=True, faces=2, face_area=0.0662"
SIR_Row_Live__Protests___Politics_Over_Poll_Panel___Govt_VS_Oppn___CEC___Rahul_G.mp4,2435,16905.8,16938.667,32.867,Anchor Studio,94.0,"Anchor Studio: stable=0.88, symmetry=0.95, centered=True, faces=4, face_area=0.1156"
SIR_Row_Live__Protests___Politics_Over_Poll_Panel___Govt_VS_Oppn___CEC___Rahul_G.mp4,2436,16938.733,16939.4,0.667,Anchor Studio,72.0,"Anchor Studio: stable=0.58, symmetry=0.78, centered=True, faces=1, face_area=0.0272"
SIR_Row_Live__Protests___Politics_Over_Poll_Panel___Govt_VS_Oppn___CEC___Rahul_G.mp4,2437,16939.467,16969.133,29.666,Title Card,74.0,"Title Card: headline=0.7829, textcov=0.8859, stability=0.90"
SIR_Row_Live__Protests___Politics_Over_Poll_Panel___Govt_VS_Oppn___CEC___Rahul_G.mp4,2438,16969.2,17007.333,38.133,Title Card,74.0,"Title Card: headline=0.7664, textcov=0.9080, stability=0.92"
SIR_Row_Live__Protests___Politics_Over_Poll_Panel___Govt_VS_Oppn___CEC___Rahul_G.mp4,2439,17007.4,17008.867,1.467,Anchor Studio,82.0,"Anchor Studio: stable=0.82, symmetry=0.94, centered=False, faces=1, face_area=0.0224"
SIR_Row_Live__Protests___Politics_Over_Poll_Panel___Govt_VS_Oppn___CEC___Rahul_G.mp4,2440,17008.933,17010.267,1.334,Anchor Studio,82.0,"Anchor Studio: stable=0.83, symmetry=0.93, centered=False, faces=1, face_area=0.0206"
SIR_Row_Live__Protests___Politics_Over_Poll_Panel___Govt_VS_Oppn___CEC___Rahul_G.mp4,2441,17010.333,17015.267,4.934,Anchor Studio,94.0,"Anchor Studio: stable=0.84, symmetry=0.94, centered=True, faces=2, face_area=0.0239"
SIR_Row_Live__Protests___Politics_Over_Poll_Panel___Govt_VS_Oppn___CEC___Rahul_G.mp4,2442,17015.333,17019.8,4.467,Title Card,74.0,"Title Card: headline=0.8680, textcov=0.9765, stability=0.81"
SIR_Row_Live__Protests___Politics_Over_Poll_Panel___Govt_VS_Oppn___CEC___Rahul_G.mp4,2443,17019.867,17024.8,4.933,Anchor Studio,82.0,"Anchor Studio: stable=0.84, symmetry=0.93, centered=False, faces=1, face_area=0.0122"
SIR_Row_Live__Protests___Politics_Over_Poll_Panel___Govt_VS_Oppn___CEC___Rahul_G.mp4,2444,17024.867,17025.8,0.933,Anchor Studio,82.0,"Anchor Studio: stable=0.86, symmetry=0.96, centered=False, faces=1, face_area=0.0172"
SIR_Row_Live__Protests___Politics_Over_Poll_Panel___Govt_VS_Oppn___CEC___Rahul_G.mp4,2445,17025.867,17029.067,3.2,Anchor Studio,94.0,"Anchor Studio: stable=0.87, symmetry=0.97, centered=True, faces=3, face_area=0.0577"
SIR_Row_Live__Protests___Politics_Over_Poll_Panel___Govt_VS_Oppn___CEC___Rahul_G.mp4,2446,17029.133,17032.733,3.6,Anchor Studio,94.0,"Anchor Studio: stable=0.89, symmetry=0.95, centered=True, faces=3, face_area=0.0706"
SIR_Row_Live__Protests___Politics_Over_Poll_Panel___Govt_VS_Oppn___CEC___Rahul_G.mp4,2447,17032.8,17037.133,4.333,Anchor Studio,94.0,"Anchor Studio: stable=0.87, symmetry=0.96, centered=True, faces=4, face_area=0.0620"
SIR_Row_Live__Protests___Politics_Over_Poll_Panel___Govt_VS_Oppn___CEC___Rahul_G.mp4,2448,17037.2,17038.933,1.733,Anchor Studio,94.0,"Anchor Studio: stable=0.82, symmetry=0.92, centered=True, faces=3, face_area=0.0701"
SIR_Row_Live__Protests___Politics_Over_Poll_Panel___Govt_VS_Oppn___CEC___Rahul_G.mp4,2449,17039.0,17041.933,2.933,Anchor Studio,94.0,"Anchor Studio: stable=0.89, symmetry=0.96, centered=True, faces=3, face_area=0.0608"
SIR_Row_Live__Protests___Politics_Over_Poll_Panel___Govt_VS_Oppn___CEC___Rahul_G.mp4,2450,17042.0,17045.2,3.2,Anchor Studio,94.0,"Anchor Studio: stable=0.86, symmetry=0.95, centered=True, faces=3, face_area=0.0557"
SIR_Row_Live__Protests___Politics_Over_Poll_Panel___Govt_VS_Oppn___CEC___Rahul_G.mp4,2451,17045.267,17048.933,3.666,Anchor Studio,94.0,"Anchor Studio: stable=0.88, symmetry=0.97, centered=True, faces=4, face_area=0.0710"
SIR_Row_Live__Protests___Politics_Over_Poll_Panel___Govt_VS_Oppn___CEC___Rahul_G.mp4,2452,17049.0,17049.867,0.867,Anchor Studio,94.0,"Anchor Studio: stable=0.82, symmetry=0.94, centered=True, faces=2, face_area=0.0459"
SIR_Row_Live__Protests___Politics_Over_Poll_Panel___Govt_VS_Oppn___CEC___Rahul_G.mp4,2453,17049.933,17050.933,1.0,Anchor Studio,82.0,"Anchor Studio: stable=0.78, symmetry=0.95, centered=False, faces=2, face_area=0.0460"
SIR_Row_Live__Protests___Politics_Over_Poll_Panel___Govt_VS_Oppn___CEC___Rahul_G.mp4,2454,17051.0,17053.333,2.333,Anchor Studio,94.0,"Anchor Studio: stable=0.89, symmetry=0.95, centered=True, faces=3, face_area=0.0404"
SIR_Row_Live__Protests___Politics_Over_Poll_Panel___Govt_VS_Oppn___CEC___Rahul_G.mp4,2455,17053.4,17055.133,1.733,Anchor Studio,94.0,"Anchor Studio: stable=0.81, symmetry=0.91, centered=True, faces=3, face_area=0.0454"
SIR_Row_Live__Protests___Politics_Over_Poll_Panel___Govt_VS_Oppn___CEC___Rahul_G.mp4,2456,17055.2,17058.933,3.733,Anchor Studio,94.0,"Anchor Studio: stable=0.88, symmetry=0.90, centered=True, faces=2, face_area=0.0185"
SIR_Row_Live__Protests___Politics_Over_Poll_Panel___Govt_VS_Oppn___CEC___Rahul_G.mp4,2457,17059.0,17068.733,9.733,Anchor Studio,82.0,"Anchor Studio: stable=0.85, symmetry=0.86, centered=False, faces=2, face_area=0.0197"
SIR_Row_Live__Protests___Politics_Over_Poll_Panel___Govt_VS_Oppn___CEC___Rahul_G.mp4,2458,17068.8,17073.333,4.533,Anchor Studio,94.0,"Anchor Studio: stable=0.86, symmetry=0.88, centered=True, faces=2, face_area=0.0218"
SIR_Row_Live__Protests___Politics_Over_Poll_Panel___Govt_VS_Oppn___CEC___Rahul_G.mp4,2459,17073.4,17078.867,5.467,Anchor Studio,82.0,"Anchor Studio: stable=0.86, symmetry=0.88, centered=False, faces=2, face_area=0.0155"
SIR_Row_Live__Protests___Politics_Over_Poll_Panel___Govt_VS_Oppn___CEC___Rahul_G.mp4,2460,17078.933,17088.933,10.0,Anchor Studio,94.0,"Anchor Studio: stable=0.84, symmetry=0.88, centered=True, faces=2, face_area=0.0201"
SIR_Row_Live__Protests___Politics_Over_Poll_Panel___Govt_VS_Oppn___CEC___Rahul_G.mp4,2461,17089.0,17098.733,9.733,Anchor Studio,82.0,"Anchor Studio: stable=0.85, symmetry=0.85, centered=False, faces=1, face_area=0.0199"
SIR_Row_Live__Protests___Politics_Over_Poll_Panel___Govt_VS_Oppn___CEC___Rahul_G.mp4,2462,17098.8,17107.533,8.733,Anchor Studio,94.0,"Anchor Studio: stable=0.83, symmetry=0.91, centered=True, faces=3, face_area=0.0423"
SIR_Row_Live__Protests___Politics_Over_Poll_Panel___Govt_VS_Oppn___CEC___Rahul_G.mp4,2463,17107.6,17108.267,0.667,Anchor Studio,72.0,"Anchor Studio: stable=0.57, symmetry=0.78, centered=True, faces=1, face_area=0.0374"
SIR_Row_Live__Protests___Politics_Over_Poll_Panel___Govt_VS_Oppn___CEC___Rahul_G.mp4,2464,17108.333,17122.067,13.734,Anchor Studio,94.0,"Anchor Studio: stable=0.89, symmetry=0.93, centered=True, faces=2, face_area=0.0481"
SIR_Row_Live__Protests___Politics_Over_Poll_Panel___Govt_VS_Oppn___CEC___Rahul_G.mp4,2465,17122.133,17124.667,2.534,Anchor Studio,82.0,"Anchor Studio: stable=0.82, symmetry=0.84, centered=False, faces=2, face_area=0.0392"
SIR_Row_Live__Protests___Politics_Over_Poll_Panel___Govt_VS_Oppn___CEC___Rahul_G.mp4,2466,17124.733,17137.067,12.334,Anchor Studio,94.0,"Anchor Studio: stable=0.78, symmetry=0.91, centered=True, faces=2, face_area=0.0286"
SIR_Row_Live__Protests___Politics_Over_Poll_Panel___Govt_VS_Oppn___CEC___Rahul_G.mp4,2467,17137.133,17144.667,7.534,Anchor Studio,84.0,"Anchor Studio: stable=0.55, symmetry=0.97, centered=True, faces=2, face_area=0.0304"
SIR_Row_Live__Protests___Politics_Over_Poll_Panel___Govt_VS_Oppn___CEC___Rahul_G.mp4,2468,17144.733,17148.067,3.334,Anchor Studio,72.0,"Anchor Studio: stable=0.55, symmetry=0.96, centered=False, faces=2, face_area=0.0419"
SIR_Row_Live__Protests___Politics_Over_Poll_Panel___Govt_VS_Oppn___CEC___Rahul_G.mp4,2469,17148.133,17150.4,2.267,Anchor Studio,72.0,"Anchor Studio: stable=0.55, symmetry=0.95, centered=False, faces=2, face_area=0.0428"
SIR_Row_Live__Protests___Politics_Over_Poll_Panel___Govt_VS_Oppn___CEC___Rahul_G.mp4,2470,17150.467,17173.067,22.6,Anchor Studio,94.0,"Anchor Studio: stable=0.88, symmetry=0.94, centered=True, faces=3, face_area=0.0405"
SIR_Row_Live__Protests___Politics_Over_Poll_Panel___Govt_VS_Oppn___CEC___Rahul_G.mp4,2471,17173.133,17185.6,12.467,Anchor Studio,82.0,"Anchor Studio: stable=0.85, symmetry=0.92, centered=False, faces=3, face_area=0.0504"
SIR_Row_Live__Protests___Politics_Over_Poll_Panel___Govt_VS_Oppn___CEC___Rahul_G.mp4,2472,17185.667,17208.0,22.333,Anchor Studio,82.0,"Anchor Studio: stable=0.85, symmetry=0.89, centered=False, faces=3, face_area=0.0530"
SIR_Row_Live__Protests___Politics_Over_Poll_Panel___Govt_VS_Oppn___CEC___Rahul_G.mp4,2473,17208.067,17217.4,9.333,B-Roll,70.0,"B-Roll: motion=0.0641, edge=0.1358, face_area=0.0000, symmetry=0.87"
SIR_Row_Live__Protests___Politics_Over_Poll_Panel___Govt_VS_Oppn___CEC___Rahul_G.mp4,2474,17217.467,17230.0,12.533,Anchor Studio,84.0,"Anchor Studio: stable=0.48, symmetry=0.91, centered=True, faces=3, face_area=0.0170"
SIR_Row_Live__Protests___Politics_Over_Poll_Panel___Govt_VS_Oppn___CEC___Rahul_G.mp4,2475,17230.067,17233.267,3.2,Anchor Studio,74.0,"Anchor Studio: stable=0.25, symmetry=0.91, centered=True, faces=1, face_area=0.0035"
SIR_Row_Live__Protests___Politics_Over_Poll_Panel___Govt_VS_Oppn___CEC___Rahul_G.mp4,2476,17233.333,17238.467,5.134,B-Roll,70.0,"B-Roll: motion=0.0601, edge=0.1693, face_area=0.0010, symmetry=0.84"
SIR_Row_Live__Protests___Politics_Over_Poll_Panel___Govt_VS_Oppn___CEC___Rahul_G.mp4,2477,17238.533,17241.467,2.934,Anchor Studio,84.0,"Anchor Studio: stable=0.44, symmetry=0.96, centered=True, faces=2, face_area=0.0860"
SIR_Row_Live__Protests___Politics_Over_Poll_Panel___Govt_VS_Oppn___CEC___Rahul_G.mp4,2478,17241.533,17246.267,4.734,B-Roll,70.0,"B-Roll: motion=0.0895, edge=0.1415, face_area=0.0000, symmetry=0.96"
SIR_Row_Live__Protests___Politics_Over_Poll_Panel___Govt_VS_Oppn___CEC___Rahul_G.mp4,2479,17246.333,17254.0,7.667,Anchor Studio,74.0,"Anchor Studio: stable=0.14, symmetry=0.91, centered=True, faces=2, face_area=0.0040"
SIR_Row_Live__Protests___Politics_Over_Poll_Panel___Govt_VS_Oppn___CEC___Rahul_G.mp4,2480,17254.067,17259.8,5.733,Anchor Studio,84.0,"Anchor Studio: stable=0.23, symmetry=0.93, centered=True, faces=2, face_area=0.0244"
SIR_Row_Live__Protests___Politics_Over_Poll_Panel___Govt_VS_Oppn___CEC___Rahul_G.mp4,2481,17259.867,17262.733,2.866,Anchor Studio,72.0,"Anchor Studio: stable=0.20, symmetry=0.87, centered=False, faces=1, face_area=0.0109"
SIR_Row_Live__Protests___Politics_Over_Poll_Panel___Govt_VS_Oppn___CEC___Rahul_G.mp4,2482,17262.8,17265.6,2.8,B-Roll,70.0,"B-Roll: motion=0.0919, edge=0.1558, face_area=0.0011, symmetry=0.96"
SIR_Row_Live__Protests___Politics_Over_Poll_Panel___Govt_VS_Oppn___CEC___Rahul_G.mp4,2483,17265.667,17267.2,1.533,B-Roll,70.0,"B-Roll: motion=0.0963, edge=0.1602, face_area=0.0000, symmetry=0.97"
SIR_Row_Live__Protests___Politics_Over_Poll_Panel___Govt_VS_Oppn___CEC___Rahul_G.mp4,2484,17267.267,17268.0,0.733,B-Roll,70.0,"B-Roll: motion=0.1140, edge=0.1803, face_area=0.0000, symmetry=0.98"
SIR_Row_Live__Protests___Politics_Over_Poll_Panel___Govt_VS_Oppn___CEC___Rahul_G.mp4,2485,17268.067,17269.933,1.866,B-Roll,70.0,"B-Roll: motion=0.0569, edge=0.1388, face_area=0.0000, symmetry=0.91"
SIR_Row_Live__Protests___Politics_Over_Poll_Panel___Govt_VS_Oppn___CEC___Rahul_G.mp4,2486,17270.0,17279.2,9.2,Anchor Studio,74.0,"Anchor Studio: stable=0.73, symmetry=0.95, centered=True, faces=1, face_area=0.0006"
SIR_Row_Live__Protests___Politics_Over_Poll_Panel___Govt_VS_Oppn___CEC___Rahul_G.mp4,2487,17279.267,17314.867,35.6,Title Card,78.0,"Title Card: headline=0.2654, textcov=0.3865, stability=0.92"
SIR_Row_Live__Protests___Politics_Over_Poll_Panel___Govt_VS_Oppn___CEC___Rahul_G.mp4,2488,17314.933,17318.0,3.067,Anchor Studio,84.0,"Anchor Studio: stable=0.04, symmetry=0.90, centered=True, faces=1, face_area=0.0116"
SIR_Row_Live__Protests___Politics_Over_Poll_Panel___Govt_VS_Oppn___CEC___Rahul_G.mp4,2489,17318.067,17319.733,1.666,Title Card,78.0,"Title Card: headline=0.6010, textcov=0.8225, stability=0.85"
SIR_Row_Live__Protests___Politics_Over_Poll_Panel___Govt_VS_Oppn___CEC___Rahul_G.mp4,2490,17319.8,17321.2,1.4,Title Card,78.0,"Title Card: headline=0.5190, textcov=0.6179, stability=0.86"
SIR_Row_Live__Protests___Politics_Over_Poll_Panel___Govt_VS_Oppn___CEC___Rahul_G.mp4,2491,17321.267,17322.0,0.733,Anchor Studio,84.0,"Anchor Studio: stable=0.70, symmetry=0.89, centered=True, faces=1, face_area=0.0322"
SIR_Row_Live__Protests___Politics_Over_Poll_Panel___Govt_VS_Oppn___CEC___Rahul_G.mp4,2492,17322.067,17323.933,1.866,B-Roll,70.0,"B-Roll: motion=0.0673, edge=0.1644, face_area=0.0000, symmetry=0.93"
SIR_Row_Live__Protests___Politics_Over_Poll_Panel___Govt_VS_Oppn___CEC___Rahul_G.mp4,2493,17324.0,17325.2,1.2,B-Roll,70.0,"B-Roll: motion=0.0350, edge=0.1261, face_area=0.0000, symmetry=0.98"
SIR_Row_Live__Protests___Politics_Over_Poll_Panel___Govt_VS_Oppn___CEC___Rahul_G.mp4,2494,17325.267,17327.6,2.333,Anchor Studio,84.0,"Anchor Studio: stable=0.87, symmetry=0.86, centered=True, faces=1, face_area=0.0043"
SIR_Row_Live__Protests___Politics_Over_Poll_Panel___Govt_VS_Oppn___CEC___Rahul_G.mp4,2495,17327.667,17331.667,4.0,Anchor Studio,74.0,"Anchor Studio: stable=0.46, symmetry=0.91, centered=True, faces=1, face_area=0.0014"
SIR_Row_Live__Protests___Politics_Over_Poll_Panel___Govt_VS_Oppn___CEC___Rahul_G.mp4,2496,17331.733,17335.733,4.0,Anchor Studio,74.0,"Anchor Studio: stable=0.60, symmetry=0.94, centered=True, faces=1, face_area=0.0051"
SIR_Row_Live__Protests___Politics_Over_Poll_Panel___Govt_VS_Oppn___CEC___Rahul_G.mp4,2497,17335.8,17339.867,4.067,Anchor Studio,84.0,"Anchor Studio: stable=0.61, symmetry=0.94, centered=True, faces=2, face_area=0.0448"
SIR_Row_Live__Protests___Politics_Over_Poll_Panel___Govt_VS_Oppn___CEC___Rahul_G.mp4,2498,17339.933,17365.267,25.334,Anchor Studio,94.0,"Anchor Studio: stable=0.87, symmetry=0.94, centered=True, faces=3, face_area=0.1005"
SIR_Row_Live__Protests___Politics_Over_Poll_Panel___Govt_VS_Oppn___CEC___Rahul_G.mp4,2499,17365.333,17366.2,0.867,Anchor Studio,84.0,"Anchor Studio: stable=0.88, symmetry=0.94, centered=True, faces=1, face_area=0.0016"
SIR_Row_Live__Protests___Politics_Over_Poll_Panel___Govt_VS_Oppn___CEC___Rahul_G.mp4,2500,17366.267,17367.533,1.266,Anchor Studio,94.0,"Anchor Studio: stable=0.83, symmetry=0.91, centered=True, faces=1, face_area=0.0136"
SIR_Row_Live__Protests___Politics_Over_Poll_Panel___Govt_VS_Oppn___CEC___Rahul_G.mp4,2501,17367.6,17372.2,4.6,Anchor Studio,82.0,"Anchor Studio: stable=0.89, symmetry=0.87, centered=False, faces=1, face_area=0.0215"
SIR_Row_Live__Protests___Politics_Over_Poll_Panel___Govt_VS_Oppn___CEC___Rahul_G.mp4,2502,17372.267,17380.0,7.733,Anchor Studio,82.0,"Anchor Studio: stable=0.92, symmetry=0.88, centered=False, faces=1, face_area=0.0249"
SIR_Row_Live__Protests___Politics_Over_Poll_Panel___Govt_VS_Oppn___CEC___Rahul_G.mp4,2503,17380.067,17381.8,1.733,Anchor Studio,72.0,"Anchor Studio: stable=0.66, symmetry=0.81, centered=False, faces=1, face_area=0.0280"
SIR_Row_Live__Protests___Politics_Over_Poll_Panel___Govt_VS_Oppn___CEC___Rahul_G.mp4,2504,17381.867,17385.333,3.466,Title Card,74.0,"Title Card: headline=0.8207, textcov=0.9471, stability=0.85"
SIR_Row_Live__Protests___Politics_Over_Poll_Panel___Govt_VS_Oppn___CEC___Rahul_G.mp4,2505,17385.4,17388.4,3.0,Anchor Studio,94.0,"Anchor Studio: stable=0.89, symmetry=0.84, centered=True, faces=3, face_area=0.0494"
SIR_Row_Live__Protests___Politics_Over_Poll_Panel___Govt_VS_Oppn___CEC___Rahul_G.mp4,2506,17388.467,17394.6,6.133,Anchor Studio,94.0,"Anchor Studio: stable=0.90, symmetry=0.90, centered=True, faces=1, face_area=0.0217"
SIR_Row_Live__Protests___Politics_Over_Poll_Panel___Govt_VS_Oppn___CEC___Rahul_G.mp4,2507,17394.667,17398.267,3.6,Anchor Studio,84.0,"Anchor Studio: stable=0.35, symmetry=0.96, centered=True, faces=2, face_area=0.0320"
SIR_Row_Live__Protests___Politics_Over_Poll_Panel___Govt_VS_Oppn___CEC___Rahul_G.mp4,2508,17398.333,17400.8,2.467,Anchor Studio,84.0,"Anchor Studio: stable=0.51, symmetry=0.95, centered=True, faces=2, face_area=0.0217"
SIR_Row_Live__Protests___Politics_Over_Poll_Panel___Govt_VS_Oppn___CEC___Rahul_G.mp4,2509,17400.867,17402.267,1.4,Anchor Studio,74.0,"Anchor Studio: stable=0.53, symmetry=0.97, centered=True, faces=1, face_area=0.0028"
SIR_Row_Live__Protests___Politics_Over_Poll_Panel___Govt_VS_Oppn___CEC___Rahul_G.mp4,2510,17402.333,17403.133,0.8,B-Roll,70.0,"B-Roll: motion=0.0609, edge=0.1281, face_area=0.0000, symmetry=0.92"
SIR_Row_Live__Protests___Politics_Over_Poll_Panel___Govt_VS_Oppn___CEC___Rahul_G.mp4,2511,17403.2,17405.8,2.6,B-Roll,70.0,"B-Roll: motion=0.0446, edge=0.1437, face_area=0.0000, symmetry=0.91"
SIR_Row_Live__Protests___Politics_Over_Poll_Panel___Govt_VS_Oppn___CEC___Rahul_G.mp4,2512,17405.867,17408.333,2.466,Title Card,68.0,"Title Card: headline=0.0763, textcov=0.3562, stability=0.78"
SIR_Row_Live__Protests___Politics_Over_Poll_Panel___Govt_VS_Oppn___CEC___Rahul_G.mp4,2513,17408.4,17411.4,3.0,Anchor Studio,82.0,"Anchor Studio: stable=0.87, symmetry=0.79, centered=True, faces=2, face_area=0.1193"
SIR_Row_Live__Protests___Politics_Over_Poll_Panel___Govt_VS_Oppn___CEC___Rahul_G.mp4,2514,17411.467,17425.0,13.533,Anchor Studio,84.0,"Anchor Studio: stable=0.61, symmetry=0.92, centered=True, faces=1, face_area=0.0357"
SIR_Row_Live__Protests___Politics_Over_Poll_Panel___Govt_VS_Oppn___CEC___Rahul_G.mp4,2515,17425.067,17427.467,2.4,Anchor Studio,82.0,"Anchor Studio: stable=0.75, symmetry=0.88, centered=False, faces=1, face_area=0.0252"
SIR_Row_Live__Protests___Politics_Over_Poll_Panel___Govt_VS_Oppn___CEC___Rahul_G.mp4,2516,17427.533,17431.667,4.134,Anchor Studio,94.0,"Anchor Studio: stable=0.80, symmetry=0.95, centered=True, faces=2, face_area=0.0249"
SIR_Row_Live__Protests___Politics_Over_Poll_Panel___Govt_VS_Oppn___CEC___Rahul_G.mp4,2517,17431.733,17440.4,8.667,Anchor Studio,84.0,"Anchor Studio: stable=0.73, symmetry=0.97, centered=True, faces=2, face_area=0.0274"
SIR_Row_Live__Protests___Politics_Over_Poll_Panel___Govt_VS_Oppn___CEC___Rahul_G.mp4,2518,17440.467,17451.2,10.733,Anchor Studio,84.0,"Anchor Studio: stable=0.64, symmetry=0.86, centered=True, faces=1, face_area=0.0124"
SIR_Row_Live__Protests___Politics_Over_Poll_Panel___Govt_VS_Oppn___CEC___Rahul_G.mp4,2519,17451.267,17453.067,1.8,Title Card,78.0,"Title Card: headline=0.6415, textcov=0.8094, stability=0.84"
SIR_Row_Live__Protests___Politics_Over_Poll_Panel___Govt_VS_Oppn___CEC___Rahul_G.mp4,2520,17453.133,17455.667,2.534,Title Card,78.0,"Title Card: headline=0.0783, textcov=0.4397, stability=0.84"
SIR_Row_Live__Protests___Politics_Over_Poll_Panel___Govt_VS_Oppn___CEC___Rahul_G.mp4,2521,17455.733,17457.0,1.267,Title Card,78.0,"Title Card: headline=0.3917, textcov=0.5837, stability=0.85"
SIR_Row_Live__Protests___Politics_Over_Poll_Panel___Govt_VS_Oppn___CEC___Rahul_G.mp4,2522,17457.067,17464.867,7.8,Title Card,78.0,"Title Card: headline=0.6682, textcov=0.7685, stability=0.92"
SIR_Row_Live__Protests___Politics_Over_Poll_Panel___Govt_VS_Oppn___CEC___Rahul_G.mp4,2523,17464.933,17471.267,6.334,B-Roll,70.0,"B-Roll: motion=0.0488, edge=0.1444, face_area=0.0000, symmetry=0.91"
SIR_Row_Live__Protests___Politics_Over_Poll_Panel___Govt_VS_Oppn___CEC___Rahul_G.mp4,2524,17471.333,17476.267,4.934,B-Roll,70.0,"B-Roll: motion=0.0418, edge=0.1544, face_area=0.0000, symmetry=0.97"
SIR_Row_Live__Protests___Politics_Over_Poll_Panel___Govt_VS_Oppn___CEC___Rahul_G.mp4,2525,17476.333,17479.867,3.534,B-Roll,70.0,"B-Roll: motion=0.1208, edge=0.0828, face_area=0.0000, symmetry=0.89"
SIR_Row_Live__Protests___Politics_Over_Poll_Panel___Govt_VS_Oppn___CEC___Rahul_G.mp4,2526,17479.933,17482.0,2.067,B-Roll,70.0,"B-Roll: motion=0.0842, edge=0.1229, face_area=0.0000, symmetry=0.93"
SIR_Row_Live__Protests___Politics_Over_Poll_Panel___Govt_VS_Oppn___CEC___Rahul_G.mp4,2527,17482.067,17484.733,2.666,Anchor Studio,82.0,"Anchor Studio: stable=0.80, symmetry=0.90, centered=False, faces=1, face_area=0.0491"
SIR_Row_Live__Protests___Politics_Over_Poll_Panel___Govt_VS_Oppn___CEC___Rahul_G.mp4,2528,17484.8,17485.8,1.0,Anchor Studio,94.0,"Anchor Studio: stable=0.79, symmetry=0.90, centered=True, faces=1, face_area=0.0174"
SIR_Row_Live__Protests___Politics_Over_Poll_Panel___Govt_VS_Oppn___CEC___Rahul_G.mp4,2529,17485.867,17487.267,1.4,Title Card,78.0,"Title Card: headline=1.0778, textcov=1.1659, stability=0.87"
SIR_Row_Live__Protests___Politics_Over_Poll_Panel___Govt_VS_Oppn___CEC___Rahul_G.mp4,2530,17487.333,17489.0,1.667,Title Card,74.0,"Title Card: headline=1.1704, textcov=1.2260, stability=0.84"
SIR_Row_Live__Protests___Politics_Over_Poll_Panel___Govt_VS_Oppn___CEC___Rahul_G.mp4,2531,17489.067,17491.4,2.333,Anchor Studio,94.0,"Anchor Studio: stable=0.76, symmetry=0.98, centered=True, faces=1, face_area=0.0173"
SIR_Row_Live__Protests___Politics_Over_Poll_Panel___Govt_VS_Oppn___CEC___Rahul_G.mp4,2532,17491.467,17495.6,4.133,Anchor Studio,94.0,"Anchor Studio: stable=0.76, symmetry=0.83, centered=True, faces=2, face_area=0.0204"
SIR_Row_Live__Protests___Politics_Over_Poll_Panel___Govt_VS_Oppn___CEC___Rahul_G.mp4,2533,17495.667,17503.267,7.6,Anchor Studio,84.0,"Anchor Studio: stable=0.69, symmetry=0.89, centered=True, faces=2, face_area=0.0215"
SIR_Row_Live__Protests___Politics_Over_Poll_Panel___Govt_VS_Oppn___CEC___Rahul_G.mp4,2534,17503.333,17508.4,5.067,Anchor Studio,94.0,"Anchor Studio: stable=0.79, symmetry=0.89, centered=True, faces=1, face_area=0.0116"
SIR_Row_Live__Protests___Politics_Over_Poll_Panel___Govt_VS_Oppn___CEC___Rahul_G.mp4,2535,17508.467,17509.4,0.933,Anchor Studio,74.0,"Anchor Studio: stable=0.74, symmetry=0.94, centered=True, faces=1, face_area=0.0056"
SIR_Row_Live__Protests___Politics_Over_Poll_Panel___Govt_VS_Oppn___CEC___Rahul_G.mp4,2536,17509.467,17513.0,3.533,Anchor Studio,84.0,"Anchor Studio: stable=0.74, symmetry=0.96, centered=True, faces=1, face_area=0.0191"
SIR_Row_Live__Protests___Politics_Over_Poll_Panel___Govt_VS_Oppn___CEC___Rahul_G.mp4,2537,17513.067,17514.533,1.466,Title Card,78.0,"Title Card: headline=0.2464, textcov=0.4493, stability=0.86"
SIR_Row_Live__Protests___Politics_Over_Poll_Panel___Govt_VS_Oppn___CEC___Rahul_G.mp4,2538,17514.6,17516.267,1.667,B-Roll,70.0,"B-Roll: motion=0.0264, edge=0.0836, face_area=0.0000, symmetry=0.89"
SIR_Row_Live__Protests___Politics_Over_Poll_Panel___Govt_VS_Oppn___CEC___Rahul_G.mp4,2539,17516.333,17519.133,2.8,Title Card,78.0,"Title Card: headline=0.3518, textcov=0.5426, stability=0.87"
SIR_Row_Live__Protests___Politics_Over_Poll_Panel___Govt_VS_Oppn___CEC___Rahul_G.mp4,2540,17519.2,17520.467,1.267,Title Card,78.0,"Title Card: headline=0.1716, textcov=0.3490, stability=0.85"
SIR_Row_Live__Protests___Politics_Over_Poll_Panel___Govt_VS_Oppn___CEC___Rahul_G.mp4,2541,17520.533,17522.733,2.2,B-Roll,70.0,"B-Roll: motion=0.0294, edge=0.1087, face_area=0.0000, symmetry=0.83"
SIR_Row_Live__Protests___Politics_Over_Poll_Panel___Govt_VS_Oppn___CEC___Rahul_G.mp4,2542,17522.8,17527.6,4.8,Anchor Studio,94.0,"Anchor Studio: stable=0.88, symmetry=0.80, centered=True, faces=2, face_area=0.0241"
SIR_Row_Live__Protests___Politics_Over_Poll_Panel___Govt_VS_Oppn___CEC___Rahul_G.mp4,2543,17527.667,17528.2,0.533,Anchor Studio,82.0,"Anchor Studio: stable=0.81, symmetry=0.78, centered=True, faces=1, face_area=0.0193"
SIR_Row_Live__Protests___Politics_Over_Poll_Panel___Govt_VS_Oppn___CEC___Rahul_G.mp4,2544,17528.267,17532.933,4.666,Anchor Studio,84.0,"Anchor Studio: stable=0.76, symmetry=0.94, centered=True, faces=1, face_area=0.0077"
SIR_Row_Live__Protests___Politics_Over_Poll_Panel___Govt_VS_Oppn___CEC___Rahul_G.mp4,2545,17533.0,17535.8,2.8,B-Roll,70.0,"B-Roll: motion=0.0272, edge=0.1162, face_area=0.0000, symmetry=0.94"
SIR_Row_Live__Protests___Politics_Over_Poll_Panel___Govt_VS_Oppn___CEC___Rahul_G.mp4,2546,17535.867,17537.067,1.2,B-Roll,70.0,"B-Roll: motion=0.0450, edge=0.2014, face_area=0.0000, symmetry=0.87"
SIR_Row_Live__Protests___Politics_Over_Poll_Panel___Govt_VS_Oppn___CEC___Rahul_G.mp4,2547,17537.133,17538.267,1.134,B-Roll,70.0,"B-Roll: motion=0.0446, edge=0.1964, face_area=0.0000, symmetry=0.85"
SIR_Row_Live__Protests___Politics_Over_Poll_Panel___Govt_VS_Oppn___CEC___Rahul_G.mp4,2548,17538.333,17548.067,9.734,Anchor Studio,74.0,"Anchor Studio: stable=0.36, symmetry=0.93, centered=True, faces=1, face_area=0.0018"
SIR_Row_Live__Protests___Politics_Over_Poll_Panel___Govt_VS_Oppn___CEC___Rahul_G.mp4,2549,17548.133,17555.067,6.934,Anchor Studio,94.0,"Anchor Studio: stable=0.87, symmetry=0.88, centered=True, faces=2, face_area=0.0240"
SIR_Row_Live__Protests___Politics_Over_Poll_Panel___Govt_VS_Oppn___CEC___Rahul_G.mp4,2550,17555.133,17575.0,19.867,Anchor Studio,94.0,"Anchor Studio: stable=0.89, symmetry=0.88, centered=True, faces=4, face_area=0.1225"
SIR_Row_Live__Protests___Politics_Over_Poll_Panel___Govt_VS_Oppn___CEC___Rahul_G.mp4,2551,17575.067,17598.467,23.4,Anchor Studio,94.0,"Anchor Studio: stable=0.91, symmetry=0.87, centered=True, faces=4, face_area=0.1430"
SIR_Row_Live__Protests___Politics_Over_Poll_Panel___Govt_VS_Oppn___CEC___Rahul_G.mp4,2552,17598.533,17603.8,5.267,Anchor Studio,94.0,"Anchor Studio: stable=0.94, symmetry=0.89, centered=True, faces=4, face_area=0.1473"
SIR_Row_Live__Protests___Politics_Over_Poll_Panel___Govt_VS_Oppn___CEC___Rahul_G.mp4,2553,17603.867,17604.533,0.666,Anchor Studio,72.0,"Anchor Studio: stable=0.48, symmetry=0.73, centered=True, faces=2, face_area=0.0195"
SIR_Row_Live__Protests___Politics_Over_Poll_Panel___Govt_VS_Oppn___CEC___Rahul_G.mp4,2554,17604.6,17632.0,27.4,Anchor Studio,84.0,"Anchor Studio: stable=0.88, symmetry=0.90, centered=True, faces=1, face_area=0.0020"
SIR_Row_Live__Protests___Politics_Over_Poll_Panel___Govt_VS_Oppn___CEC___Rahul_G.mp4,2555,17632.067,17635.467,3.4,Anchor Studio,94.0,"Anchor Studio: stable=0.80, symmetry=0.89, centered=True, faces=1, face_area=0.0148"
SIR_Row_Live__Protests___Politics_Over_Poll_Panel___Govt_VS_Oppn___CEC___Rahul_G.mp4,2556,17635.533,17638.4,2.867,Anchor Studio,94.0,"Anchor Studio: stable=0.89, symmetry=0.97, centered=True, faces=1, face_area=0.0198"
SIR_Row_Live__Protests___Politics_Over_Poll_Panel___Govt_VS_Oppn___CEC___Rahul_G.mp4,2557,17638.467,17640.467,2.0,Anchor Studio,94.0,"Anchor Studio: stable=0.87, symmetry=0.97, centered=True, faces=1, face_area=0.0192"
SIR_Row_Live__Protests___Politics_Over_Poll_Panel___Govt_VS_Oppn___CEC___Rahul_G.mp4,2558,17640.533,17642.067,1.534,Anchor Studio,84.0,"Anchor Studio: stable=0.92, symmetry=0.91, centered=True, faces=1, face_area=0.0098"
SIR_Row_Live__Protests___Politics_Over_Poll_Panel___Govt_VS_Oppn___CEC___Rahul_G.mp4,2559,17642.133,17652.133,10.0,Anchor Studio,94.0,"Anchor Studio: stable=0.89, symmetry=0.91, centered=True, faces=1, face_area=0.0185"
SIR_Row_Live__Protests___Politics_Over_Poll_Panel___Govt_VS_Oppn___CEC___Rahul_G.mp4,2560,17652.2,17653.067,0.867,Anchor Studio,94.0,"Anchor Studio: stable=0.80, symmetry=0.95, centered=True, faces=1, face_area=0.0193"
SIR_Row_Live__Protests___Politics_Over_Poll_Panel___Govt_VS_Oppn___CEC___Rahul_G.mp4,2561,17653.133,17664.067,10.934,Anchor Studio,94.0,"Anchor Studio: stable=0.91, symmetry=0.95, centered=True, faces=1, face_area=0.0149"
SIR_Row_Live__Protests___Politics_Over_Poll_Panel___Govt_VS_Oppn___CEC___Rahul_G.mp4,2562,17664.133,17670.533,6.4,Anchor Studio,94.0,"Anchor Studio: stable=0.84, symmetry=0.97, centered=True, faces=2, face_area=0.0309"
SIR_Row_Live__Protests___Politics_Over_Poll_Panel___Govt_VS_Oppn___CEC___Rahul_G.mp4,2563,17670.6,17684.6,14.0,Anchor Studio,94.0,"Anchor Studio: stable=0.92, symmetry=0.94, centered=True, faces=1, face_area=0.0121"
SIR_Row_Live__Protests___Politics_Over_Poll_Panel___Govt_VS_Oppn___CEC___Rahul_G.mp4,2564,17684.667,17685.667,1.0,Anchor Studio,94.0,"Anchor Studio: stable=0.89, symmetry=0.97, centered=True, faces=1, face_area=0.0193"
SIR_Row_Live__Protests___Politics_Over_Poll_Panel___Govt_VS_Oppn___CEC___Rahul_G.mp4,2565,17685.733,17693.067,7.334,Anchor Studio,94.0,"Anchor Studio: stable=0.92, symmetry=0.95, centered=True, faces=1, face_area=0.0193"
SIR_Row_Live__Protests___Politics_Over_Poll_Panel___Govt_VS_Oppn___CEC___Rahul_G.mp4,2566,17693.133,17740.2,47.067,Anchor Studio,94.0,"Anchor Studio: stable=0.93, symmetry=0.96, centered=True, faces=1, face_area=0.0169"
SIR_Row_Live__Protests___Politics_Over_Poll_Panel___Govt_VS_Oppn___CEC___Rahul_G.mp4,2567,17740.267,17740.867,0.6,Title Card,64.0,"Title Card: headline=0.8919, textcov=1.0173, stability=0.55"
SIR_Row_Live__Protests___Politics_Over_Poll_Panel___Govt_VS_Oppn___CEC___Rahul_G.mp4,2568,17740.933,17754.467,13.534,Title Card,78.0,"Title Card: headline=0.7939, textcov=0.9459, stability=0.89"
SIR_Row_Live__Protests___Politics_Over_Poll_Panel___Govt_VS_Oppn___CEC___Rahul_G.mp4,2569,17754.533,17766.667,12.134,Anchor Studio,84.0,"Anchor Studio: stable=0.88, symmetry=0.92, centered=True, faces=1, face_area=0.0049"
SIR_Row_Live__Protests___Politics_Over_Poll_Panel___Govt_VS_Oppn___CEC___Rahul_G.mp4,2570,17766.733,17842.733,76.0,Anchor Studio,82.0,"Anchor Studio: stable=0.91, symmetry=0.92, centered=False, faces=2, face_area=0.0164"
SIR_Row_Live__Protests___Politics_Over_Poll_Panel___Govt_VS_Oppn___CEC___Rahul_G.mp4,2571,17842.8,17848.467,5.667,Field Report,68.0,"Field Report: motion=0.0302, faces=1, centered=False, symmetry=0.82"
SIR_Row_Live__Protests___Politics_Over_Poll_Panel___Govt_VS_Oppn___CEC___Rahul_G.mp4,2572,17848.533,17873.2,24.667,Anchor Studio,94.0,"Anchor Studio: stable=0.85, symmetry=0.81, centered=True, faces=1, face_area=0.0142"
SIR_Row_Live__Protests___Politics_Over_Poll_Panel___Govt_VS_Oppn___CEC___Rahul_G.mp4,2573,17873.267,17875.467,2.2,Title Card,74.0,"Title Card: headline=0.4180, textcov=0.5548, stability=0.82"
SIR_Row_Live__Protests___Politics_Over_Poll_Panel___Govt_VS_Oppn___CEC___Rahul_G.mp4,2574,17875.533,17898.0,22.467,Title Card,78.0,"Title Card: headline=0.8513, textcov=0.9515, stability=0.90"
SIR_Row_Live__Protests___Politics_Over_Poll_Panel___Govt_VS_Oppn___CEC___Rahul_G.mp4,2575,17898.067,17928.067,30.0,Anchor Studio,84.0,"Anchor Studio: stable=0.90, symmetry=0.80, centered=True, faces=1, face_area=0.0001"
SIR_Row_Live__Protests___Politics_Over_Poll_Panel___Govt_VS_Oppn___CEC___Rahul_G.mp4,2576,17928.133,17932.133,4.0,Title Card,78.0,"Title Card: headline=1.0087, textcov=1.1428, stability=0.87"
SIR_Row_Live__Protests___Politics_Over_Poll_Panel___Govt_VS_Oppn___CEC___Rahul_G.mp4,2577,17932.2,17980.2,48.0,Anchor Studio,82.0,"Anchor Studio: stable=0.91, symmetry=0.84, centered=False, faces=1, face_area=0.0200"
SIR_Row_Live__Protests___Politics_Over_Poll_Panel___Govt_VS_Oppn___CEC___Rahul_G.mp4,2578,17980.267,17985.0,4.733,Title Card,78.0,"Title Card: headline=0.9578, textcov=1.0067, stability=0.86"
SIR_Row_Live__Protests___Politics_Over_Poll_Panel___Govt_VS_Oppn___CEC___Rahul_G.mp4,2579,17985.067,17989.533,4.466,Title Card,78.0,"Title Card: headline=0.9870, textcov=1.0140, stability=0.81"
SIR_Row_Live__Protests___Politics_Over_Poll_Panel___Govt_VS_Oppn___CEC___Rahul_G.mp4,2580,17989.6,17990.867,1.267,Title Card,78.0,"Title Card: headline=1.0371, textcov=1.1630, stability=0.85"
SIR_Row_Live__Protests___Politics_Over_Poll_Panel___Govt_VS_Oppn___CEC___Rahul_G.mp4,2581,17990.933,17994.533,3.6,Title Card,78.0,"Title Card: headline=1.2329, textcov=1.2868, stability=0.88"
SIR_Row_Live__Protests___Politics_Over_Poll_Panel___Govt_VS_Oppn___CEC___Rahul_G.mp4,2582,17994.6,17995.6,1.0,Title Card,68.0,"Title Card: headline=0.9689, textcov=1.0117, stability=0.77"
SIR_Row_Live__Protests___Politics_Over_Poll_Panel___Govt_VS_Oppn___CEC___Rahul_G.mp4,2583,17995.667,17997.467,1.8,Title Card,68.0,"Title Card: headline=0.7877, textcov=0.8649, stability=0.77"
SIR_Row_Live__Protests___Politics_Over_Poll_Panel___Govt_VS_Oppn___CEC___Rahul_G.mp4,2584,17997.533,17999.467,1.934,Title Card,78.0,"Title Card: headline=0.8706, textcov=0.9074, stability=0.82"
SIR_Row_Live__Protests___Politics_Over_Poll_Panel___Govt_VS_Oppn___CEC___Rahul_G.mp4,2585,17999.533,18001.8,2.267,Title Card,78.0,"Title Card: headline=0.9270, textcov=1.0047, stability=0.88"
SIR_Row_Live__Protests___Politics_Over_Poll_Panel___Govt_VS_Oppn___CEC___Rahul_G.mp4,2586,18001.867,18004.467,2.6,Title Card,78.0,"Title Card: headline=0.8832, textcov=0.9343, stability=0.82"
SIR_Row_Live__Protests___Politics_Over_Poll_Panel___Govt_VS_Oppn___CEC___Rahul_G.mp4,2587,18004.533,18009.067,4.534,Title Card,78.0,"Title Card: headline=1.0252, textcov=1.0606, stability=0.86"
SIR_Row_Live__Protests___Politics_Over_Poll_Panel___Govt_VS_Oppn___CEC___Rahul_G.mp4,2588,18009.133,18013.467,4.334,Title Card,78.0,"Title Card: headline=1.1748, textcov=1.2102, stability=0.84"
SIR_Row_Live__Protests___Politics_Over_Poll_Panel___Govt_VS_Oppn___CEC___Rahul_G.mp4,2589,18013.533,18030.533,17.0,Anchor Studio,84.0,"Anchor Studio: stable=0.90, symmetry=0.87, centered=True, faces=1, face_area=0.0034"
SIR_Row_Live__Protests___Politics_Over_Poll_Panel___Govt_VS_Oppn___CEC___Rahul_G.mp4,2590,18030.6,18034.533,3.933,Title Card,78.0,"Title Card: headline=1.1146, textcov=1.2183, stability=0.89"
SIR_Row_Live__Protests___Politics_Over_Poll_Panel___Govt_VS_Oppn___CEC___Rahul_G.mp4,2591,18034.6,18044.533,9.933,Title Card,78.0,"Title Card: headline=1.0973, textcov=1.2107, stability=0.93"
SIR_Row_Live__Protests___Politics_Over_Poll_Panel___Govt_VS_Oppn___CEC___Rahul_G.mp4,2592,18044.6,18047.867,3.267,Title Card,78.0,"Title Card: headline=0.6405, textcov=0.7756, stability=0.80"
SIR_Row_Live__Protests___Politics_Over_Poll_Panel___Govt_VS_Oppn___CEC___Rahul_G.mp4,2593,18047.933,18049.133,1.2,B-Roll,70.0,"B-Roll: motion=0.0717, edge=0.1393, face_area=0.0000, symmetry=0.95"
SIR_Row_Live__Protests___Politics_Over_Poll_Panel___Govt_VS_Oppn___CEC___Rahul_G.mp4,2594,18049.2,18050.067,0.867,Title Card,78.0,"Title Card: headline=0.8914, textcov=0.9850, stability=0.88"
SIR_Row_Live__Protests___Politics_Over_Poll_Panel___Govt_VS_Oppn___CEC___Rahul_G.mp4,2595,18050.133,18051.467,1.334,Title Card,78.0,"Title Card: headline=0.8259, textcov=0.9671, stability=0.89"
SIR_Row_Live__Protests___Politics_Over_Poll_Panel___Govt_VS_Oppn___CEC___Rahul_G.mp4,2596,18051.533,18056.8,5.267,Title Card,78.0,"Title Card: headline=0.9071, textcov=1.0455, stability=0.90"
SIR_Row_Live__Protests___Politics_Over_Poll_Panel___Govt_VS_Oppn___CEC___Rahul_G.mp4,2597,18056.867,18059.867,3.0,Title Card,78.0,"Title Card: headline=0.9633, textcov=1.0720, stability=0.91"
SIR_Row_Live__Protests___Politics_Over_Poll_Panel___Govt_VS_Oppn___CEC___Rahul_G.mp4,2598,18059.933,18060.667,0.734,Anchor Studio,84.0,"Anchor Studio: stable=0.00, symmetry=0.97, centered=True, faces=2, face_area=0.0100"
SIR_Row_Live__Protests___Politics_Over_Poll_Panel___Govt_VS_Oppn___CEC___Rahul_G.mp4,2599,18060.733,18065.667,4.934,Anchor Studio,94.0,"Anchor Studio: stable=0.87, symmetry=0.99, centered=True, faces=2, face_area=0.0453"
SIR_Row_Live__Protests___Politics_Over_Poll_Panel___Govt_VS_Oppn___CEC___Rahul_G.mp4,2600,18065.733,18067.467,1.734,Anchor Studio,94.0,"Anchor Studio: stable=0.83, symmetry=0.99, centered=True, faces=2, face_area=0.0508"
SIR_Row_Live__Protests___Politics_Over_Poll_Panel___Govt_VS_Oppn___CEC___Rahul_G.mp4,2601,18067.533,18068.533,1.0,Anchor Studio,94.0,"Anchor Studio: stable=0.89, symmetry=1.00, centered=True, faces=3, face_area=0.1019"
SIR_Row_Live__Protests___Politics_Over_Poll_Panel___Govt_VS_Oppn___CEC___Rahul_G.mp4,2602,18068.6,18071.867,3.267,Anchor Studio,94.0,"Anchor Studio: stable=0.92, symmetry=0.99, centered=True, faces=2, face_area=0.0402"
SIR_Row_Live__Protests___Politics_Over_Poll_Panel___Govt_VS_Oppn___CEC___Rahul_G.mp4,2603,18071.933,18076.0,4.067,Anchor Studio,94.0,"Anchor Studio: stable=0.85, symmetry=0.98, centered=True, faces=3, face_area=0.0530"
SIR_Row_Live__Protests___Politics_Over_Poll_Panel___Govt_VS_Oppn___CEC___Rahul_G.mp4,2604,18076.067,18076.667,0.6,Anchor Studio,94.0,"Anchor Studio: stable=0.91, symmetry=0.98, centered=True, faces=2, face_area=0.0491"
SIR_Row_Live__Protests___Politics_Over_Poll_Panel___Govt_VS_Oppn___CEC___Rahul_G.mp4,2605,18076.733,18078.0,1.267,Anchor Studio,94.0,"Anchor Studio: stable=0.89, symmetry=0.98, centered=True, faces=2, face_area=0.0494"
SIR_Row_Live__Protests___Politics_Over_Poll_Panel___Govt_VS_Oppn___CEC___Rahul_G.mp4,2606,18078.067,18081.467,3.4,Anchor Studio,94.0,"Anchor Studio: stable=0.83, symmetry=0.99, centered=True, faces=2, face_area=0.0407"
SIR_Row_Live__Protests___Politics_Over_Poll_Panel___Govt_VS_Oppn___CEC___Rahul_G.mp4,2607,18081.533,18085.8,4.267,Anchor Studio,94.0,"Anchor Studio: stable=0.83, symmetry=0.95, centered=True, faces=3, face_area=0.0474"
SIR_Row_Live__Protests___Politics_Over_Poll_Panel___Govt_VS_Oppn___CEC___Rahul_G.mp4,2608,18085.867,18088.133,2.266,Anchor Studio,94.0,"Anchor Studio: stable=0.85, symmetry=0.95, centered=True, faces=2, face_area=0.0326"
SIR_Row_Live__Protests___Politics_Over_Poll_Panel___Govt_VS_Oppn___CEC___Rahul_G.mp4,2609,18088.2,18108.467,20.267,Title Card,78.0,"Title Card: headline=1.0490, textcov=1.1802, stability=0.93"
SIR_Row_Live__Protests___Politics_Over_Poll_Panel___Govt_VS_Oppn___CEC___Rahul_G.mp4,2610,18108.533,18111.0,2.467,B-Roll,70.0,"B-Roll: motion=0.0260, edge=0.1404, face_area=0.0000, symmetry=0.92"
SIR_Row_Live__Protests___Politics_Over_Poll_Panel___Govt_VS_Oppn___CEC___Rahul_G.mp4,2611,18111.067,18124.2,13.133,Title Card,78.0,"Title Card: headline=0.8971, textcov=1.0331, stability=0.91"
SIR_Row_Live__Protests___Politics_Over_Poll_Panel___Govt_VS_Oppn___CEC___Rahul_G.mp4,2612,18124.267,18124.933,0.666,B-Roll,70.0,"B-Roll: motion=0.0490, edge=0.0960, face_area=0.0000, symmetry=0.75"
SIR_Row_Live__Protests___Politics_Over_Poll_Panel___Govt_VS_Oppn___CEC___Rahul_G.mp4,2613,18125.0,18130.267,5.267,Title Card,78.0,"Title Card: headline=1.1334, textcov=1.2585, stability=0.89"
SIR_Row_Live__Protests___Politics_Over_Poll_Panel___Govt_VS_Oppn___CEC___Rahul_G.mp4,2614,18130.333,18147.8,17.467,Title Card,78.0,"Title Card: headline=0.9634, textcov=1.0830, stability=0.92"
SIR_Row_Live__Protests___Politics_Over_Poll_Panel___Govt_VS_Oppn___CEC___Rahul_G.mp4,2615,18147.867,18169.267,21.4,Anchor Studio,84.0,"Anchor Studio: stable=0.88, symmetry=0.87, centered=True, faces=1, face_area=0.0027"
SIR_Row_Live__Protests___Politics_Over_Poll_Panel___Govt_VS_Oppn___CEC___Rahul_G.mp4,2616,18169.333,18185.267,15.934,Anchor Studio,94.0,"Anchor Studio: stable=0.85, symmetry=0.87, centered=True, faces=1, face_area=0.0191"
SIR_Row_Live__Protests___Politics_Over_Poll_Panel___Govt_VS_Oppn___CEC___Rahul_G.mp4,2617,18185.333,18243.4,58.067,Anchor Studio,84.0,"Anchor Studio: stable=0.88, symmetry=0.85, centered=True, faces=2, face_area=0.0034"
SIR_Row_Live__Protests___Politics_Over_Poll_Panel___Govt_VS_Oppn___CEC___Rahul_G.mp4,2618,18243.467,18245.467,2.0,Anchor Studio,72.0,"Anchor Studio: stable=0.75, symmetry=0.77, centered=True, faces=1, face_area=0.0031"
SIR_Row_Live__Protests___Politics_Over_Poll_Panel___Govt_VS_Oppn___CEC___Rahul_G.mp4,2619,18245.533,18280.467,34.934,Anchor Studio,84.0,"Anchor Studio: stable=0.83, symmetry=0.85, centered=True, faces=1, face_area=0.0047"
SIR_Row_Live__Protests___Politics_Over_Poll_Panel___Govt_VS_Oppn___CEC___Rahul_G.mp4,2620,18280.533,18309.667,29.134,Anchor Studio,94.0,"Anchor Studio: stable=0.87, symmetry=0.86, centered=True, faces=2, face_area=0.0219"
SIR_Row_Live__Protests___Politics_Over_Poll_Panel___Govt_VS_Oppn___CEC___Rahul_G.mp4,2621,18309.733,18310.6,0.867,B-Roll,70.0,"B-Roll: motion=0.0406, edge=0.1065, face_area=0.0000, symmetry=0.84"
SIR_Row_Live__Protests___Politics_Over_Poll_Panel___Govt_VS_Oppn___CEC___Rahul_G.mp4,2622,18310.667,18312.933,2.266,Anchor Studio,82.0,"Anchor Studio: stable=0.75, symmetry=0.99, centered=False, faces=1, face_area=0.0177"
SIR_Row_Live__Protests___Politics_Over_Poll_Panel___Govt_VS_Oppn___CEC___Rahul_G.mp4,2623,18313.0,18317.933,4.933,Anchor Studio,82.0,"Anchor Studio: stable=0.85, symmetry=0.91, centered=False, faces=2, face_area=0.0217"
SIR_Row_Live__Protests___Politics_Over_Poll_Panel___Govt_VS_Oppn___CEC___Rahul_G.mp4,2624,18318.0,18322.467,4.467,Anchor Studio,82.0,"Anchor Studio: stable=0.80, symmetry=0.95, centered=False, faces=1, face_area=0.0206"
SIR_Row_Live__Protests___Politics_Over_Poll_Panel___Govt_VS_Oppn___CEC___Rahul_G.mp4,2625,18322.533,18324.8,2.267,Anchor Studio,82.0,"Anchor Studio: stable=0.86, symmetry=0.94, centered=False, faces=1, face_area=0.0210"
SIR_Row_Live__Protests___Politics_Over_Poll_Panel___Govt_VS_Oppn___CEC___Rahul_G.mp4,2626,18324.867,18327.467,2.6,Anchor Studio,82.0,"Anchor Studio: stable=0.84, symmetry=0.95, centered=False, faces=1, face_area=0.0192"
SIR_Row_Live__Protests___Politics_Over_Poll_Panel___Govt_VS_Oppn___CEC___Rahul_G.mp4,2627,18327.533,18329.067,1.534,Anchor Studio,82.0,"Anchor Studio: stable=0.84, symmetry=0.95, centered=False, faces=1, face_area=0.0209"
SIR_Row_Live__Protests___Politics_Over_Poll_Panel___Govt_VS_Oppn___CEC___Rahul_G.mp4,2628,18329.133,18332.467,3.334,Anchor Studio,82.0,"Anchor Studio: stable=0.83, symmetry=0.95, centered=False, faces=1, face_area=0.0216"
SIR_Row_Live__Protests___Politics_Over_Poll_Panel___Govt_VS_Oppn___CEC___Rahul_G.mp4,2629,18332.533,18335.467,2.934,Anchor Studio,82.0,"Anchor Studio: stable=0.86, symmetry=0.95, centered=False, faces=1, face_area=0.0164"
SIR_Row_Live__Protests___Politics_Over_Poll_Panel___Govt_VS_Oppn___CEC___Rahul_G.mp4,2630,18335.533,18337.467,1.934,Anchor Studio,82.0,"Anchor Studio: stable=0.87, symmetry=0.95, centered=False, faces=1, face_area=0.0182"
SIR_Row_Live__Protests___Politics_Over_Poll_Panel___Govt_VS_Oppn___CEC___Rahul_G.mp4,2631,18337.533,18342.0,4.467,Anchor Studio,82.0,"Anchor Studio: stable=0.76, symmetry=0.94, centered=False, faces=1, face_area=0.0142"
SIR_Row_Live__Protests___Politics_Over_Poll_Panel___Govt_VS_Oppn___CEC___Rahul_G.mp4,2632,18342.067,18350.667,8.6,Anchor Studio,94.0,"Anchor Studio: stable=0.86, symmetry=0.94, centered=True, faces=2, face_area=0.0155"
SIR_Row_Live__Protests___Politics_Over_Poll_Panel___Govt_VS_Oppn___CEC___Rahul_G.mp4,2633,18350.733,18353.667,2.934,Anchor Studio,94.0,"Anchor Studio: stable=0.88, symmetry=0.98, centered=True, faces=2, face_area=0.0179"
SIR_Row_Live__Protests___Politics_Over_Poll_Panel___Govt_VS_Oppn___CEC___Rahul_G.mp4,2634,18353.733,18357.067,3.334,Anchor Studio,94.0,"Anchor Studio: stable=0.89, symmetry=0.90, centered=True, faces=2, face_area=0.0202"
SIR_Row_Live__Protests___Politics_Over_Poll_Panel___Govt_VS_Oppn___CEC___Rahul_G.mp4,2635,18357.133,18360.333,3.2,Anchor Studio,72.0,"Anchor Studio: stable=0.63, symmetry=0.91, centered=False, faces=1, face_area=0.0111"
SIR_Row_Live__Protests___Politics_Over_Poll_Panel___Govt_VS_Oppn___CEC___Rahul_G.mp4,2636,18360.4,18365.467,5.067,Anchor Studio,94.0,"Anchor Studio: stable=0.78, symmetry=0.95, centered=True, faces=2, face_area=0.0225"
SIR_Row_Live__Protests___Politics_Over_Poll_Panel___Govt_VS_Oppn___CEC___Rahul_G.mp4,2637,18365.533,18366.733,1.2,Anchor Studio,94.0,"Anchor Studio: stable=0.92, symmetry=0.99, centered=True, faces=2, face_area=0.0271"
SIR_Row_Live__Protests___Politics_Over_Poll_Panel___Govt_VS_Oppn___CEC___Rahul_G.mp4,2638,18366.8,18373.8,7.0,Anchor Studio,94.0,"Anchor Studio: stable=0.86, symmetry=0.99, centered=True, faces=2, face_area=0.0220"
SIR_Row_Live__Protests___Politics_Over_Poll_Panel___Govt_VS_Oppn___CEC___Rahul_G.mp4,2639,18373.867,18375.4,1.533,Anchor Studio,84.0,"Anchor Studio: stable=0.70, symmetry=0.97, centered=True, faces=2, face_area=0.0312"
SIR_Row_Live__Protests___Politics_Over_Poll_Panel___Govt_VS_Oppn___CEC___Rahul_G.mp4,2640,18375.467,18380.267,4.8,Anchor Studio,94.0,"Anchor Studio: stable=0.88, symmetry=0.93, centered=True, faces=2, face_area=0.0294"
SIR_Row_Live__Protests___Politics_Over_Poll_Panel___Govt_VS_Oppn___CEC___Rahul_G.mp4,2641,18380.333,18381.867,1.534,Anchor Studio,94.0,"Anchor Studio: stable=0.81, symmetry=0.85, centered=True, faces=1, face_area=0.0243"
SIR_Row_Live__Protests___Politics_Over_Poll_Panel___Govt_VS_Oppn___CEC___Rahul_G.mp4,2642,18381.933,18384.067,2.134,Anchor Studio,94.0,"Anchor Studio: stable=0.76, symmetry=0.95, centered=True, faces=1, face_area=0.0173"
SIR_Row_Live__Protests___Politics_Over_Poll_Panel___Govt_VS_Oppn___CEC___Rahul_G.mp4,2643,18384.133,18387.2,3.067,Anchor Studio,94.0,"Anchor Studio: stable=0.83, symmetry=0.96, centered=True, faces=2, face_area=0.0297"
SIR_Row_Live__Protests___Politics_Over_Poll_Panel___Govt_VS_Oppn___CEC___Rahul_G.mp4,2644,18387.267,18390.867,3.6,Anchor Studio,94.0,"Anchor Studio: stable=0.86, symmetry=0.98, centered=True, faces=1, face_area=0.0234"
SIR_Row_Live__Protests___Politics_Over_Poll_Panel___Govt_VS_Oppn___CEC___Rahul_G.mp4,2645,18390.933,18391.6,0.667,Anchor Studio,94.0,"Anchor Studio: stable=0.81, symmetry=0.99, centered=True, faces=2, face_area=0.0383"
SIR_Row_Live__Protests___Politics_Over_Poll_Panel___Govt_VS_Oppn___CEC___Rahul_G.mp4,2646,18391.667,18395.933,4.266,Anchor Studio,94.0,"Anchor Studio: stable=0.83, symmetry=0.99, centered=True, faces=2, face_area=0.0198"
SIR_Row_Live__Protests___Politics_Over_Poll_Panel___Govt_VS_Oppn___CEC___Rahul_G.mp4,2647,18396.0,18397.267,1.267,Anchor Studio,84.0,"Anchor Studio: stable=0.78, symmetry=0.98, centered=True, faces=1, face_area=0.0011"
SIR_Row_Live__Protests___Politics_Over_Poll_Panel___Govt_VS_Oppn___CEC___Rahul_G.mp4,2648,18397.333,18400.467,3.134,Anchor Studio,94.0,"Anchor Studio: stable=0.81, symmetry=0.98, centered=True, faces=1, face_area=0.0233"
SIR_Row_Live__Protests___Politics_Over_Poll_Panel___Govt_VS_Oppn___CEC___Rahul_G.mp4,2649,18400.533,18401.6,1.067,Anchor Studio,94.0,"Anchor Studio: stable=0.84, symmetry=0.99, centered=True, faces=2, face_area=0.0377"
SIR_Row_Live__Protests___Politics_Over_Poll_Panel___Govt_VS_Oppn___CEC___Rahul_G.mp4,2650,18401.667,18406.267,4.6,Anchor Studio,94.0,"Anchor Studio: stable=0.83, symmetry=0.99, centered=True, faces=2, face_area=0.0250"
SIR_Row_Live__Protests___Politics_Over_Poll_Panel___Govt_VS_Oppn___CEC___Rahul_G.mp4,2651,18406.333,18410.4,4.067,Anchor Studio,94.0,"Anchor Studio: stable=0.85, symmetry=0.98, centered=True, faces=2, face_area=0.0227"
SIR_Row_Live__Protests___Politics_Over_Poll_Panel___Govt_VS_Oppn___CEC___Rahul_G.mp4,2652,18410.467,18416.267,5.8,Anchor Studio,94.0,"Anchor Studio: stable=0.81, symmetry=0.96, centered=True, faces=2, face_area=0.0248"
SIR_Row_Live__Protests___Politics_Over_Poll_Panel___Govt_VS_Oppn___CEC___Rahul_G.mp4,2653,18416.333,18417.933,1.6,Anchor Studio,94.0,"Anchor Studio: stable=0.79, symmetry=0.94, centered=True, faces=2, face_area=0.0234"
SIR_Row_Live__Protests___Politics_Over_Poll_Panel___Govt_VS_Oppn___CEC___Rahul_G.mp4,2654,18418.0,18418.667,0.667,Anchor Studio,72.0,"Anchor Studio: stable=0.59, symmetry=0.79, centered=True, faces=1, face_area=0.0102"
SIR_Row_Live__Protests___Politics_Over_Poll_Panel___Govt_VS_Oppn___CEC___Rahul_G.mp4,2655,18418.733,18420.0,1.267,Anchor Studio,74.0,"Anchor Studio: stable=0.66, symmetry=0.87, centered=True, faces=1, face_area=0.0009"
SIR_Row_Live__Protests___Politics_Over_Poll_Panel___Govt_VS_Oppn___CEC___Rahul_G.mp4,2656,18420.067,18424.133,4.066,Anchor Studio,84.0,"Anchor Studio: stable=0.81, symmetry=0.95, centered=True, faces=2, face_area=0.0091"
SIR_Row_Live__Protests___Politics_Over_Poll_Panel___Govt_VS_Oppn___CEC___Rahul_G.mp4,2657,18424.2,18428.4,4.2,Anchor Studio,94.0,"Anchor Studio: stable=0.85, symmetry=0.85, centered=True, faces=2, face_area=0.0200"
SIR_Row_Live__Protests___Politics_Over_Poll_Panel___Govt_VS_Oppn___CEC___Rahul_G.mp4,2658,18428.467,18429.133,0.666,B-Roll,70.0,"B-Roll: motion=0.0397, edge=0.0887, face_area=0.0018, symmetry=0.79"
SIR_Row_Live__Protests___Politics_Over_Poll_Panel___Govt_VS_Oppn___CEC___Rahul_G.mp4,2659,18429.2,18467.4,38.2,Anchor Studio,84.0,"Anchor Studio: stable=0.84, symmetry=0.93, centered=True, faces=1, face_area=0.0028"
SIR_Row_Live__Protests___Politics_Over_Poll_Panel___Govt_VS_Oppn___CEC___Rahul_G.mp4,2660,18467.467,18494.8,27.333,Anchor Studio,94.0,"Anchor Studio: stable=0.89, symmetry=0.88, centered=True, faces=2, face_area=0.0113"
SIR_Row_Live__Protests___Politics_Over_Poll_Panel___Govt_VS_Oppn___CEC___Rahul_G.mp4,2661,18494.867,18496.467,1.6,Anchor Studio,84.0,"Anchor Studio: stable=0.65, symmetry=0.88, centered=True, faces=4, face_area=0.0616"
SIR_Row_Live__Protests___Politics_Over_Poll_Panel___Govt_VS_Oppn___CEC___Rahul_G.mp4,2662,18496.533,18497.667,1.134,Anchor Studio,94.0,"Anchor Studio: stable=0.84, symmetry=0.89, centered=True, faces=3, face_area=0.1114"
SIR_Row_Live__Protests___Politics_Over_Poll_Panel___Govt_VS_Oppn___CEC___Rahul_G.mp4,2663,18497.733,18498.4,0.667,Anchor Studio,72.0,"Anchor Studio: stable=0.55, symmetry=0.76, centered=True, faces=2, face_area=0.0200"
SIR_Row_Live__Protests___Politics_Over_Poll_Panel___Govt_VS_Oppn___CEC___Rahul_G.mp4,2664,18498.467,18502.667,4.2,Anchor Studio,84.0,"Anchor Studio: stable=0.74, symmetry=0.87, centered=True, faces=2, face_area=0.0406"
SIR_Row_Live__Protests___Politics_Over_Poll_Panel___Govt_VS_Oppn___CEC___Rahul_G.mp4,2665,18502.733,18506.6,3.867,Anchor Studio,94.0,"Anchor Studio: stable=0.88, symmetry=0.99, centered=True, faces=3, face_area=0.1086"
SIR_Row_Live__Protests___Politics_Over_Poll_Panel___Govt_VS_Oppn___CEC___Rahul_G.mp4,2666,18506.667,18516.467,9.8,Anchor Studio,94.0,"Anchor Studio: stable=0.90, symmetry=0.98, centered=True, faces=3, face_area=0.1152"
SIR_Row_Live__Protests___Politics_Over_Poll_Panel___Govt_VS_Oppn___CEC___Rahul_G.mp4,2667,18516.533,18533.667,17.134,Anchor Studio,94.0,"Anchor Studio: stable=0.88, symmetry=0.97, centered=True, faces=4, face_area=0.1170"
SIR_Row_Live__Protests___Politics_Over_Poll_Panel___Govt_VS_Oppn___CEC___Rahul_G.mp4,2668,18533.733,18536.267,2.534,Anchor Studio,94.0,"Anchor Studio: stable=0.90, symmetry=0.96, centered=True, faces=3, face_area=0.1142"
SIR_Row_Live__Protests___Politics_Over_Poll_Panel___Govt_VS_Oppn___CEC___Rahul_G.mp4,2669,18536.333,18537.0,0.667,Anchor Studio,84.0,"Anchor Studio: stable=0.61, symmetry=0.81, centered=True, faces=3, face_area=0.0405"
SIR_Row_Live__Protests___Politics_Over_Poll_Panel___Govt_VS_Oppn___CEC___Rahul_G.mp4,2670,18537.067,18538.2,1.133,B-Roll,70.0,"B-Roll: motion=0.0370, edge=0.1104, face_area=0.0024, symmetry=0.86"
SIR_Row_Live__Protests___Politics_Over_Poll_Panel___Govt_VS_Oppn___CEC___Rahul_G.mp4,2671,18538.267,18556.467,18.2,Anchor Studio,94.0,"Anchor Studio: stable=0.90, symmetry=0.84, centered=True, faces=2, face_area=0.0215"
SIR_Row_Live__Protests___Politics_Over_Poll_Panel___Govt_VS_Oppn___CEC___Rahul_G.mp4,2672,18556.533,18561.6,5.067,Anchor Studio,94.0,"Anchor Studio: stable=0.84, symmetry=0.94, centered=True, faces=2, face_area=0.0196"
SIR_Row_Live__Protests___Politics_Over_Poll_Panel___Govt_VS_Oppn___CEC___Rahul_G.mp4,2673,18561.667,18562.2,0.533,Anchor Studio,82.0,"Anchor Studio: stable=0.90, symmetry=0.98, centered=False, faces=1, face_area=0.0212"
SIR_Row_Live__Protests___Politics_Over_Poll_Panel___Govt_VS_Oppn___CEC___Rahul_G.mp4,2674,18562.267,18563.6,1.333,B-Roll,70.0,"B-Roll: motion=0.0694, edge=0.1522, face_area=0.0000, symmetry=0.96"
SIR_Row_Live__Protests___Politics_Over_Poll_Panel___Govt_VS_Oppn___CEC___Rahul_G.mp4,2675,18563.667,18564.267,0.6,Title Card,68.0,"Title Card: headline=0.9023, textcov=1.0000, stability=0.79"
SIR_Row_Live__Protests___Politics_Over_Poll_Panel___Govt_VS_Oppn___CEC___Rahul_G.mp4,2676,18564.333,18565.733,1.4,Anchor Studio,82.0,"Anchor Studio: stable=0.88, symmetry=0.96, centered=False, faces=1, face_area=0.0172"
SIR_Row_Live__Protests___Politics_Over_Poll_Panel___Govt_VS_Oppn___CEC___Rahul_G.mp4,2677,18565.8,18566.6,0.8,Anchor Studio,82.0,"Anchor Studio: stable=0.90, symmetry=0.94, centered=False, faces=1, face_area=0.0225"
SIR_Row_Live__Protests___Politics_Over_Poll_Panel___Govt_VS_Oppn___CEC___Rahul_G.mp4,2678,18566.667,18571.133,4.466,Title Card,74.0,"Title Card: headline=0.8314, textcov=0.9308, stability=0.83"
SIR_Row_Live__Protests___Politics_Over_Poll_Panel___Govt_VS_Oppn___CEC___Rahul_G.mp4,2679,18571.2,18573.467,2.267,Title Card,78.0,"Title Card: headline=0.8376, textcov=0.9821, stability=0.89"
SIR_Row_Live__Protests___Politics_Over_Poll_Panel___Govt_VS_Oppn___CEC___Rahul_G.mp4,2680,18573.533,18576.133,2.6,Field Report,68.0,"Field Report: motion=0.0439, faces=1, centered=False, symmetry=0.96"
SIR_Row_Live__Protests___Politics_Over_Poll_Panel___Govt_VS_Oppn___CEC___Rahul_G.mp4,2681,18576.2,18581.067,4.867,Anchor Studio,94.0,"Anchor Studio: stable=0.85, symmetry=0.94, centered=True, faces=2, face_area=0.0221"
SIR_Row_Live__Protests___Politics_Over_Poll_Panel___Govt_VS_Oppn___CEC___Rahul_G.mp4,2682,18581.133,18583.467,2.334,Anchor Studio,82.0,"Anchor Studio: stable=0.84, symmetry=0.96, centered=False, faces=1, face_area=0.0199"
SIR_Row_Live__Protests___Politics_Over_Poll_Panel___Govt_VS_Oppn___CEC___Rahul_G.mp4,2683,18583.533,18586.067,2.534,Anchor Studio,82.0,"Anchor Studio: stable=0.86, symmetry=0.92, centered=False, faces=1, face_area=0.0192"
SIR_Row_Live__Protests___Politics_Over_Poll_Panel___Govt_VS_Oppn___CEC___Rahul_G.mp4,2684,18586.133,18588.733,2.6,Anchor Studio,82.0,"Anchor Studio: stable=0.85, symmetry=0.92, centered=False, faces=1, face_area=0.0198"
SIR_Row_Live__Protests___Politics_Over_Poll_Panel___Govt_VS_Oppn___CEC___Rahul_G.mp4,2685,18588.8,18590.667,1.867,Field Report,68.0,"Field Report: motion=0.0338, faces=1, centered=False, symmetry=0.96"
SIR_Row_Live__Protests___Politics_Over_Poll_Panel___Govt_VS_Oppn___CEC___Rahul_G.mp4,2686,18590.733,18593.4,2.667,Anchor Studio,82.0,"Anchor Studio: stable=0.84, symmetry=0.97, centered=False, faces=1, face_area=0.0218"
SIR_Row_Live__Protests___Politics_Over_Poll_Panel___Govt_VS_Oppn___CEC___Rahul_G.mp4,2687,18593.467,18594.867,1.4,Anchor Studio,82.0,"Anchor Studio: stable=0.84, symmetry=0.95, centered=False, faces=1, face_area=0.0221"
SIR_Row_Live__Protests___Politics_Over_Poll_Panel___Govt_VS_Oppn___CEC___Rahul_G.mp4,2688,18594.933,18600.4,5.467,Anchor Studio,94.0,"Anchor Studio: stable=0.90, symmetry=0.86, centered=True, faces=2, face_area=0.0230"
SIR_Row_Live__Protests___Politics_Over_Poll_Panel___Govt_VS_Oppn___CEC___Rahul_G.mp4,2689,18600.467,18663.267,62.8,Anchor Studio,94.0,"Anchor Studio: stable=0.92, symmetry=0.85, centered=True, faces=2, face_area=0.0196"
SIR_Row_Live__Protests___Politics_Over_Poll_Panel___Govt_VS_Oppn___CEC___Rahul_G.mp4,2690,18663.333,18700.667,37.334,Anchor Studio,94.0,"Anchor Studio: stable=0.91, symmetry=0.92, centered=True, faces=3, face_area=0.0211"
SIR_Row_Live__Protests___Politics_Over_Poll_Panel___Govt_VS_Oppn___CEC___Rahul_G.mp4,2691,18700.733,18703.467,2.734,Anchor Studio,94.0,"Anchor Studio: stable=0.81, symmetry=0.93, centered=True, faces=3, face_area=0.0670"
SIR_Row_Live__Protests___Politics_Over_Poll_Panel___Govt_VS_Oppn___CEC___Rahul_G.mp4,2692,18703.533,18710.8,7.267,Anchor Studio,94.0,"Anchor Studio: stable=0.85, symmetry=0.95, centered=True, faces=4, face_area=0.1216"
SIR_Row_Live__Protests___Politics_Over_Poll_Panel___Govt_VS_Oppn___CEC___Rahul_G.mp4,2693,18710.867,18712.467,1.6,Anchor Studio,94.0,"Anchor Studio: stable=0.83, symmetry=0.96, centered=True, faces=3, face_area=0.1182"
SIR_Row_Live__Protests___Politics_Over_Poll_Panel___Govt_VS_Oppn___CEC___Rahul_G.mp4,2694,18712.533,18736.467,23.934,Anchor Studio,94.0,"Anchor Studio: stable=0.90, symmetry=0.95, centered=True, faces=4, face_area=0.1152"
SIR_Row_Live__Protests___Politics_Over_Poll_Panel___Govt_VS_Oppn___CEC___Rahul_G.mp4,2695,18736.533,18737.2,0.667,Anchor Studio,72.0,"Anchor Studio: stable=0.61, symmetry=0.77, centered=True, faces=1, face_area=0.0275"
SIR_Row_Live__Protests___Politics_Over_Poll_Panel___Govt_VS_Oppn___CEC___Rahul_G.mp4,2696,18737.267,18766.933,29.666,Anchor Studio,82.0,"Anchor Studio: stable=0.90, symmetry=0.80, centered=True, faces=2, face_area=0.0228"
SIR_Row_Live__Protests___Politics_Over_Poll_Panel___Govt_VS_Oppn___CEC___Rahul_G.mp4,2697,18767.0,18805.133,38.133,Title Card,74.0,"Title Card: headline=0.7666, textcov=0.9051, stability=0.92"
SIR_Row_Live__Protests___Politics_Over_Poll_Panel___Govt_VS_Oppn___CEC___Rahul_G.mp4,2698,18805.2,18806.6,1.4,Anchor Studio,82.0,"Anchor Studio: stable=0.81, symmetry=0.94, centered=False, faces=1, face_area=0.0222"
SIR_Row_Live__Protests___Politics_Over_Poll_Panel___Govt_VS_Oppn___CEC___Rahul_G.mp4,2699,18806.667,18808.0,1.333,Anchor Studio,82.0,"Anchor Studio: stable=0.83, symmetry=0.92, centered=False, faces=1, face_area=0.0193"
SIR_Row_Live__Protests___Politics_Over_Poll_Panel___Govt_VS_Oppn___CEC___Rahul_G.mp4,2700,18808.067,18813.0,4.933,Anchor Studio,94.0,"Anchor Studio: stable=0.84, symmetry=0.94, centered=True, faces=2, face_area=0.0248"
SIR_Row_Live__Protests___Politics_Over_Poll_Panel___Govt_VS_Oppn___CEC___Rahul_G.mp4,2701,18813.067,18816.667,3.6,Anchor Studio,82.0,"Anchor Studio: stable=0.84, symmetry=0.95, centered=False, faces=1, face_area=0.0118"
SIR_Row_Live__Protests___Politics_Over_Poll_Panel___Govt_VS_Oppn___CEC___Rahul_G.mp4,2702,18816.733,18817.6,0.867,B-Roll,70.0,"B-Roll: motion=0.0328, edge=0.1733, face_area=0.0031, symmetry=0.88"
SIR_Row_Live__Protests___Politics_Over_Poll_Panel___Govt_VS_Oppn___CEC___Rahul_G.mp4,2703,18817.667,18819.467,1.8,Anchor Studio,82.0,"Anchor Studio: stable=0.87, symmetry=0.92, centered=False, faces=1, face_area=0.0128"
SIR_Row_Live__Protests___Politics_Over_Poll_Panel___Govt_VS_Oppn___CEC___Rahul_G.mp4,2704,18819.533,18822.6,3.067,Anchor Studio,82.0,"Anchor Studio: stable=0.83, symmetry=0.94, centered=False, faces=1, face_area=0.0116"
SIR_Row_Live__Protests___Politics_Over_Poll_Panel___Govt_VS_Oppn___CEC___Rahul_G.mp4,2705,18822.667,18823.533,0.866,Anchor Studio,82.0,"Anchor Studio: stable=0.86, symmetry=0.96, centered=False, faces=1, face_area=0.0185"
SIR_Row_Live__Protests___Politics_Over_Poll_Panel___Govt_VS_Oppn___CEC___Rahul_G.mp4,2706,18823.6,18826.8,3.2,Anchor Studio,94.0,"Anchor Studio: stable=0.87, symmetry=0.97, centered=True, faces=3, face_area=0.0565"
SIR_Row_Live__Protests___Politics_Over_Poll_Panel___Govt_VS_Oppn___CEC___Rahul_G.mp4,2707,18826.867,18830.533,3.666,Anchor Studio,94.0,"Anchor Studio: stable=0.89, symmetry=0.95, centered=True, faces=3, face_area=0.0727"
SIR_Row_Live__Protests___Politics_Over_Poll_Panel___Govt_VS_Oppn___CEC___Rahul_G.mp4,2708,18830.6,18834.867,4.267,Anchor Studio,94.0,"Anchor Studio: stable=0.87, symmetry=0.96, centered=True, faces=4, face_area=0.0652"
SIR_Row_Live__Protests___Politics_Over_Poll_Panel___Govt_VS_Oppn___CEC___Rahul_G.mp4,2709,18834.933,18836.667,1.734,Anchor Studio,94.0,"Anchor Studio: stable=0.83, symmetry=0.93, centered=True, faces=3, face_area=0.0693"
SIR_Row_Live__Protests___Politics_Over_Poll_Panel___Govt_VS_Oppn___CEC___Rahul_G.mp4,2710,18836.733,18839.667,2.934,Anchor Studio,94.0,"Anchor Studio: stable=0.88, symmetry=0.95, centered=True, faces=3, face_area=0.0615"
SIR_Row_Live__Protests___Politics_Over_Poll_Panel___Govt_VS_Oppn___CEC___Rahul_G.mp4,2711,18839.733,18843.0,3.267,Anchor Studio,94.0,"Anchor Studio: stable=0.86, symmetry=0.95, centered=True, faces=3, face_area=0.0538"
SIR_Row_Live__Protests___Politics_Over_Poll_Panel___Govt_VS_Oppn___CEC___Rahul_G.mp4,2712,18843.067,18846.667,3.6,Anchor Studio,94.0,"Anchor Studio: stable=0.88, symmetry=0.98, centered=True, faces=4, face_area=0.0777"
SIR_Row_Live__Protests___Politics_Over_Poll_Panel___Govt_VS_Oppn___CEC___Rahul_G.mp4,2713,18846.733,18847.6,0.867,Anchor Studio,94.0,"Anchor Studio: stable=0.82, symmetry=0.94, centered=True, faces=3, face_area=0.0574"
SIR_Row_Live__Protests___Politics_Over_Poll_Panel___Govt_VS_Oppn___CEC___Rahul_G.mp4,2714,18847.667,18851.067,3.4,Anchor Studio,94.0,"Anchor Studio: stable=0.86, symmetry=0.95, centered=True, faces=3, face_area=0.0447"
SIR_Row_Live__Protests___Politics_Over_Poll_Panel___Govt_VS_Oppn___CEC___Rahul_G.mp4,2715,18851.133,18852.867,1.734,Anchor Studio,94.0,"Anchor Studio: stable=0.80, symmetry=0.91, centered=True, faces=3, face_area=0.0596"
SIR_Row_Live__Protests___Politics_Over_Poll_Panel___Govt_VS_Oppn___CEC___Rahul_G.mp4,2716,18852.933,18856.667,3.734,Anchor Studio,94.0,"Anchor Studio: stable=0.88, symmetry=0.89, centered=True, faces=2, face_area=0.0250"
SIR_Row_Live__Protests___Politics_Over_Poll_Panel___Govt_VS_Oppn___CEC___Rahul_G.mp4,2717,18856.733,18866.6,9.867,Anchor Studio,82.0,"Anchor Studio: stable=0.85, symmetry=0.86, centered=False, faces=2, face_area=0.0191"
SIR_Row_Live__Protests___Politics_Over_Poll_Panel___Govt_VS_Oppn___CEC___Rahul_G.mp4,2718,18866.667,18871.067,4.4,Anchor Studio,94.0,"Anchor Studio: stable=0.85, symmetry=0.88, centered=True, faces=2, face_area=0.0189"
SIR_Row_Live__Protests___Politics_Over_Poll_Panel___Govt_VS_Oppn___CEC___Rahul_G.mp4,2719,18871.133,18876.667,5.534,Anchor Studio,82.0,"Anchor Studio: stable=0.86, symmetry=0.88, centered=False, faces=2, face_area=0.0171"
SIR_Row_Live__Protests___Politics_Over_Poll_Panel___Govt_VS_Oppn___CEC___Rahul_G.mp4,2720,18876.733,18886.667,9.934,Anchor Studio,94.0,"Anchor Studio: stable=0.84, symmetry=0.87, centered=True, faces=2, face_area=0.0210"
SIR_Row_Live__Protests___Politics_Over_Poll_Panel___Govt_VS_Oppn___CEC___Rahul_G.mp4,2721,18886.733,18896.6,9.867,Anchor Studio,82.0,"Anchor Studio: stable=0.85, symmetry=0.85, centered=False, faces=1, face_area=0.0207"
SIR_Row_Live__Protests___Politics_Over_Poll_Panel___Govt_VS_Oppn___CEC___Rahul_G.mp4,2722,18896.667,18901.0,4.333,Anchor Studio,82.0,"Anchor Studio: stable=0.88, symmetry=0.91, centered=False, faces=1, face_area=0.0165"
SIR_Row_Live__Protests___Politics_Over_Poll_Panel___Govt_VS_Oppn___CEC___Rahul_G.mp4,2723,18901.067,18901.667,0.6,Field Report,68.0,"Field Report: motion=0.0491, faces=1, centered=False, symmetry=0.72"
SIR_Row_Live__Protests___Politics_Over_Poll_Panel___Govt_VS_Oppn___CEC___Rahul_G.mp4,2724,18901.733,18905.267,3.534,Anchor Studio,94.0,"Anchor Studio: stable=0.82, symmetry=0.95, centered=True, faces=3, face_area=0.0774"
SIR_Row_Live__Protests___Politics_Over_Poll_Panel___Govt_VS_Oppn___CEC___Rahul_G.mp4,2725,18905.333,18906.067,0.734,Anchor Studio,84.0,"Anchor Studio: stable=0.55, symmetry=0.81, centered=True, faces=2, face_area=0.0353"
SIR_Row_Live__Protests___Politics_Over_Poll_Panel___Govt_VS_Oppn___CEC___Rahul_G.mp4,2726,18906.133,18922.4,16.267,Anchor Studio,94.0,"Anchor Studio: stable=0.88, symmetry=0.92, centered=True, faces=2, face_area=0.0410"
SIR_Row_Live__Protests___Politics_Over_Poll_Panel___Govt_VS_Oppn___CEC___Rahul_G.mp4,2727,18922.467,18934.867,12.4,Anchor Studio,94.0,"Anchor Studio: stable=0.77, symmetry=0.91, centered=True, faces=2, face_area=0.0270"
SIR_Row_Live__Protests___Politics_Over_Poll_Panel___Govt_VS_Oppn___CEC___Rahul_G.mp4,2728,18934.933,18937.067,2.134,Anchor Studio,84.0,"Anchor Studio: stable=0.44, symmetry=0.98, centered=True, faces=2, face_area=0.0318"
SIR_Row_Live__Protests___Politics_Over_Poll_Panel___Govt_VS_Oppn___CEC___Rahul_G.mp4,2729,18937.133,18942.4,5.267,Anchor Studio,72.0,"Anchor Studio: stable=0.59, symmetry=0.96, centered=False, faces=2, face_area=0.0319"
SIR_Row_Live__Protests___Politics_Over_Poll_Panel___Govt_VS_Oppn___CEC___Rahul_G.mp4,2730,18942.467,18943.6,1.133,Anchor Studio,72.0,"Anchor Studio: stable=0.52, symmetry=0.95, centered=False, faces=2, face_area=0.0447"
SIR_Row_Live__Protests___Politics_Over_Poll_Panel___Govt_VS_Oppn___CEC___Rahul_G.mp4,2731,18943.667,18945.867,2.2,Anchor Studio,84.0,"Anchor Studio: stable=0.57, symmetry=0.96, centered=True, faces=3, face_area=0.0397"
SIR_Row_Live__Protests___Politics_Over_Poll_Panel___Govt_VS_Oppn___CEC___Rahul_G.mp4,2732,18945.933,18948.2,2.267,Anchor Studio,72.0,"Anchor Studio: stable=0.57, symmetry=0.95, centered=False, faces=2, face_area=0.0358"
SIR_Row_Live__Protests___Politics_Over_Poll_Panel___Govt_VS_Oppn___CEC___Rahul_G.mp4,2733,18948.267,18970.8,22.533,Anchor Studio,94.0,"Anchor Studio: stable=0.88, symmetry=0.93, centered=True, faces=3, face_area=0.0407"
SIR_Row_Live__Protests___Politics_Over_Poll_Panel___Govt_VS_Oppn___CEC___Rahul_G.mp4,2734,18970.867,18983.4,12.533,Anchor Studio,82.0,"Anchor Studio: stable=0.85, symmetry=0.91, centered=False, faces=3, face_area=0.0525"
SIR_Row_Live__Protests___Politics_Over_Poll_Panel___Govt_VS_Oppn___CEC___Rahul_G.mp4,2735,18983.467,19005.8,22.333,Anchor Studio,82.0,"Anchor Studio: stable=0.86, symmetry=0.89, centered=False, faces=3, face_area=0.0530"
SIR_Row_Live__Protests___Politics_Over_Poll_Panel___Govt_VS_Oppn___CEC___Rahul_G.mp4,2736,19005.867,19015.133,9.266,B-Roll,70.0,"B-Roll: motion=0.0649, edge=0.1385, face_area=0.0000, symmetry=0.86"
SIR_Row_Live__Protests___Politics_Over_Poll_Panel___Govt_VS_Oppn___CEC___Rahul_G.mp4,2737,19015.2,19028.0,12.8,Anchor Studio,84.0,"Anchor Studio: stable=0.47, symmetry=0.91, centered=True, faces=3, face_area=0.0149"
SIR_Row_Live__Protests___Politics_Over_Poll_Panel___Govt_VS_Oppn___CEC___Rahul_G.mp4,2738,19028.067,19031.133,3.066,Anchor Studio,74.0,"Anchor Studio: stable=0.27, symmetry=0.91, centered=True, faces=1, face_area=0.0033"
SIR_Row_Live__Protests___Politics_Over_Poll_Panel___Govt_VS_Oppn___CEC___Rahul_G.mp4,2739,19031.2,19036.267,5.067,B-Roll,70.0,"B-Roll: motion=0.0594, edge=0.1702, face_area=0.0005, symmetry=0.85"
SIR_Row_Live__Protests___Politics_Over_Poll_Panel___Govt_VS_Oppn___CEC___Rahul_G.mp4,2740,19036.333,19039.2,2.867,Anchor Studio,84.0,"Anchor Studio: stable=0.42, symmetry=0.96, centered=True, faces=2, face_area=0.0680"
SIR_Row_Live__Protests___Politics_Over_Poll_Panel___Govt_VS_Oppn___CEC___Rahul_G.mp4,2741,19039.267,19042.6,3.333,B-Roll,70.0,"B-Roll: motion=0.0781, edge=0.1446, face_area=0.0000, symmetry=0.95"
SIR_Row_Live__Protests___Politics_Over_Poll_Panel___Govt_VS_Oppn___CEC___Rahul_G.mp4,2742,19042.667,19044.067,1.4,B-Roll,70.0,"B-Roll: motion=0.1170, edge=0.1308, face_area=0.0000, symmetry=0.96"
SIR_Row_Live__Protests___Politics_Over_Poll_Panel___Govt_VS_Oppn___CEC___Rahul_G.mp4,2743,19044.133,19051.8,7.667,Anchor Studio,74.0,"Anchor Studio: stable=0.15, symmetry=0.91, centered=True, faces=2, face_area=0.0049"
SIR_Row_Live__Protests___Politics_Over_Poll_Panel___Govt_VS_Oppn___CEC___Rahul_G.mp4,2744,19051.867,19057.6,5.733,Anchor Studio,84.0,"Anchor Studio: stable=0.23, symmetry=0.93, centered=True, faces=1, face_area=0.0263"
SIR_Row_Live__Protests___Politics_Over_Poll_Panel___Govt_VS_Oppn___CEC___Rahul_G.mp4,2745,19057.667,19060.4,2.733,Title Card,64.0,"Title Card: headline=0.9635, textcov=1.0890, stability=0.18"
SIR_Row_Live__Protests___Politics_Over_Poll_Panel___Govt_VS_Oppn___CEC___Rahul_G.mp4,2746,19060.467,19063.067,2.6,B-Roll,70.0,"B-Roll: motion=0.0890, edge=0.1533, face_area=0.0042, symmetry=0.95"
SIR_Row_Live__Protests___Politics_Over_Poll_Panel___Govt_VS_Oppn___CEC___Rahul_G.mp4,2747,19063.133,19065.8,2.667,B-Roll,70.0,"B-Roll: motion=0.1049, edge=0.1684, face_area=0.0000, symmetry=0.97"
SIR_Row_Live__Protests___Politics_Over_Poll_Panel___Govt_VS_Oppn___CEC___Rahul_G.mp4,2748,19065.867,19067.667,1.8,B-Roll,70.0,"B-Roll: motion=0.0542, edge=0.1292, face_area=0.0000, symmetry=0.90"
SIR_Row_Live__Protests___Politics_Over_Poll_Panel___Govt_VS_Oppn___CEC___Rahul_G.mp4,2749,19067.733,19077.0,9.267,Anchor Studio,74.0,"Anchor Studio: stable=0.72, symmetry=0.95, centered=True, faces=1, face_area=0.0013"
SIR_Row_Live__Protests___Politics_Over_Poll_Panel___Govt_VS_Oppn___CEC___Rahul_G.mp4,2750,19077.067,19112.6,35.533,Title Card,78.0,"Title Card: headline=0.2642, textcov=0.3883, stability=0.92"
SIR_Row_Live__Protests___Politics_Over_Poll_Panel___Govt_VS_Oppn___CEC___Rahul_G.mp4,2751,19112.667,19115.733,3.066,Anchor Studio,84.0,"Anchor Studio: stable=0.03, symmetry=0.91, centered=True, faces=2, face_area=0.0139"
SIR_Row_Live__Protests___Politics_Over_Poll_Panel___Govt_VS_Oppn___CEC___Rahul_G.mp4,2752,19115.8,19117.467,1.667,Title Card,78.0,"Title Card: headline=0.5335, textcov=0.7435, stability=0.85"
SIR_Row_Live__Protests___Politics_Over_Poll_Panel___Govt_VS_Oppn___CEC___Rahul_G.mp4,2753,19117.533,19119.0,1.467,Title Card,78.0,"Title Card: headline=0.5342, textcov=0.6426, stability=0.86"
SIR_Row_Live__Protests___Politics_Over_Poll_Panel___Govt_VS_Oppn___CEC___Rahul_G.mp4,2754,19119.067,19119.8,0.733,Anchor Studio,84.0,"Anchor Studio: stable=0.69, symmetry=0.93, centered=True, faces=1, face_area=0.0271"
SIR_Row_Live__Protests___Politics_Over_Poll_Panel___Govt_VS_Oppn___CEC___Rahul_G.mp4,2755,19119.867,19121.667,1.8,B-Roll,70.0,"B-Roll: motion=0.0678, edge=0.1644, face_area=0.0000, symmetry=0.93"
SIR_Row_Live__Protests___Politics_Over_Poll_Panel___Govt_VS_Oppn___CEC___Rahul_G.mp4,2756,19121.733,19123.0,1.267,B-Roll,70.0,"B-Roll: motion=0.0335, edge=0.1236, face_area=0.0000, symmetry=0.98"
SIR_Row_Live__Protests___Politics_Over_Poll_Panel___Govt_VS_Oppn___CEC___Rahul_G.mp4,2757,19123.067,19125.4,2.333,Anchor Studio,84.0,"Anchor Studio: stable=0.88, symmetry=0.86, centered=True, faces=1, face_area=0.0093"
SIR_Row_Live__Protests___Politics_Over_Poll_Panel___Govt_VS_Oppn___CEC___Rahul_G.mp4,2758,19125.467,19129.467,4.0,B-Roll,70.0,"B-Roll: motion=0.0545, edge=0.0996, face_area=0.0017, symmetry=0.91"
SIR_Row_Live__Protests___Politics_Over_Poll_Panel___Govt_VS_Oppn___CEC___Rahul_G.mp4,2759,19129.533,19132.6,3.067,Anchor Studio,74.0,"Anchor Studio: stable=0.63, symmetry=0.94, centered=True, faces=1, face_area=0.0053"
SIR_Row_Live__Protests___Politics_Over_Poll_Panel___Govt_VS_Oppn___CEC___Rahul_G.mp4,2760,19132.667,19133.467,0.8,Anchor Studio,84.0,"Anchor Studio: stable=0.54, symmetry=0.97, centered=True, faces=1, face_area=0.0103"
SIR_Row_Live__Protests___Politics_Over_Poll_Panel___Govt_VS_Oppn___CEC___Rahul_G.mp4,2761,19133.533,19137.667,4.134,Anchor Studio,84.0,"Anchor Studio: stable=0.61, symmetry=0.94, centered=True, faces=2, face_area=0.0396"
SIR_Row_Live__Protests___Politics_Over_Poll_Panel___Govt_VS_Oppn___CEC___Rahul_G.mp4,2762,19137.733,19162.467,24.734,Anchor Studio,94.0,"Anchor Studio: stable=0.88, symmetry=0.94, centered=True, faces=4, face_area=0.1056"
SIR_Row_Live__Protests___Politics_Over_Poll_Panel___Govt_VS_Oppn___CEC___Rahul_G.mp4,2763,19162.533,19163.933,1.4,Anchor Studio,94.0,"Anchor Studio: stable=0.85, symmetry=0.94, centered=True, faces=1, face_area=0.0140"
SIR_Row_Live__Protests___Politics_Over_Poll_Panel___Govt_VS_Oppn___CEC___Rahul_G.mp4,2764,19164.0,19164.733,0.733,Anchor Studio,94.0,"Anchor Studio: stable=0.87, symmetry=0.89, centered=True, faces=1, face_area=0.0107"
SIR_Row_Live__Protests___Politics_Over_Poll_Panel___Govt_VS_Oppn___CEC___Rahul_G.mp4,2765,19164.8,19170.0,5.2,Anchor Studio,82.0,"Anchor Studio: stable=0.89, symmetry=0.88, centered=False, faces=1, face_area=0.0221"
SIR_Row_Live__Protests___Politics_Over_Poll_Panel___Govt_VS_Oppn___CEC___Rahul_G.mp4,2766,19170.067,19177.8,7.733,Anchor Studio,82.0,"Anchor Studio: stable=0.92, symmetry=0.88, centered=False, faces=1, face_area=0.0248"
SIR_Row_Live__Protests___Politics_Over_Poll_Panel___Govt_VS_Oppn___CEC___Rahul_G.mp4,2767,19177.867,19179.533,1.666,Anchor Studio,72.0,"Anchor Studio: stable=0.66, symmetry=0.80, centered=False, faces=1, face_area=0.0278"
SIR_Row_Live__Protests___Politics_Over_Poll_Panel___Govt_VS_Oppn___CEC___Rahul_G.mp4,2768,19179.6,19183.067,3.467,Title Card,74.0,"Title Card: headline=0.8280, textcov=0.9545, stability=0.82"
SIR_Row_Live__Protests___Politics_Over_Poll_Panel___Govt_VS_Oppn___CEC___Rahul_G.mp4,2769,19183.133,19186.2,3.067,Anchor Studio,94.0,"Anchor Studio: stable=0.89, symmetry=0.84, centered=True, faces=3, face_area=0.0527"
SIR_Row_Live__Protests___Politics_Over_Poll_Panel___Govt_VS_Oppn___CEC___Rahul_G.mp4,2770,19186.267,19191.667,5.4,Anchor Studio,94.0,"Anchor Studio: stable=0.89, symmetry=0.89, centered=True, faces=1, face_area=0.0205"
SIR_Row_Live__Protests___Politics_Over_Poll_Panel___Govt_VS_Oppn___CEC___Rahul_G.mp4,2771,19191.733,19192.4,0.667,Anchor Studio,82.0,"Anchor Studio: stable=0.91, symmetry=0.93, centered=False, faces=1, face_area=0.0285"
SIR_Row_Live__Protests___Politics_Over_Poll_Panel___Govt_VS_Oppn___CEC___Rahul_G.mp4,2772,19192.467,19196.067,3.6,Anchor Studio,84.0,"Anchor Studio: stable=0.34, symmetry=0.96, centered=True, faces=1, face_area=0.0316"
SIR_Row_Live__Protests___Politics_Over_Poll_Panel___Govt_VS_Oppn___CEC___Rahul_G.mp4,2773,19196.133,19200.0,3.867,Anchor Studio,84.0,"Anchor Studio: stable=0.52, symmetry=0.96, centered=True, faces=2, face_area=0.0142"
SIR_Row_Live__Protests___Politics_Over_Poll_Panel___Govt_VS_Oppn___CEC___Rahul_G.mp4,2774,19200.067,19200.867,0.8,Anchor Studio,84.0,"Anchor Studio: stable=0.38, symmetry=0.93, centered=True, faces=1, face_area=0.0103"
SIR_Row_Live__Protests___Politics_Over_Poll_Panel___Govt_VS_Oppn___CEC___Rahul_G.mp4,2775,19200.933,19203.533,2.6,B-Roll,70.0,"B-Roll: motion=0.0426, edge=0.1426, face_area=0.0000, symmetry=0.91"
SIR_Row_Live__Protests___Politics_Over_Poll_Panel___Govt_VS_Oppn___CEC___Rahul_G.mp4,2776,19203.6,19206.067,2.467,Title Card,68.0,"Title Card: headline=0.0832, textcov=0.3812, stability=0.79"
SIR_Row_Live__Protests___Politics_Over_Poll_Panel___Govt_VS_Oppn___CEC___Rahul_G.mp4,2777,19206.133,19209.2,3.067,Anchor Studio,82.0,"Anchor Studio: stable=0.89, symmetry=0.78, centered=True, faces=2, face_area=0.1182"
SIR_Row_Live__Protests___Politics_Over_Poll_Panel___Govt_VS_Oppn___CEC___Rahul_G.mp4,2778,19209.267,19222.733,13.466,Anchor Studio,84.0,"Anchor Studio: stable=0.61, symmetry=0.92, centered=True, faces=1, face_area=0.0355"
SIR_Row_Live__Protests___Politics_Over_Poll_Panel___Govt_VS_Oppn___CEC___Rahul_G.mp4,2779,19222.8,19225.267,2.467,Anchor Studio,72.0,"Anchor Studio: stable=0.74, symmetry=0.88, centered=False, faces=1, face_area=0.0254"
SIR_Row_Live__Protests___Politics_Over_Poll_Panel___Govt_VS_Oppn___CEC___Rahul_G.mp4,2780,19225.333,19229.4,4.067,Anchor Studio,94.0,"Anchor Studio: stable=0.80, symmetry=0.95, centered=True, faces=2, face_area=0.0247"
SIR_Row_Live__Protests___Politics_Over_Poll_Panel___Govt_VS_Oppn___CEC___Rahul_G.mp4,2781,19229.467,19238.067,8.6,Anchor Studio,84.0,"Anchor Studio: stable=0.73, symmetry=0.97, centered=True, faces=2, face_area=0.0272"
SIR_Row_Live__Protests___Politics_Over_Poll_Panel___Govt_VS_Oppn___CEC___Rahul_G.mp4,2782,19238.133,19249.0,10.867,Anchor Studio,84.0,"Anchor Studio: stable=0.64, symmetry=0.86, centered=True, faces=1, face_area=0.0130"
SIR_Row_Live__Protests___Politics_Over_Poll_Panel___Govt_VS_Oppn___CEC___Rahul_G.mp4,2783,19249.067,19250.867,1.8,Title Card,78.0,"Title Card: headline=0.6399, textcov=0.8181, stability=0.83"
SIR_Row_Live__Protests___Politics_Over_Poll_Panel___Govt_VS_Oppn___CEC___Rahul_G.mp4,2784,19250.933,19251.6,0.667,Title Card,68.0,"Title Card: headline=0.0563, textcov=0.4188, stability=0.77"
SIR_Row_Live__Protests___Politics_Over_Poll_Panel___Govt_VS_Oppn___CEC___Rahul_G.mp4,2785,19251.667,19254.733,3.066,Title Card,78.0,"Title Card: headline=0.2718, textcov=0.5443, stability=0.83"
SIR_Row_Live__Protests___Politics_Over_Poll_Panel___Govt_VS_Oppn___CEC___Rahul_G.mp4,2786,19254.8,19256.8,2.0,Title Card,78.0,"Title Card: headline=0.4491, textcov=0.5377, stability=0.90"
SIR_Row_Live__Protests___Politics_Over_Poll_Panel___Govt_VS_Oppn___CEC___Rahul_G.mp4,2787,19256.867,19262.667,5.8,Title Card,78.0,"Title Card: headline=0.7525, textcov=0.8555, stability=0.93"
SIR_Row_Live__Protests___Politics_Over_Poll_Panel___Govt_VS_Oppn___CEC___Rahul_G.mp4,2788,19262.733,19269.067,6.334,Anchor Studio,74.0,"Anchor Studio: stable=0.51, symmetry=0.91, centered=True, faces=1, face_area=0.0008"
SIR_Row_Live__Protests___Politics_Over_Poll_Panel___Govt_VS_Oppn___CEC___Rahul_G.mp4,2789,19269.133,19274.067,4.934,B-Roll,70.0,"B-Roll: motion=0.0419, edge=0.1546, face_area=0.0000, symmetry=0.97"
SIR_Row_Live__Protests___Politics_Over_Poll_Panel___Govt_VS_Oppn___CEC___Rahul_G.mp4,2790,19274.133,19278.067,3.934,B-Roll,70.0,"B-Roll: motion=0.1205, edge=0.0835, face_area=0.0000, symmetry=0.89"
SIR_Row_Live__Protests___Politics_Over_Poll_Panel___Govt_VS_Oppn___CEC___Rahul_G.mp4,2791,19278.133,19279.667,1.534,B-Roll,70.0,"B-Roll: motion=0.0736, edge=0.1325, face_area=0.0000, symmetry=0.95"
SIR_Row_Live__Protests___Politics_Over_Poll_Panel___Govt_VS_Oppn___CEC___Rahul_G.mp4,2792,19279.733,19283.067,3.334,Anchor Studio,82.0,"Anchor Studio: stable=0.78, symmetry=0.92, centered=False, faces=1, face_area=0.0429"
SIR_Row_Live__Protests___Politics_Over_Poll_Panel___Govt_VS_Oppn___CEC___Rahul_G.mp4,2793,19283.133,19284.467,1.334,Anchor Studio,84.0,"Anchor Studio: stable=0.79, symmetry=0.92, centered=True, faces=1, face_area=0.0034"
SIR_Row_Live__Protests___Politics_Over_Poll_Panel___Govt_VS_Oppn___CEC___Rahul_G.mp4,2794,19284.533,19286.733,2.2,Title Card,74.0,"Title Card: headline=1.1862, textcov=1.2415, stability=0.86"
SIR_Row_Live__Protests___Politics_Over_Poll_Panel___Govt_VS_Oppn___CEC___Rahul_G.mp4,2795,19286.8,19289.2,2.4,Anchor Studio,94.0,"Anchor Studio: stable=0.75, symmetry=0.98, centered=True, faces=1, face_area=0.0165"
SIR_Row_Live__Protests___Politics_Over_Poll_Panel___Govt_VS_Oppn___CEC___Rahul_G.mp4,2796,19289.267,19293.333,4.066,Anchor Studio,94.0,"Anchor Studio: stable=0.76, symmetry=0.83, centered=True, faces=2, face_area=0.0208"
SIR_Row_Live__Protests___Politics_Over_Poll_Panel___Govt_VS_Oppn___CEC___Rahul_G.mp4,2797,19293.4,19301.0,7.6,Anchor Studio,84.0,"Anchor Studio: stable=0.69, symmetry=0.88, centered=True, faces=2, face_area=0.0199"
SIR_Row_Live__Protests___Politics_Over_Poll_Panel___Govt_VS_Oppn___CEC___Rahul_G.mp4,2798,19301.067,19306.2,5.133,Anchor Studio,94.0,"Anchor Studio: stable=0.78, symmetry=0.89, centered=True, faces=2, face_area=0.0133"
SIR_Row_Live__Protests___Politics_Over_Poll_Panel___Govt_VS_Oppn___CEC___Rahul_G.mp4,2799,19306.267,19307.133,0.866,Anchor Studio,74.0,"Anchor Studio: stable=0.74, symmetry=0.94, centered=True, faces=1, face_area=0.0053"
SIR_Row_Live__Protests___Politics_Over_Poll_Panel___Govt_VS_Oppn___CEC___Rahul_G.mp4,2800,19307.2,19308.2,1.0,Anchor Studio,94.0,"Anchor Studio: stable=0.78, symmetry=0.98, centered=True, faces=1, face_area=0.0237"
SIR_Row_Live__Protests___Politics_Over_Poll_Panel___Govt_VS_Oppn___CEC___Rahul_G.mp4,2801,19308.267,19310.733,2.466,Anchor Studio,84.0,"Anchor Studio: stable=0.72, symmetry=0.95, centered=True, faces=1, face_area=0.0142"
SIR_Row_Live__Protests___Politics_Over_Poll_Panel___Govt_VS_Oppn___CEC___Rahul_G.mp4,2802,19310.8,19312.267,1.467,Title Card,78.0,"Title Card: headline=0.2469, textcov=0.4426, stability=0.87"
SIR_Row_Live__Protests___Politics_Over_Poll_Panel___Govt_VS_Oppn___CEC___Rahul_G.mp4,2803,19312.333,19314.067,1.734,B-Roll,70.0,"B-Roll: motion=0.0264, edge=0.0851, face_area=0.0000, symmetry=0.89"
SIR_Row_Live__Protests___Politics_Over_Poll_Panel___Govt_VS_Oppn___CEC___Rahul_G.mp4,2804,19314.133,19316.867,2.734,Title Card,78.0,"Title Card: headline=0.3574, textcov=0.5365, stability=0.87"
SIR_Row_Live__Protests___Politics_Over_Poll_Panel___Govt_VS_Oppn___CEC___Rahul_G.mp4,2805,19316.933,19318.2,1.267,Title Card,78.0,"Title Card: headline=0.1816, textcov=0.3243, stability=0.85"
SIR_Row_Live__Protests___Politics_Over_Poll_Panel___Govt_VS_Oppn___CEC___Rahul_G.mp4,2806,19318.267,19319.667,1.4,B-Roll,70.0,"B-Roll: motion=0.0391, edge=0.1164, face_area=0.0000, symmetry=0.80"
SIR_Row_Live__Protests___Politics_Over_Poll_Panel___Govt_VS_Oppn___CEC___Rahul_G.mp4,2807,19319.733,19323.6,3.867,Anchor Studio,94.0,"Anchor Studio: stable=0.86, symmetry=0.82, centered=True, faces=2, face_area=0.0161"
SIR_Row_Live__Protests___Politics_Over_Poll_Panel___Govt_VS_Oppn___CEC___Rahul_G.mp4,2808,19323.667,19325.333,1.666,Anchor Studio,82.0,"Anchor Studio: stable=0.82, symmetry=0.79, centered=True, faces=2, face_area=0.0340"
SIR_Row_Live__Protests___Politics_Over_Poll_Panel___Govt_VS_Oppn___CEC___Rahul_G.mp4,2809,19325.4,19325.933,0.533,Anchor Studio,72.0,"Anchor Studio: stable=0.74, symmetry=0.77, centered=True, faces=1, face_area=0.0191"
SIR_Row_Live__Protests___Politics_Over_Poll_Panel___Govt_VS_Oppn___CEC___Rahul_G.mp4,2810,19326.0,19330.667,4.667,Anchor Studio,84.0,"Anchor Studio: stable=0.76, symmetry=0.94, centered=True, faces=1, face_area=0.0046"
SIR_Row_Live__Protests___Politics_Over_Poll_Panel___Govt_VS_Oppn___CEC___Rahul_G.mp4,2811,19330.733,19333.067,2.334,Title Card,78.0,"Title Card: headline=0.2038, textcov=0.3226, stability=0.84"
SIR_Row_Live__Protests___Politics_Over_Poll_Panel___Govt_VS_Oppn___CEC___Rahul_G.mp4,2812,19333.133,19333.733,0.6,B-Roll,70.0,"B-Roll: motion=0.0670, edge=0.2060, face_area=0.0000, symmetry=0.87"
SIR_Row_Live__Protests___Politics_Over_Poll_Panel___Govt_VS_Oppn___CEC___Rahul_G.mp4,2813,19333.8,19334.933,1.133,B-Roll,70.0,"B-Roll: motion=0.0437, edge=0.2001, face_area=0.0000, symmetry=0.86"
SIR_Row_Live__Protests___Politics_Over_Poll_Panel___Govt_VS_Oppn___CEC___Rahul_G.mp4,2814,19335.0,19336.067,1.067,B-Roll,70.0,"B-Roll: motion=0.0420, edge=0.1904, face_area=0.0000, symmetry=0.85"
SIR_Row_Live__Protests___Politics_Over_Poll_Panel___Govt_VS_Oppn___CEC___Rahul_G.mp4,2815,19336.133,19345.867,9.734,Anchor Studio,74.0,"Anchor Studio: stable=0.36, symmetry=0.93, centered=True, faces=1, face_area=0.0012"
SIR_Row_Live__Protests___Politics_Over_Poll_Panel___Govt_VS_Oppn___CEC___Rahul_G.mp4,2816,19345.933,19352.8,6.867,Anchor Studio,94.0,"Anchor Studio: stable=0.87, symmetry=0.89, centered=True, faces=1, face_area=0.0279"
SIR_Row_Live__Protests___Politics_Over_Poll_Panel___Govt_VS_Oppn___CEC___Rahul_G.mp4,2817,19352.867,19374.667,21.8,Anchor Studio,94.0,"Anchor Studio: stable=0.89, symmetry=0.89, centered=True, faces=4, face_area=0.1240"
SIR_Row_Live__Protests___Politics_Over_Poll_Panel___Govt_VS_Oppn___CEC___Rahul_G.mp4,2818,19374.733,19385.6,10.867,Anchor Studio,94.0,"Anchor Studio: stable=0.91, symmetry=0.86, centered=True, faces=4, face_area=0.1430"
SIR_Row_Live__Protests___Politics_Over_Poll_Panel___Govt_VS_Oppn___CEC___Rahul_G.mp4,2819,19385.667,19401.533,15.866,Anchor Studio,94.0,"Anchor Studio: stable=0.93, symmetry=0.89, centered=True, faces=4, face_area=0.1491"
SIR_Row_Live__Protests___Politics_Over_Poll_Panel___Govt_VS_Oppn___CEC___Rahul_G.mp4,2820,19401.6,19402.267,0.667,Anchor Studio,72.0,"Anchor Studio: stable=0.49, symmetry=0.74, centered=True, faces=3, face_area=0.0248"
SIR_Row_Live__Protests___Politics_Over_Poll_Panel___Govt_VS_Oppn___CEC___Rahul_G.mp4,2821,19402.333,19429.733,27.4,Anchor Studio,84.0,"Anchor Studio: stable=0.88, symmetry=0.90, centered=True, faces=1, face_area=0.0020"
SIR_Row_Live__Protests___Politics_Over_Poll_Panel___Govt_VS_Oppn___CEC___Rahul_G.mp4,2822,19429.8,19433.267,3.467,Anchor Studio,94.0,"Anchor Studio: stable=0.81, symmetry=0.88, centered=True, faces=1, face_area=0.0145"
SIR_Row_Live__Protests___Politics_Over_Poll_Panel___Govt_VS_Oppn___CEC___Rahul_G.mp4,2823,19433.333,19438.2,4.867,Anchor Studio,94.0,"Anchor Studio: stable=0.88, symmetry=0.97, centered=True, faces=1, face_area=0.0197"
SIR_Row_Live__Protests___Politics_Over_Poll_Panel___Govt_VS_Oppn___CEC___Rahul_G.mp4,2824,19438.267,19439.8,1.533,Anchor Studio,84.0,"Anchor Studio: stable=0.91, symmetry=0.91, centered=True, faces=1, face_area=0.0096"
SIR_Row_Live__Protests___Politics_Over_Poll_Panel___Govt_VS_Oppn___CEC___Rahul_G.mp4,2825,19439.867,19449.4,9.533,Anchor Studio,94.0,"Anchor Studio: stable=0.89, symmetry=0.91, centered=True, faces=1, face_area=0.0189"
SIR_Row_Live__Protests___Politics_Over_Poll_Panel___Govt_VS_Oppn___CEC___Rahul_G.mp4,2826,19449.467,19450.867,1.4,Anchor Studio,94.0,"Anchor Studio: stable=0.85, symmetry=0.94, centered=True, faces=1, face_area=0.0195"
SIR_Row_Live__Protests___Politics_Over_Poll_Panel___Govt_VS_Oppn___CEC___Rahul_G.mp4,2827,19450.933,19461.867,10.934,Anchor Studio,94.0,"Anchor Studio: stable=0.91, symmetry=0.95, centered=True, faces=1, face_area=0.0159"
SIR_Row_Live__Protests___Politics_Over_Poll_Panel___Govt_VS_Oppn___CEC___Rahul_G.mp4,2828,19461.933,19468.267,6.334,Anchor Studio,94.0,"Anchor Studio: stable=0.84, symmetry=0.97, centered=True, faces=2, face_area=0.0405"
SIR_Row_Live__Protests___Politics_Over_Poll_Panel___Govt_VS_Oppn___CEC___Rahul_G.mp4,2829,19468.333,19472.8,4.467,Anchor Studio,84.0,"Anchor Studio: stable=0.92, symmetry=0.90, centered=True, faces=1, face_area=0.0091"
SIR_Row_Live__Protests___Politics_Over_Poll_Panel___Govt_VS_Oppn___CEC___Rahul_G.mp4,2830,19472.867,19479.8,6.933,Anchor Studio,94.0,"Anchor Studio: stable=0.91, symmetry=0.94, centered=True, faces=1, face_area=0.0113"
SIR_Row_Live__Protests___Politics_Over_Poll_Panel___Govt_VS_Oppn___CEC___Rahul_G.mp4,2831,19479.867,19483.267,3.4,Anchor Studio,94.0,"Anchor Studio: stable=0.94, symmetry=0.97, centered=True, faces=1, face_area=0.0193"
SIR_Row_Live__Protests___Politics_Over_Poll_Panel___Govt_VS_Oppn___CEC___Rahul_G.mp4,2832,19483.333,19490.867,7.534,Anchor Studio,94.0,"Anchor Studio: stable=0.91, symmetry=0.95, centered=True, faces=1, face_area=0.0193"
SIR_Row_Live__Protests___Politics_Over_Poll_Panel___Govt_VS_Oppn___CEC___Rahul_G.mp4,2833,19490.933,19537.867,46.934,Anchor Studio,94.0,"Anchor Studio: stable=0.93, symmetry=0.96, centered=True, faces=1, face_area=0.0169"
SIR_Row_Live__Protests___Politics_Over_Poll_Panel___Govt_VS_Oppn___CEC___Rahul_G.mp4,2834,19537.933,19538.667,0.734,Anchor Studio,72.0,"Anchor Studio: stable=0.58, symmetry=0.78, centered=True, faces=1, face_area=0.0103"
SIR_Row_Live__Protests___Politics_Over_Poll_Panel___Govt_VS_Oppn___CEC___Rahul_G.mp4,2835,19538.733,19552.267,13.534,Title Card,78.0,"Title Card: headline=0.8030, textcov=0.9511, stability=0.89"
SIR_Row_Live__Protests___Politics_Over_Poll_Panel___Govt_VS_Oppn___CEC___Rahul_G.mp4,2836,19552.333,19564.467,12.134,Anchor Studio,84.0,"Anchor Studio: stable=0.88, symmetry=0.92, centered=True, faces=1, face_area=0.0050"
SIR_Row_Live__Protests___Politics_Over_Poll_Panel___Govt_VS_Oppn___CEC___Rahul_G.mp4,2837,19564.533,19640.467,75.934,Anchor Studio,82.0,"Anchor Studio: stable=0.91, symmetry=0.92, centered=False, faces=2, face_area=0.0161"
SIR_Row_Live__Protests___Politics_Over_Poll_Panel___Govt_VS_Oppn___CEC___Rahul_G.mp4,2838,19640.533,19646.267,5.734,Field Report,68.0,"Field Report: motion=0.0299, faces=1, centered=False, symmetry=0.82"
SIR_Row_Live__Protests___Politics_Over_Poll_Panel___Govt_VS_Oppn___CEC___Rahul_G.mp4,2839,19646.333,19670.933,24.6,Anchor Studio,94.0,"Anchor Studio: stable=0.85, symmetry=0.80, centered=True, faces=2, face_area=0.0153"
SIR_Row_Live__Protests___Politics_Over_Poll_Panel___Govt_VS_Oppn___CEC___Rahul_G.mp4,2840,19671.0,19673.2,2.2,Title Card,74.0,"Title Card: headline=0.4145, textcov=0.5547, stability=0.82"
SIR_Row_Live__Protests___Politics_Over_Poll_Panel___Govt_VS_Oppn___CEC___Rahul_G.mp4,2841,19673.267,19695.733,22.466,Title Card,78.0,"Title Card: headline=0.8478, textcov=0.9533, stability=0.90"
SIR_Row_Live__Protests___Politics_Over_Poll_Panel___Govt_VS_Oppn___CEC___Rahul_G.mp4,2842,19695.8,19725.8,30.0,Anchor Studio,84.0,"Anchor Studio: stable=0.89, symmetry=0.80, centered=True, faces=1, face_area=0.0001"
SIR_Row_Live__Protests___Politics_Over_Poll_Panel___Govt_VS_Oppn___CEC___Rahul_G.mp4,2843,19725.867,19729.867,4.0,Title Card,78.0,"Title Card: headline=1.0167, textcov=1.1420, stability=0.87"
SIR_Row_Live__Protests___Politics_Over_Poll_Panel___Govt_VS_Oppn___CEC___Rahul_G.mp4,2844,19729.933,19778.0,48.067,Anchor Studio,94.0,"Anchor Studio: stable=0.91, symmetry=0.84, centered=True, faces=2, face_area=0.0206"
SIR_Row_Live__Protests___Politics_Over_Poll_Panel___Govt_VS_Oppn___CEC___Rahul_G.mp4,2845,19778.067,19782.733,4.666,Title Card,78.0,"Title Card: headline=0.9542, textcov=1.0059, stability=0.85"
SIR_Row_Live__Protests___Politics_Over_Poll_Panel___Govt_VS_Oppn___CEC___Rahul_G.mp4,2846,19782.8,19787.267,4.467,Title Card,78.0,"Title Card: headline=1.0216, textcov=1.0526, stability=0.81"
SIR_Row_Live__Protests___Politics_Over_Poll_Panel___Govt_VS_Oppn___CEC___Rahul_G.mp4,2847,19787.333,19788.6,1.267,Title Card,78.0,"Title Card: headline=0.9973, textcov=1.1421, stability=0.84"
SIR_Row_Live__Protests___Politics_Over_Poll_Panel___Govt_VS_Oppn___CEC___Rahul_G.mp4,2848,19788.667,19792.267,3.6,Title Card,78.0,"Title Card: headline=1.2375, textcov=1.2828, stability=0.89"
SIR_Row_Live__Protests___Politics_Over_Poll_Panel___Govt_VS_Oppn___CEC___Rahul_G.mp4,2849,19792.333,19795.2,2.867,Title Card,68.0,"Title Card: headline=0.8439, textcov=0.9086, stability=0.77"
SIR_Row_Live__Protests___Politics_Over_Poll_Panel___Govt_VS_Oppn___CEC___Rahul_G.mp4,2850,19795.267,19797.2,1.933,Title Card,78.0,"Title Card: headline=0.8757, textcov=0.9080, stability=0.80"
SIR_Row_Live__Protests___Politics_Over_Poll_Panel___Govt_VS_Oppn___CEC___Rahul_G.mp4,2851,19797.267,19799.6,2.333,Title Card,78.0,"Title Card: headline=0.9138, textcov=1.0039, stability=0.89"
SIR_Row_Live__Protests___Politics_Over_Poll_Panel___Govt_VS_Oppn___CEC___Rahul_G.mp4,2852,19799.667,19802.267,2.6,Title Card,78.0,"Title Card: headline=0.8845, textcov=0.9333, stability=0.81"
SIR_Row_Live__Protests___Politics_Over_Poll_Panel___Govt_VS_Oppn___CEC___Rahul_G.mp4,2853,19802.333,19806.8,4.467,Title Card,78.0,"Title Card: headline=1.0551, textcov=1.0866, stability=0.86"
SIR_Row_Live__Protests___Politics_Over_Poll_Panel___Govt_VS_Oppn___CEC___Rahul_G.mp4,2854,19806.867,19810.6,3.733,Title Card,78.0,"Title Card: headline=1.1199, textcov=1.1399, stability=0.85"
SIR_Row_Live__Protests___Politics_Over_Poll_Panel___Govt_VS_Oppn___CEC___Rahul_G.mp4,2855,19810.667,19811.2,0.533,Title Card,68.0,"Title Card: headline=1.4284, textcov=1.4881, stability=0.79"
SIR_Row_Live__Protests___Politics_Over_Poll_Panel___Govt_VS_Oppn___CEC___Rahul_G.mp4,2856,19811.267,19828.267,17.0,Anchor Studio,84.0,"Anchor Studio: stable=0.90, symmetry=0.87, centered=True, faces=1, face_area=0.0033"
SIR_Row_Live__Protests___Politics_Over_Poll_Panel___Govt_VS_Oppn___CEC___Rahul_G.mp4,2857,19828.333,19832.267,3.934,Title Card,78.0,"Title Card: headline=1.1257, textcov=1.2010, stability=0.89"
SIR_Row_Live__Protests___Politics_Over_Poll_Panel___Govt_VS_Oppn___CEC___Rahul_G.mp4,2858,19832.333,19842.133,9.8,Title Card,78.0,"Title Card: headline=1.0967, textcov=1.2305, stability=0.93"
SIR_Row_Live__Protests___Politics_Over_Poll_Panel___Govt_VS_Oppn___CEC___Rahul_G.mp4,2859,19842.2,19845.6,3.4,Title Card,68.0,"Title Card: headline=0.6049, textcov=0.7680, stability=0.80"
SIR_Row_Live__Protests___Politics_Over_Poll_Panel___Govt_VS_Oppn___CEC___Rahul_G.mp4,2860,19845.667,19846.8,1.133,B-Roll,70.0,"B-Roll: motion=0.0752, edge=0.1386, face_area=0.0000, symmetry=0.95"
SIR_Row_Live__Protests___Politics_Over_Poll_Panel___Govt_VS_Oppn___CEC___Rahul_G.mp4,2861,19846.867,19847.867,1.0,Title Card,78.0,"Title Card: headline=0.8870, textcov=0.9900, stability=0.89"
SIR_Row_Live__Protests___Politics_Over_Poll_Panel___Govt_VS_Oppn___CEC___Rahul_G.mp4,2862,19847.933,19849.2,1.267,Title Card,78.0,"Title Card: headline=0.9370, textcov=1.0565, stability=0.89"
SIR_Row_Live__Protests___Politics_Over_Poll_Panel___Govt_VS_Oppn___CEC___Rahul_G.mp4,2863,19849.267,19857.6,8.333,Title Card,78.0,"Title Card: headline=0.9236, textcov=1.0633, stability=0.90"
SIR_Row_Live__Protests___Politics_Over_Poll_Panel___Govt_VS_Oppn___CEC___Rahul_G.mp4,2864,19857.667,19858.467,0.8,Anchor Studio,84.0,"Anchor Studio: stable=0.00, symmetry=0.96, centered=True, faces=2, face_area=0.0128"
SIR_Row_Live__Protests___Politics_Over_Poll_Panel___Govt_VS_Oppn___CEC___Rahul_G.mp4,2865,19858.533,19860.6,2.067,Anchor Studio,94.0,"Anchor Studio: stable=0.82, symmetry=0.99, centered=True, faces=2, face_area=0.0440"
SIR_Row_Live__Protests___Politics_Over_Poll_Panel___Govt_VS_Oppn___CEC___Rahul_G.mp4,2866,19860.667,19865.267,4.6,Anchor Studio,94.0,"Anchor Studio: stable=0.87, symmetry=0.98, centered=True, faces=2, face_area=0.0465"
SIR_Row_Live__Protests___Politics_Over_Poll_Panel___Govt_VS_Oppn___CEC___Rahul_G.mp4,2867,19865.333,19866.333,1.0,Anchor Studio,94.0,"Anchor Studio: stable=0.91, symmetry=1.00, centered=True, faces=3, face_area=0.0783"
SIR_Row_Live__Protests___Politics_Over_Poll_Panel___Govt_VS_Oppn___CEC___Rahul_G.mp4,2868,19866.4,19869.6,3.2,Anchor Studio,94.0,"Anchor Studio: stable=0.92, symmetry=0.99, centered=True, faces=2, face_area=0.0417"
SIR_Row_Live__Protests___Politics_Over_Poll_Panel___Govt_VS_Oppn___CEC___Rahul_G.mp4,2869,19869.667,19874.933,5.266,Anchor Studio,94.0,"Anchor Studio: stable=0.86, symmetry=0.98, centered=True, faces=3, face_area=0.0520"
SIR_Row_Live__Protests___Politics_Over_Poll_Panel___Govt_VS_Oppn___CEC___Rahul_G.mp4,2870,19875.0,19875.8,0.8,Anchor Studio,94.0,"Anchor Studio: stable=0.92, symmetry=0.99, centered=True, faces=2, face_area=0.0490"
SIR_Row_Live__Protests___Politics_Over_Poll_Panel___Govt_VS_Oppn___CEC___Rahul_G.mp4,2871,19875.867,19883.6,7.733,Anchor Studio,94.0,"Anchor Studio: stable=0.83, symmetry=0.96, centered=True, faces=3, face_area=0.0483"
SIR_Row_Live__Protests___Politics_Over_Poll_Panel___Govt_VS_Oppn___CEC___Rahul_G.mp4,2872,19883.667,19885.933,2.266,Anchor Studio,94.0,"Anchor Studio: stable=0.84, symmetry=0.96, centered=True, faces=2, face_area=0.0316"
SIR_Row_Live__Protests___Politics_Over_Poll_Panel___Govt_VS_Oppn___CEC___Rahul_G.mp4,2873,19886.0,19905.8,19.8,Title Card,78.0,"Title Card: headline=1.0309, textcov=1.1523, stability=0.93"
SIR_Row_Live__Protests___Politics_Over_Poll_Panel___Govt_VS_Oppn___CEC___Rahul_G.mp4,2874,19905.867,19908.0,2.133,Title Card,78.0,"Title Card: headline=0.5967, textcov=0.7859, stability=0.88"
SIR_Row_Live__Protests___Politics_Over_Poll_Panel___Govt_VS_Oppn___CEC___Rahul_G.mp4,2875,19908.067,19908.733,0.666,B-Roll,70.0,"B-Roll: motion=0.0585, edge=0.0908, face_area=0.0000, symmetry=0.77"
SIR_Row_Live__Protests___Politics_Over_Poll_Panel___Govt_VS_Oppn___CEC___Rahul_G.mp4,2876,19908.8,19922.733,13.933,Title Card,78.0,"Title Card: headline=1.0275, textcov=1.1198, stability=0.89"
SIR_Row_Live__Protests___Politics_Over_Poll_Panel___Govt_VS_Oppn___CEC___Rahul_G.mp4,2877,19922.8,19945.6,22.8,Title Card,78.0,"Title Card: headline=0.9789, textcov=1.1218, stability=0.92"
SIR_Row_Live__Protests___Politics_Over_Poll_Panel___Govt_VS_Oppn___CEC___Rahul_G.mp4,2878,19945.667,19967.0,21.333,Anchor Studio,84.0,"Anchor Studio: stable=0.88, symmetry=0.87, centered=True, faces=1, face_area=0.0026"
SIR_Row_Live__Protests___Politics_Over_Poll_Panel___Govt_VS_Oppn___CEC___Rahul_G.mp4,2879,19967.067,19983.067,16.0,Anchor Studio,94.0,"Anchor Studio: stable=0.85, symmetry=0.87, centered=True, faces=1, face_area=0.0191"
SIR_Row_Live__Protests___Politics_Over_Poll_Panel___Govt_VS_Oppn___CEC___Rahul_G.mp4,2880,19983.133,20041.133,58.0,Anchor Studio,84.0,"Anchor Studio: stable=0.88, symmetry=0.85, centered=True, faces=1, face_area=0.0032"
SIR_Row_Live__Protests___Politics_Over_Poll_Panel___Govt_VS_Oppn___CEC___Rahul_G.mp4,2881,20041.2,20107.4,66.2,Anchor Studio,94.0,"Anchor Studio: stable=0.84, symmetry=0.85, centered=True, faces=1, face_area=0.0123"
SIR_Row_Live__Protests___Politics_Over_Poll_Panel___Govt_VS_Oppn___CEC___Rahul_G.mp4,2882,20107.467,20108.267,0.8,B-Roll,70.0,"B-Roll: motion=0.0372, edge=0.1002, face_area=0.0000, symmetry=0.82"
SIR_Row_Live__Protests___Politics_Over_Poll_Panel___Govt_VS_Oppn___CEC___Rahul_G.mp4,2883,20108.333,20110.667,2.334,Anchor Studio,72.0,"Anchor Studio: stable=0.74, symmetry=0.98, centered=False, faces=1, face_area=0.0167"
SIR_Row_Live__Protests___Politics_Over_Poll_Panel___Govt_VS_Oppn___CEC___Rahul_G.mp4,2884,20110.733,20115.667,4.934,Anchor Studio,82.0,"Anchor Studio: stable=0.84, symmetry=0.91, centered=False, faces=1, face_area=0.0213"
SIR_Row_Live__Protests___Politics_Over_Poll_Panel___Govt_VS_Oppn___CEC___Rahul_G.mp4,2885,20115.733,20120.267,4.534,Anchor Studio,82.0,"Anchor Studio: stable=0.80, symmetry=0.95, centered=False, faces=1, face_area=0.0204"
SIR_Row_Live__Protests___Politics_Over_Poll_Panel___Govt_VS_Oppn___CEC___Rahul_G.mp4,2886,20120.333,20122.133,1.8,Anchor Studio,82.0,"Anchor Studio: stable=0.85, symmetry=0.95, centered=False, faces=1, face_area=0.0211"
SIR_Row_Live__Protests___Politics_Over_Poll_Panel___Govt_VS_Oppn___CEC___Rahul_G.mp4,2887,20122.2,20125.267,3.067,Anchor Studio,82.0,"Anchor Studio: stable=0.84, symmetry=0.94, centered=False, faces=1, face_area=0.0194"
SIR_Row_Live__Protests___Politics_Over_Poll_Panel___Govt_VS_Oppn___CEC___Rahul_G.mp4,2888,20125.333,20130.2,4.867,Anchor Studio,82.0,"Anchor Studio: stable=0.84, symmetry=0.94, centered=False, faces=1, face_area=0.0217"
SIR_Row_Live__Protests___Politics_Over_Poll_Panel___Govt_VS_Oppn___CEC___Rahul_G.mp4,2889,20130.267,20135.2,4.933,Anchor Studio,82.0,"Anchor Studio: stable=0.87, symmetry=0.95, centered=False, faces=1, face_area=0.0178"
SIR_Row_Live__Protests___Politics_Over_Poll_Panel___Govt_VS_Oppn___CEC___Rahul_G.mp4,2890,20135.267,20136.267,1.0,Anchor Studio,82.0,"Anchor Studio: stable=0.83, symmetry=0.96, centered=False, faces=1, face_area=0.0194"
SIR_Row_Live__Protests___Politics_Over_Poll_Panel___Govt_VS_Oppn___CEC___Rahul_G.mp4,2891,20136.333,20139.8,3.467,Anchor Studio,72.0,"Anchor Studio: stable=0.74, symmetry=0.94, centered=False, faces=1, face_area=0.0112"
SIR_Row_Live__Protests___Politics_Over_Poll_Panel___Govt_VS_Oppn___CEC___Rahul_G.mp4,2892,20139.867,20143.8,3.933,Anchor Studio,82.0,"Anchor Studio: stable=0.85, symmetry=0.92, centered=False, faces=1, face_area=0.0105"
SIR_Row_Live__Protests___Politics_Over_Poll_Panel___Govt_VS_Oppn___CEC___Rahul_G.mp4,2893,20143.867,20148.4,4.533,Anchor Studio,94.0,"Anchor Studio: stable=0.86, symmetry=0.96, centered=True, faces=2, face_area=0.0199"
SIR_Row_Live__Protests___Politics_Over_Poll_Panel___Govt_VS_Oppn___CEC___Rahul_G.mp4,2894,20148.467,20151.4,2.933,Anchor Studio,94.0,"Anchor Studio: stable=0.87, symmetry=0.98, centered=True, faces=2, face_area=0.0152"
SIR_Row_Live__Protests___Politics_Over_Poll_Panel___Govt_VS_Oppn___CEC___Rahul_G.mp4,2895,20151.467,20157.4,5.933,Anchor Studio,94.0,"Anchor Studio: stable=0.81, symmetry=0.93, centered=True, faces=3, face_area=0.0161"
SIR_Row_Live__Protests___Politics_Over_Poll_Panel___Govt_VS_Oppn___CEC___Rahul_G.mp4,2896,20157.467,20158.067,0.6,B-Roll,70.0,"B-Roll: motion=0.0608, edge=0.0846, face_area=0.0019, symmetry=0.78"
SIR_Row_Live__Protests___Politics_Over_Poll_Panel___Govt_VS_Oppn___CEC___Rahul_G.mp4,2897,20158.133,20160.8,2.667,Anchor Studio,84.0,"Anchor Studio: stable=0.67, symmetry=0.93, centered=True, faces=2, face_area=0.0166"
SIR_Row_Live__Protests___Politics_Over_Poll_Panel___Govt_VS_Oppn___CEC___Rahul_G.mp4,2898,20160.867,20164.467,3.6,Anchor Studio,94.0,"Anchor Studio: stable=0.90, symmetry=0.98, centered=True, faces=2, face_area=0.0297"
SIR_Row_Live__Protests___Politics_Over_Poll_Panel___Govt_VS_Oppn___CEC___Rahul_G.mp4,2899,20164.533,20171.8,7.267,Anchor Studio,94.0,"Anchor Studio: stable=0.85, symmetry=0.98, centered=True, faces=2, face_area=0.0199"
SIR_Row_Live__Protests___Politics_Over_Poll_Panel___Govt_VS_Oppn___CEC___Rahul_G.mp4,2900,20171.867,20174.067,2.2,Anchor Studio,94.0,"Anchor Studio: stable=0.79, symmetry=0.97, centered=True, faces=2, face_area=0.0302"
SIR_Row_Live__Protests___Politics_Over_Poll_Panel___Govt_VS_Oppn___CEC___Rahul_G.mp4,2901,20174.133,20175.467,1.334,Anchor Studio,94.0,"Anchor Studio: stable=0.88, symmetry=0.96, centered=True, faces=2, face_area=0.0437"
SIR_Row_Live__Protests___Politics_Over_Poll_Panel___Govt_VS_Oppn___CEC___Rahul_G.mp4,2902,20175.533,20178.267,2.734,Anchor Studio,94.0,"Anchor Studio: stable=0.86, symmetry=0.90, centered=True, faces=1, face_area=0.0242"
SIR_Row_Live__Protests___Politics_Over_Poll_Panel___Govt_VS_Oppn___CEC___Rahul_G.mp4,2903,20178.333,20179.667,1.334,Anchor Studio,94.0,"Anchor Studio: stable=0.82, symmetry=0.84, centered=True, faces=1, face_area=0.0243"
SIR_Row_Live__Protests___Politics_Over_Poll_Panel___Govt_VS_Oppn___CEC___Rahul_G.mp4,2904,20179.733,20181.533,1.8,Anchor Studio,94.0,"Anchor Studio: stable=0.76, symmetry=0.95, centered=True, faces=1, face_area=0.0192"
SIR_Row_Live__Protests___Politics_Over_Poll_Panel___Govt_VS_Oppn___CEC___Rahul_G.mp4,2905,20181.6,20184.867,3.267,Anchor Studio,94.0,"Anchor Studio: stable=0.83, symmetry=0.96, centered=True, faces=2, face_area=0.0271"
SIR_Row_Live__Protests___Politics_Over_Poll_Panel___Govt_VS_Oppn___CEC___Rahul_G.mp4,2906,20184.933,20188.667,3.734,Anchor Studio,94.0,"Anchor Studio: stable=0.85, symmetry=0.98, centered=True, faces=2, face_area=0.0250"
SIR_Row_Live__Protests___Politics_Over_Poll_Panel___Govt_VS_Oppn___CEC___Rahul_G.mp4,2907,20188.733,20193.667,4.934,Anchor Studio,94.0,"Anchor Studio: stable=0.83, symmetry=0.99, centered=True, faces=2, face_area=0.0225"
SIR_Row_Live__Protests___Politics_Over_Poll_Panel___Govt_VS_Oppn___CEC___Rahul_G.mp4,2908,20193.733,20195.0,1.267,Anchor Studio,84.0,"Anchor Studio: stable=0.78, symmetry=0.98, centered=True, faces=1, face_area=0.0010"
SIR_Row_Live__Protests___Politics_Over_Poll_Panel___Govt_VS_Oppn___CEC___Rahul_G.mp4,2909,20195.067,20198.267,3.2,Anchor Studio,94.0,"Anchor Studio: stable=0.81, symmetry=0.98, centered=True, faces=2, face_area=0.0248"
SIR_Row_Live__Protests___Politics_Over_Poll_Panel___Govt_VS_Oppn___CEC___Rahul_G.mp4,2910,20198.333,20199.4,1.067,Anchor Studio,94.0,"Anchor Studio: stable=0.84, symmetry=0.99, centered=True, faces=2, face_area=0.0365"
SIR_Row_Live__Protests___Politics_Over_Poll_Panel___Govt_VS_Oppn___CEC___Rahul_G.mp4,2911,20199.467,20204.067,4.6,Anchor Studio,94.0,"Anchor Studio: stable=0.83, symmetry=0.99, centered=True, faces=2, face_area=0.0249"
SIR_Row_Live__Protests___Politics_Over_Poll_Panel___Govt_VS_Oppn___CEC___Rahul_G.mp4,2912,20204.133,20208.2,4.067,Anchor Studio,94.0,"Anchor Studio: stable=0.85, symmetry=0.98, centered=True, faces=2, face_area=0.0216"
SIR_Row_Live__Protests___Politics_Over_Poll_Panel___Govt_VS_Oppn___CEC___Rahul_G.mp4,2913,20208.267,20214.067,5.8,Anchor Studio,94.0,"Anchor Studio: stable=0.82, symmetry=0.96, centered=True, faces=2, face_area=0.0258"
SIR_Row_Live__Protests___Politics_Over_Poll_Panel___Govt_VS_Oppn___CEC___Rahul_G.mp4,2914,20214.133,20215.667,1.534,Anchor Studio,94.0,"Anchor Studio: stable=0.81, symmetry=0.94, centered=True, faces=1, face_area=0.0221"
SIR_Row_Live__Protests___Politics_Over_Poll_Panel___Govt_VS_Oppn___CEC___Rahul_G.mp4,2915,20215.733,20216.467,0.734,Anchor Studio,72.0,"Anchor Studio: stable=0.60, symmetry=0.78, centered=True, faces=2, face_area=0.0152"
SIR_Row_Live__Protests___Politics_Over_Poll_Panel___Govt_VS_Oppn___CEC___Rahul_G.mp4,2916,20216.533,20217.733,1.2,Anchor Studio,74.0,"Anchor Studio: stable=0.63, symmetry=0.87, centered=True, faces=1, face_area=0.0020"
SIR_Row_Live__Protests___Politics_Over_Poll_Panel___Govt_VS_Oppn___CEC___Rahul_G.mp4,2917,20217.8,20221.867,4.067,Anchor Studio,84.0,"Anchor Studio: stable=0.81, symmetry=0.95, centered=True, faces=2, face_area=0.0088"
SIR_Row_Live__Protests___Politics_Over_Poll_Panel___Govt_VS_Oppn___CEC___Rahul_G.mp4,2918,20221.933,20226.867,4.934,Anchor Studio,94.0,"Anchor Studio: stable=0.82, symmetry=0.83, centered=True, faces=2, face_area=0.0183"
SIR_Row_Live__Protests___Politics_Over_Poll_Panel___Govt_VS_Oppn___CEC___Rahul_G.mp4,2919,20226.933,20265.2,38.267,Anchor Studio,84.0,"Anchor Studio: stable=0.84, symmetry=0.92, centered=True, faces=1, face_area=0.0029"
SIR_Row_Live__Protests___Politics_Over_Poll_Panel___Govt_VS_Oppn___CEC___Rahul_G.mp4,2920,20265.267,20292.6,27.333,Anchor Studio,94.0,"Anchor Studio: stable=0.89, symmetry=0.88, centered=True, faces=2, face_area=0.0112"
SIR_Row_Live__Protests___Politics_Over_Poll_Panel___Govt_VS_Oppn___CEC___Rahul_G.mp4,2921,20292.667,20294.267,1.6,Anchor Studio,84.0,"Anchor Studio: stable=0.65, symmetry=0.89, centered=True, faces=4, face_area=0.0672"
SIR_Row_Live__Protests___Politics_Over_Poll_Panel___Govt_VS_Oppn___CEC___Rahul_G.mp4,2922,20294.333,20295.467,1.134,Anchor Studio,94.0,"Anchor Studio: stable=0.85, symmetry=0.90, centered=True, faces=4, face_area=0.1210"
SIR_Row_Live__Protests___Politics_Over_Poll_Panel___Govt_VS_Oppn___CEC___Rahul_G.mp4,2923,20295.533,20296.133,0.6,Field Report,68.0,"Field Report: motion=0.0488, faces=1, centered=False, symmetry=0.79"
SIR_Row_Live__Protests___Politics_Over_Poll_Panel___Govt_VS_Oppn___CEC___Rahul_G.mp4,2924,20296.2,20300.4,4.2,Anchor Studio,84.0,"Anchor Studio: stable=0.74, symmetry=0.87, centered=True, faces=2, face_area=0.0401"
SIR_Row_Live__Protests___Politics_Over_Poll_Panel___Govt_VS_Oppn___CEC___Rahul_G.mp4,2925,20300.467,20304.4,3.933,Anchor Studio,94.0,"Anchor Studio: stable=0.87, symmetry=0.99, centered=True, faces=3, face_area=0.1092"
SIR_Row_Live__Protests___Politics_Over_Poll_Panel___Govt_VS_Oppn___CEC___Rahul_G.mp4,2926,20304.467,20314.267,9.8,Anchor Studio,94.0,"Anchor Studio: stable=0.90, symmetry=0.98, centered=True, faces=3, face_area=0.1209"
SIR_Row_Live__Protests___Politics_Over_Poll_Panel___Govt_VS_Oppn___CEC___Rahul_G.mp4,2927,20314.333,20331.467,17.134,Anchor Studio,94.0,"Anchor Studio: stable=0.88, symmetry=0.97, centered=True, faces=3, face_area=0.1159"
SIR_Row_Live__Protests___Politics_Over_Poll_Panel___Govt_VS_Oppn___CEC___Rahul_G.mp4,2928,20331.533,20334.067,2.534,Anchor Studio,94.0,"Anchor Studio: stable=0.90, symmetry=0.96, centered=True, faces=3, face_area=0.1195"
SIR_Row_Live__Protests___Politics_Over_Poll_Panel___Govt_VS_Oppn___CEC___Rahul_G.mp4,2929,20334.133,20334.8,0.667,Anchor Studio,72.0,"Anchor Studio: stable=0.61, symmetry=0.77, centered=True, faces=1, face_area=0.0340"
SIR_Row_Live__Protests___Politics_Over_Poll_Panel___Govt_VS_Oppn___CEC___Rahul_G.mp4,2930,20334.867,20336.0,1.133,B-Roll,70.0,"B-Roll: motion=0.0377, edge=0.1113, face_area=0.0023, symmetry=0.88"
SIR_Row_Live__Protests___Politics_Over_Poll_Panel___Govt_VS_Oppn___CEC___Rahul_G.mp4,2931,20336.067,20354.2,18.133,Anchor Studio,94.0,"Anchor Studio: stable=0.90, symmetry=0.84, centered=True, faces=2, face_area=0.0224"
SIR_Row_Live__Protests___Politics_Over_Poll_Panel___Govt_VS_Oppn___CEC___Rahul_G.mp4,2932,20354.267,20359.333,5.066,Anchor Studio,94.0,"Anchor Studio: stable=0.84, symmetry=0.94, centered=True, faces=2, face_area=0.0212"
SIR_Row_Live__Protests___Politics_Over_Poll_Panel___Govt_VS_Oppn___CEC___Rahul_G.mp4,2933,20359.4,20360.0,0.6,Anchor Studio,82.0,"Anchor Studio: stable=0.89, symmetry=0.98, centered=False, faces=1, face_area=0.0212"
SIR_Row_Live__Protests___Politics_Over_Poll_Panel___Govt_VS_Oppn___CEC___Rahul_G.mp4,2934,20360.067,20361.267,1.2,B-Roll,70.0,"B-Roll: motion=0.0749, edge=0.1518, face_area=0.0000, symmetry=0.97"
SIR_Row_Live__Protests___Politics_Over_Poll_Panel___Govt_VS_Oppn___CEC___Rahul_G.mp4,2935,20361.333,20362.067,0.734,Title Card,68.0,"Title Card: headline=0.8269, textcov=0.9139, stability=0.78"
SIR_Row_Live__Protests___Politics_Over_Poll_Panel___Govt_VS_Oppn___CEC___Rahul_G.mp4,2936,20362.133,20363.533,1.4,Anchor Studio,82.0,"Anchor Studio: stable=0.89, symmetry=0.96, centered=False, faces=1, face_area=0.0184"
SIR_Row_Live__Protests___Politics_Over_Poll_Panel___Govt_VS_Oppn___CEC___Rahul_G.mp4,2937,20363.6,20364.333,0.733,Anchor Studio,82.0,"Anchor Studio: stable=0.89, symmetry=0.94, centered=False, faces=1, face_area=0.0225"
SIR_Row_Live__Protests___Politics_Over_Poll_Panel___Govt_VS_Oppn___CEC___Rahul_G.mp4,2938,20364.4,20368.867,4.467,Title Card,74.0,"Title Card: headline=0.8374, textcov=0.9390, stability=0.83"
SIR_Row_Live__Protests___Politics_Over_Poll_Panel___Govt_VS_Oppn___CEC___Rahul_G.mp4,2939,20368.933,20371.333,2.4,Title Card,78.0,"Title Card: headline=0.9081, textcov=1.0193, stability=0.88"
SIR_Row_Live__Protests___Politics_Over_Poll_Panel___Govt_VS_Oppn___CEC___Rahul_G.mp4,2940,20371.4,20373.0,1.6,Anchor Studio,74.0,"Anchor Studio: stable=0.41, symmetry=0.96, centered=True, faces=1, face_area=0.0032"
SIR_Row_Live__Protests___Politics_Over_Poll_Panel___Govt_VS_Oppn___CEC___Rahul_G.mp4,2941,20373.067,20373.867,0.8,Anchor Studio,82.0,"Anchor Studio: stable=0.84, symmetry=0.95, centered=False, faces=1, face_area=0.0171"
SIR_Row_Live__Protests___Politics_Over_Poll_Panel___Govt_VS_Oppn___CEC___Rahul_G.mp4,2942,20373.933,20378.867,4.934,Anchor Studio,94.0,"Anchor Studio: stable=0.84, symmetry=0.94, centered=True, faces=2, face_area=0.0206"
SIR_Row_Live__Protests___Politics_Over_Poll_Panel___Govt_VS_Oppn___CEC___Rahul_G.mp4,2943,20378.933,20381.267,2.334,Anchor Studio,82.0,"Anchor Studio: stable=0.85, symmetry=0.96, centered=False, faces=1, face_area=0.0189"
SIR_Row_Live__Protests___Politics_Over_Poll_Panel___Govt_VS_Oppn___CEC___Rahul_G.mp4,2944,20381.333,20383.867,2.534,Anchor Studio,82.0,"Anchor Studio: stable=0.85, symmetry=0.92, centered=False, faces=1, face_area=0.0190"
SIR_Row_Live__Protests___Politics_Over_Poll_Panel___Govt_VS_Oppn___CEC___Rahul_G.mp4,2945,20383.933,20385.667,1.734,Anchor Studio,82.0,"Anchor Studio: stable=0.88, symmetry=0.93, centered=False, faces=1, face_area=0.0209"
SIR_Row_Live__Protests___Politics_Over_Poll_Panel___Govt_VS_Oppn___CEC___Rahul_G.mp4,2946,20385.733,20386.467,0.734,Anchor Studio,82.0,"Anchor Studio: stable=0.82, symmetry=0.90, centered=False, faces=1, face_area=0.0170"
SIR_Row_Live__Protests___Politics_Over_Poll_Panel___Govt_VS_Oppn___CEC___Rahul_G.mp4,2947,20386.533,20388.4,1.867,Field Report,68.0,"Field Report: motion=0.0328, faces=1, centered=False, symmetry=0.97"
SIR_Row_Live__Protests___Politics_Over_Poll_Panel___Govt_VS_Oppn___CEC___Rahul_G.mp4,2948,20388.467,20391.067,2.6,Anchor Studio,82.0,"Anchor Studio: stable=0.84, symmetry=0.97, centered=False, faces=1, face_area=0.0217"
SIR_Row_Live__Protests___Politics_Over_Poll_Panel___Govt_VS_Oppn___CEC___Rahul_G.mp4,2949,20391.133,20392.6,1.467,Anchor Studio,82.0,"Anchor Studio: stable=0.83, symmetry=0.95, centered=False, faces=1, face_area=0.0215"
SIR_Row_Live__Protests___Politics_Over_Poll_Panel___Govt_VS_Oppn___CEC___Rahul_G.mp4,2950,20392.667,20398.133,5.466,Anchor Studio,94.0,"Anchor Studio: stable=0.90, symmetry=0.86, centered=True, faces=2, face_area=0.0231"
SIR_Row_Live__Protests___Politics_Over_Poll_Panel___Govt_VS_Oppn___CEC___Rahul_G.mp4,2951,20398.2,20461.0,62.8,Anchor Studio,94.0,"Anchor Studio: stable=0.92, symmetry=0.85, centered=True, faces=2, face_area=0.0195"
SIR_Row_Live__Protests___Politics_Over_Poll_Panel___Govt_VS_Oppn___CEC___Rahul_G.mp4,2952,20461.067,20498.467,37.4,Anchor Studio,94.0,"Anchor Studio: stable=0.91, symmetry=0.92, centered=True, faces=2, face_area=0.0209"
SIR_Row_Live__Protests___Politics_Over_Poll_Panel___Govt_VS_Oppn___CEC___Rahul_G.mp4,2953,20498.533,20501.267,2.734,Anchor Studio,94.0,"Anchor Studio: stable=0.81, symmetry=0.93, centered=True, faces=3, face_area=0.0680"
SIR_Row_Live__Protests___Politics_Over_Poll_Panel___Govt_VS_Oppn___CEC___Rahul_G.mp4,2954,20501.333,20534.2,32.867,Anchor Studio,94.0,"Anchor Studio: stable=0.88, symmetry=0.95, centered=True, faces=4, face_area=0.1177"
SIR_Row_Live__Protests___Politics_Over_Poll_Panel___Govt_VS_Oppn___CEC___Rahul_G.mp4,2955,20534.267,20534.933,0.666,Anchor Studio,72.0,"Anchor Studio: stable=0.58, symmetry=0.78, centered=True, faces=1, face_area=0.0272"
SIR_Row_Live__Protests___Politics_Over_Poll_Panel___Govt_VS_Oppn___CEC___Rahul_G.mp4,2956,20535.0,20564.667,29.667,Title Card,74.0,"Title Card: headline=0.7821, textcov=0.8858, stability=0.90"
SIR_Row_Live__Protests___Politics_Over_Poll_Panel___Govt_VS_Oppn___CEC___Rahul_G.mp4,2957,20564.733,20602.867,38.134,Title Card,74.0,"Title Card: headline=0.7713, textcov=0.9144, stability=0.92"
SIR_Row_Live__Protests___Politics_Over_Poll_Panel___Govt_VS_Oppn___CEC___Rahul_G.mp4,2958,20602.933,20604.4,1.467,Anchor Studio,82.0,"Anchor Studio: stable=0.82, symmetry=0.94, centered=False, faces=1, face_area=0.0225"
SIR_Row_Live__Protests___Politics_Over_Poll_Panel___Govt_VS_Oppn___CEC___Rahul_G.mp4,2959,20604.467,20605.8,1.333,Anchor Studio,82.0,"Anchor Studio: stable=0.83, symmetry=0.93, centered=False, faces=1, face_area=0.0205"
SIR_Row_Live__Protests___Politics_Over_Poll_Panel___Govt_VS_Oppn___CEC___Rahul_G.mp4,2960,20605.867,20610.8,4.933,Anchor Studio,94.0,"Anchor Studio: stable=0.84, symmetry=0.94, centered=True, faces=2, face_area=0.0249"
SIR_Row_Live__Protests___Politics_Over_Poll_Panel___Govt_VS_Oppn___CEC___Rahul_G.mp4,2961,20610.867,20615.333,4.466,Anchor Studio,82.0,"Anchor Studio: stable=0.81, symmetry=0.93, centered=False, faces=1, face_area=0.0130"
SIR_Row_Live__Protests___Politics_Over_Poll_Panel___Govt_VS_Oppn___CEC___Rahul_G.mp4,2962,20615.4,20620.333,4.933,Anchor Studio,82.0,"Anchor Studio: stable=0.84, symmetry=0.93, centered=False, faces=1, face_area=0.0144"
SIR_Row_Live__Protests___Politics_Over_Poll_Panel___Govt_VS_Oppn___CEC___Rahul_G.mp4,2963,20620.4,20621.333,0.933,Anchor Studio,82.0,"Anchor Studio: stable=0.86, symmetry=0.96, centered=False, faces=1, face_area=0.0135"
SIR_Row_Live__Protests___Politics_Over_Poll_Panel___Govt_VS_Oppn___CEC___Rahul_G.mp4,2964,20621.4,20624.6,3.2,Anchor Studio,94.0,"Anchor Studio: stable=0.87, symmetry=0.97, centered=True, faces=3, face_area=0.0548"
SIR_Row_Live__Protests___Politics_Over_Poll_Panel___Govt_VS_Oppn___CEC___Rahul_G.mp4,2965,20624.667,20628.267,3.6,Anchor Studio,94.0,"Anchor Studio: stable=0.89, symmetry=0.96, centered=True, faces=3, face_area=0.0691"
SIR_Row_Live__Protests___Politics_Over_Poll_Panel___Govt_VS_Oppn___CEC___Rahul_G.mp4,2966,20628.333,20632.667,4.334,Anchor Studio,94.0,"Anchor Studio: stable=0.87, symmetry=0.96, centered=True, faces=4, face_area=0.0646"
SIR_Row_Live__Protests___Politics_Over_Poll_Panel___Govt_VS_Oppn___CEC___Rahul_G.mp4,2967,20632.733,20634.467,1.734,Anchor Studio,94.0,"Anchor Studio: stable=0.82, symmetry=0.92, centered=True, faces=3, face_area=0.0698"
SIR_Row_Live__Protests___Politics_Over_Poll_Panel___Govt_VS_Oppn___CEC___Rahul_G.mp4,2968,20634.533,20637.467,2.934,Anchor Studio,94.0,"Anchor Studio: stable=0.89, symmetry=0.96, centered=True, faces=3, face_area=0.0645"
SIR_Row_Live__Protests___Politics_Over_Poll_Panel___Govt_VS_Oppn___CEC___Rahul_G.mp4,2969,20637.533,20640.733,3.2,Anchor Studio,94.0,"Anchor Studio: stable=0.86, symmetry=0.95, centered=True, faces=3, face_area=0.0540"
SIR_Row_Live__Protests___Politics_Over_Poll_Panel___Govt_VS_Oppn___CEC___Rahul_G.mp4,2970,20640.8,20644.467,3.667,Anchor Studio,94.0,"Anchor Studio: stable=0.88, symmetry=0.97, centered=True, faces=4, face_area=0.0752"
SIR_Row_Live__Protests___Politics_Over_Poll_Panel___Govt_VS_Oppn___CEC___Rahul_G.mp4,2971,20644.533,20645.4,0.867,Anchor Studio,94.0,"Anchor Studio: stable=0.82, symmetry=0.94, centered=True, faces=2, face_area=0.0461"
SIR_Row_Live__Protests___Politics_Over_Poll_Panel___Govt_VS_Oppn___CEC___Rahul_G.mp4,2972,20645.467,20646.467,1.0,Anchor Studio,82.0,"Anchor Studio: stable=0.78, symmetry=0.95, centered=False, faces=2, face_area=0.0444"
SIR_Row_Live__Protests___Politics_Over_Poll_Panel___Govt_VS_Oppn___CEC___Rahul_G.mp4,2973,20646.533,20648.867,2.334,Anchor Studio,94.0,"Anchor Studio: stable=0.89, symmetry=0.95, centered=True, faces=3, face_area=0.0419"
SIR_Row_Live__Protests___Politics_Over_Poll_Panel___Govt_VS_Oppn___CEC___Rahul_G.mp4,2974,20648.933,20650.667,1.734,Anchor Studio,94.0,"Anchor Studio: stable=0.81, symmetry=0.91, centered=True, faces=2, face_area=0.0439"
SIR_Row_Live__Protests___Politics_Over_Poll_Panel___Govt_VS_Oppn___CEC___Rahul_G.mp4,2975,20650.733,20654.467,3.734,Anchor Studio,94.0,"Anchor Studio: stable=0.88, symmetry=0.90, centered=True, faces=2, face_area=0.0207"
SIR_Row_Live__Protests___Politics_Over_Poll_Panel___Govt_VS_Oppn___CEC___Rahul_G.mp4,2976,20654.533,20664.267,9.734,Anchor Studio,82.0,"Anchor Studio: stable=0.85, symmetry=0.86, centered=False, faces=2, face_area=0.0220"
SIR_Row_Live__Protests___Politics_Over_Poll_Panel___Govt_VS_Oppn___CEC___Rahul_G.mp4,2977,20664.333,20668.867,4.534,Anchor Studio,94.0,"Anchor Studio: stable=0.86, symmetry=0.89, centered=True, faces=2, face_area=0.0229"
SIR_Row_Live__Protests___Politics_Over_Poll_Panel___Govt_VS_Oppn___CEC___Rahul_G.mp4,2978,20668.933,20674.267,5.334,Anchor Studio,82.0,"Anchor Studio: stable=0.86, symmetry=0.88, centered=False, faces=2, face_area=0.0146"
SIR_Row_Live__Protests___Politics_Over_Poll_Panel___Govt_VS_Oppn___CEC___Rahul_G.mp4,2979,20674.333,20684.467,10.134,Anchor Studio,94.0,"Anchor Studio: stable=0.84, symmetry=0.88, centered=True, faces=2, face_area=0.0217"
SIR_Row_Live__Protests___Politics_Over_Poll_Panel___Govt_VS_Oppn___CEC___Rahul_G.mp4,2980,20684.533,20694.267,9.734,Anchor Studio,82.0,"Anchor Studio: stable=0.85, symmetry=0.85, centered=False, faces=1, face_area=0.0194"
SIR_Row_Live__Protests___Politics_Over_Poll_Panel___Govt_VS_Oppn___CEC___Rahul_G.mp4,2981,20694.333,20703.067,8.734,Anchor Studio,94.0,"Anchor Studio: stable=0.83, symmetry=0.91, centered=True, faces=3, face_area=0.0421"
SIR_Row_Live__Protests___Politics_Over_Poll_Panel___Govt_VS_Oppn___CEC___Rahul_G.mp4,2982,20703.133,20703.8,0.667,Anchor Studio,72.0,"Anchor Studio: stable=0.58, symmetry=0.78, centered=True, faces=1, face_area=0.0374"
SIR_Row_Live__Protests___Politics_Over_Poll_Panel___Govt_VS_Oppn___CEC___Rahul_G.mp4,2983,20703.867,20720.2,16.333,Anchor Studio,94.0,"Anchor Studio: stable=0.88, symmetry=0.92, centered=True, faces=2, face_area=0.0445"
SIR_Row_Live__Protests___Politics_Over_Poll_Panel___Govt_VS_Oppn___CEC___Rahul_G.mp4,2984,20720.267,20731.6,11.333,Anchor Studio,94.0,"Anchor Studio: stable=0.80, symmetry=0.90, centered=True, faces=2, face_area=0.0298"
SIR_Row_Live__Protests___Politics_Over_Poll_Panel___Govt_VS_Oppn___CEC___Rahul_G.mp4,2985,20731.667,20732.6,0.933,Anchor Studio,72.0,"Anchor Studio: stable=0.49, symmetry=0.96, centered=False, faces=1, face_area=0.0225"
SIR_Row_Live__Protests___Politics_Over_Poll_Panel___Govt_VS_Oppn___CEC___Rahul_G.mp4,2986,20732.667,20743.667,11.0,Anchor Studio,84.0,"Anchor Studio: stable=0.55, symmetry=0.97, centered=True, faces=2, face_area=0.0344"
SIR_Row_Live__Protests___Politics_Over_Poll_Panel___Govt_VS_Oppn___CEC___Rahul_G.mp4,2987,20743.733,20745.933,2.2,Anchor Studio,72.0,"Anchor Studio: stable=0.56, symmetry=0.95, centered=False, faces=2, face_area=0.0454"
SIR_Row_Live__Protests___Politics_Over_Poll_Panel___Govt_VS_Oppn___CEC___Rahul_G.mp4,2988,20746.0,20768.6,22.6,Anchor Studio,94.0,"Anchor Studio: stable=0.88, symmetry=0.94, centered=True, faces=3, face_area=0.0413"
SIR_Row_Live__Protests___Politics_Over_Poll_Panel___Govt_VS_Oppn___CEC___Rahul_G.mp4,2989,20768.667,20781.133,12.466,Anchor Studio,82.0,"Anchor Studio: stable=0.85, symmetry=0.91, centered=False, faces=3, face_area=0.0537"
SIR_Row_Live__Protests___Politics_Over_Poll_Panel___Govt_VS_Oppn___CEC___Rahul_G.mp4,2990,20781.2,20803.533,22.333,Anchor Studio,82.0,"Anchor Studio: stable=0.85, symmetry=0.89, centered=False, faces=3, face_area=0.0528"
SIR_Row_Live__Protests___Politics_Over_Poll_Panel___Govt_VS_Oppn___CEC___Rahul_G.mp4,2991,20803.6,20812.933,9.333,B-Roll,70.0,"B-Roll: motion=0.0642, edge=0.1356, face_area=0.0002, symmetry=0.87"
SIR_Row_Live__Protests___Politics_Over_Poll_Panel___Govt_VS_Oppn___CEC___Rahul_G.mp4,2992,20813.0,20825.533,12.533,Anchor Studio,84.0,"Anchor Studio: stable=0.48, symmetry=0.91, centered=True, faces=3, face_area=0.0161"
SIR_Row_Live__Protests___Politics_Over_Poll_Panel___Govt_VS_Oppn___CEC___Rahul_G.mp4,2993,20825.6,20826.267,0.667,B-Roll,70.0,"B-Roll: motion=0.0724, edge=0.1485, face_area=0.0000, symmetry=0.88"
SIR_Row_Live__Protests___Politics_Over_Poll_Panel___Govt_VS_Oppn___CEC___Rahul_G.mp4,2994,20826.333,20828.8,2.467,Anchor Studio,74.0,"Anchor Studio: stable=0.25, symmetry=0.92, centered=True, faces=1, face_area=0.0073"
SIR_Row_Live__Protests___Politics_Over_Poll_Panel___Govt_VS_Oppn___CEC___Rahul_G.mp4,2995,20828.867,20834.0,5.133,B-Roll,70.0,"B-Roll: motion=0.0602, edge=0.1701, face_area=0.0013, symmetry=0.84"
SIR_Row_Live__Protests___Politics_Over_Poll_Panel___Govt_VS_Oppn___CEC___Rahul_G.mp4,2996,20834.067,20837.0,2.933,Anchor Studio,84.0,"Anchor Studio: stable=0.44, symmetry=0.96, centered=True, faces=2, face_area=0.0784"
SIR_Row_Live__Protests___Politics_Over_Poll_Panel___Govt_VS_Oppn___CEC___Rahul_G.mp4,2997,20837.067,20840.0,2.933,B-Roll,70.0,"B-Roll: motion=0.0771, edge=0.1467, face_area=0.0000, symmetry=0.95"
SIR_Row_Live__Protests___Politics_Over_Poll_Panel___Govt_VS_Oppn___CEC___Rahul_G.mp4,2998,20840.067,20841.8,1.733,Anchor Studio,74.0,"Anchor Studio: stable=0.00, symmetry=0.95, centered=True, faces=1, face_area=0.0008"
SIR_Row_Live__Protests___Politics_Over_Poll_Panel___Govt_VS_Oppn___CEC___Rahul_G.mp4,2999,20841.867,20849.533,7.666,Anchor Studio,74.0,"Anchor Studio: stable=0.14, symmetry=0.91, centered=True, faces=2, face_area=0.0042"
SIR_Row_Live__Protests___Politics_Over_Poll_Panel___Govt_VS_Oppn___CEC___Rahul_G.mp4,3000,20849.6,20855.333,5.733,Anchor Studio,84.0,"Anchor Studio: stable=0.24, symmetry=0.92, centered=True, faces=2, face_area=0.0257"
SIR_Row_Live__Protests___Politics_Over_Poll_Panel___Govt_VS_Oppn___CEC___Rahul_G.mp4,3001,20855.4,20858.133,2.733,Anchor Studio,72.0,"Anchor Studio: stable=0.20, symmetry=0.87, centered=False, faces=1, face_area=0.0105"
SIR_Row_Live__Protests___Politics_Over_Poll_Panel___Govt_VS_Oppn___CEC___Rahul_G.mp4,3002,20858.2,20861.2,3.0,Anchor Studio,74.0,"Anchor Studio: stable=0.09, symmetry=0.95, centered=True, faces=1, face_area=0.0071"
SIR_Row_Live__Protests___Politics_Over_Poll_Panel___Govt_VS_Oppn___CEC___Rahul_G.mp4,3003,20861.267,20862.8,1.533,B-Roll,70.0,"B-Roll: motion=0.0971, edge=0.1629, face_area=0.0000, symmetry=0.96"
SIR_Row_Live__Protests___Politics_Over_Poll_Panel___Govt_VS_Oppn___CEC___Rahul_G.mp4,3004,20862.867,20863.533,0.666,B-Roll,70.0,"B-Roll: motion=0.1197, edge=0.1837, face_area=0.0000, symmetry=0.98"
SIR_Row_Live__Protests___Politics_Over_Poll_Panel___Govt_VS_Oppn___CEC___Rahul_G.mp4,3005,20863.6,20865.467,1.867,B-Roll,70.0,"B-Roll: motion=0.0563, edge=0.1363, face_area=0.0000, symmetry=0.90"
SIR_Row_Live__Protests___Politics_Over_Poll_Panel___Govt_VS_Oppn___CEC___Rahul_G.mp4,3006,20865.533,20874.733,9.2,Anchor Studio,74.0,"Anchor Studio: stable=0.73, symmetry=0.95, centered=True, faces=1, face_area=0.0011"
SIR_Row_Live__Protests___Politics_Over_Poll_Panel___Govt_VS_Oppn___CEC___Rahul_G.mp4,3007,20874.8,20910.4,35.6,Title Card,78.0,"Title Card: headline=0.2655, textcov=0.3891, stability=0.92"
SIR_Row_Live__Protests___Politics_Over_Poll_Panel___Govt_VS_Oppn___CEC___Rahul_G.mp4,3008,20910.467,20913.533,3.066,Anchor Studio,84.0,"Anchor Studio: stable=0.04, symmetry=0.90, centered=True, faces=2, face_area=0.0230"
SIR_Row_Live__Protests___Politics_Over_Poll_Panel___Govt_VS_Oppn___CEC___Rahul_G.mp4,3009,20913.6,20915.267,1.667,Title Card,78.0,"Title Card: headline=0.5404, textcov=0.7736, stability=0.85"
SIR_Row_Live__Protests___Politics_Over_Poll_Panel___Govt_VS_Oppn___CEC___Rahul_G.mp4,3010,20915.333,20916.733,1.4,Title Card,78.0,"Title Card: headline=0.5578, textcov=0.6503, stability=0.86"
SIR_Row_Live__Protests___Politics_Over_Poll_Panel___Govt_VS_Oppn___CEC___Rahul_G.mp4,3011,20916.8,20917.533,0.733,Anchor Studio,84.0,"Anchor Studio: stable=0.70, symmetry=0.92, centered=True, faces=1, face_area=0.0262"
SIR_Row_Live__Protests___Politics_Over_Poll_Panel___Govt_VS_Oppn___CEC___Rahul_G.mp4,3012,20917.6,20919.467,1.867,B-Roll,70.0,"B-Roll: motion=0.0674, edge=0.1650, face_area=0.0000, symmetry=0.93"
SIR_Row_Live__Protests___Politics_Over_Poll_Panel___Govt_VS_Oppn___CEC___Rahul_G.mp4,3013,20919.533,20920.733,1.2,B-Roll,70.0,"B-Roll: motion=0.0350, edge=0.1265, face_area=0.0000, symmetry=0.98"
SIR_Row_Live__Protests___Politics_Over_Poll_Panel___Govt_VS_Oppn___CEC___Rahul_G.mp4,3014,20920.8,20923.133,2.333,Anchor Studio,84.0,"Anchor Studio: stable=0.87, symmetry=0.85, centered=True, faces=1, face_area=0.0066"
SIR_Row_Live__Protests___Politics_Over_Poll_Panel___Govt_VS_Oppn___CEC___Rahul_G.mp4,3015,20923.2,20927.333,4.133,Anchor Studio,74.0,"Anchor Studio: stable=0.46, symmetry=0.91, centered=True, faces=1, face_area=0.0018"
SIR_Row_Live__Protests___Politics_Over_Poll_Panel___Govt_VS_Oppn___CEC___Rahul_G.mp4,3016,20927.4,20931.267,3.867,Anchor Studio,74.0,"Anchor Studio: stable=0.60, symmetry=0.94, centered=True, faces=1, face_area=0.0064"
SIR_Row_Live__Protests___Politics_Over_Poll_Panel___Govt_VS_Oppn___CEC___Rahul_G.mp4,3017,20931.333,20935.4,4.067,Anchor Studio,84.0,"Anchor Studio: stable=0.62, symmetry=0.94, centered=True, faces=1, face_area=0.0421"
SIR_Row_Live__Protests___Politics_Over_Poll_Panel___Govt_VS_Oppn___CEC___Rahul_G.mp4,3018,20935.467,20938.133,2.666,Anchor Studio,82.0,"Anchor Studio: stable=0.82, symmetry=0.93, centered=False, faces=2, face_area=0.0803"
SIR_Row_Live__Protests___Politics_Over_Poll_Panel___Govt_VS_Oppn___CEC___Rahul_G.mp4,3019,20938.2,20960.8,22.6,Anchor Studio,94.0,"Anchor Studio: stable=0.88, symmetry=0.95, centered=True, faces=3, face_area=0.1033"
SIR_Row_Live__Protests___Politics_Over_Poll_Panel___Govt_VS_Oppn___CEC___Rahul_G.mp4,3020,20960.867,20961.733,0.866,Anchor Studio,84.0,"Anchor Studio: stable=0.89, symmetry=0.94, centered=True, faces=1, face_area=0.0031"
SIR_Row_Live__Protests___Politics_Over_Poll_Panel___Govt_VS_Oppn___CEC___Rahul_G.mp4,3021,20961.8,20963.067,1.267,Anchor Studio,94.0,"Anchor Studio: stable=0.83, symmetry=0.91, centered=True, faces=1, face_area=0.0160"
SIR_Row_Live__Protests___Politics_Over_Poll_Panel___Govt_VS_Oppn___CEC___Rahul_G.mp4,3022,20963.133,20967.733,4.6,Anchor Studio,82.0,"Anchor Studio: stable=0.89, symmetry=0.87, centered=False, faces=1, face_area=0.0232"
SIR_Row_Live__Protests___Politics_Over_Poll_Panel___Govt_VS_Oppn___CEC___Rahul_G.mp4,3023,20967.8,20975.533,7.733,Anchor Studio,82.0,"Anchor Studio: stable=0.92, symmetry=0.88, centered=False, faces=1, face_area=0.0248"
SIR_Row_Live__Protests___Politics_Over_Poll_Panel___Govt_VS_Oppn___CEC___Rahul_G.mp4,3024,20975.6,20977.333,1.733,Anchor Studio,72.0,"Anchor Studio: stable=0.66, symmetry=0.80, centered=False, faces=1, face_area=0.0279"
SIR_Row_Live__Protests___Politics_Over_Poll_Panel___Govt_VS_Oppn___CEC___Rahul_G.mp4,3025,20977.4,20980.867,3.467,Title Card,74.0,"Title Card: headline=0.7997, textcov=0.9233, stability=0.85"
SIR_Row_Live__Protests___Politics_Over_Poll_Panel___Govt_VS_Oppn___CEC___Rahul_G.mp4,3026,20980.933,20983.933,3.0,Anchor Studio,94.0,"Anchor Studio: stable=0.89, symmetry=0.84, centered=True, faces=3, face_area=0.0517"
SIR_Row_Live__Protests___Politics_Over_Poll_Panel___Govt_VS_Oppn___CEC___Rahul_G.mp4,3027,20984.0,20984.733,0.733,Anchor Studio,82.0,"Anchor Studio: stable=0.81, symmetry=0.92, centered=False, faces=1, face_area=0.0261"
SIR_Row_Live__Protests___Politics_Over_Poll_Panel___Govt_VS_Oppn___CEC___Rahul_G.mp4,3028,20984.8,20990.133,5.333,Anchor Studio,94.0,"Anchor Studio: stable=0.92, symmetry=0.90, centered=True, faces=1, face_area=0.0214"
SIR_Row_Live__Protests___Politics_Over_Poll_Panel___Govt_VS_Oppn___CEC___Rahul_G.mp4,3029,20990.2,20993.8,3.6,Anchor Studio,84.0,"Anchor Studio: stable=0.35, symmetry=0.96, centered=True, faces=2, face_area=0.0317"
SIR_Row_Live__Protests___Politics_Over_Poll_Panel___Govt_VS_Oppn___CEC___Rahul_G.mp4,3030,20993.867,20997.8,3.933,Anchor Studio,84.0,"Anchor Studio: stable=0.52, symmetry=0.95, centered=True, faces=2, face_area=0.0150"
SIR_Row_Live__Protests___Politics_Over_Poll_Panel___Govt_VS_Oppn___CEC___Rahul_G.mp4,3031,20997.867,20998.667,0.8,B-Roll,70.0,"B-Roll: motion=0.0616, edge=0.1318, face_area=0.0000, symmetry=0.93"
SIR_Row_Live__Protests___Politics_Over_Poll_Panel___Govt_VS_Oppn___CEC___Rahul_G.mp4,3032,20998.733,21001.333,2.6,B-Roll,70.0,"B-Roll: motion=0.0444, edge=0.1433, face_area=0.0000, symmetry=0.91"
SIR_Row_Live__Protests___Politics_Over_Poll_Panel___Govt_VS_Oppn___CEC___Rahul_G.mp4,3033,21001.4,21003.867,2.467,Title Card,68.0,"Title Card: headline=0.0736, textcov=0.3717, stability=0.78"
SIR_Row_Live__Protests___Politics_Over_Poll_Panel___Govt_VS_Oppn___CEC___Rahul_G.mp4,3034,21003.933,21006.933,3.0,Anchor Studio,82.0,"Anchor Studio: stable=0.87, symmetry=0.78, centered=True, faces=2, face_area=0.1196"
SIR_Row_Live__Protests___Politics_Over_Poll_Panel___Govt_VS_Oppn___CEC___Rahul_G.mp4,3035,21007.0,21020.533,13.533,Anchor Studio,84.0,"Anchor Studio: stable=0.61, symmetry=0.92, centered=True, faces=2, face_area=0.0359"
SIR_Row_Live__Protests___Politics_Over_Poll_Panel___Govt_VS_Oppn___CEC___Rahul_G.mp4,3036,21020.6,21023.0,2.4,Anchor Studio,82.0,"Anchor Studio: stable=0.75, symmetry=0.88, centered=False, faces=1, face_area=0.0253"
SIR_Row_Live__Protests___Politics_Over_Poll_Panel___Govt_VS_Oppn___CEC___Rahul_G.mp4,3037,21023.067,21027.2,4.133,Anchor Studio,82.0,"Anchor Studio: stable=0.80, symmetry=0.95, centered=False, faces=1, face_area=0.0245"
SIR_Row_Live__Protests___Politics_Over_Poll_Panel___Govt_VS_Oppn___CEC___Rahul_G.mp4,3038,21027.267,21035.933,8.666,Anchor Studio,84.0,"Anchor Studio: stable=0.73, symmetry=0.97, centered=True, faces=2, face_area=0.0278"
SIR_Row_Live__Protests___Politics_Over_Poll_Panel___Govt_VS_Oppn___CEC___Rahul_G.mp4,3039,21036.0,21046.733,10.733,Anchor Studio,84.0,"Anchor Studio: stable=0.64, symmetry=0.86, centered=True, faces=1, face_area=0.0124"
SIR_Row_Live__Protests___Politics_Over_Poll_Panel___Govt_VS_Oppn___CEC___Rahul_G.mp4,3040,21046.8,21050.733,3.933,Title Card,78.0,"Title Card: headline=0.3877, textcov=0.6394, stability=0.84"
SIR_Row_Live__Protests___Politics_Over_Poll_Panel___Govt_VS_Oppn___CEC___Rahul_G.mp4,3041,21050.8,21052.533,1.733,Title Card,78.0,"Title Card: headline=0.2969, textcov=0.5454, stability=0.84"
SIR_Row_Live__Protests___Politics_Over_Poll_Panel___Govt_VS_Oppn___CEC___Rahul_G.mp4,3042,21052.6,21060.4,7.8,Title Card,78.0,"Title Card: headline=0.6665, textcov=0.7629, stability=0.92"
SIR_Row_Live__Protests___Politics_Over_Poll_Panel___Govt_VS_Oppn___CEC___Rahul_G.mp4,3043,21060.467,21066.8,6.333,B-Roll,70.0,"B-Roll: motion=0.0488, edge=0.1444, face_area=0.0000, symmetry=0.91"
SIR_Row_Live__Protests___Politics_Over_Poll_Panel___Govt_VS_Oppn___CEC___Rahul_G.mp4,3044,21066.867,21071.8,4.933,B-Roll,70.0,"B-Roll: motion=0.0419, edge=0.1550, face_area=0.0000, symmetry=0.98"
SIR_Row_Live__Protests___Politics_Over_Poll_Panel___Govt_VS_Oppn___CEC___Rahul_G.mp4,3045,21071.867,21075.4,3.533,B-Roll,70.0,"B-Roll: motion=0.1202, edge=0.0820, face_area=0.0000, symmetry=0.90"
SIR_Row_Live__Protests___Politics_Over_Poll_Panel___Govt_VS_Oppn___CEC___Rahul_G.mp4,3046,21075.467,21077.4,1.933,B-Roll,70.0,"B-Roll: motion=0.0827, edge=0.1218, face_area=0.0000, symmetry=0.93"
SIR_Row_Live__Protests___Politics_Over_Poll_Panel___Govt_VS_Oppn___CEC___Rahul_G.mp4,3047,21077.467,21080.333,2.866,Anchor Studio,82.0,"Anchor Studio: stable=0.76, symmetry=0.92, centered=False, faces=1, face_area=0.0471"
SIR_Row_Live__Protests___Politics_Over_Poll_Panel___Govt_VS_Oppn___CEC___Rahul_G.mp4,3048,21080.4,21080.933,0.533,Anchor Studio,82.0,"Anchor Studio: stable=0.79, symmetry=0.90, centered=False, faces=1, face_area=0.0233"
SIR_Row_Live__Protests___Politics_Over_Poll_Panel___Govt_VS_Oppn___CEC___Rahul_G.mp4,3049,21081.0,21082.8,1.8,Anchor Studio,84.0,"Anchor Studio: stable=0.85, symmetry=0.90, centered=True, faces=1, face_area=0.0040"
SIR_Row_Live__Protests___Politics_Over_Poll_Panel___Govt_VS_Oppn___CEC___Rahul_G.mp4,3050,21082.867,21084.533,1.666,Anchor Studio,84.0,"Anchor Studio: stable=0.84, symmetry=0.92, centered=True, faces=1, face_area=0.0090"
SIR_Row_Live__Protests___Politics_Over_Poll_Panel___Govt_VS_Oppn___CEC___Rahul_G.mp4,3051,21084.6,21086.933,2.333,Anchor Studio,94.0,"Anchor Studio: stable=0.76, symmetry=0.98, centered=True, faces=1, face_area=0.0172"
SIR_Row_Live__Protests___Politics_Over_Poll_Panel___Govt_VS_Oppn___CEC___Rahul_G.mp4,3052,21087.0,21090.133,3.133,Anchor Studio,74.0,"Anchor Studio: stable=0.72, symmetry=0.82, centered=True, faces=1, face_area=0.0088"
SIR_Row_Live__Protests___Politics_Over_Poll_Panel___Govt_VS_Oppn___CEC___Rahul_G.mp4,3053,21090.2,21091.133,0.933,Anchor Studio,94.0,"Anchor Studio: stable=0.88, symmetry=0.85, centered=True, faces=2, face_area=0.0532"
SIR_Row_Live__Protests___Politics_Over_Poll_Panel___Govt_VS_Oppn___CEC___Rahul_G.mp4,3054,21091.2,21098.8,7.6,Anchor Studio,84.0,"Anchor Studio: stable=0.69, symmetry=0.88, centered=True, faces=2, face_area=0.0201"
SIR_Row_Live__Protests___Politics_Over_Poll_Panel___Govt_VS_Oppn___CEC___Rahul_G.mp4,3055,21098.867,21103.933,5.066,Anchor Studio,94.0,"Anchor Studio: stable=0.79, symmetry=0.89, centered=True, faces=2, face_area=0.0142"
SIR_Row_Live__Protests___Politics_Over_Poll_Panel___Govt_VS_Oppn___CEC___Rahul_G.mp4,3056,21104.0,21104.933,0.933,Anchor Studio,74.0,"Anchor Studio: stable=0.74, symmetry=0.94, centered=True, faces=1, face_area=0.0036"
SIR_Row_Live__Protests___Politics_Over_Poll_Panel___Govt_VS_Oppn___CEC___Rahul_G.mp4,3057,21105.0,21108.533,3.533,Anchor Studio,84.0,"Anchor Studio: stable=0.74, symmetry=0.95, centered=True, faces=1, face_area=0.0196"
SIR_Row_Live__Protests___Politics_Over_Poll_Panel___Govt_VS_Oppn___CEC___Rahul_G.mp4,3058,21108.6,21110.067,1.467,Title Card,78.0,"Title Card: headline=0.2878, textcov=0.4886, stability=0.86"
SIR_Row_Live__Protests___Politics_Over_Poll_Panel___Govt_VS_Oppn___CEC___Rahul_G.mp4,3059,21110.133,21111.8,1.667,B-Roll,70.0,"B-Roll: motion=0.0264, edge=0.0831, face_area=0.0000, symmetry=0.91"
SIR_Row_Live__Protests___Politics_Over_Poll_Panel___Govt_VS_Oppn___CEC___Rahul_G.mp4,3060,21111.867,21114.667,2.8,Title Card,78.0,"Title Card: headline=0.3767, textcov=0.5588, stability=0.87"
SIR_Row_Live__Protests___Politics_Over_Poll_Panel___Govt_VS_Oppn___CEC___Rahul_G.mp4,3061,21114.733,21116.0,1.267,Title Card,78.0,"Title Card: headline=0.1885, textcov=0.3610, stability=0.85"
SIR_Row_Live__Protests___Politics_Over_Poll_Panel___Govt_VS_Oppn___CEC___Rahul_G.mp4,3062,21116.067,21118.267,2.2,B-Roll,70.0,"B-Roll: motion=0.0293, edge=0.1083, face_area=0.0000, symmetry=0.83"
SIR_Row_Live__Protests___Politics_Over_Poll_Panel___Govt_VS_Oppn___CEC___Rahul_G.mp4,3063,21118.333,21123.133,4.8,Anchor Studio,82.0,"Anchor Studio: stable=0.88, symmetry=0.80, centered=True, faces=2, face_area=0.0246"
SIR_Row_Live__Protests___Politics_Over_Poll_Panel___Govt_VS_Oppn___CEC___Rahul_G.mp4,3064,21123.2,21123.733,0.533,Anchor Studio,82.0,"Anchor Studio: stable=0.80, symmetry=0.78, centered=True, faces=1, face_area=0.0191"
SIR_Row_Live__Protests___Politics_Over_Poll_Panel___Govt_VS_Oppn___CEC___Rahul_G.mp4,3065,21123.8,21128.467,4.667,Anchor Studio,84.0,"Anchor Studio: stable=0.77, symmetry=0.94, centered=True, faces=1, face_area=0.0059"
SIR_Row_Live__Protests___Politics_Over_Poll_Panel___Govt_VS_Oppn___CEC___Rahul_G.mp4,3066,21128.533,21131.333,2.8,B-Roll,70.0,"B-Roll: motion=0.0273, edge=0.1177, face_area=0.0000, symmetry=0.94"
SIR_Row_Live__Protests___Politics_Over_Poll_Panel___Govt_VS_Oppn___CEC___Rahul_G.mp4,3067,21131.4,21132.667,1.267,B-Roll,70.0,"B-Roll: motion=0.0453, edge=0.2021, face_area=0.0000, symmetry=0.86"
SIR_Row_Live__Protests___Politics_Over_Poll_Panel___Govt_VS_Oppn___CEC___Rahul_G.mp4,3068,21132.733,21143.6,10.867,Anchor Studio,74.0,"Anchor Studio: stable=0.38, symmetry=0.92, centered=True, faces=1, face_area=0.0006"
SIR_Row_Live__Protests___Politics_Over_Poll_Panel___Govt_VS_Oppn___CEC___Rahul_G.mp4,3069,21143.667,21150.6,6.933,Anchor Studio,94.0,"Anchor Studio: stable=0.87, symmetry=0.88, centered=True, faces=1, face_area=0.0255"
SIR_Row_Live__Protests___Politics_Over_Poll_Panel___Govt_VS_Oppn___CEC___Rahul_G.mp4,3070,21150.667,21170.533,19.866,Anchor Studio,94.0,"Anchor Studio: stable=0.89, symmetry=0.88, centered=True, faces=4, face_area=0.1242"
SIR_Row_Live__Protests___Politics_Over_Poll_Panel___Govt_VS_Oppn___CEC___Rahul_G.mp4,3071,21170.6,21199.333,28.733,Anchor Studio,94.0,"Anchor Studio: stable=0.92, symmetry=0.88, centered=True, faces=4, face_area=0.1456"
SIR_Row_Live__Protests___Politics_Over_Poll_Panel___Govt_VS_Oppn___CEC___Rahul_G.mp4,3072,21199.4,21200.067,0.667,Anchor Studio,72.0,"Anchor Studio: stable=0.48, symmetry=0.73, centered=True, faces=2, face_area=0.0186"
SIR_Row_Live__Protests___Politics_Over_Poll_Panel___Govt_VS_Oppn___CEC___Rahul_G.mp4,3073,21200.133,21227.533,27.4,Anchor Studio,84.0,"Anchor Studio: stable=0.88, symmetry=0.90, centered=True, faces=1, face_area=0.0021"
SIR_Row_Live__Protests___Politics_Over_Poll_Panel___Govt_VS_Oppn___CEC___Rahul_G.mp4,3074,21227.6,21231.0,3.4,Anchor Studio,94.0,"Anchor Studio: stable=0.80, symmetry=0.90, centered=True, faces=1, face_area=0.0148"
SIR_Row_Live__Protests___Politics_Over_Poll_Panel___Govt_VS_Oppn___CEC___Rahul_G.mp4,3075,21231.067,21233.667,2.6,Anchor Studio,94.0,"Anchor Studio: stable=0.90, symmetry=0.96, centered=True, faces=1, face_area=0.0199"
SIR_Row_Live__Protests___Politics_Over_Poll_Panel___Govt_VS_Oppn___CEC___Rahul_G.mp4,3076,21233.733,21235.333,1.6,Anchor Studio,94.0,"Anchor Studio: stable=0.84, symmetry=0.96, centered=True, faces=1, face_area=0.0195"
SIR_Row_Live__Protests___Politics_Over_Poll_Panel___Govt_VS_Oppn___CEC___Rahul_G.mp4,3077,21235.4,21236.0,0.6,Anchor Studio,94.0,"Anchor Studio: stable=0.93, symmetry=0.97, centered=True, faces=1, face_area=0.0190"
SIR_Row_Live__Protests___Politics_Over_Poll_Panel___Govt_VS_Oppn___CEC___Rahul_G.mp4,3078,21236.067,21237.6,1.533,Anchor Studio,84.0,"Anchor Studio: stable=0.92, symmetry=0.91, centered=True, faces=1, face_area=0.0056"
SIR_Row_Live__Protests___Politics_Over_Poll_Panel___Govt_VS_Oppn___CEC___Rahul_G.mp4,3079,21237.667,21247.667,10.0,Anchor Studio,94.0,"Anchor Studio: stable=0.89, symmetry=0.91, centered=True, faces=1, face_area=0.0189"
SIR_Row_Live__Protests___Politics_Over_Poll_Panel___Govt_VS_Oppn___CEC___Rahul_G.mp4,3080,21247.733,21248.6,0.867,Anchor Studio,94.0,"Anchor Studio: stable=0.80, symmetry=0.96, centered=True, faces=1, face_area=0.0194"
SIR_Row_Live__Protests___Politics_Over_Poll_Panel___Govt_VS_Oppn___CEC___Rahul_G.mp4,3081,21248.667,21259.6,10.933,Anchor Studio,94.0,"Anchor Studio: stable=0.91, symmetry=0.95, centered=True, faces=1, face_area=0.0160"
SIR_Row_Live__Protests___Politics_Over_Poll_Panel___Govt_VS_Oppn___CEC___Rahul_G.mp4,3082,21259.667,21266.067,6.4,Anchor Studio,94.0,"Anchor Studio: stable=0.84, symmetry=0.97, centered=True, faces=2, face_area=0.0242"
SIR_Row_Live__Protests___Politics_Over_Poll_Panel___Govt_VS_Oppn___CEC___Rahul_G.mp4,3083,21266.133,21279.733,13.6,Anchor Studio,94.0,"Anchor Studio: stable=0.92, symmetry=0.93, centered=True, faces=1, face_area=0.0130"
SIR_Row_Live__Protests___Politics_Over_Poll_Panel___Govt_VS_Oppn___CEC___Rahul_G.mp4,3084,21279.8,21281.2,1.4,Anchor Studio,94.0,"Anchor Studio: stable=0.90, symmetry=0.97, centered=True, faces=1, face_area=0.0193"
SIR_Row_Live__Protests___Politics_Over_Poll_Panel___Govt_VS_Oppn___CEC___Rahul_G.mp4,3085,21281.267,21288.6,7.333,Anchor Studio,94.0,"Anchor Studio: stable=0.92, symmetry=0.95, centered=True, faces=1, face_area=0.0193"
SIR_Row_Live__Protests___Politics_Over_Poll_Panel___Govt_VS_Oppn___CEC___Rahul_G.mp4,3086,21288.667,21335.667,47.0,Anchor Studio,94.0,"Anchor Studio: stable=0.93, symmetry=0.96, centered=True, faces=1, face_area=0.0169"
SIR_Row_Live__Protests___Politics_Over_Poll_Panel___Govt_VS_Oppn___CEC___Rahul_G.mp4,3087,21335.733,21336.4,0.667,Title Card,64.0,"Title Card: headline=0.9747, textcov=1.0954, stability=0.56"
SIR_Row_Live__Protests___Politics_Over_Poll_Panel___Govt_VS_Oppn___CEC___Rahul_G.mp4,3088,21336.467,21350.0,13.533,Title Card,78.0,"Title Card: headline=0.7962, textcov=0.9502, stability=0.89"
SIR_Row_Live__Protests___Politics_Over_Poll_Panel___Govt_VS_Oppn___CEC___Rahul_G.mp4,3089,21350.067,21362.2,12.133,Anchor Studio,84.0,"Anchor Studio: stable=0.88, symmetry=0.92, centered=True, faces=1, face_area=0.0055"
SIR_Row_Live__Protests___Politics_Over_Poll_Panel___Govt_VS_Oppn___CEC___Rahul_G.mp4,3090,21362.267,21438.267,76.0,Anchor Studio,82.0,"Anchor Studio: stable=0.91, symmetry=0.92, centered=False, faces=2, face_area=0.0164"
SIR_Row_Live__Protests___Politics_Over_Poll_Panel___Govt_VS_Oppn___CEC___Rahul_G.mp4,3091,21438.333,21444.0,5.667,Field Report,68.0,"Field Report: motion=0.0302, faces=1, centered=False, symmetry=0.83"
SIR_Row_Live__Protests___Politics_Over_Poll_Panel___Govt_VS_Oppn___CEC___Rahul_G.mp4,3092,21444.067,21468.733,24.666,Anchor Studio,94.0,"Anchor Studio: stable=0.85, symmetry=0.80, centered=True, faces=1, face_area=0.0145"
SIR_Row_Live__Protests___Politics_Over_Poll_Panel___Govt_VS_Oppn___CEC___Rahul_G.mp4,3093,21468.8,21471.0,2.2,Title Card,74.0,"Title Card: headline=0.4167, textcov=0.5535, stability=0.82"
SIR_Row_Live__Protests___Politics_Over_Poll_Panel___Govt_VS_Oppn___CEC___Rahul_G.mp4,3094,21471.067,21493.533,22.466,Title Card,78.0,"Title Card: headline=0.8488, textcov=0.9482, stability=0.90"
SIR_Row_Live__Protests___Politics_Over_Poll_Panel___Govt_VS_Oppn___CEC___Rahul_G.mp4,3095,21493.6,21523.6,30.0,Anchor Studio,84.0,"Anchor Studio: stable=0.90, symmetry=0.80, centered=True, faces=1, face_area=0.0001"
SIR_Row_Live__Protests___Politics_Over_Poll_Panel___Govt_VS_Oppn___CEC___Rahul_G.mp4,3096,21523.667,21527.667,4.0,Title Card,78.0,"Title Card: headline=1.0140, textcov=1.1478, stability=0.87"
SIR_Row_Live__Protests___Politics_Over_Poll_Panel___Govt_VS_Oppn___CEC___Rahul_G.mp4,3097,21527.733,21575.733,48.0,Anchor Studio,94.0,"Anchor Studio: stable=0.91, symmetry=0.84, centered=True, faces=2, face_area=0.0200"
SIR_Row_Live__Protests___Politics_Over_Poll_Panel___Govt_VS_Oppn___CEC___Rahul_G.mp4,3098,21575.8,21580.533,4.733,Title Card,78.0,"Title Card: headline=0.9466, textcov=0.9984, stability=0.86"
SIR_Row_Live__Protests___Politics_Over_Poll_Panel___Govt_VS_Oppn___CEC___Rahul_G.mp4,3099,21580.6,21585.067,4.467,Title Card,78.0,"Title Card: headline=1.0088, textcov=1.0406, stability=0.81"
SIR_Row_Live__Protests___Politics_Over_Poll_Panel___Govt_VS_Oppn___CEC___Rahul_G.mp4,3100,21585.133,21586.4,1.267,Title Card,78.0,"Title Card: headline=1.0044, textcov=1.1437, stability=0.85"
SIR_Row_Live__Protests___Politics_Over_Poll_Panel___Govt_VS_Oppn___CEC___Rahul_G.mp4,3101,21586.467,21590.067,3.6,Title Card,78.0,"Title Card: headline=1.2095, textcov=1.2642, stability=0.88"
SIR_Row_Live__Protests___Politics_Over_Poll_Panel___Govt_VS_Oppn___CEC___Rahul_G.mp4,3102,21590.133,21590.933,0.8,Title Card,68.0,"Title Card: headline=1.0591, textcov=1.0999, stability=0.79"
SIR_Row_Live__Protests___Politics_Over_Poll_Panel___Govt_VS_Oppn___CEC___Rahul_G.mp4,3103,21591.0,21593.0,2.0,Title Card,68.0,"Title Card: headline=0.8030, textcov=0.8723, stability=0.77"
SIR_Row_Live__Protests___Politics_Over_Poll_Panel___Govt_VS_Oppn___CEC___Rahul_G.mp4,3104,21593.067,21595.0,1.933,Title Card,78.0,"Title Card: headline=0.8720, textcov=0.9085, stability=0.81"
SIR_Row_Live__Protests___Politics_Over_Poll_Panel___Govt_VS_Oppn___CEC___Rahul_G.mp4,3105,21595.067,21596.667,1.6,Title Card,78.0,"Title Card: headline=0.9417, textcov=1.0465, stability=0.88"
SIR_Row_Live__Protests___Politics_Over_Poll_Panel___Govt_VS_Oppn___CEC___Rahul_G.mp4,3106,21596.733,21597.333,0.6,Title Card,78.0,"Title Card: headline=0.7925, textcov=0.8274, stability=0.87"
SIR_Row_Live__Protests___Politics_Over_Poll_Panel___Govt_VS_Oppn___CEC___Rahul_G.mp4,3107,21597.4,21600.0,2.6,Title Card,78.0,"Title Card: headline=0.8856, textcov=0.9374, stability=0.82"
SIR_Row_Live__Protests___Politics_Over_Poll_Panel___Govt_VS_Oppn___CEC___Rahul_G.mp4,3108,21600.067,21604.6,4.533,Title Card,78.0,"Title Card: headline=1.0310, textcov=1.0631, stability=0.86"
SIR_Row_Live__Protests___Politics_Over_Poll_Panel___Govt_VS_Oppn___CEC___Rahul_G.mp4,3109,21604.667,21609.0,4.333,Title Card,78.0,"Title Card: headline=1.1882, textcov=1.2146, stability=0.84"
SIR_Row_Live__Protests___Politics_Over_Poll_Panel___Govt_VS_Oppn___CEC___Rahul_G.mp4,3110,21609.067,21626.067,17.0,Anchor Studio,84.0,"Anchor Studio: stable=0.90, symmetry=0.87, centered=True, faces=1, face_area=0.0033"
SIR_Row_Live__Protests___Politics_Over_Poll_Panel___Govt_VS_Oppn___CEC___Rahul_G.mp4,3111,21626.133,21630.067,3.934,Title Card,78.0,"Title Card: headline=1.1147, textcov=1.2225, stability=0.89"
SIR_Row_Live__Protests___Politics_Over_Poll_Panel___Govt_VS_Oppn___CEC___Rahul_G.mp4,3112,21630.133,21640.067,9.934,Title Card,78.0,"Title Card: headline=1.0900, textcov=1.2227, stability=0.93"
SIR_Row_Live__Protests___Politics_Over_Poll_Panel___Govt_VS_Oppn___CEC___Rahul_G.mp4,3113,21640.133,21643.4,3.267,Title Card,78.0,"Title Card: headline=0.6167, textcov=0.7709, stability=0.80"
SIR_Row_Live__Protests___Politics_Over_Poll_Panel___Govt_VS_Oppn___CEC___Rahul_G.mp4,3114,21643.467,21644.667,1.2,B-Roll,70.0,"B-Roll: motion=0.0718, edge=0.1388, face_area=0.0000, symmetry=0.95"
SIR_Row_Live__Protests___Politics_Over_Poll_Panel___Govt_VS_Oppn___CEC___Rahul_G.mp4,3115,21644.733,21645.6,0.867,Title Card,78.0,"Title Card: headline=0.8279, textcov=0.9206, stability=0.88"
SIR_Row_Live__Protests___Politics_Over_Poll_Panel___Govt_VS_Oppn___CEC___Rahul_G.mp4,3116,21645.667,21647.0,1.333,Title Card,78.0,"Title Card: headline=0.7981, textcov=0.9453, stability=0.89"
SIR_Row_Live__Protests___Politics_Over_Poll_Panel___Govt_VS_Oppn___CEC___Rahul_G.mp4,3117,21647.067,21652.333,5.266,Title Card,78.0,"Title Card: headline=0.9078, textcov=1.0479, stability=0.90"
SIR_Row_Live__Protests___Politics_Over_Poll_Panel___Govt_VS_Oppn___CEC___Rahul_G.mp4,3118,21652.4,21655.4,3.0,Anchor Studio,84.0,"Anchor Studio: stable=0.90, symmetry=0.99, centered=True, faces=1, face_area=0.0010"
SIR_Row_Live__Protests___Politics_Over_Poll_Panel___Govt_VS_Oppn___CEC___Rahul_G.mp4,3119,21655.467,21656.2,0.733,Anchor Studio,74.0,"Anchor Studio: stable=0.00, symmetry=0.97, centered=True, faces=2, face_area=0.0081"
SIR_Row_Live__Protests___Politics_Over_Poll_Panel___Govt_VS_Oppn___CEC___Rahul_G.mp4,3120,21656.267,21661.067,4.8,Anchor Studio,94.0,"Anchor Studio: stable=0.88, symmetry=0.99, centered=True, faces=2, face_area=0.0438"
SIR_Row_Live__Protests___Politics_Over_Poll_Panel___Govt_VS_Oppn___CEC___Rahul_G.mp4,3121,21661.133,21663.0,1.867,Anchor Studio,94.0,"Anchor Studio: stable=0.83, symmetry=0.99, centered=True, faces=2, face_area=0.0527"
SIR_Row_Live__Protests___Politics_Over_Poll_Panel___Govt_VS_Oppn___CEC___Rahul_G.mp4,3122,21663.067,21664.067,1.0,Anchor Studio,94.0,"Anchor Studio: stable=0.89, symmetry=1.00, centered=True, faces=3, face_area=0.0943"
SIR_Row_Live__Protests___Politics_Over_Poll_Panel___Govt_VS_Oppn___CEC___Rahul_G.mp4,3123,21664.133,21667.4,3.267,Anchor Studio,94.0,"Anchor Studio: stable=0.92, symmetry=0.99, centered=True, faces=2, face_area=0.0407"
SIR_Row_Live__Protests___Politics_Over_Poll_Panel___Govt_VS_Oppn___CEC___Rahul_G.mp4,3124,21667.467,21669.933,2.466,Anchor Studio,94.0,"Anchor Studio: stable=0.81, symmetry=0.97, centered=True, faces=2, face_area=0.0496"
SIR_Row_Live__Protests___Politics_Over_Poll_Panel___Govt_VS_Oppn___CEC___Rahul_G.mp4,3125,21670.0,21671.333,1.333,Anchor Studio,94.0,"Anchor Studio: stable=0.92, symmetry=0.98, centered=True, faces=2, face_area=0.0485"
SIR_Row_Live__Protests___Politics_Over_Poll_Panel___Govt_VS_Oppn___CEC___Rahul_G.mp4,3126,21671.4,21672.2,0.8,Anchor Studio,94.0,"Anchor Studio: stable=0.92, symmetry=0.99, centered=True, faces=2, face_area=0.0452"
SIR_Row_Live__Protests___Politics_Over_Poll_Panel___Govt_VS_Oppn___CEC___Rahul_G.mp4,3127,21672.267,21673.533,1.266,Anchor Studio,94.0,"Anchor Studio: stable=0.89, symmetry=0.98, centered=True, faces=2, face_area=0.0477"
SIR_Row_Live__Protests___Politics_Over_Poll_Panel___Govt_VS_Oppn___CEC___Rahul_G.mp4,3128,21673.6,21677.0,3.4,Anchor Studio,94.0,"Anchor Studio: stable=0.83, symmetry=0.98, centered=True, faces=2, face_area=0.0411"
SIR_Row_Live__Protests___Politics_Over_Poll_Panel___Govt_VS_Oppn___CEC___Rahul_G.mp4,3129,21677.067,21681.4,4.333,Anchor Studio,94.0,"Anchor Studio: stable=0.83, symmetry=0.95, centered=True, faces=3, face_area=0.0509"
SIR_Row_Live__Protests___Politics_Over_Poll_Panel___Govt_VS_Oppn___CEC___Rahul_G.mp4,3130,21681.467,21683.667,2.2,Anchor Studio,94.0,"Anchor Studio: stable=0.85, symmetry=0.95, centered=True, faces=2, face_area=0.0297"
SIR_Row_Live__Protests___Politics_Over_Poll_Panel___Govt_VS_Oppn___CEC___Rahul_G.mp4,3131,21683.733,21703.6,19.867,Title Card,78.0,"Title Card: headline=1.0629, textcov=1.1887, stability=0.93"
SIR_Row_Live__Protests___Politics_Over_Poll_Panel___Govt_VS_Oppn___CEC___Rahul_G.mp4,3132,21703.667,21706.533,2.866,Anchor Studio,84.0,"Anchor Studio: stable=0.76, symmetry=0.93, centered=True, faces=1, face_area=0.0004"
SIR_Row_Live__Protests___Politics_Over_Poll_Panel___Govt_VS_Oppn___CEC___Rahul_G.mp4,3133,21706.6,21719.733,13.133,Title Card,78.0,"Title Card: headline=0.9072, textcov=1.0584, stability=0.91"
SIR_Row_Live__Protests___Politics_Over_Poll_Panel___Govt_VS_Oppn___CEC___Rahul_G.mp4,3134,21719.8,21720.467,0.667,B-Roll,70.0,"B-Roll: motion=0.0496, edge=0.0964, face_area=0.0000, symmetry=0.74"
SIR_Row_Live__Protests___Politics_Over_Poll_Panel___Govt_VS_Oppn___CEC___Rahul_G.mp4,3135,21720.533,21725.8,5.267,Title Card,78.0,"Title Card: headline=1.2038, textcov=1.2754, stability=0.89"
SIR_Row_Live__Protests___Politics_Over_Poll_Panel___Govt_VS_Oppn___CEC___Rahul_G.mp4,3136,21725.867,21743.333,17.466,Title Card,78.0,"Title Card: headline=0.9570, textcov=1.0887, stability=0.92"
SIR_Row_Live__Protests___Politics_Over_Poll_Panel___Govt_VS_Oppn___CEC___Rahul_G.mp4,3137,21743.4,21764.8,21.4,Anchor Studio,84.0,"Anchor Studio: stable=0.88, symmetry=0.87, centered=True, faces=1, face_area=0.0026"
SIR_Row_Live__Protests___Politics_Over_Poll_Panel___Govt_VS_Oppn___CEC___Rahul_G.mp4,3138,21764.867,21780.8,15.933,Anchor Studio,94.0,"Anchor Studio: stable=0.85, symmetry=0.86, centered=True, faces=1, face_area=0.0193"
SIR_Row_Live__Protests___Politics_Over_Poll_Panel___Govt_VS_Oppn___CEC___Rahul_G.mp4,3139,21780.867,21838.933,58.066,Anchor Studio,84.0,"Anchor Studio: stable=0.88, symmetry=0.85, centered=True, faces=2, face_area=0.0034"
SIR_Row_Live__Protests___Politics_Over_Poll_Panel___Govt_VS_Oppn___CEC___Rahul_G.mp4,3140,21839.0,21876.0,37.0,Anchor Studio,84.0,"Anchor Studio: stable=0.82, symmetry=0.84, centered=True, faces=1, face_area=0.0043"
SIR_Row_Live__Protests___Politics_Over_Poll_Panel___Govt_VS_Oppn___CEC___Rahul_G.mp4,3141,21876.067,21905.2,29.133,Anchor Studio,94.0,"Anchor Studio: stable=0.87, symmetry=0.86, centered=True, faces=2, face_area=0.0224"
SIR_Row_Live__Protests___Politics_Over_Poll_Panel___Govt_VS_Oppn___CEC___Rahul_G.mp4,3142,21905.267,21906.133,0.866,B-Roll,70.0,"B-Roll: motion=0.0411, edge=0.1087, face_area=0.0000, symmetry=0.83"
SIR_Row_Live__Protests___Politics_Over_Poll_Panel___Govt_VS_Oppn___CEC___Rahul_G.mp4,3143,21906.2,21908.467,2.267,Anchor Studio,82.0,"Anchor Studio: stable=0.76, symmetry=0.99, centered=False, faces=1, face_area=0.0182"
SIR_Row_Live__Protests___Politics_Over_Poll_Panel___Govt_VS_Oppn___CEC___Rahul_G.mp4,3144,21908.533,21913.467,4.934,Anchor Studio,82.0,"Anchor Studio: stable=0.85, symmetry=0.91, centered=False, faces=1, face_area=0.0213"
SIR_Row_Live__Protests___Politics_Over_Poll_Panel___Govt_VS_Oppn___CEC___Rahul_G.mp4,3145,21913.533,21918.0,4.467,Anchor Studio,82.0,"Anchor Studio: stable=0.80, symmetry=0.95, centered=False, faces=1, face_area=0.0201"
SIR_Row_Live__Protests___Politics_Over_Poll_Panel___Govt_VS_Oppn___CEC___Rahul_G.mp4,3146,21918.067,21919.933,1.866,Anchor Studio,82.0,"Anchor Studio: stable=0.85, symmetry=0.94, centered=False, faces=1, face_area=0.0209"
SIR_Row_Live__Protests___Politics_Over_Poll_Panel___Govt_VS_Oppn___CEC___Rahul_G.mp4,3147,21920.0,21923.0,3.0,Anchor Studio,82.0,"Anchor Studio: stable=0.85, symmetry=0.95, centered=False, faces=1, face_area=0.0184"
SIR_Row_Live__Protests___Politics_Over_Poll_Panel___Govt_VS_Oppn___CEC___Rahul_G.mp4,3148,21923.067,21924.6,1.533,Anchor Studio,82.0,"Anchor Studio: stable=0.84, symmetry=0.95, centered=False, faces=1, face_area=0.0216"
SIR_Row_Live__Protests___Politics_Over_Poll_Panel___Govt_VS_Oppn___CEC___Rahul_G.mp4,3149,21924.667,21928.0,3.333,Anchor Studio,82.0,"Anchor Studio: stable=0.84, symmetry=0.95, centered=False, faces=1, face_area=0.0216"
SIR_Row_Live__Protests___Politics_Over_Poll_Panel___Govt_VS_Oppn___CEC___Rahul_G.mp4,3150,21928.067,21933.0,4.933,Anchor Studio,82.0,"Anchor Studio: stable=0.86, symmetry=0.95, centered=False, faces=1, face_area=0.0177"
SIR_Row_Live__Protests___Politics_Over_Poll_Panel___Govt_VS_Oppn___CEC___Rahul_G.mp4,3151,21933.067,21937.533,4.466,Anchor Studio,82.0,"Anchor Studio: stable=0.76, symmetry=0.95, centered=False, faces=1, face_area=0.0145"
SIR_Row_Live__Protests___Politics_Over_Poll_Panel___Govt_VS_Oppn___CEC___Rahul_G.mp4,3152,21937.6,21946.2,8.6,Anchor Studio,94.0,"Anchor Studio: stable=0.86, symmetry=0.94, centered=True, faces=2, face_area=0.0160"
SIR_Row_Live__Protests___Politics_Over_Poll_Panel___Govt_VS_Oppn___CEC___Rahul_G.mp4,3153,21946.267,21949.2,2.933,Anchor Studio,94.0,"Anchor Studio: stable=0.88, symmetry=0.98, centered=True, faces=2, face_area=0.0170"
SIR_Row_Live__Protests___Politics_Over_Poll_Panel___Govt_VS_Oppn___CEC___Rahul_G.mp4,3154,21949.267,21952.533,3.266,Anchor Studio,94.0,"Anchor Studio: stable=0.89, symmetry=0.91, centered=True, faces=3, face_area=0.0195"
SIR_Row_Live__Protests___Politics_Over_Poll_Panel___Govt_VS_Oppn___CEC___Rahul_G.mp4,3155,21952.6,21955.133,2.533,Field Report,68.0,"Field Report: motion=0.0283, faces=1, centered=False, symmetry=0.95"
SIR_Row_Live__Protests___Politics_Over_Poll_Panel___Govt_VS_Oppn___CEC___Rahul_G.mp4,3156,21955.2,21955.867,0.667,B-Roll,70.0,"B-Roll: motion=0.0643, edge=0.0866, face_area=0.0018, symmetry=0.75"
SIR_Row_Live__Protests___Politics_Over_Poll_Panel___Govt_VS_Oppn___CEC___Rahul_G.mp4,3157,21955.933,21960.467,4.534,Anchor Studio,94.0,"Anchor Studio: stable=0.76, symmetry=0.95, centered=True, faces=2, face_area=0.0199"
SIR_Row_Live__Protests___Politics_Over_Poll_Panel___Govt_VS_Oppn___CEC___Rahul_G.mp4,3158,21960.533,21962.267,1.734,Anchor Studio,94.0,"Anchor Studio: stable=0.92, symmetry=0.99, centered=True, faces=2, face_area=0.0334"
SIR_Row_Live__Protests___Politics_Over_Poll_Panel___Govt_VS_Oppn___CEC___Rahul_G.mp4,3159,21962.333,21968.733,6.4,Anchor Studio,94.0,"Anchor Studio: stable=0.86, symmetry=0.98, centered=True, faces=2, face_area=0.0212"
SIR_Row_Live__Protests___Politics_Over_Poll_Panel___Govt_VS_Oppn___CEC___Rahul_G.mp4,3160,21968.8,21970.467,1.667,Anchor Studio,84.0,"Anchor Studio: stable=0.69, symmetry=0.98, centered=True, faces=2, face_area=0.0249"
SIR_Row_Live__Protests___Politics_Over_Poll_Panel___Govt_VS_Oppn___CEC___Rahul_G.mp4,3161,21970.533,21975.467,4.934,Anchor Studio,94.0,"Anchor Studio: stable=0.87, symmetry=0.93, centered=True, faces=2, face_area=0.0303"
SIR_Row_Live__Protests___Politics_Over_Poll_Panel___Govt_VS_Oppn___CEC___Rahul_G.mp4,3162,21975.533,21977.4,1.867,Anchor Studio,94.0,"Anchor Studio: stable=0.82, symmetry=0.86, centered=True, faces=1, face_area=0.0242"
SIR_Row_Live__Protests___Politics_Over_Poll_Panel___Govt_VS_Oppn___CEC___Rahul_G.mp4,3163,21977.467,21979.8,2.333,Anchor Studio,94.0,"Anchor Studio: stable=0.77, symmetry=0.95, centered=True, faces=1, face_area=0.0159"
SIR_Row_Live__Protests___Politics_Over_Poll_Panel___Govt_VS_Oppn___CEC___Rahul_G.mp4,3164,21979.867,21982.733,2.866,Anchor Studio,94.0,"Anchor Studio: stable=0.83, symmetry=0.96, centered=True, faces=2, face_area=0.0314"
SIR_Row_Live__Protests___Politics_Over_Poll_Panel___Govt_VS_Oppn___CEC___Rahul_G.mp4,3165,21982.8,21986.4,3.6,Anchor Studio,94.0,"Anchor Studio: stable=0.86, symmetry=0.98, centered=True, faces=2, face_area=0.0242"
SIR_Row_Live__Protests___Politics_Over_Poll_Panel___Govt_VS_Oppn___CEC___Rahul_G.mp4,3166,21986.467,21987.133,0.666,Anchor Studio,94.0,"Anchor Studio: stable=0.81, symmetry=0.99, centered=True, faces=2, face_area=0.0441"
SIR_Row_Live__Protests___Politics_Over_Poll_Panel___Govt_VS_Oppn___CEC___Rahul_G.mp4,3167,21987.2,21991.467,4.267,Anchor Studio,94.0,"Anchor Studio: stable=0.83, symmetry=0.99, centered=True, faces=2, face_area=0.0194"
SIR_Row_Live__Protests___Politics_Over_Poll_Panel___Govt_VS_Oppn___CEC___Rahul_G.mp4,3168,21991.533,21992.8,1.267,Anchor Studio,84.0,"Anchor Studio: stable=0.78, symmetry=0.98, centered=True, faces=1, face_area=0.0011"
SIR_Row_Live__Protests___Politics_Over_Poll_Panel___Govt_VS_Oppn___CEC___Rahul_G.mp4,3169,21992.867,21996.0,3.133,Anchor Studio,94.0,"Anchor Studio: stable=0.81, symmetry=0.98, centered=True, faces=1, face_area=0.0236"
SIR_Row_Live__Protests___Politics_Over_Poll_Panel___Govt_VS_Oppn___CEC___Rahul_G.mp4,3170,21996.067,21997.133,1.066,Anchor Studio,94.0,"Anchor Studio: stable=0.84, symmetry=1.00, centered=True, faces=2, face_area=0.0362"
SIR_Row_Live__Protests___Politics_Over_Poll_Panel___Govt_VS_Oppn___CEC___Rahul_G.mp4,3171,21997.2,22001.8,4.6,Anchor Studio,94.0,"Anchor Studio: stable=0.83, symmetry=0.99, centered=True, faces=2, face_area=0.0251"
SIR_Row_Live__Protests___Politics_Over_Poll_Panel___Govt_VS_Oppn___CEC___Rahul_G.mp4,3172,22001.867,22005.933,4.066,Anchor Studio,94.0,"Anchor Studio: stable=0.85, symmetry=0.98, centered=True, faces=2, face_area=0.0217"
SIR_Row_Live__Protests___Politics_Over_Poll_Panel___Govt_VS_Oppn___CEC___Rahul_G.mp4,3173,22006.0,22011.8,5.8,Anchor Studio,94.0,"Anchor Studio: stable=0.81, symmetry=0.96, centered=True, faces=2, face_area=0.0249"
SIR_Row_Live__Protests___Politics_Over_Poll_Panel___Govt_VS_Oppn___CEC___Rahul_G.mp4,3174,22011.867,22013.467,1.6,Anchor Studio,94.0,"Anchor Studio: stable=0.79, symmetry=0.94, centered=True, faces=2, face_area=0.0234"
SIR_Row_Live__Protests___Politics_Over_Poll_Panel___Govt_VS_Oppn___CEC___Rahul_G.mp4,3175,22013.533,22014.2,0.667,Anchor Studio,72.0,"Anchor Studio: stable=0.59, symmetry=0.79, centered=True, faces=2, face_area=0.0149"
SIR_Row_Live__Protests___Politics_Over_Poll_Panel___Govt_VS_Oppn___CEC___Rahul_G.mp4,3176,22014.267,22015.533,1.266,Anchor Studio,74.0,"Anchor Studio: stable=0.66, symmetry=0.87, centered=True, faces=1, face_area=0.0010"
SIR_Row_Live__Protests___Politics_Over_Poll_Panel___Govt_VS_Oppn___CEC___Rahul_G.mp4,3177,22015.6,22019.667,4.067,Anchor Studio,84.0,"Anchor Studio: stable=0.81, symmetry=0.95, centered=True, faces=2, face_area=0.0085"
SIR_Row_Live__Protests___Politics_Over_Poll_Panel___Govt_VS_Oppn___CEC___Rahul_G.mp4,3178,22019.733,22024.667,4.934,Anchor Studio,94.0,"Anchor Studio: stable=0.82, symmetry=0.84, centered=True, faces=2, face_area=0.0171"
SIR_Row_Live__Protests___Politics_Over_Poll_Panel___Govt_VS_Oppn___CEC___Rahul_G.mp4,3179,22024.733,22062.933,38.2,Anchor Studio,84.0,"Anchor Studio: stable=0.84, symmetry=0.93, centered=True, faces=1, face_area=0.0030"
SIR_Row_Live__Protests___Politics_Over_Poll_Panel___Govt_VS_Oppn___CEC___Rahul_G.mp4,3180,22063.0,22090.333,27.333,Anchor Studio,94.0,"Anchor Studio: stable=0.89, symmetry=0.88, centered=True, faces=2, face_area=0.0110"
SIR_Row_Live__Protests___Politics_Over_Poll_Panel___Govt_VS_Oppn___CEC___Rahul_G.mp4,3181,22090.4,22092.0,1.6,Anchor Studio,84.0,"Anchor Studio: stable=0.65, symmetry=0.89, centered=True, faces=4, face_area=0.0635"
SIR_Row_Live__Protests___Politics_Over_Poll_Panel___Govt_VS_Oppn___CEC___Rahul_G.mp4,3182,22092.067,22093.2,1.133,Anchor Studio,94.0,"Anchor Studio: stable=0.85, symmetry=0.89, centered=True, faces=3, face_area=0.1126"
SIR_Row_Live__Protests___Politics_Over_Poll_Panel___Govt_VS_Oppn___CEC___Rahul_G.mp4,3183,22093.267,22093.933,0.666,Anchor Studio,72.0,"Anchor Studio: stable=0.55, symmetry=0.77, centered=True, faces=2, face_area=0.0163"
SIR_Row_Live__Protests___Politics_Over_Poll_Panel___Govt_VS_Oppn___CEC___Rahul_G.mp4,3184,22094.0,22098.2,4.2,Anchor Studio,84.0,"Anchor Studio: stable=0.74, symmetry=0.87, centered=True, faces=2, face_area=0.0386"
SIR_Row_Live__Protests___Politics_Over_Poll_Panel___Govt_VS_Oppn___CEC___Rahul_G.mp4,3185,22098.267,22102.133,3.866,Anchor Studio,94.0,"Anchor Studio: stable=0.88, symmetry=0.99, centered=True, faces=3, face_area=0.1112"
SIR_Row_Live__Protests___Politics_Over_Poll_Panel___Govt_VS_Oppn___CEC___Rahul_G.mp4,3186,22102.2,22112.0,9.8,Anchor Studio,94.0,"Anchor Studio: stable=0.90, symmetry=0.98, centered=True, faces=3, face_area=0.1161"
SIR_Row_Live__Protests___Politics_Over_Poll_Panel___Govt_VS_Oppn___CEC___Rahul_G.mp4,3187,22112.067,22129.2,17.133,Anchor Studio,94.0,"Anchor Studio: stable=0.88, symmetry=0.97, centered=True, faces=3, face_area=0.1175"
SIR_Row_Live__Protests___Politics_Over_Poll_Panel___Govt_VS_Oppn___CEC___Rahul_G.mp4,3188,22129.267,22131.8,2.533,Anchor Studio,94.0,"Anchor Studio: stable=0.90, symmetry=0.96, centered=True, faces=3, face_area=0.1183"
SIR_Row_Live__Protests___Politics_Over_Poll_Panel___Govt_VS_Oppn___CEC___Rahul_G.mp4,3189,22131.867,22132.533,0.666,Anchor Studio,84.0,"Anchor Studio: stable=0.61, symmetry=0.80, centered=True, faces=3, face_area=0.0389"
SIR_Row_Live__Protests___Politics_Over_Poll_Panel___Govt_VS_Oppn___CEC___Rahul_G.mp4,3190,22132.6,22133.733,1.133,B-Roll,70.0,"B-Roll: motion=0.0369, edge=0.1108, face_area=0.0024, symmetry=0.86"
SIR_Row_Live__Protests___Politics_Over_Poll_Panel___Govt_VS_Oppn___CEC___Rahul_G.mp4,3191,22133.8,22152.0,18.2,Anchor Studio,94.0,"Anchor Studio: stable=0.90, symmetry=0.84, centered=True, faces=2, face_area=0.0220"
SIR_Row_Live__Protests___Politics_Over_Poll_Panel___Govt_VS_Oppn___CEC___Rahul_G.mp4,3192,22152.067,22157.133,5.066,Anchor Studio,94.0,"Anchor Studio: stable=0.84, symmetry=0.94, centered=True, faces=2, face_area=0.0195"
SIR_Row_Live__Protests___Politics_Over_Poll_Panel___Govt_VS_Oppn___CEC___Rahul_G.mp4,3193,22157.2,22157.733,0.533,Anchor Studio,82.0,"Anchor Studio: stable=0.90, symmetry=0.97, centered=False, faces=1, face_area=0.0207"
SIR_Row_Live__Protests___Politics_Over_Poll_Panel___Govt_VS_Oppn___CEC___Rahul_G.mp4,3194,22157.8,22159.133,1.333,B-Roll,70.0,"B-Roll: motion=0.0693, edge=0.1522, face_area=0.0000, symmetry=0.96"
SIR_Row_Live__Protests___Politics_Over_Poll_Panel___Govt_VS_Oppn___CEC___Rahul_G.mp4,3195,22159.2,22159.8,0.6,Title Card,68.0,"Title Card: headline=0.8343, textcov=0.9207, stability=0.79"
SIR_Row_Live__Protests___Politics_Over_Poll_Panel___Govt_VS_Oppn___CEC___Rahul_G.mp4,3196,22159.867,22161.333,1.466,Anchor Studio,82.0,"Anchor Studio: stable=0.88, symmetry=0.96, centered=False, faces=1, face_area=0.0175"
SIR_Row_Live__Protests___Politics_Over_Poll_Panel___Govt_VS_Oppn___CEC___Rahul_G.mp4,3197,22161.4,22162.133,0.733,Anchor Studio,82.0,"Anchor Studio: stable=0.90, symmetry=0.95, centered=False, faces=1, face_area=0.0225"
SIR_Row_Live__Protests___Politics_Over_Poll_Panel___Govt_VS_Oppn___CEC___Rahul_G.mp4,3198,22162.2,22166.667,4.467,Title Card,74.0,"Title Card: headline=0.8350, textcov=0.9315, stability=0.83"
SIR_Row_Live__Protests___Politics_Over_Poll_Panel___Govt_VS_Oppn___CEC___Rahul_G.mp4,3199,22166.733,22169.133,2.4,Title Card,78.0,"Title Card: headline=0.8756, textcov=1.0062, stability=0.89"
SIR_Row_Live__Protests___Politics_Over_Poll_Panel___Govt_VS_Oppn___CEC___Rahul_G.mp4,3200,22169.2,22171.667,2.467,Field Report,68.0,"Field Report: motion=0.0460, faces=1, centered=False, symmetry=0.96"
SIR_Row_Live__Protests___Politics_Over_Poll_Panel___Govt_VS_Oppn___CEC___Rahul_G.mp4,3201,22171.733,22176.6,4.867,Anchor Studio,94.0,"Anchor Studio: stable=0.85, symmetry=0.94, centered=True, faces=2, face_area=0.0216"
SIR_Row_Live__Protests___Politics_Over_Poll_Panel___Govt_VS_Oppn___CEC___Rahul_G.mp4,3202,22176.667,22179.0,2.333,Anchor Studio,82.0,"Anchor Studio: stable=0.84, symmetry=0.96, centered=False, faces=1, face_area=0.0185"
SIR_Row_Live__Protests___Politics_Over_Poll_Panel___Govt_VS_Oppn___CEC___Rahul_G.mp4,3203,22179.067,22181.6,2.533,Anchor Studio,82.0,"Anchor Studio: stable=0.86, symmetry=0.92, centered=False, faces=1, face_area=0.0170"
SIR_Row_Live__Protests___Politics_Over_Poll_Panel___Govt_VS_Oppn___CEC___Rahul_G.mp4,3204,22181.667,22184.267,2.6,Anchor Studio,82.0,"Anchor Studio: stable=0.86, symmetry=0.93, centered=False, faces=1, face_area=0.0197"
SIR_Row_Live__Protests___Politics_Over_Poll_Panel___Govt_VS_Oppn___CEC___Rahul_G.mp4,3205,22184.333,22186.2,1.867,Field Report,68.0,"Field Report: motion=0.0338, faces=1, centered=False, symmetry=0.96"
SIR_Row_Live__Protests___Politics_Over_Poll_Panel___Govt_VS_Oppn___CEC___Rahul_G.mp4,3206,22186.267,22188.933,2.666,Anchor Studio,82.0,"Anchor Studio: stable=0.84, symmetry=0.97, centered=False, faces=1, face_area=0.0217"
SIR_Row_Live__Protests___Politics_Over_Poll_Panel___Govt_VS_Oppn___CEC___Rahul_G.mp4,3207,22189.0,22190.4,1.4,Anchor Studio,82.0,"Anchor Studio: stable=0.84, symmetry=0.95, centered=False, faces=1, face_area=0.0216"
SIR_Row_Live__Protests___Politics_Over_Poll_Panel___Govt_VS_Oppn___CEC___Rahul_G.mp4,3208,22190.467,22195.933,5.466,Anchor Studio,94.0,"Anchor Studio: stable=0.90, symmetry=0.86, centered=True, faces=2, face_area=0.0232"
SIR_Row_Live__Protests___Politics_Over_Poll_Panel___Govt_VS_Oppn___CEC___Rahul_G.mp4,3209,22196.0,22248.8,52.8,Anchor Studio,94.0,"Anchor Studio: stable=0.92, symmetry=0.83, centered=True, faces=2, face_area=0.0193"
SIR_Row_Live__Protests___Politics_Over_Poll_Panel___Govt_VS_Oppn___CEC___Rahul_G.mp4,3210,22248.867,22268.8,19.933,Anchor Studio,82.0,"Anchor Studio: stable=0.92, symmetry=0.92, centered=False, faces=1, face_area=0.0204"
SIR_Row_Live__Protests___Politics_Over_Poll_Panel___Govt_VS_Oppn___CEC___Rahul_G.mp4,3211,22268.867,22296.2,27.333,Anchor Studio,94.0,"Anchor Studio: stable=0.91, symmetry=0.92, centered=True, faces=2, face_area=0.0207"
SIR_Row_Live__Protests___Politics_Over_Poll_Panel___Govt_VS_Oppn___CEC___Rahul_G.mp4,3212,22296.267,22299.0,2.733,Anchor Studio,94.0,"Anchor Studio: stable=0.81, symmetry=0.93, centered=True, faces=2, face_area=0.0645"
SIR_Row_Live__Protests___Politics_Over_Poll_Panel___Govt_VS_Oppn___CEC___Rahul_G.mp4,3213,22299.067,22306.333,7.266,Anchor Studio,94.0,"Anchor Studio: stable=0.85, symmetry=0.94, centered=True, faces=4, face_area=0.1236"
SIR_Row_Live__Protests___Politics_Over_Poll_Panel___Govt_VS_Oppn___CEC___Rahul_G.mp4,3214,22306.4,22332.0,25.6,Anchor Studio,94.0,"Anchor Studio: stable=0.90, symmetry=0.95, centered=True, faces=4, face_area=0.1147"
SIR_Row_Live__Protests___Politics_Over_Poll_Panel___Govt_VS_Oppn___CEC___Rahul_G.mp4,3215,22332.067,22332.733,0.666,Anchor Studio,72.0,"Anchor Studio: stable=0.61, symmetry=0.77, centered=True, faces=1, face_area=0.0275"
SIR_Row_Live__Protests___Politics_Over_Poll_Panel___Govt_VS_Oppn___CEC___Rahul_G.mp4,3216,22332.8,22362.467,29.667,Anchor Studio,82.0,"Anchor Studio: stable=0.90, symmetry=0.80, centered=True, faces=2, face_area=0.0236"
SIR_Row_Live__Protests___Politics_Over_Poll_Panel___Govt_VS_Oppn___CEC___Rahul_G.mp4,3217,22362.533,22400.667,38.134,Title Card,74.0,"Title Card: headline=0.7652, textcov=0.9040, stability=0.92"
SIR_Row_Live__Protests___Politics_Over_Poll_Panel___Govt_VS_Oppn___CEC___Rahul_G.mp4,3218,22400.733,22402.133,1.4,Anchor Studio,82.0,"Anchor Studio: stable=0.81, symmetry=0.95, centered=False, faces=1, face_area=0.0221"
SIR_Row_Live__Protests___Politics_Over_Poll_Panel___Govt_VS_Oppn___CEC___Rahul_G.mp4,3219,22402.2,22403.533,1.333,Anchor Studio,82.0,"Anchor Studio: stable=0.83, symmetry=0.93, centered=False, faces=1, face_area=0.0180"
SIR_Row_Live__Protests___Politics_Over_Poll_Panel___Govt_VS_Oppn___CEC___Rahul_G.mp4,3220,22403.6,22408.533,4.933,Anchor Studio,94.0,"Anchor Studio: stable=0.84, symmetry=0.94, centered=True, faces=2, face_area=0.0240"
SIR_Row_Live__Protests___Politics_Over_Poll_Panel___Govt_VS_Oppn___CEC___Rahul_G.mp4,3221,22408.6,22412.2,3.6,Anchor Studio,82.0,"Anchor Studio: stable=0.84, symmetry=0.95, centered=False, faces=1, face_area=0.0123"
SIR_Row_Live__Protests___Politics_Over_Poll_Panel___Govt_VS_Oppn___CEC___Rahul_G.mp4,3222,22412.267,22413.133,0.866,Anchor Studio,72.0,"Anchor Studio: stable=0.67, symmetry=0.88, centered=False, faces=1, face_area=0.0145"
SIR_Row_Live__Protests___Politics_Over_Poll_Panel___Govt_VS_Oppn___CEC___Rahul_G.mp4,3223,22413.2,22415.0,1.8,Anchor Studio,82.0,"Anchor Studio: stable=0.87, symmetry=0.92, centered=False, faces=1, face_area=0.0114"
SIR_Row_Live__Protests___Politics_Over_Poll_Panel___Govt_VS_Oppn___CEC___Rahul_G.mp4,3224,22415.067,22418.133,3.066,Anchor Studio,82.0,"Anchor Studio: stable=0.83, symmetry=0.95, centered=False, faces=1, face_area=0.0127"
SIR_Row_Live__Protests___Politics_Over_Poll_Panel___Govt_VS_Oppn___CEC___Rahul_G.mp4,3225,22418.2,22419.067,0.867,Anchor Studio,82.0,"Anchor Studio: stable=0.86, symmetry=0.96, centered=False, faces=1, face_area=0.0187"
SIR_Row_Live__Protests___Politics_Over_Poll_Panel___Govt_VS_Oppn___CEC___Rahul_G.mp4,3226,22419.133,22422.333,3.2,Anchor Studio,94.0,"Anchor Studio: stable=0.87, symmetry=0.97, centered=True, faces=3, face_area=0.0585"
SIR_Row_Live__Protests___Politics_Over_Poll_Panel___Govt_VS_Oppn___CEC___Rahul_G.mp4,3227,22422.4,22426.067,3.667,Anchor Studio,94.0,"Anchor Studio: stable=0.89, symmetry=0.95, centered=True, faces=3, face_area=0.0723"
SIR_Row_Live__Protests___Politics_Over_Poll_Panel___Govt_VS_Oppn___CEC___Rahul_G.mp4,3228,22426.133,22430.4,4.267,Anchor Studio,94.0,"Anchor Studio: stable=0.87, symmetry=0.96, centered=True, faces=4, face_area=0.0631"
SIR_Row_Live__Protests___Politics_Over_Poll_Panel___Govt_VS_Oppn___CEC___Rahul_G.mp4,3229,22430.467,22432.2,1.733,Anchor Studio,94.0,"Anchor Studio: stable=0.83, symmetry=0.93, centered=True, faces=3, face_area=0.0651"
SIR_Row_Live__Protests___Politics_Over_Poll_Panel___Govt_VS_Oppn___CEC___Rahul_G.mp4,3230,22432.267,22435.2,2.933,Anchor Studio,94.0,"Anchor Studio: stable=0.88, symmetry=0.96, centered=True, faces=3, face_area=0.0577"
SIR_Row_Live__Protests___Politics_Over_Poll_Panel___Govt_VS_Oppn___CEC___Rahul_G.mp4,3231,22435.267,22438.533,3.266,Anchor Studio,94.0,"Anchor Studio: stable=0.86, symmetry=0.95, centered=True, faces=3, face_area=0.0527"
SIR_Row_Live__Protests___Politics_Over_Poll_Panel___Govt_VS_Oppn___CEC___Rahul_G.mp4,3232,22438.6,22442.2,3.6,Anchor Studio,94.0,"Anchor Studio: stable=0.88, symmetry=0.97, centered=True, faces=4, face_area=0.0784"
SIR_Row_Live__Protests___Politics_Over_Poll_Panel___Govt_VS_Oppn___CEC___Rahul_G.mp4,3233,22442.267,22443.133,0.866,Anchor Studio,94.0,"Anchor Studio: stable=0.82, symmetry=0.95, centered=True, faces=3, face_area=0.0570"
SIR_Row_Live__Protests___Politics_Over_Poll_Panel___Govt_VS_Oppn___CEC___Rahul_G.mp4,3234,22443.2,22444.2,1.0,Anchor Studio,82.0,"Anchor Studio: stable=0.77, symmetry=0.95, centered=False, faces=2, face_area=0.0433"
SIR_Row_Live__Protests___Politics_Over_Poll_Panel___Govt_VS_Oppn___CEC___Rahul_G.mp4,3235,22444.267,22446.6,2.333,Anchor Studio,94.0,"Anchor Studio: stable=0.90, symmetry=0.95, centered=True, faces=3, face_area=0.0445"
SIR_Row_Live__Protests___Politics_Over_Poll_Panel___Govt_VS_Oppn___CEC___Rahul_G.mp4,3236,22446.667,22448.4,1.733,Anchor Studio,94.0,"Anchor Studio: stable=0.80, symmetry=0.91, centered=True, faces=3, face_area=0.0535"
SIR_Row_Live__Protests___Politics_Over_Poll_Panel___Govt_VS_Oppn___CEC___Rahul_G.mp4,3237,22448.467,22452.2,3.733,Anchor Studio,94.0,"Anchor Studio: stable=0.87, symmetry=0.89, centered=True, faces=2, face_area=0.0214"
SIR_Row_Live__Protests___Politics_Over_Poll_Panel___Govt_VS_Oppn___CEC___Rahul_G.mp4,3238,22452.267,22462.133,9.866,Anchor Studio,82.0,"Anchor Studio: stable=0.85, symmetry=0.86, centered=False, faces=2, face_area=0.0200"
SIR_Row_Live__Protests___Politics_Over_Poll_Panel___Govt_VS_Oppn___CEC___Rahul_G.mp4,3239,22462.2,22466.6,4.4,Anchor Studio,94.0,"Anchor Studio: stable=0.85, symmetry=0.89, centered=True, faces=2, face_area=0.0211"
SIR_Row_Live__Protests___Politics_Over_Poll_Panel___Govt_VS_Oppn___CEC___Rahul_G.mp4,3240,22466.667,22472.133,5.466,Anchor Studio,82.0,"Anchor Studio: stable=0.86, symmetry=0.88, centered=False, faces=2, face_area=0.0168"
SIR_Row_Live__Protests___Politics_Over_Poll_Panel___Govt_VS_Oppn___CEC___Rahul_G.mp4,3241,22472.2,22482.2,10.0,Anchor Studio,94.0,"Anchor Studio: stable=0.84, symmetry=0.88, centered=True, faces=2, face_area=0.0214"
SIR_Row_Live__Protests___Politics_Over_Poll_Panel___Govt_VS_Oppn___CEC___Rahul_G.mp4,3242,22482.267,22492.133,9.866,Anchor Studio,82.0,"Anchor Studio: stable=0.85, symmetry=0.85, centered=False, faces=1, face_area=0.0197"
SIR_Row_Live__Protests___Politics_Over_Poll_Panel___Govt_VS_Oppn___CEC___Rahul_G.mp4,3243,22492.2,22496.533,4.333,Anchor Studio,82.0,"Anchor Studio: stable=0.88, symmetry=0.91, centered=False, faces=1, face_area=0.0175"
SIR_Row_Live__Protests___Politics_Over_Poll_Panel___Govt_VS_Oppn___CEC___Rahul_G.mp4,3244,22496.6,22500.8,4.2,Anchor Studio,94.0,"Anchor Studio: stable=0.77, symmetry=0.91, centered=True, faces=3, face_area=0.0673"
SIR_Row_Live__Protests___Politics_Over_Poll_Panel___Govt_VS_Oppn___CEC___Rahul_G.mp4,3245,22500.867,22501.6,0.733,Anchor Studio,72.0,"Anchor Studio: stable=0.55, symmetry=0.81, centered=False, faces=2, face_area=0.0357"
SIR_Row_Live__Protests___Politics_Over_Poll_Panel___Govt_VS_Oppn___CEC___Rahul_G.mp4,3246,22501.667,22517.933,16.266,Anchor Studio,94.0,"Anchor Studio: stable=0.88, symmetry=0.92, centered=True, faces=2, face_area=0.0432"
SIR_Row_Live__Protests___Politics_Over_Poll_Panel___Govt_VS_Oppn___CEC___Rahul_G.mp4,3247,22518.0,22530.4,12.4,Anchor Studio,94.0,"Anchor Studio: stable=0.77, symmetry=0.91, centered=True, faces=2, face_area=0.0279"
SIR_Row_Live__Protests___Politics_Over_Poll_Panel___Govt_VS_Oppn___CEC___Rahul_G.mp4,3248,22530.467,22537.067,6.6,Anchor Studio,84.0,"Anchor Studio: stable=0.52, symmetry=0.97, centered=True, faces=2, face_area=0.0285"
SIR_Row_Live__Protests___Politics_Over_Poll_Panel___Govt_VS_Oppn___CEC___Rahul_G.mp4,3249,22537.133,22537.933,0.8,Anchor Studio,82.0,"Anchor Studio: stable=0.79, symmetry=0.95, centered=False, faces=2, face_area=0.0397"
SIR_Row_Live__Protests___Politics_Over_Poll_Panel___Govt_VS_Oppn___CEC___Rahul_G.mp4,3250,22538.0,22541.4,3.4,Anchor Studio,72.0,"Anchor Studio: stable=0.55, symmetry=0.96, centered=False, faces=2, face_area=0.0451"
SIR_Row_Live__Protests___Politics_Over_Poll_Panel___Govt_VS_Oppn___CEC___Rahul_G.mp4,3251,22541.467,22543.733,2.266,Anchor Studio,72.0,"Anchor Studio: stable=0.57, symmetry=0.95, centered=False, faces=2, face_area=0.0452"
SIR_Row_Live__Protests___Politics_Over_Poll_Panel___Govt_VS_Oppn___CEC___Rahul_G.mp4,3252,22543.8,22566.333,22.533,Anchor Studio,94.0,"Anchor Studio: stable=0.88, symmetry=0.93, centered=True, faces=3, face_area=0.0406"
SIR_Row_Live__Protests___Politics_Over_Poll_Panel___Govt_VS_Oppn___CEC___Rahul_G.mp4,3253,22566.4,22578.933,12.533,Anchor Studio,82.0,"Anchor Studio: stable=0.85, symmetry=0.91, centered=False, faces=3, face_area=0.0523"
SIR_Row_Live__Protests___Politics_Over_Poll_Panel___Govt_VS_Oppn___CEC___Rahul_G.mp4,3254,22579.0,22601.2,22.2,Anchor Studio,82.0,"Anchor Studio: stable=0.86, symmetry=0.89, centered=False, faces=3, face_area=0.0500"
SIR_Row_Live__Protests___Politics_Over_Poll_Panel___Govt_VS_Oppn___CEC___Rahul_G.mp4,3255,22601.267,22610.667,9.4,Anchor Studio,74.0,"Anchor Studio: stable=0.34, symmetry=0.86, centered=True, faces=1, face_area=0.0007"
SIR_Row_Live__Protests___Politics_Over_Poll_Panel___Govt_VS_Oppn___CEC___Rahul_G.mp4,3256,22610.733,22623.533,12.8,Anchor Studio,84.0,"Anchor Studio: stable=0.47, symmetry=0.91, centered=True, faces=3, face_area=0.0135"
SIR_Row_Live__Protests___Politics_Over_Poll_Panel___Govt_VS_Oppn___CEC___Rahul_G.mp4,3257,22623.6,22626.6,3.0,Anchor Studio,74.0,"Anchor Studio: stable=0.27, symmetry=0.91, centered=True, faces=1, face_area=0.0064"
SIR_Row_Live__Protests___Politics_Over_Poll_Panel___Govt_VS_Oppn___CEC___Rahul_G.mp4,3258,22626.667,22631.8,5.133,B-Roll,70.0,"B-Roll: motion=0.0591, edge=0.1671, face_area=0.0003, symmetry=0.84"
SIR_Row_Live__Protests___Politics_Over_Poll_Panel___Govt_VS_Oppn___CEC___Rahul_G.mp4,3259,22631.867,22634.733,2.866,Anchor Studio,84.0,"Anchor Studio: stable=0.42, symmetry=0.95, centered=True, faces=2, face_area=0.0797"
SIR_Row_Live__Protests___Politics_Over_Poll_Panel___Govt_VS_Oppn___CEC___Rahul_G.mp4,3260,22634.8,22637.8,3.0,B-Roll,70.0,"B-Roll: motion=0.0768, edge=0.1473, face_area=0.0000, symmetry=0.95"
SIR_Row_Live__Protests___Politics_Over_Poll_Panel___Govt_VS_Oppn___CEC___Rahul_G.mp4,3261,22637.867,22639.267,1.4,B-Roll,70.0,"B-Roll: motion=0.1100, edge=0.1317, face_area=0.0000, symmetry=0.95"
SIR_Row_Live__Protests___Politics_Over_Poll_Panel___Govt_VS_Oppn___CEC___Rahul_G.mp4,3262,22639.333,22647.333,8.0,Anchor Studio,74.0,"Anchor Studio: stable=0.14, symmetry=0.91, centered=True, faces=2, face_area=0.0064"
SIR_Row_Live__Protests___Politics_Over_Poll_Panel___Govt_VS_Oppn___CEC___Rahul_G.mp4,3263,22647.4,22652.867,5.467,Anchor Studio,84.0,"Anchor Studio: stable=0.22, symmetry=0.94, centered=True, faces=1, face_area=0.0280"
SIR_Row_Live__Protests___Politics_Over_Poll_Panel___Govt_VS_Oppn___CEC___Rahul_G.mp4,3264,22652.933,22656.133,3.2,Anchor Studio,72.0,"Anchor Studio: stable=0.20, symmetry=0.87, centered=False, faces=1, face_area=0.0149"
SIR_Row_Live__Protests___Politics_Over_Poll_Panel___Govt_VS_Oppn___CEC___Rahul_G.mp4,3265,22656.2,22658.2,2.0,Anchor Studio,74.0,"Anchor Studio: stable=0.19, symmetry=0.95, centered=True, faces=1, face_area=0.0071"
SIR_Row_Live__Protests___Politics_Over_Poll_Panel___Govt_VS_Oppn___CEC___Rahul_G.mp4,3266,22658.267,22658.933,0.666,B-Roll,70.0,"B-Roll: motion=0.1255, edge=0.1636, face_area=0.0000, symmetry=0.99"
SIR_Row_Live__Protests___Politics_Over_Poll_Panel___Govt_VS_Oppn___CEC___Rahul_G.mp4,3267,22659.0,22660.467,1.467,B-Roll,70.0,"B-Roll: motion=0.0984, edge=0.1630, face_area=0.0000, symmetry=0.96"
SIR_Row_Live__Protests___Politics_Over_Poll_Panel___Govt_VS_Oppn___CEC___Rahul_G.mp4,3268,22660.533,22661.333,0.8,B-Roll,70.0,"B-Roll: motion=0.1134, edge=0.1780, face_area=0.0000, symmetry=0.98"
SIR_Row_Live__Protests___Politics_Over_Poll_Panel___Govt_VS_Oppn___CEC___Rahul_G.mp4,3269,22661.4,22663.2,1.8,B-Roll,70.0,"B-Roll: motion=0.0558, edge=0.1367, face_area=0.0000, symmetry=0.91"
SIR_Row_Live__Protests___Politics_Over_Poll_Panel___Govt_VS_Oppn___CEC___Rahul_G.mp4,3270,22663.267,22672.533,9.266,Anchor Studio,74.0,"Anchor Studio: stable=0.72, symmetry=0.95, centered=True, faces=1, face_area=0.0014"
SIR_Row_Live__Protests___Politics_Over_Poll_Panel___Govt_VS_Oppn___CEC___Rahul_G.mp4,3271,22672.6,22708.133,35.533,Title Card,78.0,"Title Card: headline=0.2644, textcov=0.3884, stability=0.92"
SIR_Row_Live__Protests___Politics_Over_Poll_Panel___Govt_VS_Oppn___CEC___Rahul_G.mp4,3272,22708.2,22711.267,3.067,Anchor Studio,84.0,"Anchor Studio: stable=0.03, symmetry=0.91, centered=True, faces=2, face_area=0.0176"
SIR_Row_Live__Protests___Politics_Over_Poll_Panel___Govt_VS_Oppn___CEC___Rahul_G.mp4,3273,22711.333,22713.0,1.667,Title Card,78.0,"Title Card: headline=0.6071, textcov=0.8302, stability=0.85"
SIR_Row_Live__Protests___Politics_Over_Poll_Panel___Govt_VS_Oppn___CEC___Rahul_G.mp4,3274,22713.067,22714.533,1.466,Title Card,78.0,"Title Card: headline=0.5758, textcov=0.6668, stability=0.87"
SIR_Row_Live__Protests___Politics_Over_Poll_Panel___Govt_VS_Oppn___CEC___Rahul_G.mp4,3275,22714.6,22715.333,0.733,Anchor Studio,84.0,"Anchor Studio: stable=0.69, symmetry=0.94, centered=True, faces=1, face_area=0.0268"
SIR_Row_Live__Protests___Politics_Over_Poll_Panel___Govt_VS_Oppn___CEC___Rahul_G.mp4,3276,22715.4,22717.2,1.8,B-Roll,70.0,"B-Roll: motion=0.0678, edge=0.1635, face_area=0.0000, symmetry=0.92"
SIR_Row_Live__Protests___Politics_Over_Poll_Panel___Govt_VS_Oppn___CEC___Rahul_G.mp4,3277,22717.267,22718.533,1.266,B-Roll,70.0,"B-Roll: motion=0.0342, edge=0.1275, face_area=0.0000, symmetry=0.97"
SIR_Row_Live__Protests___Politics_Over_Poll_Panel___Govt_VS_Oppn___CEC___Rahul_G.mp4,3278,22718.6,22720.933,2.333,Anchor Studio,84.0,"Anchor Studio: stable=0.88, symmetry=0.86, centered=True, faces=1, face_area=0.0074"
SIR_Row_Live__Protests___Politics_Over_Poll_Panel___Govt_VS_Oppn___CEC___Rahul_G.mp4,3279,22721.0,22724.933,3.933,Anchor Studio,74.0,"Anchor Studio: stable=0.45, symmetry=0.91, centered=True, faces=1, face_area=0.0044"
SIR_Row_Live__Protests___Politics_Over_Poll_Panel___Govt_VS_Oppn___CEC___Rahul_G.mp4,3280,22725.0,22728.133,3.133,Anchor Studio,74.0,"Anchor Studio: stable=0.63, symmetry=0.94, centered=True, faces=2, face_area=0.0079"
SIR_Row_Live__Protests___Politics_Over_Poll_Panel___Govt_VS_Oppn___CEC___Rahul_G.mp4,3281,22728.2,22729.0,0.8,Anchor Studio,84.0,"Anchor Studio: stable=0.53, symmetry=0.97, centered=True, faces=1, face_area=0.0120"
SIR_Row_Live__Protests___Politics_Over_Poll_Panel___Govt_VS_Oppn___CEC___Rahul_G.mp4,3282,22729.067,22733.2,4.133,Anchor Studio,84.0,"Anchor Studio: stable=0.61, symmetry=0.95, centered=True, faces=2, face_area=0.0406"
SIR_Row_Live__Protests___Politics_Over_Poll_Panel___Govt_VS_Oppn___CEC___Rahul_G.mp4,3283,22733.267,22758.0,24.733,Anchor Studio,94.0,"Anchor Studio: stable=0.88, symmetry=0.95, centered=True, faces=4, face_area=0.0983"
SIR_Row_Live__Protests___Politics_Over_Poll_Panel___Govt_VS_Oppn___CEC___Rahul_G.mp4,3284,22758.067,22759.467,1.4,Anchor Studio,84.0,"Anchor Studio: stable=0.85, symmetry=0.94, centered=True, faces=1, face_area=0.0062"
SIR_Row_Live__Protests___Politics_Over_Poll_Panel___Govt_VS_Oppn___CEC___Rahul_G.mp4,3285,22759.533,22760.267,0.734,Anchor Studio,94.0,"Anchor Studio: stable=0.87, symmetry=0.89, centered=True, faces=1, face_area=0.0141"
SIR_Row_Live__Protests___Politics_Over_Poll_Panel___Govt_VS_Oppn___CEC___Rahul_G.mp4,3286,22760.333,22765.533,5.2,Anchor Studio,94.0,"Anchor Studio: stable=0.89, symmetry=0.88, centered=True, faces=1, face_area=0.0222"
SIR_Row_Live__Protests___Politics_Over_Poll_Panel___Govt_VS_Oppn___CEC___Rahul_G.mp4,3287,22765.6,22773.333,7.733,Anchor Studio,82.0,"Anchor Studio: stable=0.92, symmetry=0.88, centered=False, faces=1, face_area=0.0249"
SIR_Row_Live__Protests___Politics_Over_Poll_Panel___Govt_VS_Oppn___CEC___Rahul_G.mp4,3288,22773.4,22775.067,1.667,Anchor Studio,72.0,"Anchor Studio: stable=0.66, symmetry=0.80, centered=False, faces=1, face_area=0.0278"
SIR_Row_Live__Protests___Politics_Over_Poll_Panel___Govt_VS_Oppn___CEC___Rahul_G.mp4,3289,22775.133,22778.6,3.467,Title Card,74.0,"Title Card: headline=0.8164, textcov=0.9471, stability=0.82"
SIR_Row_Live__Protests___Politics_Over_Poll_Panel___Govt_VS_Oppn___CEC___Rahul_G.mp4,3290,22778.667,22781.733,3.066,Anchor Studio,94.0,"Anchor Studio: stable=0.90, symmetry=0.84, centered=True, faces=3, face_area=0.0505"
SIR_Row_Live__Protests___Politics_Over_Poll_Panel___Govt_VS_Oppn___CEC___Rahul_G.mp4,3291,22781.8,22782.4,0.6,Anchor Studio,82.0,"Anchor Studio: stable=0.86, symmetry=0.94, centered=False, faces=1, face_area=0.0282"
SIR_Row_Live__Protests___Politics_Over_Poll_Panel___Govt_VS_Oppn___CEC___Rahul_G.mp4,3292,22782.467,22787.2,4.733,Anchor Studio,94.0,"Anchor Studio: stable=0.90, symmetry=0.89, centered=True, faces=1, face_area=0.0203"
SIR_Row_Live__Protests___Politics_Over_Poll_Panel___Govt_VS_Oppn___CEC___Rahul_G.mp4,3293,22787.267,22787.933,0.666,Anchor Studio,82.0,"Anchor Studio: stable=0.91, symmetry=0.93, centered=False, faces=1, face_area=0.0286"
SIR_Row_Live__Protests___Politics_Over_Poll_Panel___Govt_VS_Oppn___CEC___Rahul_G.mp4,3294,22788.0,22791.6,3.6,Anchor Studio,84.0,"Anchor Studio: stable=0.35, symmetry=0.96, centered=True, faces=1, face_area=0.0313"
SIR_Row_Live__Protests___Politics_Over_Poll_Panel___Govt_VS_Oppn___CEC___Rahul_G.mp4,3295,22791.667,22795.533,3.866,Anchor Studio,84.0,"Anchor Studio: stable=0.52, symmetry=0.96, centered=True, faces=2, face_area=0.0134"
SIR_Row_Live__Protests___Politics_Over_Poll_Panel___Govt_VS_Oppn___CEC___Rahul_G.mp4,3296,22795.6,22796.4,0.8,B-Roll,70.0,"B-Roll: motion=0.0622, edge=0.1297, face_area=0.0000, symmetry=0.93"
SIR_Row_Live__Protests___Politics_Over_Poll_Panel___Govt_VS_Oppn___CEC___Rahul_G.mp4,3297,22796.467,22799.067,2.6,B-Roll,70.0,"B-Roll: motion=0.0427, edge=0.1423, face_area=0.0000, symmetry=0.91"
SIR_Row_Live__Protests___Politics_Over_Poll_Panel___Govt_VS_Oppn___CEC___Rahul_G.mp4,3298,22799.133,22801.6,2.467,Title Card,68.0,"Title Card: headline=0.0680, textcov=0.3631, stability=0.79"
SIR_Row_Live__Protests___Politics_Over_Poll_Panel___Govt_VS_Oppn___CEC___Rahul_G.mp4,3299,22801.667,22804.8,3.133,Anchor Studio,82.0,"Anchor Studio: stable=0.86, symmetry=0.78, centered=True, faces=2, face_area=0.1162"
SIR_Row_Live__Protests___Politics_Over_Poll_Panel___Govt_VS_Oppn___CEC___Rahul_G.mp4,3300,22804.867,22806.8,1.933,Anchor Studio,82.0,"Anchor Studio: stable=0.81, symmetry=0.77, centered=True, faces=2, face_area=0.0628"
SIR_Row_Live__Protests___Politics_Over_Poll_Panel___Govt_VS_Oppn___CEC___Rahul_G.mp4,3301,22806.867,22818.267,11.4,Anchor Studio,84.0,"Anchor Studio: stable=0.58, symmetry=0.94, centered=True, faces=1, face_area=0.0309"
SIR_Row_Live__Protests___Politics_Over_Poll_Panel___Govt_VS_Oppn___CEC___Rahul_G.mp4,3302,22818.333,22820.8,2.467,Anchor Studio,72.0,"Anchor Studio: stable=0.74, symmetry=0.88, centered=False, faces=1, face_area=0.0252"
SIR_Row_Live__Protests___Politics_Over_Poll_Panel___Govt_VS_Oppn___CEC___Rahul_G.mp4,3303,22820.867,22824.933,4.066,Anchor Studio,94.0,"Anchor Studio: stable=0.80, symmetry=0.95, centered=True, faces=2, face_area=0.0250"
SIR_Row_Live__Protests___Politics_Over_Poll_Panel___Govt_VS_Oppn___CEC___Rahul_G.mp4,3304,22825.0,22833.6,8.6,Anchor Studio,84.0,"Anchor Studio: stable=0.73, symmetry=0.97, centered=True, faces=2, face_area=0.0276"
SIR_Row_Live__Protests___Politics_Over_Poll_Panel___Govt_VS_Oppn___CEC___Rahul_G.mp4,3305,22833.667,22844.533,10.866,Anchor Studio,84.0,"Anchor Studio: stable=0.64, symmetry=0.86, centered=True, faces=1, face_area=0.0129"
SIR_Row_Live__Protests___Politics_Over_Poll_Panel___Govt_VS_Oppn___CEC___Rahul_G.mp4,3306,22844.6,22846.4,1.8,Title Card,78.0,"Title Card: headline=0.6288, textcov=0.8095, stability=0.82"
SIR_Row_Live__Protests___Politics_Over_Poll_Panel___Govt_VS_Oppn___CEC___Rahul_G.mp4,3307,22846.467,22847.133,0.666,Title Card,68.0,"Title Card: headline=0.0271, textcov=0.4134, stability=0.77"
SIR_Row_Live__Protests___Politics_Over_Poll_Panel___Govt_VS_Oppn___CEC___Rahul_G.mp4,3308,22847.2,22850.267,3.067,Title Card,78.0,"Title Card: headline=0.1973, textcov=0.5020, stability=0.83"
SIR_Row_Live__Protests___Politics_Over_Poll_Panel___Govt_VS_Oppn___CEC___Rahul_G.mp4,3309,22850.333,22852.333,2.0,Title Card,78.0,"Title Card: headline=0.4502, textcov=0.5394, stability=0.90"
SIR_Row_Live__Protests___Politics_Over_Poll_Panel___Govt_VS_Oppn___CEC___Rahul_G.mp4,3310,22852.4,22858.2,5.8,Title Card,78.0,"Title Card: headline=0.7543, textcov=0.8540, stability=0.93"
SIR_Row_Live__Protests___Politics_Over_Poll_Panel___Govt_VS_Oppn___CEC___Rahul_G.mp4,3311,22858.267,22864.6,6.333,Anchor Studio,74.0,"Anchor Studio: stable=0.51, symmetry=0.91, centered=True, faces=1, face_area=0.0009"
SIR_Row_Live__Protests___Politics_Over_Poll_Panel___Govt_VS_Oppn___CEC___Rahul_G.mp4,3312,22864.667,22869.6,4.933,B-Roll,70.0,"B-Roll: motion=0.0418, edge=0.1542, face_area=0.0000, symmetry=0.97"
SIR_Row_Live__Protests___Politics_Over_Poll_Panel___Govt_VS_Oppn___CEC___Rahul_G.mp4,3313,22869.667,22871.333,1.666,B-Roll,70.0,"B-Roll: motion=0.1179, edge=0.0687, face_area=0.0000, symmetry=0.90"
SIR_Row_Live__Protests___Politics_Over_Poll_Panel___Govt_VS_Oppn___CEC___Rahul_G.mp4,3314,22871.4,22873.6,2.2,B-Roll,70.0,"B-Roll: motion=0.1229, edge=0.0955, face_area=0.0000, symmetry=0.89"
SIR_Row_Live__Protests___Politics_Over_Poll_Panel___Govt_VS_Oppn___CEC___Rahul_G.mp4,3315,22873.667,22875.267,1.6,B-Roll,70.0,"B-Roll: motion=0.0759, edge=0.1314, face_area=0.0000, symmetry=0.95"
SIR_Row_Live__Protests___Politics_Over_Poll_Panel___Govt_VS_Oppn___CEC___Rahul_G.mp4,3316,22875.333,22878.133,2.8,Anchor Studio,82.0,"Anchor Studio: stable=0.80, symmetry=0.91, centered=False, faces=1, face_area=0.0467"
SIR_Row_Live__Protests___Politics_Over_Poll_Panel___Govt_VS_Oppn___CEC___Rahul_G.mp4,3317,22878.2,22880.0,1.8,Anchor Studio,94.0,"Anchor Studio: stable=0.80, symmetry=0.91, centered=True, faces=1, face_area=0.0105"
SIR_Row_Live__Protests___Politics_Over_Poll_Panel___Govt_VS_Oppn___CEC___Rahul_G.mp4,3318,22880.067,22882.267,2.2,Anchor Studio,84.0,"Anchor Studio: stable=0.86, symmetry=0.92, centered=True, faces=1, face_area=0.0049"
SIR_Row_Live__Protests___Politics_Over_Poll_Panel___Govt_VS_Oppn___CEC___Rahul_G.mp4,3319,22882.333,22882.933,0.6,Field Report,68.0,"Field Report: motion=0.0292, faces=1, centered=False, symmetry=1.00"
SIR_Row_Live__Protests___Politics_Over_Poll_Panel___Govt_VS_Oppn___CEC___Rahul_G.mp4,3320,22883.0,22884.733,1.733,Anchor Studio,94.0,"Anchor Studio: stable=0.77, symmetry=0.98, centered=True, faces=1, face_area=0.0148"
SIR_Row_Live__Protests___Politics_Over_Poll_Panel___Govt_VS_Oppn___CEC___Rahul_G.mp4,3321,22884.8,22888.867,4.067,Anchor Studio,94.0,"Anchor Studio: stable=0.76, symmetry=0.83, centered=True, faces=2, face_area=0.0268"
SIR_Row_Live__Protests___Politics_Over_Poll_Panel___Govt_VS_Oppn___CEC___Rahul_G.mp4,3322,22888.933,22896.533,7.6,Anchor Studio,84.0,"Anchor Studio: stable=0.69, symmetry=0.88, centered=True, faces=2, face_area=0.0196"
SIR_Row_Live__Protests___Politics_Over_Poll_Panel___Govt_VS_Oppn___CEC___Rahul_G.mp4,3323,22896.6,22901.733,5.133,Anchor Studio,94.0,"Anchor Studio: stable=0.78, symmetry=0.89, centered=True, faces=1, face_area=0.0107"
SIR_Row_Live__Protests___Politics_Over_Poll_Panel___Govt_VS_Oppn___CEC___Rahul_G.mp4,3324,22901.8,22902.667,0.867,Anchor Studio,74.0,"Anchor Studio: stable=0.74, symmetry=0.94, centered=True, faces=1, face_area=0.0052"
SIR_Row_Live__Protests___Politics_Over_Poll_Panel___Govt_VS_Oppn___CEC___Rahul_G.mp4,3325,22902.733,22906.267,3.534,Anchor Studio,84.0,"Anchor Studio: stable=0.74, symmetry=0.96, centered=True, faces=1, face_area=0.0178"
SIR_Row_Live__Protests___Politics_Over_Poll_Panel___Govt_VS_Oppn___CEC___Rahul_G.mp4,3326,22906.333,22907.8,1.467,Title Card,78.0,"Title Card: headline=0.2591, textcov=0.4668, stability=0.87"
SIR_Row_Live__Protests___Politics_Over_Poll_Panel___Govt_VS_Oppn___CEC___Rahul_G.mp4,3327,22907.867,22909.6,1.733,B-Roll,70.0,"B-Roll: motion=0.0265, edge=0.0846, face_area=0.0000, symmetry=0.90"
SIR_Row_Live__Protests___Politics_Over_Poll_Panel___Govt_VS_Oppn___CEC___Rahul_G.mp4,3328,22909.667,22912.4,2.733,Title Card,78.0,"Title Card: headline=0.3812, textcov=0.5645, stability=0.87"
SIR_Row_Live__Protests___Politics_Over_Poll_Panel___Govt_VS_Oppn___CEC___Rahul_G.mp4,3329,22912.467,22913.733,1.266,Title Card,78.0,"Title Card: headline=0.1965, textcov=0.3492, stability=0.85"
SIR_Row_Live__Protests___Politics_Over_Poll_Panel___Govt_VS_Oppn___CEC___Rahul_G.mp4,3330,22913.8,22915.2,1.4,B-Roll,70.0,"B-Roll: motion=0.0388, edge=0.1158, face_area=0.0000, symmetry=0.80"
SIR_Row_Live__Protests___Politics_Over_Poll_Panel___Govt_VS_Oppn___CEC___Rahul_G.mp4,3331,22915.267,22919.133,3.866,Anchor Studio,94.0,"Anchor Studio: stable=0.86, symmetry=0.82, centered=True, faces=2, face_area=0.0176"
SIR_Row_Live__Protests___Politics_Over_Poll_Panel___Govt_VS_Oppn___CEC___Rahul_G.mp4,3332,22919.2,22920.867,1.667,Anchor Studio,82.0,"Anchor Studio: stable=0.82, symmetry=0.79, centered=True, faces=2, face_area=0.0342"
SIR_Row_Live__Protests___Politics_Over_Poll_Panel___Govt_VS_Oppn___CEC___Rahul_G.mp4,3333,22920.933,22921.467,0.534,Anchor Studio,72.0,"Anchor Studio: stable=0.75, symmetry=0.79, centered=True, faces=1, face_area=0.0193"
SIR_Row_Live__Protests___Politics_Over_Poll_Panel___Govt_VS_Oppn___CEC___Rahul_G.mp4,3334,22921.533,22926.2,4.667,Anchor Studio,84.0,"Anchor Studio: stable=0.76, symmetry=0.93, centered=True, faces=1, face_area=0.0060"
SIR_Row_Live__Protests___Politics_Over_Poll_Panel___Govt_VS_Oppn___CEC___Rahul_G.mp4,3335,22926.267,22929.267,3.0,B-Roll,70.0,"B-Roll: motion=0.0271, edge=0.1199, face_area=0.0000, symmetry=0.94"
SIR_Row_Live__Protests___Politics_Over_Poll_Panel___Govt_VS_Oppn___CEC___Rahul_G.mp4,3336,22929.333,22931.6,2.267,B-Roll,70.0,"B-Roll: motion=0.0429, edge=0.1955, face_area=0.0000, symmetry=0.86"
SIR_Row_Live__Protests___Politics_Over_Poll_Panel___Govt_VS_Oppn___CEC___Rahul_G.mp4,3337,22931.667,22934.733,3.066,B-Roll,70.0,"B-Roll: motion=0.0623, edge=0.1580, face_area=0.0000, symmetry=0.94"
SIR_Row_Live__Protests___Politics_Over_Poll_Panel___Govt_VS_Oppn___CEC___Rahul_G.mp4,3338,22934.8,22941.4,6.6,Anchor Studio,74.0,"Anchor Studio: stable=0.35, symmetry=0.93, centered=True, faces=1, face_area=0.0023"
SIR_Row_Live__Protests___Politics_Over_Poll_Panel___Govt_VS_Oppn___CEC___Rahul_G.mp4,3339,22941.467,22948.333,6.866,Anchor Studio,94.0,"Anchor Studio: stable=0.87, symmetry=0.89, centered=True, faces=2, face_area=0.0291"
SIR_Row_Live__Protests___Politics_Over_Poll_Panel___Govt_VS_Oppn___CEC___Rahul_G.mp4,3340,22948.4,22997.067,48.667,Anchor Studio,94.0,"Anchor Studio: stable=0.91, symmetry=0.88, centered=True, faces=4, face_area=0.1364"
SIR_Row_Live__Protests___Politics_Over_Poll_Panel___Govt_VS_Oppn___CEC___Rahul_G.mp4,3341,22997.133,22997.8,0.667,Anchor Studio,72.0,"Anchor Studio: stable=0.49, symmetry=0.74, centered=True, faces=3, face_area=0.0248"
SIR_Row_Live__Protests___Politics_Over_Poll_Panel___Govt_VS_Oppn___CEC___Rahul_G.mp4,3342,22997.867,23025.267,27.4,Anchor Studio,84.0,"Anchor Studio: stable=0.88, symmetry=0.90, centered=True, faces=1, face_area=0.0021"
SIR_Row_Live__Protests___Politics_Over_Poll_Panel___Govt_VS_Oppn___CEC___Rahul_G.mp4,3343,23025.333,23028.8,3.467,Anchor Studio,94.0,"Anchor Studio: stable=0.81, symmetry=0.89, centered=True, faces=1, face_area=0.0149"
SIR_Row_Live__Protests___Politics_Over_Poll_Panel___Govt_VS_Oppn___CEC___Rahul_G.mp4,3344,23028.867,23031.467,2.6,Anchor Studio,94.0,"Anchor Studio: stable=0.90, symmetry=0.97, centered=True, faces=1, face_area=0.0200"
SIR_Row_Live__Protests___Politics_Over_Poll_Panel___Govt_VS_Oppn___CEC___Rahul_G.mp4,3345,23031.533,23033.733,2.2,Anchor Studio,94.0,"Anchor Studio: stable=0.87, symmetry=0.97, centered=True, faces=1, face_area=0.0195"
SIR_Row_Live__Protests___Politics_Over_Poll_Panel___Govt_VS_Oppn___CEC___Rahul_G.mp4,3346,23033.8,23035.333,1.533,Anchor Studio,84.0,"Anchor Studio: stable=0.92, symmetry=0.91, centered=True, faces=1, face_area=0.0096"
SIR_Row_Live__Protests___Politics_Over_Poll_Panel___Govt_VS_Oppn___CEC___Rahul_G.mp4,3347,23035.4,23045.2,9.8,Anchor Studio,94.0,"Anchor Studio: stable=0.89, symmetry=0.91, centered=True, faces=1, face_area=0.0181"
SIR_Row_Live__Protests___Politics_Over_Poll_Panel___Govt_VS_Oppn___CEC___Rahul_G.mp4,3348,23045.267,23046.4,1.133,Anchor Studio,94.0,"Anchor Studio: stable=0.83, symmetry=0.95, centered=True, faces=1, face_area=0.0196"
SIR_Row_Live__Protests___Politics_Over_Poll_Panel___Govt_VS_Oppn___CEC___Rahul_G.mp4,3349,23046.467,23057.4,10.933,Anchor Studio,94.0,"Anchor Studio: stable=0.91, symmetry=0.95, centered=True, faces=1, face_area=0.0152"
SIR_Row_Live__Protests___Politics_Over_Poll_Panel___Govt_VS_Oppn___CEC___Rahul_G.mp4,3350,23057.467,23063.8,6.333,Anchor Studio,94.0,"Anchor Studio: stable=0.84, symmetry=0.97, centered=True, faces=2, face_area=0.0384"
SIR_Row_Live__Protests___Politics_Over_Poll_Panel___Govt_VS_Oppn___CEC___Rahul_G.mp4,3351,23063.867,23068.333,4.466,Anchor Studio,94.0,"Anchor Studio: stable=0.92, symmetry=0.91, centered=True, faces=1, face_area=0.0132"
SIR_Row_Live__Protests___Politics_Over_Poll_Panel___Govt_VS_Oppn___CEC___Rahul_G.mp4,3352,23068.4,23074.933,6.533,Anchor Studio,94.0,"Anchor Studio: stable=0.91, symmetry=0.94, centered=True, faces=1, face_area=0.0143"
SIR_Row_Live__Protests___Politics_Over_Poll_Panel___Govt_VS_Oppn___CEC___Rahul_G.mp4,3353,23075.0,23078.0,3.0,Anchor Studio,94.0,"Anchor Studio: stable=0.94, symmetry=0.97, centered=True, faces=1, face_area=0.0193"
SIR_Row_Live__Protests___Politics_Over_Poll_Panel___Govt_VS_Oppn___CEC___Rahul_G.mp4,3354,23078.067,23078.8,0.733,Anchor Studio,94.0,"Anchor Studio: stable=0.92, symmetry=0.98, centered=True, faces=1, face_area=0.0193"
SIR_Row_Live__Protests___Politics_Over_Poll_Panel___Govt_VS_Oppn___CEC___Rahul_G.mp4,3355,23078.867,23086.4,7.533,Anchor Studio,94.0,"Anchor Studio: stable=0.91, symmetry=0.94, centered=True, faces=1, face_area=0.0193"
SIR_Row_Live__Protests___Politics_Over_Poll_Panel___Govt_VS_Oppn___CEC___Rahul_G.mp4,3356,23086.467,23133.4,46.933,Anchor Studio,94.0,"Anchor Studio: stable=0.93, symmetry=0.96, centered=True, faces=1, face_area=0.0168"
SIR_Row_Live__Protests___Politics_Over_Poll_Panel___Govt_VS_Oppn___CEC___Rahul_G.mp4,3357,23133.467,23134.2,0.733,Anchor Studio,72.0,"Anchor Studio: stable=0.59, symmetry=0.79, centered=True, faces=1, face_area=0.0104"
SIR_Row_Live__Protests___Politics_Over_Poll_Panel___Govt_VS_Oppn___CEC___Rahul_G.mp4,3358,23134.267,23147.8,13.533,Title Card,78.0,"Title Card: headline=0.8016, textcov=0.9471, stability=0.89"
SIR_Row_Live__Protests___Politics_Over_Poll_Panel___Govt_VS_Oppn___CEC___Rahul_G.mp4,3359,23147.867,23160.0,12.133,Anchor Studio,84.0,"Anchor Studio: stable=0.88, symmetry=0.92, centered=True, faces=1, face_area=0.0057"
SIR_Row_Live__Protests___Politics_Over_Poll_Panel___Govt_VS_Oppn___CEC___Rahul_G.mp4,3360,23160.067,23236.0,75.933,Anchor Studio,82.0,"Anchor Studio: stable=0.91, symmetry=0.92, centered=False, faces=2, face_area=0.0164"
SIR_Row_Live__Protests___Politics_Over_Poll_Panel___Govt_VS_Oppn___CEC___Rahul_G.mp4,3361,23236.067,23241.8,5.733,Anchor Studio,72.0,"Anchor Studio: stable=0.70, symmetry=0.82, centered=False, faces=1, face_area=0.0103"
SIR_Row_Live__Protests___Politics_Over_Poll_Panel___Govt_VS_Oppn___CEC___Rahul_G.mp4,3362,23241.867,23266.467,24.6,Anchor Studio,94.0,"Anchor Studio: stable=0.85, symmetry=0.80, centered=True, faces=2, face_area=0.0152"
SIR_Row_Live__Protests___Politics_Over_Poll_Panel___Govt_VS_Oppn___CEC___Rahul_G.mp4,3363,23266.533,23268.733,2.2,Title Card,74.0,"Title Card: headline=0.4217, textcov=0.5606, stability=0.82"
SIR_Row_Live__Protests___Politics_Over_Poll_Panel___Govt_VS_Oppn___CEC___Rahul_G.mp4,3364,23268.8,23291.267,22.467,Title Card,78.0,"Title Card: headline=0.8465, textcov=0.9487, stability=0.90"
SIR_Row_Live__Protests___Politics_Over_Poll_Panel___Govt_VS_Oppn___CEC___Rahul_G.mp4,3365,23291.333,23321.333,30.0,Anchor Studio,84.0,"Anchor Studio: stable=0.90, symmetry=0.80, centered=True, faces=1, face_area=0.0001"
SIR_Row_Live__Protests___Politics_Over_Poll_Panel___Govt_VS_Oppn___CEC___Rahul_G.mp4,3366,23321.4,23325.4,4.0,Title Card,78.0,"Title Card: headline=0.9845, textcov=1.1141, stability=0.87"
SIR_Row_Live__Protests___Politics_Over_Poll_Panel___Govt_VS_Oppn___CEC___Rahul_G.mp4,3367,23325.467,23373.533,48.066,Anchor Studio,82.0,"Anchor Studio: stable=0.91, symmetry=0.84, centered=False, faces=1, face_area=0.0199"
SIR_Row_Live__Protests___Politics_Over_Poll_Panel___Govt_VS_Oppn___CEC___Rahul_G.mp4,3368,23373.6,23378.267,4.667,Title Card,78.0,"Title Card: headline=0.9587, textcov=1.0088, stability=0.85"
SIR_Row_Live__Protests___Politics_Over_Poll_Panel___Govt_VS_Oppn___CEC___Rahul_G.mp4,3369,23378.333,23382.8,4.467,Title Card,78.0,"Title Card: headline=0.9903, textcov=1.0199, stability=0.81"
SIR_Row_Live__Protests___Politics_Over_Poll_Panel___Govt_VS_Oppn___CEC___Rahul_G.mp4,3370,23382.867,23384.133,1.266,Title Card,78.0,"Title Card: headline=1.0012, textcov=1.1332, stability=0.84"
SIR_Row_Live__Protests___Politics_Over_Poll_Panel___Govt_VS_Oppn___CEC___Rahul_G.mp4,3371,23384.2,23387.8,3.6,Title Card,78.0,"Title Card: headline=1.2139, textcov=1.2784, stability=0.89"
SIR_Row_Live__Protests___Politics_Over_Poll_Panel___Govt_VS_Oppn___CEC___Rahul_G.mp4,3372,23387.867,23390.733,2.866,Title Card,68.0,"Title Card: headline=0.8714, textcov=0.9315, stability=0.77"
SIR_Row_Live__Protests___Politics_Over_Poll_Panel___Govt_VS_Oppn___CEC___Rahul_G.mp4,3373,23390.8,23392.733,1.933,Title Card,78.0,"Title Card: headline=0.8922, textcov=0.9232, stability=0.80"
SIR_Row_Live__Protests___Politics_Over_Poll_Panel___Govt_VS_Oppn___CEC___Rahul_G.mp4,3374,23392.8,23395.133,2.333,Title Card,78.0,"Title Card: headline=0.9092, textcov=0.9978, stability=0.89"
SIR_Row_Live__Protests___Politics_Over_Poll_Panel___Govt_VS_Oppn___CEC___Rahul_G.mp4,3375,23395.2,23397.8,2.6,Title Card,78.0,"Title Card: headline=0.8875, textcov=0.9421, stability=0.81"
SIR_Row_Live__Protests___Politics_Over_Poll_Panel___Govt_VS_Oppn___CEC___Rahul_G.mp4,3376,23397.867,23402.333,4.466,Title Card,78.0,"Title Card: headline=1.0416, textcov=1.0752, stability=0.86"
SIR_Row_Live__Protests___Politics_Over_Poll_Panel___Govt_VS_Oppn___CEC___Rahul_G.mp4,3377,23402.4,23406.133,3.733,Title Card,78.0,"Title Card: headline=1.1059, textcov=1.1281, stability=0.85"
SIR_Row_Live__Protests___Politics_Over_Poll_Panel___Govt_VS_Oppn___CEC___Rahul_G.mp4,3378,23406.2,23406.733,0.533,Title Card,68.0,"Title Card: headline=1.4630, textcov=1.4980, stability=0.79"
SIR_Row_Live__Protests___Politics_Over_Poll_Panel___Govt_VS_Oppn___CEC___Rahul_G.mp4,3379,23406.8,23423.8,17.0,Anchor Studio,84.0,"Anchor Studio: stable=0.90, symmetry=0.87, centered=True, faces=1, face_area=0.0032"
SIR_Row_Live__Protests___Politics_Over_Poll_Panel___Govt_VS_Oppn___CEC___Rahul_G.mp4,3380,23423.867,23427.8,3.933,Title Card,78.0,"Title Card: headline=1.1114, textcov=1.2128, stability=0.89"
SIR_Row_Live__Protests___Politics_Over_Poll_Panel___Govt_VS_Oppn___CEC___Rahul_G.mp4,3381,23427.867,23437.667,9.8,Title Card,78.0,"Title Card: headline=1.1022, textcov=1.2351, stability=0.93"
SIR_Row_Live__Protests___Politics_Over_Poll_Panel___Govt_VS_Oppn___CEC___Rahul_G.mp4,3382,23437.733,23441.133,3.4,Anchor Studio,84.0,"Anchor Studio: stable=0.80, symmetry=0.96, centered=True, faces=1, face_area=0.0003"
SIR_Row_Live__Protests___Politics_Over_Poll_Panel___Govt_VS_Oppn___CEC___Rahul_G.mp4,3383,23441.2,23442.333,1.133,B-Roll,70.0,"B-Roll: motion=0.0751, edge=0.1385, face_area=0.0000, symmetry=0.95"
SIR_Row_Live__Protests___Politics_Over_Poll_Panel___Govt_VS_Oppn___CEC___Rahul_G.mp4,3384,23442.4,23443.4,1.0,Title Card,78.0,"Title Card: headline=0.8953, textcov=0.9842, stability=0.89"
SIR_Row_Live__Protests___Politics_Over_Poll_Panel___Govt_VS_Oppn___CEC___Rahul_G.mp4,3385,23443.467,23444.733,1.266,Title Card,78.0,"Title Card: headline=0.8884, textcov=1.0080, stability=0.89"
SIR_Row_Live__Protests___Politics_Over_Poll_Panel___Govt_VS_Oppn___CEC___Rahul_G.mp4,3386,23444.8,23450.133,5.333,Title Card,78.0,"Title Card: headline=0.9074, textcov=1.0464, stability=0.90"
SIR_Row_Live__Protests___Politics_Over_Poll_Panel___Govt_VS_Oppn___CEC___Rahul_G.mp4,3387,23450.2,23453.133,2.933,Title Card,78.0,"Title Card: headline=1.0474, textcov=1.1756, stability=0.90"
SIR_Row_Live__Protests___Politics_Over_Poll_Panel___Govt_VS_Oppn___CEC___Rahul_G.mp4,3388,23453.2,23454.0,0.8,Anchor Studio,84.0,"Anchor Studio: stable=0.00, symmetry=0.97, centered=True, faces=2, face_area=0.0112"
SIR_Row_Live__Protests___Politics_Over_Poll_Panel___Govt_VS_Oppn___CEC___Rahul_G.mp4,3389,23454.067,23456.133,2.066,Anchor Studio,94.0,"Anchor Studio: stable=0.82, symmetry=0.99, centered=True, faces=2, face_area=0.0435"
SIR_Row_Live__Protests___Politics_Over_Poll_Panel___Govt_VS_Oppn___CEC___Rahul_G.mp4,3390,23456.2,23460.133,3.933,Anchor Studio,94.0,"Anchor Studio: stable=0.88, symmetry=0.98, centered=True, faces=2, face_area=0.0465"
SIR_Row_Live__Protests___Politics_Over_Poll_Panel___Govt_VS_Oppn___CEC___Rahul_G.mp4,3391,23460.2,23460.733,0.533,Anchor Studio,94.0,"Anchor Studio: stable=0.84, symmetry=0.98, centered=True, faces=2, face_area=0.0475"
SIR_Row_Live__Protests___Politics_Over_Poll_Panel___Govt_VS_Oppn___CEC___Rahul_G.mp4,3392,23460.8,23461.867,1.067,Anchor Studio,94.0,"Anchor Studio: stable=0.90, symmetry=1.00, centered=True, faces=3, face_area=0.0995"
SIR_Row_Live__Protests___Politics_Over_Poll_Panel___Govt_VS_Oppn___CEC___Rahul_G.mp4,3393,23461.933,23465.133,3.2,Anchor Studio,94.0,"Anchor Studio: stable=0.92, symmetry=0.99, centered=True, faces=2, face_area=0.0420"
SIR_Row_Live__Protests___Politics_Over_Poll_Panel___Govt_VS_Oppn___CEC___Rahul_G.mp4,3394,23465.2,23469.933,4.733,Anchor Studio,94.0,"Anchor Studio: stable=0.86, symmetry=0.98, centered=True, faces=2, face_area=0.0519"
SIR_Row_Live__Protests___Politics_Over_Poll_Panel___Govt_VS_Oppn___CEC___Rahul_G.mp4,3395,23470.0,23471.333,1.333,Anchor Studio,94.0,"Anchor Studio: stable=0.89, symmetry=0.98, centered=True, faces=2, face_area=0.0481"
SIR_Row_Live__Protests___Politics_Over_Poll_Panel___Govt_VS_Oppn___CEC___Rahul_G.mp4,3396,23471.4,23479.333,7.933,Anchor Studio,94.0,"Anchor Studio: stable=0.83, symmetry=0.96, centered=True, faces=3, face_area=0.0482"
SIR_Row_Live__Protests___Politics_Over_Poll_Panel___Govt_VS_Oppn___CEC___Rahul_G.mp4,3397,23479.4,23481.467,2.067,Anchor Studio,94.0,"Anchor Studio: stable=0.84, symmetry=0.96, centered=True, faces=2, face_area=0.0282"
SIR_Row_Live__Protests___Politics_Over_Poll_Panel___Govt_VS_Oppn___CEC___Rahul_G.mp4,3398,23481.533,23501.333,19.8,Title Card,78.0,"Title Card: headline=1.0242, textcov=1.1563, stability=0.93"
SIR_Row_Live__Protests___Politics_Over_Poll_Panel___Govt_VS_Oppn___CEC___Rahul_G.mp4,3399,23501.4,23503.533,2.133,Title Card,78.0,"Title Card: headline=0.5930, textcov=0.7834, stability=0.88"
SIR_Row_Live__Protests___Politics_Over_Poll_Panel___Govt_VS_Oppn___CEC___Rahul_G.mp4,3400,23503.6,23504.267,0.667,B-Roll,70.0,"B-Roll: motion=0.0583, edge=0.0912, face_area=0.0000, symmetry=0.76"
SIR_Row_Live__Protests___Politics_Over_Poll_Panel___Govt_VS_Oppn___CEC___Rahul_G.mp4,3401,23504.333,23518.267,13.934,Title Card,78.0,"Title Card: headline=0.8633, textcov=1.0186, stability=0.89"
SIR_Row_Live__Protests___Politics_Over_Poll_Panel___Govt_VS_Oppn___CEC___Rahul_G.mp4,3402,23518.333,23541.133,22.8,Title Card,78.0,"Title Card: headline=0.9808, textcov=1.1178, stability=0.92"
SIR_Row_Live__Protests___Politics_Over_Poll_Panel___Govt_VS_Oppn___CEC___Rahul_G.mp4,3403,23541.2,23562.533,21.333,Anchor Studio,84.0,"Anchor Studio: stable=0.88, symmetry=0.87, centered=True, faces=1, face_area=0.0027"
SIR_Row_Live__Protests___Politics_Over_Poll_Panel___Govt_VS_Oppn___CEC___Rahul_G.mp4,3404,23562.6,23578.6,16.0,Anchor Studio,94.0,"Anchor Studio: stable=0.85, symmetry=0.87, centered=True, faces=1, face_area=0.0190"
SIR_Row_Live__Protests___Politics_Over_Poll_Panel___Govt_VS_Oppn___CEC___Rahul_G.mp4,3405,23578.667,23636.667,58.0,Anchor Studio,84.0,"Anchor Studio: stable=0.88, symmetry=0.85, centered=True, faces=1, face_area=0.0033"
SIR_Row_Live__Protests___Politics_Over_Poll_Panel___Govt_VS_Oppn___CEC___Rahul_G.mp4,3406,23636.733,23702.933,66.2,Anchor Studio,94.0,"Anchor Studio: stable=0.84, symmetry=0.85, centered=True, faces=1, face_area=0.0118"
SIR_Row_Live__Protests___Politics_Over_Poll_Panel___Govt_VS_Oppn___CEC___Rahul_G.mp4,3407,23703.0,23703.8,0.8,B-Roll,70.0,"B-Roll: motion=0.0371, edge=0.0995, face_area=0.0000, symmetry=0.82"
SIR_Row_Live__Protests___Politics_Over_Poll_Panel___Govt_VS_Oppn___CEC___Rahul_G.mp4,3408,23703.867,23706.2,2.333,Anchor Studio,72.0,"Anchor Studio: stable=0.74, symmetry=0.99, centered=False, faces=1, face_area=0.0165"
SIR_Row_Live__Protests___Politics_Over_Poll_Panel___Govt_VS_Oppn___CEC___Rahul_G.mp4,3409,23706.267,23711.2,4.933,Anchor Studio,82.0,"Anchor Studio: stable=0.84, symmetry=0.91, centered=False, faces=1, face_area=0.0214"
SIR_Row_Live__Protests___Politics_Over_Poll_Panel___Govt_VS_Oppn___CEC___Rahul_G.mp4,3410,23711.267,23715.8,4.533,Anchor Studio,82.0,"Anchor Studio: stable=0.80, symmetry=0.95, centered=False, faces=1, face_area=0.0198"
SIR_Row_Live__Protests___Politics_Over_Poll_Panel___Govt_VS_Oppn___CEC___Rahul_G.mp4,3411,23715.867,23718.0,2.133,Anchor Studio,82.0,"Anchor Studio: stable=0.86, symmetry=0.94, centered=False, faces=1, face_area=0.0213"
SIR_Row_Live__Protests___Politics_Over_Poll_Panel___Govt_VS_Oppn___CEC___Rahul_G.mp4,3412,23718.067,23720.8,2.733,Anchor Studio,82.0,"Anchor Studio: stable=0.83, symmetry=0.95, centered=False, faces=1, face_area=0.0198"
SIR_Row_Live__Protests___Politics_Over_Poll_Panel___Govt_VS_Oppn___CEC___Rahul_G.mp4,3413,23720.867,23725.733,4.866,Anchor Studio,82.0,"Anchor Studio: stable=0.84, symmetry=0.95, centered=False, faces=1, face_area=0.0217"
SIR_Row_Live__Protests___Politics_Over_Poll_Panel___Govt_VS_Oppn___CEC___Rahul_G.mp4,3414,23725.8,23730.733,4.933,Anchor Studio,82.0,"Anchor Studio: stable=0.87, symmetry=0.95, centered=False, faces=1, face_area=0.0177"
SIR_Row_Live__Protests___Politics_Over_Poll_Panel___Govt_VS_Oppn___CEC___Rahul_G.mp4,3415,23730.8,23731.8,1.0,Anchor Studio,82.0,"Anchor Studio: stable=0.84, symmetry=0.96, centered=False, faces=1, face_area=0.0196"
SIR_Row_Live__Protests___Politics_Over_Poll_Panel___Govt_VS_Oppn___CEC___Rahul_G.mp4,3416,23731.867,23735.333,3.466,Anchor Studio,72.0,"Anchor Studio: stable=0.74, symmetry=0.94, centered=False, faces=1, face_area=0.0122"
SIR_Row_Live__Protests___Politics_Over_Poll_Panel___Govt_VS_Oppn___CEC___Rahul_G.mp4,3417,23735.4,23744.0,8.6,Anchor Studio,94.0,"Anchor Studio: stable=0.86, symmetry=0.94, centered=True, faces=2, face_area=0.0156"
SIR_Row_Live__Protests___Politics_Over_Poll_Panel___Govt_VS_Oppn___CEC___Rahul_G.mp4,3418,23744.067,23746.933,2.866,Anchor Studio,94.0,"Anchor Studio: stable=0.88, symmetry=0.98, centered=True, faces=2, face_area=0.0170"
SIR_Row_Live__Protests___Politics_Over_Poll_Panel___Govt_VS_Oppn___CEC___Rahul_G.mp4,3419,23747.0,23752.933,5.933,Anchor Studio,94.0,"Anchor Studio: stable=0.81, symmetry=0.93, centered=True, faces=2, face_area=0.0158"
SIR_Row_Live__Protests___Politics_Over_Poll_Panel___Govt_VS_Oppn___CEC___Rahul_G.mp4,3420,23753.0,23753.6,0.6,B-Roll,70.0,"B-Roll: motion=0.0604, edge=0.0835, face_area=0.0021, symmetry=0.77"
SIR_Row_Live__Protests___Politics_Over_Poll_Panel___Govt_VS_Oppn___CEC___Rahul_G.mp4,3421,23753.667,23756.733,3.066,Anchor Studio,84.0,"Anchor Studio: stable=0.68, symmetry=0.94, centered=True, faces=2, face_area=0.0175"
SIR_Row_Live__Protests___Politics_Over_Poll_Panel___Govt_VS_Oppn___CEC___Rahul_G.mp4,3422,23756.8,23758.4,1.6,Anchor Studio,94.0,"Anchor Studio: stable=0.91, symmetry=0.97, centered=True, faces=2, face_area=0.0283"
SIR_Row_Live__Protests___Politics_Over_Poll_Panel___Govt_VS_Oppn___CEC___Rahul_G.mp4,3423,23758.467,23759.4,0.933,Anchor Studio,94.0,"Anchor Studio: stable=0.95, symmetry=0.98, centered=True, faces=2, face_area=0.0347"
SIR_Row_Live__Protests___Politics_Over_Poll_Panel___Govt_VS_Oppn___CEC___Rahul_G.mp4,3424,23759.467,23760.0,0.533,Anchor Studio,94.0,"Anchor Studio: stable=0.91, symmetry=0.99, centered=True, faces=2, face_area=0.0240"
SIR_Row_Live__Protests___Politics_Over_Poll_Panel___Govt_VS_Oppn___CEC___Rahul_G.mp4,3425,23760.067,23767.333,7.266,Anchor Studio,94.0,"Anchor Studio: stable=0.85, symmetry=0.98, centered=True, faces=2, face_area=0.0217"
SIR_Row_Live__Protests___Politics_Over_Poll_Panel___Govt_VS_Oppn___CEC___Rahul_G.mp4,3426,23767.4,23768.667,1.267,Anchor Studio,84.0,"Anchor Studio: stable=0.72, symmetry=0.97, centered=True, faces=2, face_area=0.0321"
SIR_Row_Live__Protests___Politics_Over_Poll_Panel___Govt_VS_Oppn___CEC___Rahul_G.mp4,3427,23768.733,23770.467,1.734,Anchor Studio,94.0,"Anchor Studio: stable=0.89, symmetry=0.96, centered=True, faces=2, face_area=0.0294"
SIR_Row_Live__Protests___Politics_Over_Poll_Panel___Govt_VS_Oppn___CEC___Rahul_G.mp4,3428,23770.533,23773.8,3.267,Anchor Studio,94.0,"Anchor Studio: stable=0.87, symmetry=0.91, centered=True, faces=2, face_area=0.0274"
SIR_Row_Live__Protests___Politics_Over_Poll_Panel___Govt_VS_Oppn___CEC___Rahul_G.mp4,3429,23773.867,23777.333,3.466,Anchor Studio,94.0,"Anchor Studio: stable=0.78, symmetry=0.90, centered=True, faces=1, face_area=0.0200"
SIR_Row_Live__Protests___Politics_Over_Poll_Panel___Govt_VS_Oppn___CEC___Rahul_G.mp4,3430,23777.4,23780.4,3.0,Anchor Studio,94.0,"Anchor Studio: stable=0.83, symmetry=0.96, centered=True, faces=2, face_area=0.0295"
SIR_Row_Live__Protests___Politics_Over_Poll_Panel___Govt_VS_Oppn___CEC___Rahul_G.mp4,3431,23780.467,23784.2,3.733,Anchor Studio,94.0,"Anchor Studio: stable=0.85, symmetry=0.98, centered=True, faces=2, face_area=0.0249"
SIR_Row_Live__Protests___Politics_Over_Poll_Panel___Govt_VS_Oppn___CEC___Rahul_G.mp4,3432,23784.267,23789.2,4.933,Anchor Studio,94.0,"Anchor Studio: stable=0.83, symmetry=0.99, centered=True, faces=2, face_area=0.0229"
SIR_Row_Live__Protests___Politics_Over_Poll_Panel___Govt_VS_Oppn___CEC___Rahul_G.mp4,3433,23789.267,23790.467,1.2,Title Card,68.0,"Title Card: headline=0.6315, textcov=0.9128, stability=0.77"
SIR_Row_Live__Protests___Politics_Over_Poll_Panel___Govt_VS_Oppn___CEC___Rahul_G.mp4,3434,23790.533,23793.8,3.267,Anchor Studio,94.0,"Anchor Studio: stable=0.81, symmetry=0.98, centered=True, faces=1, face_area=0.0237"
SIR_Row_Live__Protests___Politics_Over_Poll_Panel___Govt_VS_Oppn___CEC___Rahul_G.mp4,3435,23793.867,23794.933,1.066,Anchor Studio,94.0,"Anchor Studio: stable=0.85, symmetry=0.99, centered=True, faces=2, face_area=0.0362"
SIR_Row_Live__Protests___Politics_Over_Poll_Panel___Govt_VS_Oppn___CEC___Rahul_G.mp4,3436,23795.0,23799.6,4.6,Anchor Studio,94.0,"Anchor Studio: stable=0.83, symmetry=0.99, centered=True, faces=2, face_area=0.0245"
SIR_Row_Live__Protests___Politics_Over_Poll_Panel___Govt_VS_Oppn___CEC___Rahul_G.mp4,3437,23799.667,23803.733,4.066,Anchor Studio,94.0,"Anchor Studio: stable=0.85, symmetry=0.98, centered=True, faces=2, face_area=0.0226"
SIR_Row_Live__Protests___Politics_Over_Poll_Panel___Govt_VS_Oppn___CEC___Rahul_G.mp4,3438,23803.8,23809.6,5.8,Anchor Studio,94.0,"Anchor Studio: stable=0.82, symmetry=0.97, centered=True, faces=2, face_area=0.0257"
SIR_Row_Live__Protests___Politics_Over_Poll_Panel___Govt_VS_Oppn___CEC___Rahul_G.mp4,3439,23809.667,23811.2,1.533,Anchor Studio,94.0,"Anchor Studio: stable=0.81, symmetry=0.94, centered=True, faces=1, face_area=0.0222"
SIR_Row_Live__Protests___Politics_Over_Poll_Panel___Govt_VS_Oppn___CEC___Rahul_G.mp4,3440,23811.267,23812.0,0.733,Anchor Studio,72.0,"Anchor Studio: stable=0.61, symmetry=0.79, centered=True, faces=2, face_area=0.0149"
SIR_Row_Live__Protests___Politics_Over_Poll_Panel___Govt_VS_Oppn___CEC___Rahul_G.mp4,3441,23812.067,23813.267,1.2,Anchor Studio,74.0,"Anchor Studio: stable=0.63, symmetry=0.88, centered=True, faces=1, face_area=0.0009"
SIR_Row_Live__Protests___Politics_Over_Poll_Panel___Govt_VS_Oppn___CEC___Rahul_G.mp4,3442,23813.333,23817.4,4.067,Anchor Studio,84.0,"Anchor Studio: stable=0.81, symmetry=0.95, centered=True, faces=2, face_area=0.0084"
SIR_Row_Live__Protests___Politics_Over_Poll_Panel___Govt_VS_Oppn___CEC___Rahul_G.mp4,3443,23817.467,23822.4,4.933,Anchor Studio,94.0,"Anchor Studio: stable=0.81, symmetry=0.83, centered=True, faces=2, face_area=0.0181"
SIR_Row_Live__Protests___Politics_Over_Poll_Panel___Govt_VS_Oppn___CEC___Rahul_G.mp4,3444,23822.467,23860.733,38.266,Anchor Studio,84.0,"Anchor Studio: stable=0.84, symmetry=0.93, centered=True, faces=1, face_area=0.0030"
SIR_Row_Live__Protests___Politics_Over_Poll_Panel___Govt_VS_Oppn___CEC___Rahul_G.mp4,3445,23860.8,23888.133,27.333,Anchor Studio,94.0,"Anchor Studio: stable=0.89, symmetry=0.88, centered=True, faces=2, face_area=0.0108"
SIR_Row_Live__Protests___Politics_Over_Poll_Panel___Govt_VS_Oppn___CEC___Rahul_G.mp4,3446,23888.2,23889.8,1.6,Anchor Studio,84.0,"Anchor Studio: stable=0.65, symmetry=0.88, centered=True, faces=3, face_area=0.0649"
SIR_Row_Live__Protests___Politics_Over_Poll_Panel___Govt_VS_Oppn___CEC___Rahul_G.mp4,3447,23889.867,23891.0,1.133,Anchor Studio,94.0,"Anchor Studio: stable=0.85, symmetry=0.89, centered=True, faces=4, face_area=0.1194"
SIR_Row_Live__Protests___Politics_Over_Poll_Panel___Govt_VS_Oppn___CEC___Rahul_G.mp4,3448,23891.067,23891.667,0.6,Field Report,68.0,"Field Report: motion=0.0493, faces=1, centered=False, symmetry=0.77"
SIR_Row_Live__Protests___Politics_Over_Poll_Panel___Govt_VS_Oppn___CEC___Rahul_G.mp4,3449,23891.733,23895.933,4.2,Anchor Studio,84.0,"Anchor Studio: stable=0.75, symmetry=0.87, centered=True, faces=2, face_area=0.0406"
SIR_Row_Live__Protests___Politics_Over_Poll_Panel___Govt_VS_Oppn___CEC___Rahul_G.mp4,3450,23896.0,23899.933,3.933,Anchor Studio,94.0,"Anchor Studio: stable=0.87, symmetry=0.99, centered=True, faces=3, face_area=0.1070"
SIR_Row_Live__Protests___Politics_Over_Poll_Panel___Govt_VS_Oppn___CEC___Rahul_G.mp4,3451,23900.0,23909.8,9.8,Anchor Studio,94.0,"Anchor Studio: stable=0.90, symmetry=0.98, centered=True, faces=3, face_area=0.1195"
SIR_Row_Live__Protests___Politics_Over_Poll_Panel___Govt_VS_Oppn___CEC___Rahul_G.mp4,3452,23909.867,23927.0,17.133,Anchor Studio,94.0,"Anchor Studio: stable=0.88, symmetry=0.97, centered=True, faces=3, face_area=0.1134"
SIR_Row_Live__Protests___Politics_Over_Poll_Panel___Govt_VS_Oppn___CEC___Rahul_G.mp4,3453,23927.067,23929.6,2.533,Anchor Studio,94.0,"Anchor Studio: stable=0.90, symmetry=0.95, centered=True, faces=3, face_area=0.1177"
SIR_Row_Live__Protests___Politics_Over_Poll_Panel___Govt_VS_Oppn___CEC___Rahul_G.mp4,3454,23929.667,23930.333,0.666,Anchor Studio,72.0,"Anchor Studio: stable=0.61, symmetry=0.77, centered=True, faces=2, face_area=0.0364"
SIR_Row_Live__Protests___Politics_Over_Poll_Panel___Govt_VS_Oppn___CEC___Rahul_G.mp4,3455,23930.4,23931.533,1.133,B-Roll,70.0,"B-Roll: motion=0.0381, edge=0.1135, face_area=0.0023, symmetry=0.89"
SIR_Row_Live__Protests___Politics_Over_Poll_Panel___Govt_VS_Oppn___CEC___Rahul_G.mp4,3456,23931.6,23949.733,18.133,Anchor Studio,94.0,"Anchor Studio: stable=0.90, symmetry=0.84, centered=True, faces=2, face_area=0.0228"
SIR_Row_Live__Protests___Politics_Over_Poll_Panel___Govt_VS_Oppn___CEC___Rahul_G.mp4,3457,23949.8,23954.867,5.067,Anchor Studio,94.0,"Anchor Studio: stable=0.84, symmetry=0.94, centered=True, faces=2, face_area=0.0199"
SIR_Row_Live__Protests___Politics_Over_Poll_Panel___Govt_VS_Oppn___CEC___Rahul_G.mp4,3458,23954.933,23955.533,0.6,Anchor Studio,82.0,"Anchor Studio: stable=0.89, symmetry=0.97, centered=False, faces=1, face_area=0.0191"
SIR_Row_Live__Protests___Politics_Over_Poll_Panel___Govt_VS_Oppn___CEC___Rahul_G.mp4,3459,23955.6,23956.8,1.2,B-Roll,70.0,"B-Roll: motion=0.0749, edge=0.1529, face_area=0.0000, symmetry=0.97"
SIR_Row_Live__Protests___Politics_Over_Poll_Panel___Govt_VS_Oppn___CEC___Rahul_G.mp4,3460,23956.867,23957.6,0.733,Title Card,68.0,"Title Card: headline=0.8367, textcov=0.9238, stability=0.78"
SIR_Row_Live__Protests___Politics_Over_Poll_Panel___Govt_VS_Oppn___CEC___Rahul_G.mp4,3461,23957.667,23959.067,1.4,Anchor Studio,82.0,"Anchor Studio: stable=0.89, symmetry=0.96, centered=False, faces=1, face_area=0.0183"
SIR_Row_Live__Protests___Politics_Over_Poll_Panel___Govt_VS_Oppn___CEC___Rahul_G.mp4,3462,23959.133,23959.867,0.734,Anchor Studio,82.0,"Anchor Studio: stable=0.89, symmetry=0.94, centered=False, faces=1, face_area=0.0225"
SIR_Row_Live__Protests___Politics_Over_Poll_Panel___Govt_VS_Oppn___CEC___Rahul_G.mp4,3463,23959.933,23964.4,4.467,Title Card,74.0,"Title Card: headline=0.8267, textcov=0.9432, stability=0.83"
SIR_Row_Live__Protests___Politics_Over_Poll_Panel___Govt_VS_Oppn___CEC___Rahul_G.mp4,3464,23964.467,23966.8,2.333,Title Card,78.0,"Title Card: headline=0.9260, textcov=1.0536, stability=0.88"
SIR_Row_Live__Protests___Politics_Over_Poll_Panel___Govt_VS_Oppn___CEC___Rahul_G.mp4,3465,23966.867,23968.4,1.533,Anchor Studio,74.0,"Anchor Studio: stable=0.43, symmetry=0.97, centered=True, faces=1, face_area=0.0025"
SIR_Row_Live__Protests___Politics_Over_Poll_Panel___Govt_VS_Oppn___CEC___Rahul_G.mp4,3466,23968.467,23969.4,0.933,Anchor Studio,82.0,"Anchor Studio: stable=0.77, symmetry=0.95, centered=False, faces=1, face_area=0.0155"
SIR_Row_Live__Protests___Politics_Over_Poll_Panel___Govt_VS_Oppn___CEC___Rahul_G.mp4,3467,23969.467,23974.4,4.933,Anchor Studio,94.0,"Anchor Studio: stable=0.84, symmetry=0.94, centered=True, faces=2, face_area=0.0223"
SIR_Row_Live__Protests___Politics_Over_Poll_Panel___Govt_VS_Oppn___CEC___Rahul_G.mp4,3468,23974.467,23976.8,2.333,Anchor Studio,82.0,"Anchor Studio: stable=0.85, symmetry=0.96, centered=False, faces=1, face_area=0.0184"
SIR_Row_Live__Protests___Politics_Over_Poll_Panel___Govt_VS_Oppn___CEC___Rahul_G.mp4,3469,23976.867,23979.4,2.533,Anchor Studio,82.0,"Anchor Studio: stable=0.85, symmetry=0.93, centered=False, faces=1, face_area=0.0159"
SIR_Row_Live__Protests___Politics_Over_Poll_Panel___Govt_VS_Oppn___CEC___Rahul_G.mp4,3470,23979.467,23982.0,2.533,Anchor Studio,82.0,"Anchor Studio: stable=0.86, symmetry=0.93, centered=False, faces=1, face_area=0.0207"
SIR_Row_Live__Protests___Politics_Over_Poll_Panel___Govt_VS_Oppn___CEC___Rahul_G.mp4,3471,23982.067,23983.933,1.866,Field Report,68.0,"Field Report: motion=0.0326, faces=1, centered=False, symmetry=0.97"
SIR_Row_Live__Protests___Politics_Over_Poll_Panel___Govt_VS_Oppn___CEC___Rahul_G.mp4,3472,23984.0,23986.6,2.6,Anchor Studio,82.0,"Anchor Studio: stable=0.84, symmetry=0.97, centered=False, faces=1, face_area=0.0218"
SIR_Row_Live__Protests___Politics_Over_Poll_Panel___Govt_VS_Oppn___CEC___Rahul_G.mp4,3473,23986.667,23988.133,1.466,Anchor Studio,82.0,"Anchor Studio: stable=0.84, symmetry=0.95, centered=False, faces=1, face_area=0.0216"
SIR_Row_Live__Protests___Politics_Over_Poll_Panel___Govt_VS_Oppn___CEC___Rahul_G.mp4,3474,23988.2,23993.667,5.467,Anchor Studio,94.0,"Anchor Studio: stable=0.90, symmetry=0.86, centered=True, faces=2, face_area=0.0232"
SIR_Row_Live__Protests___Politics_Over_Poll_Panel___Govt_VS_Oppn___CEC___Rahul_G.mp4,3475,23993.733,24056.533,62.8,Anchor Studio,94.0,"Anchor Studio: stable=0.92, symmetry=0.85, centered=True, faces=2, face_area=0.0195"
SIR_Row_Live__Protests___Politics_Over_Poll_Panel___Govt_VS_Oppn___CEC___Rahul_G.mp4,3476,24056.6,24094.0,37.4,Anchor Studio,94.0,"Anchor Studio: stable=0.91, symmetry=0.92, centered=True, faces=2, face_area=0.0208"
SIR_Row_Live__Protests___Politics_Over_Poll_Panel___Govt_VS_Oppn___CEC___Rahul_G.mp4,3477,24094.067,24096.8,2.733,Anchor Studio,94.0,"Anchor Studio: stable=0.81, symmetry=0.94, centered=True, faces=3, face_area=0.0699"
SIR_Row_Live__Protests___Politics_Over_Poll_Panel___Govt_VS_Oppn___CEC___Rahul_G.mp4,3478,24096.867,24129.733,32.866,Anchor Studio,94.0,"Anchor Studio: stable=0.88, symmetry=0.95, centered=True, faces=4, face_area=0.1157"
SIR_Row_Live__Protests___Politics_Over_Poll_Panel___Govt_VS_Oppn___CEC___Rahul_G.mp4,3479,24129.8,24130.467,0.667,Anchor Studio,72.0,"Anchor Studio: stable=0.58, symmetry=0.78, centered=True, faces=1, face_area=0.0278"
SIR_Row_Live__Protests___Politics_Over_Poll_Panel___Govt_VS_Oppn___CEC___Rahul_G.mp4,3480,24130.533,24160.6,30.067,Anchor Studio,82.0,"Anchor Studio: stable=0.90, symmetry=0.79, centered=True, faces=2, face_area=0.0214"
SIR_Row_Live__Protests___Politics_Over_Poll_Panel___Govt_VS_Oppn___CEC___Rahul_G.mp4,3481,24160.667,24198.4,37.733,Title Card,74.0,"Title Card: headline=0.7741, textcov=0.9158, stability=0.93"
SIR_Row_Live__Protests___Politics_Over_Poll_Panel___Govt_VS_Oppn___CEC___Rahul_G.mp4,3482,24198.467,24199.933,1.466,Anchor Studio,82.0,"Anchor Studio: stable=0.82, symmetry=0.95, centered=False, faces=1, face_area=0.0224"
SIR_Row_Live__Protests___Politics_Over_Poll_Panel___Govt_VS_Oppn___CEC___Rahul_G.mp4,3483,24200.0,24201.333,1.333,Anchor Studio,82.0,"Anchor Studio: stable=0.83, symmetry=0.93, centered=False, faces=1, face_area=0.0194"
SIR_Row_Live__Protests___Politics_Over_Poll_Panel___Govt_VS_Oppn___CEC___Rahul_G.mp4,3484,24201.4,24206.333,4.933,Anchor Studio,94.0,"Anchor Studio: stable=0.84, symmetry=0.94, centered=True, faces=2, face_area=0.0238"
SIR_Row_Live__Protests___Politics_Over_Poll_Panel___Govt_VS_Oppn___CEC___Rahul_G.mp4,3485,24206.4,24210.0,3.6,Title Card,74.0,"Title Card: headline=0.8609, textcov=0.9804, stability=0.84"
SIR_Row_Live__Protests___Politics_Over_Poll_Panel___Govt_VS_Oppn___CEC___Rahul_G.mp4,3486,24210.067,24210.867,0.8,B-Roll,70.0,"B-Roll: motion=0.0351, edge=0.1728, face_area=0.0017, symmetry=0.87"
SIR_Row_Live__Protests___Politics_Over_Poll_Panel___Govt_VS_Oppn___CEC___Rahul_G.mp4,3487,24210.933,24215.867,4.934,Anchor Studio,82.0,"Anchor Studio: stable=0.84, symmetry=0.94, centered=False, faces=1, face_area=0.0136"
SIR_Row_Live__Protests___Politics_Over_Poll_Panel___Govt_VS_Oppn___CEC___Rahul_G.mp4,3488,24215.933,24216.867,0.934,Anchor Studio,82.0,"Anchor Studio: stable=0.86, symmetry=0.96, centered=False, faces=1, face_area=0.0171"
SIR_Row_Live__Protests___Politics_Over_Poll_Panel___Govt_VS_Oppn___CEC___Rahul_G.mp4,3489,24216.933,24220.133,3.2,Anchor Studio,94.0,"Anchor Studio: stable=0.87, symmetry=0.97, centered=True, faces=3, face_area=0.0577"
SIR_Row_Live__Protests___Politics_Over_Poll_Panel___Govt_VS_Oppn___CEC___Rahul_G.mp4,3490,24220.2,24223.8,3.6,Anchor Studio,94.0,"Anchor Studio: stable=0.89, symmetry=0.95, centered=True, faces=3, face_area=0.0664"
SIR_Row_Live__Protests___Politics_Over_Poll_Panel___Govt_VS_Oppn___CEC___Rahul_G.mp4,3491,24223.867,24228.2,4.333,Anchor Studio,94.0,"Anchor Studio: stable=0.87, symmetry=0.96, centered=True, faces=4, face_area=0.0638"
SIR_Row_Live__Protests___Politics_Over_Poll_Panel___Govt_VS_Oppn___CEC___Rahul_G.mp4,3492,24228.267,24230.0,1.733,Anchor Studio,94.0,"Anchor Studio: stable=0.82, symmetry=0.93, centered=True, faces=3, face_area=0.0701"
SIR_Row_Live__Protests___Politics_Over_Poll_Panel___Govt_VS_Oppn___CEC___Rahul_G.mp4,3493,24230.067,24233.0,2.933,Anchor Studio,94.0,"Anchor Studio: stable=0.89, symmetry=0.96, centered=True, faces=3, face_area=0.0583"
SIR_Row_Live__Protests___Politics_Over_Poll_Panel___Govt_VS_Oppn___CEC___Rahul_G.mp4,3494,24233.067,24236.267,3.2,Anchor Studio,94.0,"Anchor Studio: stable=0.86, symmetry=0.95, centered=True, faces=3, face_area=0.0506"
SIR_Row_Live__Protests___Politics_Over_Poll_Panel___Govt_VS_Oppn___CEC___Rahul_G.mp4,3495,24236.333,24240.0,3.667,Anchor Studio,94.0,"Anchor Studio: stable=0.88, symmetry=0.98, centered=True, faces=4, face_area=0.0716"
SIR_Row_Live__Protests___Politics_Over_Poll_Panel___Govt_VS_Oppn___CEC___Rahul_G.mp4,3496,24240.067,24240.933,0.866,Anchor Studio,94.0,"Anchor Studio: stable=0.82, symmetry=0.94, centered=True, faces=2, face_area=0.0453"
SIR_Row_Live__Protests___Politics_Over_Poll_Panel___Govt_VS_Oppn___CEC___Rahul_G.mp4,3497,24241.0,24242.067,1.067,Anchor Studio,82.0,"Anchor Studio: stable=0.78, symmetry=0.95, centered=False, faces=2, face_area=0.0457"
SIR_Row_Live__Protests___Politics_Over_Poll_Panel___Govt_VS_Oppn___CEC___Rahul_G.mp4,3498,24242.133,24244.4,2.267,Anchor Studio,94.0,"Anchor Studio: stable=0.89, symmetry=0.95, centered=True, faces=3, face_area=0.0410"
SIR_Row_Live__Protests___Politics_Over_Poll_Panel___Govt_VS_Oppn___CEC___Rahul_G.mp4,3499,24244.467,24246.2,1.733,Anchor Studio,94.0,"Anchor Studio: stable=0.81, symmetry=0.91, centered=True, faces=3, face_area=0.0454"
SIR_Row_Live__Protests___Politics_Over_Poll_Panel___Govt_VS_Oppn___CEC___Rahul_G.mp4,3500,24246.267,24250.0,3.733,Anchor Studio,94.0,"Anchor Studio: stable=0.88, symmetry=0.89, centered=True, faces=2, face_area=0.0209"
SIR_Row_Live__Protests___Politics_Over_Poll_Panel___Govt_VS_Oppn___CEC___Rahul_G.mp4,3501,24250.067,24259.8,9.733,Anchor Studio,82.0,"Anchor Studio: stable=0.85, symmetry=0.86, centered=False, faces=2, face_area=0.0202"
SIR_Row_Live__Protests___Politics_Over_Poll_Panel___Govt_VS_Oppn___CEC___Rahul_G.mp4,3502,24259.867,24264.4,4.533,Anchor Studio,94.0,"Anchor Studio: stable=0.86, symmetry=0.89, centered=True, faces=2, face_area=0.0235"
SIR_Row_Live__Protests___Politics_Over_Poll_Panel___Govt_VS_Oppn___CEC___Rahul_G.mp4,3503,24264.467,24269.8,5.333,Anchor Studio,82.0,"Anchor Studio: stable=0.86, symmetry=0.88, centered=False, faces=2, face_area=0.0167"
SIR_Row_Live__Protests___Politics_Over_Poll_Panel___Govt_VS_Oppn___CEC___Rahul_G.mp4,3504,24269.867,24280.0,10.133,Anchor Studio,94.0,"Anchor Studio: stable=0.84, symmetry=0.87, centered=True, faces=2, face_area=0.0210"
SIR_Row_Live__Protests___Politics_Over_Poll_Panel___Govt_VS_Oppn___CEC___Rahul_G.mp4,3505,24280.067,24289.8,9.733,Anchor Studio,82.0,"Anchor Studio: stable=0.85, symmetry=0.85, centered=False, faces=1, face_area=0.0203"
SIR_Row_Live__Protests___Politics_Over_Poll_Panel___Govt_VS_Oppn___CEC___Rahul_G.mp4,3506,24289.867,24298.6,8.733,Anchor Studio,94.0,"Anchor Studio: stable=0.83, symmetry=0.91, centered=True, faces=3, face_area=0.0423"
SIR_Row_Live__Protests___Politics_Over_Poll_Panel___Govt_VS_Oppn___CEC___Rahul_G.mp4,3507,24298.667,24299.333,0.666,Field Report,68.0,"Field Report: motion=0.0425, faces=1, centered=False, symmetry=0.79"
SIR_Row_Live__Protests___Politics_Over_Poll_Panel___Govt_VS_Oppn___CEC___Rahul_G.mp4,3508,24299.4,24315.733,16.333,Anchor Studio,94.0,"Anchor Studio: stable=0.88, symmetry=0.92, centered=True, faces=2, face_area=0.0430"
SIR_Row_Live__Protests___Politics_Over_Poll_Panel___Govt_VS_Oppn___CEC___Rahul_G.mp4,3509,24315.8,24328.133,12.333,Anchor Studio,94.0,"Anchor Studio: stable=0.78, symmetry=0.90, centered=True, faces=2, face_area=0.0276"
SIR_Row_Live__Protests___Politics_Over_Poll_Panel___Govt_VS_Oppn___CEC___Rahul_G.mp4,3510,24328.2,24330.4,2.2,Anchor Studio,84.0,"Anchor Studio: stable=0.45, symmetry=0.98, centered=True, faces=2, face_area=0.0276"
SIR_Row_Live__Protests___Politics_Over_Poll_Panel___Govt_VS_Oppn___CEC___Rahul_G.mp4,3511,24330.467,24335.933,5.466,Anchor Studio,72.0,"Anchor Studio: stable=0.59, symmetry=0.96, centered=False, faces=2, face_area=0.0343"
SIR_Row_Live__Protests___Politics_Over_Poll_Panel___Govt_VS_Oppn___CEC___Rahul_G.mp4,3512,24336.0,24337.067,1.067,Anchor Studio,72.0,"Anchor Studio: stable=0.52, symmetry=0.96, centered=False, faces=2, face_area=0.0436"
SIR_Row_Live__Protests___Politics_Over_Poll_Panel___Govt_VS_Oppn___CEC___Rahul_G.mp4,3513,24337.133,24339.267,2.134,Anchor Studio,72.0,"Anchor Studio: stable=0.55, symmetry=0.97, centered=False, faces=2, face_area=0.0429"
SIR_Row_Live__Protests___Politics_Over_Poll_Panel___Govt_VS_Oppn___CEC___Rahul_G.mp4,3514,24339.333,24341.467,2.134,Anchor Studio,72.0,"Anchor Studio: stable=0.56, symmetry=0.95, centered=False, faces=2, face_area=0.0378"
SIR_Row_Live__Protests___Politics_Over_Poll_Panel___Govt_VS_Oppn___CEC___Rahul_G.mp4,3515,24341.533,24364.133,22.6,Anchor Studio,94.0,"Anchor Studio: stable=0.88, symmetry=0.94, centered=True, faces=3, face_area=0.0398"
SIR_Row_Live__Protests___Politics_Over_Poll_Panel___Govt_VS_Oppn___CEC___Rahul_G.mp4,3516,24364.2,24376.667,12.467,Anchor Studio,82.0,"Anchor Studio: stable=0.85, symmetry=0.91, centered=False, faces=3, face_area=0.0525"
SIR_Row_Live__Protests___Politics_Over_Poll_Panel___Govt_VS_Oppn___CEC___Rahul_G.mp4,3517,24376.733,24399.067,22.334,Anchor Studio,82.0,"Anchor Studio: stable=0.85, symmetry=0.89, centered=False, faces=3, face_area=0.0509"
SIR_Row_Live__Protests___Politics_Over_Poll_Panel___Govt_VS_Oppn___CEC___Rahul_G.mp4,3518,24399.133,24408.467,9.334,B-Roll,70.0,"B-Roll: motion=0.0641, edge=0.1361, face_area=0.0002, symmetry=0.87"
SIR_Row_Live__Protests___Politics_Over_Poll_Panel___Govt_VS_Oppn___CEC___Rahul_G.mp4,3519,24408.533,24424.467,15.934,Anchor Studio,84.0,"Anchor Studio: stable=0.43, symmetry=0.91, centered=True, faces=3, face_area=0.0139"
SIR_Row_Live__Protests___Politics_Over_Poll_Panel___Govt_VS_Oppn___CEC___Rahul_G.mp4,3520,24424.533,24429.533,5.0,B-Roll,70.0,"B-Roll: motion=0.0595, edge=0.1693, face_area=0.0035, symmetry=0.84"
SIR_Row_Live__Protests___Politics_Over_Poll_Panel___Govt_VS_Oppn___CEC___Rahul_G.mp4,3521,24429.6,24432.533,2.933,Anchor Studio,84.0,"Anchor Studio: stable=0.44, symmetry=0.95, centered=True, faces=2, face_area=0.0722"
SIR_Row_Live__Protests___Politics_Over_Poll_Panel___Govt_VS_Oppn___CEC___Rahul_G.mp4,3522,24432.6,24437.267,4.667,Anchor Studio,74.0,"Anchor Studio: stable=0.12, symmetry=0.95, centered=True, faces=1, face_area=0.0008"
SIR_Row_Live__Protests___Politics_Over_Poll_Panel___Govt_VS_Oppn___CEC___Rahul_G.mp4,3523,24437.333,24445.067,7.734,Anchor Studio,74.0,"Anchor Studio: stable=0.13, symmetry=0.91, centered=True, faces=2, face_area=0.0054"
SIR_Row_Live__Protests___Politics_Over_Poll_Panel___Govt_VS_Oppn___CEC___Rahul_G.mp4,3524,24445.133,24450.867,5.734,Anchor Studio,84.0,"Anchor Studio: stable=0.24, symmetry=0.93, centered=True, faces=1, face_area=0.0233"
SIR_Row_Live__Protests___Politics_Over_Poll_Panel___Govt_VS_Oppn___CEC___Rahul_G.mp4,3525,24450.933,24453.667,2.734,Title Card,64.0,"Title Card: headline=0.8506, textcov=1.0263, stability=0.20"
SIR_Row_Live__Protests___Politics_Over_Poll_Panel___Govt_VS_Oppn___CEC___Rahul_G.mp4,3526,24453.733,24456.733,3.0,Anchor Studio,74.0,"Anchor Studio: stable=0.08, symmetry=0.95, centered=True, faces=1, face_area=0.0042"
SIR_Row_Live__Protests___Politics_Over_Poll_Panel___Govt_VS_Oppn___CEC___Rahul_G.mp4,3527,24456.8,24458.267,1.467,B-Roll,70.0,"B-Roll: motion=0.0999, edge=0.1651, face_area=0.0000, symmetry=0.97"
SIR_Row_Live__Protests___Politics_Over_Poll_Panel___Govt_VS_Oppn___CEC___Rahul_G.mp4,3528,24458.333,24459.067,0.734,B-Roll,70.0,"B-Roll: motion=0.1146, edge=0.1811, face_area=0.0000, symmetry=0.98"
SIR_Row_Live__Protests___Politics_Over_Poll_Panel___Govt_VS_Oppn___CEC___Rahul_G.mp4,3529,24459.133,24461.0,1.867,B-Roll,70.0,"B-Roll: motion=0.0558, edge=0.1347, face_area=0.0000, symmetry=0.90"
SIR_Row_Live__Protests___Politics_Over_Poll_Panel___Govt_VS_Oppn___CEC___Rahul_G.mp4,3530,24461.067,24470.267,9.2,Anchor Studio,74.0,"Anchor Studio: stable=0.73, symmetry=0.95, centered=True, faces=1, face_area=0.0012"
SIR_Row_Live__Protests___Politics_Over_Poll_Panel___Govt_VS_Oppn___CEC___Rahul_G.mp4,3531,24470.333,24505.933,35.6,Title Card,78.0,"Title Card: headline=0.2655, textcov=0.3891, stability=0.92"
SIR_Row_Live__Protests___Politics_Over_Poll_Panel___Govt_VS_Oppn___CEC___Rahul_G.mp4,3532,24506.0,24509.067,3.067,Anchor Studio,84.0,"Anchor Studio: stable=0.04, symmetry=0.91, centered=True, faces=2, face_area=0.0164"
SIR_Row_Live__Protests___Politics_Over_Poll_Panel___Govt_VS_Oppn___CEC___Rahul_G.mp4,3533,24509.133,24510.8,1.667,Title Card,78.0,"Title Card: headline=0.5235, textcov=0.7569, stability=0.85"
SIR_Row_Live__Protests___Politics_Over_Poll_Panel___Govt_VS_Oppn___CEC___Rahul_G.mp4,3534,24510.867,24512.267,1.4,Title Card,78.0,"Title Card: headline=0.5437, textcov=0.6356, stability=0.86"
SIR_Row_Live__Protests___Politics_Over_Poll_Panel___Govt_VS_Oppn___CEC___Rahul_G.mp4,3535,24512.333,24513.067,0.734,Anchor Studio,84.0,"Anchor Studio: stable=0.69, symmetry=0.94, centered=True, faces=1, face_area=0.0301"
SIR_Row_Live__Protests___Politics_Over_Poll_Panel___Govt_VS_Oppn___CEC___Rahul_G.mp4,3536,24513.133,24515.0,1.867,B-Roll,70.0,"B-Roll: motion=0.0673, edge=0.1648, face_area=0.0000, symmetry=0.93"
SIR_Row_Live__Protests___Politics_Over_Poll_Panel___Govt_VS_Oppn___CEC___Rahul_G.mp4,3537,24515.067,24516.267,1.2,B-Roll,70.0,"B-Roll: motion=0.0347, edge=0.1251, face_area=0.0000, symmetry=0.98"
SIR_Row_Live__Protests___Politics_Over_Poll_Panel___Govt_VS_Oppn___CEC___Rahul_G.mp4,3538,24516.333,24518.667,2.334,Anchor Studio,84.0,"Anchor Studio: stable=0.87, symmetry=0.86, centered=True, faces=1, face_area=0.0067"
SIR_Row_Live__Protests___Politics_Over_Poll_Panel___Govt_VS_Oppn___CEC___Rahul_G.mp4,3539,24518.733,24522.733,4.0,Anchor Studio,74.0,"Anchor Studio: stable=0.46, symmetry=0.91, centered=True, faces=1, face_area=0.0024"
SIR_Row_Live__Protests___Politics_Over_Poll_Panel___Govt_VS_Oppn___CEC___Rahul_G.mp4,3540,24522.8,24526.8,4.0,Anchor Studio,74.0,"Anchor Studio: stable=0.60, symmetry=0.94, centered=True, faces=1, face_area=0.0047"
SIR_Row_Live__Protests___Politics_Over_Poll_Panel___Govt_VS_Oppn___CEC___Rahul_G.mp4,3541,24526.867,24530.933,4.066,Anchor Studio,84.0,"Anchor Studio: stable=0.61, symmetry=0.94, centered=True, faces=2, face_area=0.0422"
SIR_Row_Live__Protests___Politics_Over_Poll_Panel___Govt_VS_Oppn___CEC___Rahul_G.mp4,3542,24531.0,24556.333,25.333,Anchor Studio,94.0,"Anchor Studio: stable=0.87, symmetry=0.95, centered=True, faces=3, face_area=0.1000"
SIR_Row_Live__Protests___Politics_Over_Poll_Panel___Govt_VS_Oppn___CEC___Rahul_G.mp4,3543,24556.4,24557.267,0.867,Anchor Studio,84.0,"Anchor Studio: stable=0.88, symmetry=0.95, centered=True, faces=1, face_area=0.0052"
SIR_Row_Live__Protests___Politics_Over_Poll_Panel___Govt_VS_Oppn___CEC___Rahul_G.mp4,3544,24557.333,24558.6,1.267,Anchor Studio,94.0,"Anchor Studio: stable=0.83, symmetry=0.91, centered=True, faces=1, face_area=0.0137"
SIR_Row_Live__Protests___Politics_Over_Poll_Panel___Govt_VS_Oppn___CEC___Rahul_G.mp4,3545,24558.667,24563.267,4.6,Anchor Studio,82.0,"Anchor Studio: stable=0.89, symmetry=0.88, centered=False, faces=1, face_area=0.0224"
SIR_Row_Live__Protests___Politics_Over_Poll_Panel___Govt_VS_Oppn___CEC___Rahul_G.mp4,3546,24563.333,24571.067,7.734,Anchor Studio,82.0,"Anchor Studio: stable=0.92, symmetry=0.89, centered=False, faces=1, face_area=0.0248"
SIR_Row_Live__Protests___Politics_Over_Poll_Panel___Govt_VS_Oppn___CEC___Rahul_G.mp4,3547,24571.133,24572.867,1.734,Anchor Studio,72.0,"Anchor Studio: stable=0.67, symmetry=0.80, centered=False, faces=1, face_area=0.0277"
SIR_Row_Live__Protests___Politics_Over_Poll_Panel___Govt_VS_Oppn___CEC___Rahul_G.mp4,3548,24572.933,24576.4,3.467,Title Card,74.0,"Title Card: headline=0.8017, textcov=0.9270, stability=0.85"
SIR_Row_Live__Protests___Politics_Over_Poll_Panel___Govt_VS_Oppn___CEC___Rahul_G.mp4,3549,24576.467,24579.467,3.0,Anchor Studio,94.0,"Anchor Studio: stable=0.89, symmetry=0.84, centered=True, faces=3, face_area=0.0499"
SIR_Row_Live__Protests___Politics_Over_Poll_Panel___Govt_VS_Oppn___CEC___Rahul_G.mp4,3550,24579.533,24580.267,0.734,Anchor Studio,82.0,"Anchor Studio: stable=0.81, symmetry=0.92, centered=False, faces=1, face_area=0.0263"
SIR_Row_Live__Protests___Politics_Over_Poll_Panel___Govt_VS_Oppn___CEC___Rahul_G.mp4,3551,24580.333,24585.667,5.334,Anchor Studio,94.0,"Anchor Studio: stable=0.92, symmetry=0.90, centered=True, faces=1, face_area=0.0220"
SIR_Row_Live__Protests___Politics_Over_Poll_Panel___Govt_VS_Oppn___CEC___Rahul_G.mp4,3552,24585.733,24589.333,3.6,Anchor Studio,84.0,"Anchor Studio: stable=0.35, symmetry=0.96, centered=True, faces=1, face_area=0.0317"
SIR_Row_Live__Protests___Politics_Over_Poll_Panel___Govt_VS_Oppn___CEC___Rahul_G.mp4,3553,24589.4,24591.867,2.467,Anchor Studio,84.0,"Anchor Studio: stable=0.51, symmetry=0.95, centered=True, faces=2, face_area=0.0230"
SIR_Row_Live__Protests___Politics_Over_Poll_Panel___Govt_VS_Oppn___CEC___Rahul_G.mp4,3554,24591.933,24593.333,1.4,Anchor Studio,74.0,"Anchor Studio: stable=0.52, symmetry=0.98, centered=True, faces=1, face_area=0.0010"
SIR_Row_Live__Protests___Politics_Over_Poll_Panel___Govt_VS_Oppn___CEC___Rahul_G.mp4,3555,24593.4,24594.2,0.8,B-Roll,70.0,"B-Roll: motion=0.0618, edge=0.1319, face_area=0.0000, symmetry=0.93"
SIR_Row_Live__Protests___Politics_Over_Poll_Panel___Govt_VS_Oppn___CEC___Rahul_G.mp4,3556,24594.267,24596.867,2.6,B-Roll,70.0,"B-Roll: motion=0.0444, edge=0.1429, face_area=0.0000, symmetry=0.91"
SIR_Row_Live__Protests___Politics_Over_Poll_Panel___Govt_VS_Oppn___CEC___Rahul_G.mp4,3557,24596.933,24599.4,2.467,Title Card,68.0,"Title Card: headline=0.0846, textcov=0.3617, stability=0.78"
SIR_Row_Live__Protests___Politics_Over_Poll_Panel___Govt_VS_Oppn___CEC___Rahul_G.mp4,3558,24599.467,24602.467,3.0,Anchor Studio,82.0,"Anchor Studio: stable=0.87, symmetry=0.78, centered=True, faces=2, face_area=0.1190"
SIR_Row_Live__Protests___Politics_Over_Poll_Panel___Govt_VS_Oppn___CEC___Rahul_G.mp4,3559,24602.533,24616.067,13.534,Anchor Studio,84.0,"Anchor Studio: stable=0.61, symmetry=0.92, centered=True, faces=1, face_area=0.0356"
SIR_Row_Live__Protests___Politics_Over_Poll_Panel___Govt_VS_Oppn___CEC___Rahul_G.mp4,3560,24616.133,24618.533,2.4,Anchor Studio,82.0,"Anchor Studio: stable=0.75, symmetry=0.88, centered=False, faces=1, face_area=0.0250"
SIR_Row_Live__Protests___Politics_Over_Poll_Panel___Govt_VS_Oppn___CEC___Rahul_G.mp4,3561,24618.6,24622.733,4.133,Anchor Studio,94.0,"Anchor Studio: stable=0.80, symmetry=0.95, centered=True, faces=2, face_area=0.0250"
SIR_Row_Live__Protests___Politics_Over_Poll_Panel___Govt_VS_Oppn___CEC___Rahul_G.mp4,3562,24622.8,24631.4,8.6,Anchor Studio,84.0,"Anchor Studio: stable=0.73, symmetry=0.97, centered=True, faces=2, face_area=0.0282"
SIR_Row_Live__Protests___Politics_Over_Poll_Panel___Govt_VS_Oppn___CEC___Rahul_G.mp4,3563,24631.467,24642.267,10.8,Anchor Studio,84.0,"Anchor Studio: stable=0.64, symmetry=0.86, centered=True, faces=1, face_area=0.0124"
SIR_Row_Live__Protests___Politics_Over_Poll_Panel___Govt_VS_Oppn___CEC___Rahul_G.mp4,3564,24642.333,24646.267,3.934,Title Card,78.0,"Title Card: headline=0.4169, textcov=0.6651, stability=0.84"
SIR_Row_Live__Protests___Politics_Over_Poll_Panel___Govt_VS_Oppn___CEC___Rahul_G.mp4,3565,24646.333,24648.067,1.734,Title Card,78.0,"Title Card: headline=0.3114, textcov=0.5543, stability=0.84"
SIR_Row_Live__Protests___Politics_Over_Poll_Panel___Govt_VS_Oppn___CEC___Rahul_G.mp4,3566,24648.133,24655.933,7.8,Title Card,78.0,"Title Card: headline=0.6733, textcov=0.7681, stability=0.92"
SIR_Row_Live__Protests___Politics_Over_Poll_Panel___Govt_VS_Oppn___CEC___Rahul_G.mp4,3567,24656.0,24662.333,6.333,B-Roll,70.0,"B-Roll: motion=0.0487, edge=0.1439, face_area=0.0000, symmetry=0.91"
SIR_Row_Live__Protests___Politics_Over_Poll_Panel___Govt_VS_Oppn___CEC___Rahul_G.mp4,3568,24662.4,24667.333,4.933,B-Roll,70.0,"B-Roll: motion=0.0419, edge=0.1549, face_area=0.0000, symmetry=0.98"
SIR_Row_Live__Protests___Politics_Over_Poll_Panel___Govt_VS_Oppn___CEC___Rahul_G.mp4,3569,24667.4,24670.933,3.533,B-Roll,70.0,"B-Roll: motion=0.1196, edge=0.0804, face_area=0.0000, symmetry=0.90"
SIR_Row_Live__Protests___Politics_Over_Poll_Panel___Govt_VS_Oppn___CEC___Rahul_G.mp4,3570,24671.0,24673.067,2.067,Anchor Studio,74.0,"Anchor Studio: stable=0.17, symmetry=0.94, centered=True, faces=1, face_area=0.0032"
SIR_Row_Live__Protests___Politics_Over_Poll_Panel___Govt_VS_Oppn___CEC___Rahul_G.mp4,3571,24673.133,24675.8,2.667,Anchor Studio,82.0,"Anchor Studio: stable=0.80, symmetry=0.92, centered=False, faces=1, face_area=0.0502"
SIR_Row_Live__Protests___Politics_Over_Poll_Panel___Govt_VS_Oppn___CEC___Rahul_G.mp4,3572,24675.867,24676.467,0.6,Anchor Studio,82.0,"Anchor Studio: stable=0.79, symmetry=0.90, centered=False, faces=1, face_area=0.0256"
SIR_Row_Live__Protests___Politics_Over_Poll_Panel___Govt_VS_Oppn___CEC___Rahul_G.mp4,3573,24676.533,24680.067,3.534,Anchor Studio,84.0,"Anchor Studio: stable=0.85, symmetry=0.92, centered=True, faces=1, face_area=0.0061"
SIR_Row_Live__Protests___Politics_Over_Poll_Panel___Govt_VS_Oppn___CEC___Rahul_G.mp4,3574,24680.133,24682.467,2.334,Anchor Studio,94.0,"Anchor Studio: stable=0.76, symmetry=0.98, centered=True, faces=1, face_area=0.0147"
SIR_Row_Live__Protests___Politics_Over_Poll_Panel___Govt_VS_Oppn___CEC___Rahul_G.mp4,3575,24682.533,24685.867,3.334,Anchor Studio,84.0,"Anchor Studio: stable=0.73, symmetry=0.83, centered=True, faces=2, face_area=0.0131"
SIR_Row_Live__Protests___Politics_Over_Poll_Panel___Govt_VS_Oppn___CEC___Rahul_G.mp4,3576,24685.933,24686.667,0.734,Anchor Studio,94.0,"Anchor Studio: stable=0.88, symmetry=0.83, centered=True, faces=1, face_area=0.0252"
SIR_Row_Live__Protests___Politics_Over_Poll_Panel___Govt_VS_Oppn___CEC___Rahul_G.mp4,3577,24686.733,24694.333,7.6,Anchor Studio,84.0,"Anchor Studio: stable=0.69, symmetry=0.88, centered=True, faces=2, face_area=0.0201"
SIR_Row_Live__Protests___Politics_Over_Poll_Panel___Govt_VS_Oppn___CEC___Rahul_G.mp4,3578,24694.4,24699.467,5.067,Anchor Studio,94.0,"Anchor Studio: stable=0.79, symmetry=0.89, centered=True, faces=2, face_area=0.0123"
SIR_Row_Live__Protests___Politics_Over_Poll_Panel___Govt_VS_Oppn___CEC___Rahul_G.mp4,3579,24699.533,24700.467,0.934,Anchor Studio,74.0,"Anchor Studio: stable=0.75, symmetry=0.94, centered=True, faces=1, face_area=0.0051"
SIR_Row_Live__Protests___Politics_Over_Poll_Panel___Govt_VS_Oppn___CEC___Rahul_G.mp4,3580,24700.533,24704.067,3.534,Anchor Studio,84.0,"Anchor Studio: stable=0.74, symmetry=0.96, centered=True, faces=1, face_area=0.0194"
SIR_Row_Live__Protests___Politics_Over_Poll_Panel___Govt_VS_Oppn___CEC___Rahul_G.mp4,3581,24704.133,24705.6,1.467,Title Card,78.0,"Title Card: headline=0.2643, textcov=0.4726, stability=0.86"
SIR_Row_Live__Protests___Politics_Over_Poll_Panel___Govt_VS_Oppn___CEC___Rahul_G.mp4,3582,24705.667,24707.333,1.666,B-Roll,70.0,"B-Roll: motion=0.0263, edge=0.0835, face_area=0.0000, symmetry=0.90"
SIR_Row_Live__Protests___Politics_Over_Poll_Panel___Govt_VS_Oppn___CEC___Rahul_G.mp4,3583,24707.4,24710.2,2.8,Title Card,78.0,"Title Card: headline=0.3871, textcov=0.5577, stability=0.87"
SIR_Row_Live__Protests___Politics_Over_Poll_Panel___Govt_VS_Oppn___CEC___Rahul_G.mp4,3584,24710.267,24711.533,1.266,Title Card,78.0,"Title Card: headline=0.1981, textcov=0.3354, stability=0.85"
SIR_Row_Live__Protests___Politics_Over_Poll_Panel___Govt_VS_Oppn___CEC___Rahul_G.mp4,3585,24711.6,24713.8,2.2,B-Roll,70.0,"B-Roll: motion=0.0296, edge=0.1123, face_area=0.0000, symmetry=0.82"
SIR_Row_Live__Protests___Politics_Over_Poll_Panel___Govt_VS_Oppn___CEC___Rahul_G.mp4,3586,24713.867,24718.667,4.8,Anchor Studio,94.0,"Anchor Studio: stable=0.88, symmetry=0.81, centered=True, faces=2, face_area=0.0260"
SIR_Row_Live__Protests___Politics_Over_Poll_Panel___Govt_VS_Oppn___CEC___Rahul_G.mp4,3587,24718.733,24719.267,0.534,Anchor Studio,82.0,"Anchor Studio: stable=0.81, symmetry=0.78, centered=True, faces=1, face_area=0.0191"
SIR_Row_Live__Protests___Politics_Over_Poll_Panel___Govt_VS_Oppn___CEC___Rahul_G.mp4,3588,24719.333,24724.0,4.667,Anchor Studio,84.0,"Anchor Studio: stable=0.77, symmetry=0.93, centered=True, faces=1, face_area=0.0054"
SIR_Row_Live__Protests___Politics_Over_Poll_Panel___Govt_VS_Oppn___CEC___Rahul_G.mp4,3589,24724.067,24726.333,2.266,Title Card,78.0,"Title Card: headline=0.1943, textcov=0.3173, stability=0.84"
SIR_Row_Live__Protests___Politics_Over_Poll_Panel___Govt_VS_Oppn___CEC___Rahul_G.mp4,3590,24726.4,24728.2,1.8,B-Roll,70.0,"B-Roll: motion=0.0535, edge=0.2011, face_area=0.0000, symmetry=0.87"
SIR_Row_Live__Protests___Politics_Over_Poll_Panel___Govt_VS_Oppn___CEC___Rahul_G.mp4,3591,24728.267,24729.4,1.133,B-Roll,70.0,"B-Roll: motion=0.0469, edge=0.1978, face_area=0.0000, symmetry=0.85"
SIR_Row_Live__Protests___Politics_Over_Poll_Panel___Govt_VS_Oppn___CEC___Rahul_G.mp4,3592,24729.467,24739.133,9.666,Anchor Studio,74.0,"Anchor Studio: stable=0.36, symmetry=0.93, centered=True, faces=1, face_area=0.0026"
SIR_Row_Live__Protests___Politics_Over_Poll_Panel___Govt_VS_Oppn___CEC___Rahul_G.mp4,3593,24739.2,24746.133,6.933,Anchor Studio,94.0,"Anchor Studio: stable=0.87, symmetry=0.89, centered=True, faces=2, face_area=0.0262"
SIR_Row_Live__Protests___Politics_Over_Poll_Panel___Govt_VS_Oppn___CEC___Rahul_G.mp4,3594,24746.2,24766.067,19.867,Anchor Studio,94.0,"Anchor Studio: stable=0.89, symmetry=0.88, centered=True, faces=4, face_area=0.1233"
SIR_Row_Live__Protests___Politics_Over_Poll_Panel___Govt_VS_Oppn___CEC___Rahul_G.mp4,3595,24766.133,24789.533,23.4,Anchor Studio,94.0,"Anchor Studio: stable=0.91, symmetry=0.87, centered=True, faces=4, face_area=0.1455"
SIR_Row_Live__Protests___Politics_Over_Poll_Panel___Govt_VS_Oppn___CEC___Rahul_G.mp4,3596,24789.6,24794.867,5.267,Anchor Studio,94.0,"Anchor Studio: stable=0.94, symmetry=0.89, centered=True, faces=4, face_area=0.1505"
SIR_Row_Live__Protests___Politics_Over_Poll_Panel___Govt_VS_Oppn___CEC___Rahul_G.mp4,3597,24794.933,24795.6,0.667,Anchor Studio,72.0,"Anchor Studio: stable=0.48, symmetry=0.73, centered=True, faces=3, face_area=0.0246"
SIR_Row_Live__Protests___Politics_Over_Poll_Panel___Govt_VS_Oppn___CEC___Rahul_G.mp4,3598,24795.667,24823.067,27.4,Anchor Studio,84.0,"Anchor Studio: stable=0.88, symmetry=0.90, centered=True, faces=1, face_area=0.0020"
SIR_Row_Live__Protests___Politics_Over_Poll_Panel___Govt_VS_Oppn___CEC___Rahul_G.mp4,3599,24823.133,24826.533,3.4,Anchor Studio,94.0,"Anchor Studio: stable=0.80, symmetry=0.90, centered=True, faces=1, face_area=0.0147"
SIR_Row_Live__Protests___Politics_Over_Poll_Panel___Govt_VS_Oppn___CEC___Rahul_G.mp4,3600,24826.6,24829.467,2.867,Anchor Studio,94.0,"Anchor Studio: stable=0.89, symmetry=0.97, centered=True, faces=1, face_area=0.0198"
SIR_Row_Live__Protests___Politics_Over_Poll_Panel___Govt_VS_Oppn___CEC___Rahul_G.mp4,3601,24829.533,24831.533,2.0,Anchor Studio,94.0,"Anchor Studio: stable=0.87, symmetry=0.97, centered=True, faces=1, face_area=0.0193"
SIR_Row_Live__Protests___Politics_Over_Poll_Panel___Govt_VS_Oppn___CEC___Rahul_G.mp4,3602,24831.6,24833.133,1.533,Anchor Studio,94.0,"Anchor Studio: stable=0.92, symmetry=0.91, centered=True, faces=1, face_area=0.0104"
SIR_Row_Live__Protests___Politics_Over_Poll_Panel___Govt_VS_Oppn___CEC___Rahul_G.mp4,3603,24833.2,24843.2,10.0,Anchor Studio,94.0,"Anchor Studio: stable=0.89, symmetry=0.91, centered=True, faces=1, face_area=0.0190"
SIR_Row_Live__Protests___Politics_Over_Poll_Panel___Govt_VS_Oppn___CEC___Rahul_G.mp4,3604,24843.267,24844.133,0.866,Anchor Studio,94.0,"Anchor Studio: stable=0.80, symmetry=0.96, centered=True, faces=1, face_area=0.0193"
SIR_Row_Live__Protests___Politics_Over_Poll_Panel___Govt_VS_Oppn___CEC___Rahul_G.mp4,3605,24844.2,24854.467,10.267,Anchor Studio,94.0,"Anchor Studio: stable=0.91, symmetry=0.95, centered=True, faces=1, face_area=0.0168"
SIR_Row_Live__Protests___Politics_Over_Poll_Panel___Govt_VS_Oppn___CEC___Rahul_G.mp4,3606,24854.533,24855.133,0.6,Anchor Studio,94.0,"Anchor Studio: stable=0.84, symmetry=0.95, centered=True, faces=1, face_area=0.0135"
SIR_Row_Live__Protests___Politics_Over_Poll_Panel___Govt_VS_Oppn___CEC___Rahul_G.mp4,3607,24855.2,24861.6,6.4,Anchor Studio,94.0,"Anchor Studio: stable=0.84, symmetry=0.97, centered=True, faces=2, face_area=0.0355"
SIR_Row_Live__Protests___Politics_Over_Poll_Panel___Govt_VS_Oppn___CEC___Rahul_G.mp4,3608,24861.667,24872.667,11.0,Anchor Studio,94.0,"Anchor Studio: stable=0.92, symmetry=0.93, centered=True, faces=1, face_area=0.0126"
SIR_Row_Live__Protests___Politics_Over_Poll_Panel___Govt_VS_Oppn___CEC___Rahul_G.mp4,3609,24872.733,24873.667,0.934,Anchor Studio,94.0,"Anchor Studio: stable=0.95, symmetry=0.97, centered=True, faces=1, face_area=0.0192"
SIR_Row_Live__Protests___Politics_Over_Poll_Panel___Govt_VS_Oppn___CEC___Rahul_G.mp4,3610,24873.733,24875.533,1.8,Anchor Studio,94.0,"Anchor Studio: stable=0.94, symmetry=0.98, centered=True, faces=1, face_area=0.0193"
SIR_Row_Live__Protests___Politics_Over_Poll_Panel___Govt_VS_Oppn___CEC___Rahul_G.mp4,3611,24875.6,24884.133,8.533,Anchor Studio,94.0,"Anchor Studio: stable=0.92, symmetry=0.95, centered=True, faces=1, face_area=0.0193"
SIR_Row_Live__Protests___Politics_Over_Poll_Panel___Govt_VS_Oppn___CEC___Rahul_G.mp4,3612,24884.2,24931.2,47.0,Anchor Studio,94.0,"Anchor Studio: stable=0.93, symmetry=0.96, centered=True, faces=1, face_area=0.0170"
SIR_Row_Live__Protests___Politics_Over_Poll_Panel___Govt_VS_Oppn___CEC___Rahul_G.mp4,3613,24931.267,24931.933,0.666,Anchor Studio,74.0,"Anchor Studio: stable=0.56, symmetry=0.80, centered=True, faces=1, face_area=0.0095"
SIR_Row_Live__Protests___Politics_Over_Poll_Panel___Govt_VS_Oppn___CEC___Rahul_G.mp4,3614,24932.0,24945.533,13.533,Title Card,78.0,"Title Card: headline=0.7927, textcov=0.9490, stability=0.89"
SIR_Row_Live__Protests___Politics_Over_Poll_Panel___Govt_VS_Oppn___CEC___Rahul_G.mp4,3615,24945.6,24957.733,12.133,Anchor Studio,84.0,"Anchor Studio: stable=0.88, symmetry=0.92, centered=True, faces=1, face_area=0.0055"
SIR_Row_Live__Protests___Politics_Over_Poll_Panel___Govt_VS_Oppn___CEC___Rahul_G.mp4,3616,24957.8,25033.8,76.0,Anchor Studio,82.0,"Anchor Studio: stable=0.91, symmetry=0.92, centered=False, faces=2, face_area=0.0163"
SIR_Row_Live__Protests___Politics_Over_Poll_Panel___Govt_VS_Oppn___CEC___Rahul_G.mp4,3617,25033.867,25039.533,5.666,Field Report,68.0,"Field Report: motion=0.0304, faces=1, centered=False, symmetry=0.82"
SIR_Row_Live__Protests___Politics_Over_Poll_Panel___Govt_VS_Oppn___CEC___Rahul_G.mp4,3618,25039.6,25064.267,24.667,Anchor Studio,94.0,"Anchor Studio: stable=0.85, symmetry=0.80, centered=True, faces=2, face_area=0.0150"
SIR_Row_Live__Protests___Politics_Over_Poll_Panel___Govt_VS_Oppn___CEC___Rahul_G.mp4,3619,25064.333,25066.533,2.2,Title Card,74.0,"Title Card: headline=0.4115, textcov=0.5539, stability=0.82"
SIR_Row_Live__Protests___Politics_Over_Poll_Panel___Govt_VS_Oppn___CEC___Rahul_G.mp4,3620,25066.6,25089.067,22.467,Title Card,78.0,"Title Card: headline=0.8507, textcov=0.9511, stability=0.90"
SIR_Row_Live__Protests___Politics_Over_Poll_Panel___Govt_VS_Oppn___CEC___Rahul_G.mp4,3621,25089.133,25119.133,30.0,Anchor Studio,84.0,"Anchor Studio: stable=0.90, symmetry=0.80, centered=True, faces=1, face_area=0.0001"
SIR_Row_Live__Protests___Politics_Over_Poll_Panel___Govt_VS_Oppn___CEC___Rahul_G.mp4,3622,25119.2,25123.2,4.0,Title Card,78.0,"Title Card: headline=1.0152, textcov=1.1416, stability=0.87"
SIR_Row_Live__Protests___Politics_Over_Poll_Panel___Govt_VS_Oppn___CEC___Rahul_G.mp4,3623,25123.267,25168.667,45.4,Anchor Studio,82.0,"Anchor Studio: stable=0.91, symmetry=0.83, centered=False, faces=1, face_area=0.0211"
SIR_Row_Live__Protests___Politics_Over_Poll_Panel___Govt_VS_Oppn___CEC___Rahul_G.mp4,3624,25168.733,25171.267,2.534,Title Card,78.0,"Title Card: headline=1.0711, textcov=1.1086, stability=0.85"
SIR_Row_Live__Protests___Politics_Over_Poll_Panel___Govt_VS_Oppn___CEC___Rahul_G.mp4,3625,25171.333,25176.067,4.734,Title Card,78.0,"Title Card: headline=0.9540, textcov=1.0074, stability=0.86"
SIR_Row_Live__Protests___Politics_Over_Poll_Panel___Govt_VS_Oppn___CEC___Rahul_G.mp4,3626,25176.133,25179.733,3.6,Title Card,78.0,"Title Card: headline=1.0517, textcov=1.0797, stability=0.86"
SIR_Row_Live__Protests___Politics_Over_Poll_Panel___Govt_VS_Oppn___CEC___Rahul_G.mp4,3627,25179.8,25180.6,0.8,B-Roll,70.0,"B-Roll: motion=0.0411, edge=0.1652, face_area=0.0000, symmetry=0.93"
SIR_Row_Live__Protests___Politics_Over_Poll_Panel___Govt_VS_Oppn___CEC___Rahul_G.mp4,3628,25180.667,25181.933,1.266,Title Card,78.0,"Title Card: headline=1.0176, textcov=1.1414, stability=0.85"
SIR_Row_Live__Protests___Politics_Over_Poll_Panel___Govt_VS_Oppn___CEC___Rahul_G.mp4,3629,25182.0,25185.6,3.6,Title Card,78.0,"Title Card: headline=1.2287, textcov=1.2939, stability=0.88"
SIR_Row_Live__Protests___Politics_Over_Poll_Panel___Govt_VS_Oppn___CEC___Rahul_G.mp4,3630,25185.667,25186.667,1.0,Title Card,68.0,"Title Card: headline=0.9431, textcov=0.9792, stability=0.78"
SIR_Row_Live__Protests___Politics_Over_Poll_Panel___Govt_VS_Oppn___CEC___Rahul_G.mp4,3631,25186.733,25188.533,1.8,Title Card,68.0,"Title Card: headline=0.8010, textcov=0.8723, stability=0.77"
SIR_Row_Live__Protests___Politics_Over_Poll_Panel___Govt_VS_Oppn___CEC___Rahul_G.mp4,3632,25188.6,25190.533,1.933,Title Card,78.0,"Title Card: headline=0.8672, textcov=0.8990, stability=0.81"
SIR_Row_Live__Protests___Politics_Over_Poll_Panel___Govt_VS_Oppn___CEC___Rahul_G.mp4,3633,25190.6,25192.2,1.6,Title Card,78.0,"Title Card: headline=0.9653, textcov=1.0716, stability=0.88"
SIR_Row_Live__Protests___Politics_Over_Poll_Panel___Govt_VS_Oppn___CEC___Rahul_G.mp4,3634,25192.267,25192.867,0.6,Title Card,78.0,"Title Card: headline=0.7921, textcov=0.8318, stability=0.87"
SIR_Row_Live__Protests___Politics_Over_Poll_Panel___Govt_VS_Oppn___CEC___Rahul_G.mp4,3635,25192.933,25195.533,2.6,Title Card,78.0,"Title Card: headline=0.8719, textcov=0.9284, stability=0.82"
SIR_Row_Live__Protests___Politics_Over_Poll_Panel___Govt_VS_Oppn___CEC___Rahul_G.mp4,3636,25195.6,25200.133,4.533,Anchor Studio,84.0,"Anchor Studio: stable=0.86, symmetry=0.97, centered=True, faces=1, face_area=0.0003"
SIR_Row_Live__Protests___Politics_Over_Poll_Panel___Govt_VS_Oppn___CEC___Rahul_G.mp4,3637,25200.2,25203.933,3.733,Title Card,78.0,"Title Card: headline=1.1460, textcov=1.1665, stability=0.85"
SIR_Row_Live__Protests___Politics_Over_Poll_Panel___Govt_VS_Oppn___CEC___Rahul_G.mp4,3638,25204.0,25204.533,0.533,Title Card,68.0,"Title Card: headline=1.4022, textcov=1.4832, stability=0.79"
SIR_Row_Live__Protests___Politics_Over_Poll_Panel___Govt_VS_Oppn___CEC___Rahul_G.mp4,3639,25204.6,25221.6,17.0,Anchor Studio,84.0,"Anchor Studio: stable=0.90, symmetry=0.87, centered=True, faces=1, face_area=0.0033"
SIR_Row_Live__Protests___Politics_Over_Poll_Panel___Govt_VS_Oppn___CEC___Rahul_G.mp4,3640,25221.667,25225.6,3.933,Title Card,78.0,"Title Card: headline=1.1164, textcov=1.2037, stability=0.89"
SIR_Row_Live__Protests___Politics_Over_Poll_Panel___Govt_VS_Oppn___CEC___Rahul_G.mp4,3641,25225.667,25234.733,9.066,Title Card,78.0,"Title Card: headline=1.1081, textcov=1.2181, stability=0.93"
SIR_Row_Live__Protests___Politics_Over_Poll_Panel___Govt_VS_Oppn___CEC___Rahul_G.mp4,3642,25234.8,25235.6,0.8,Title Card,78.0,"Title Card: headline=0.9121, textcov=1.0890, stability=0.90"
SIR_Row_Live__Protests___Politics_Over_Poll_Panel___Govt_VS_Oppn___CEC___Rahul_G.mp4,3643,25235.667,25238.933,3.266,Title Card,78.0,"Title Card: headline=0.5967, textcov=0.7770, stability=0.80"
SIR_Row_Live__Protests___Politics_Over_Poll_Panel___Govt_VS_Oppn___CEC___Rahul_G.mp4,3644,25239.0,25240.133,1.133,B-Roll,70.0,"B-Roll: motion=0.0751, edge=0.1392, face_area=0.0000, symmetry=0.95"
SIR_Row_Live__Protests___Politics_Over_Poll_Panel___Govt_VS_Oppn___CEC___Rahul_G.mp4,3645,25240.2,25241.133,0.933,Title Card,78.0,"Title Card: headline=0.8697, textcov=0.9586, stability=0.88"
SIR_Row_Live__Protests___Politics_Over_Poll_Panel___Govt_VS_Oppn___CEC___Rahul_G.mp4,3646,25241.2,25242.533,1.333,Title Card,78.0,"Title Card: headline=0.8779, textcov=1.0110, stability=0.89"
SIR_Row_Live__Protests___Politics_Over_Poll_Panel___Govt_VS_Oppn___CEC___Rahul_G.mp4,3647,25242.6,25250.933,8.333,Title Card,78.0,"Title Card: headline=0.9138, textcov=1.0622, stability=0.90"
SIR_Row_Live__Protests___Politics_Over_Poll_Panel___Govt_VS_Oppn___CEC___Rahul_G.mp4,3648,25251.0,25251.733,0.733,Anchor Studio,74.0,"Anchor Studio: stable=0.00, symmetry=0.97, centered=True, faces=2, face_area=0.0080"
SIR_Row_Live__Protests___Politics_Over_Poll_Panel___Govt_VS_Oppn___CEC___Rahul_G.mp4,3649,25251.8,25258.533,6.733,Anchor Studio,94.0,"Anchor Studio: stable=0.86, symmetry=0.98, centered=True, faces=3, face_area=0.0473"
SIR_Row_Live__Protests___Politics_Over_Poll_Panel___Govt_VS_Oppn___CEC___Rahul_G.mp4,3650,25258.6,25259.6,1.0,Anchor Studio,94.0,"Anchor Studio: stable=0.89, symmetry=0.99, centered=True, faces=3, face_area=0.0946"
SIR_Row_Live__Protests___Politics_Over_Poll_Panel___Govt_VS_Oppn___CEC___Rahul_G.mp4,3651,25259.667,25262.933,3.266,Anchor Studio,94.0,"Anchor Studio: stable=0.92, symmetry=0.99, centered=True, faces=2, face_area=0.0415"
SIR_Row_Live__Protests___Politics_Over_Poll_Panel___Govt_VS_Oppn___CEC___Rahul_G.mp4,3652,25263.0,25267.733,4.733,Anchor Studio,94.0,"Anchor Studio: stable=0.86, symmetry=0.98, centered=True, faces=3, face_area=0.0515"
SIR_Row_Live__Protests___Politics_Over_Poll_Panel___Govt_VS_Oppn___CEC___Rahul_G.mp4,3653,25267.8,25269.067,1.267,Anchor Studio,94.0,"Anchor Studio: stable=0.89, symmetry=0.98, centered=True, faces=2, face_area=0.0467"
SIR_Row_Live__Protests___Politics_Over_Poll_Panel___Govt_VS_Oppn___CEC___Rahul_G.mp4,3654,25269.133,25272.533,3.4,Anchor Studio,94.0,"Anchor Studio: stable=0.83, symmetry=0.99, centered=True, faces=2, face_area=0.0421"
SIR_Row_Live__Protests___Politics_Over_Poll_Panel___Govt_VS_Oppn___CEC___Rahul_G.mp4,3655,25272.6,25277.133,4.533,Anchor Studio,94.0,"Anchor Studio: stable=0.83, symmetry=0.94, centered=True, faces=3, face_area=0.0507"
SIR_Row_Live__Protests___Politics_Over_Poll_Panel___Govt_VS_Oppn___CEC___Rahul_G.mp4,3656,25277.2,25279.2,2.0,Anchor Studio,94.0,"Anchor Studio: stable=0.84, symmetry=0.95, centered=True, faces=2, face_area=0.0297"
SIR_Row_Live__Protests___Politics_Over_Poll_Panel___Govt_VS_Oppn___CEC___Rahul_G.mp4,3657,25279.267,25298.533,19.266,Title Card,78.0,"Title Card: headline=1.0799, textcov=1.2079, stability=0.94"
SIR_Row_Live__Protests___Politics_Over_Poll_Panel___Govt_VS_Oppn___CEC___Rahul_G.mp4,3658,25298.6,25299.533,0.933,Title Card,78.0,"Title Card: headline=0.5974, textcov=0.7485, stability=0.86"
SIR_Row_Live__Protests___Politics_Over_Poll_Panel___Govt_VS_Oppn___CEC___Rahul_G.mp4,3659,25299.6,25301.267,1.667,Title Card,78.0,"Title Card: headline=0.5640, textcov=0.7786, stability=0.87"
SIR_Row_Live__Protests___Politics_Over_Poll_Panel___Govt_VS_Oppn___CEC___Rahul_G.mp4,3660,25301.333,25302.067,0.734,B-Roll,70.0,"B-Roll: motion=0.0543, edge=0.0908, face_area=0.0000, symmetry=0.79"
SIR_Row_Live__Protests___Politics_Over_Poll_Panel___Govt_VS_Oppn___CEC___Rahul_G.mp4,3661,25302.133,25315.267,13.134,Title Card,78.0,"Title Card: headline=0.9802, textcov=1.1304, stability=0.91"
SIR_Row_Live__Protests___Politics_Over_Poll_Panel___Govt_VS_Oppn___CEC___Rahul_G.mp4,3662,25315.333,25316.0,0.667,B-Roll,70.0,"B-Roll: motion=0.0495, edge=0.0962, face_area=0.0000, symmetry=0.74"
SIR_Row_Live__Protests___Politics_Over_Poll_Panel___Govt_VS_Oppn___CEC___Rahul_G.mp4,3663,25316.067,25321.333,5.266,Title Card,78.0,"Title Card: headline=1.0894, textcov=1.2397, stability=0.89"
SIR_Row_Live__Protests___Politics_Over_Poll_Panel___Govt_VS_Oppn___CEC___Rahul_G.mp4,3664,25321.4,25338.867,17.467,Title Card,78.0,"Title Card: headline=0.9741, textcov=1.0882, stability=0.92"
SIR_Row_Live__Protests___Politics_Over_Poll_Panel___Govt_VS_Oppn___CEC___Rahul_G.mp4,3665,25338.933,25360.333,21.4,Anchor Studio,84.0,"Anchor Studio: stable=0.88, symmetry=0.87, centered=True, faces=1, face_area=0.0027"
SIR_Row_Live__Protests___Politics_Over_Poll_Panel___Govt_VS_Oppn___CEC___Rahul_G.mp4,3666,25360.4,25376.333,15.933,Anchor Studio,94.0,"Anchor Studio: stable=0.85, symmetry=0.87, centered=True, faces=1, face_area=0.0190"
SIR_Row_Live__Protests___Politics_Over_Poll_Panel___Govt_VS_Oppn___CEC___Rahul_G.mp4,3667,25376.4,25434.467,58.067,Anchor Studio,84.0,"Anchor Studio: stable=0.88, symmetry=0.85, centered=True, faces=2, face_area=0.0037"
SIR_Row_Live__Protests___Politics_Over_Poll_Panel___Govt_VS_Oppn___CEC___Rahul_G.mp4,3668,25434.533,25435.467,0.934,B-Roll,70.0,"B-Roll: motion=0.0468, edge=0.1308, face_area=0.0039, symmetry=0.71"
SIR_Row_Live__Protests___Politics_Over_Poll_Panel___Govt_VS_Oppn___CEC___Rahul_G.mp4,3669,25435.533,25471.533,36.0,Anchor Studio,84.0,"Anchor Studio: stable=0.83, symmetry=0.84, centered=True, faces=1, face_area=0.0044"
SIR_Row_Live__Protests___Politics_Over_Poll_Panel___Govt_VS_Oppn___CEC___Rahul_G.mp4,3670,25471.6,25472.333,0.733,Title Card,68.0,"Title Card: headline=0.9120, textcov=0.9856, stability=0.78"
SIR_Row_Live__Protests___Politics_Over_Poll_Panel___Govt_VS_Oppn___CEC___Rahul_G.mp4,3671,25472.4,25500.733,28.333,Anchor Studio,94.0,"Anchor Studio: stable=0.88, symmetry=0.86, centered=True, faces=1, face_area=0.0224"
SIR_Row_Live__Protests___Politics_Over_Poll_Panel___Govt_VS_Oppn___CEC___Rahul_G.mp4,3672,25500.8,25501.667,0.867,B-Roll,70.0,"B-Roll: motion=0.0408, edge=0.1095, face_area=0.0000, symmetry=0.83"
SIR_Row_Live__Protests___Politics_Over_Poll_Panel___Govt_VS_Oppn___CEC___Rahul_G.mp4,3673,25501.733,25504.0,2.267,Anchor Studio,82.0,"Anchor Studio: stable=0.75, symmetry=0.99, centered=False, faces=1, face_area=0.0147"
SIR_Row_Live__Protests___Politics_Over_Poll_Panel___Govt_VS_Oppn___CEC___Rahul_G.mp4,3674,25504.067,25509.0,4.933,Anchor Studio,82.0,"Anchor Studio: stable=0.85, symmetry=0.91, centered=False, faces=2, face_area=0.0217"
SIR_Row_Live__Protests___Politics_Over_Poll_Panel___Govt_VS_Oppn___CEC___Rahul_G.mp4,3675,25509.067,25513.533,4.466,Anchor Studio,82.0,"Anchor Studio: stable=0.80, symmetry=0.95, centered=False, faces=1, face_area=0.0200"
SIR_Row_Live__Protests___Politics_Over_Poll_Panel___Govt_VS_Oppn___CEC___Rahul_G.mp4,3676,25513.6,25515.667,2.067,Anchor Studio,82.0,"Anchor Studio: stable=0.85, symmetry=0.95, centered=False, faces=1, face_area=0.0212"
SIR_Row_Live__Protests___Politics_Over_Poll_Panel___Govt_VS_Oppn___CEC___Rahul_G.mp4,3677,25515.733,25517.267,1.534,Anchor Studio,82.0,"Anchor Studio: stable=0.83, symmetry=0.95, centered=False, faces=1, face_area=0.0208"
SIR_Row_Live__Protests___Politics_Over_Poll_Panel___Govt_VS_Oppn___CEC___Rahul_G.mp4,3678,25517.333,25518.533,1.2,Anchor Studio,82.0,"Anchor Studio: stable=0.87, symmetry=0.95, centered=False, faces=1, face_area=0.0188"
SIR_Row_Live__Protests___Politics_Over_Poll_Panel___Govt_VS_Oppn___CEC___Rahul_G.mp4,3679,25518.6,25520.133,1.533,Anchor Studio,82.0,"Anchor Studio: stable=0.84, symmetry=0.95, centered=False, faces=1, face_area=0.0209"
SIR_Row_Live__Protests___Politics_Over_Poll_Panel___Govt_VS_Oppn___CEC___Rahul_G.mp4,3680,25520.2,25523.533,3.333,Anchor Studio,82.0,"Anchor Studio: stable=0.84, symmetry=0.95, centered=False, faces=1, face_area=0.0215"
SIR_Row_Live__Protests___Politics_Over_Poll_Panel___Govt_VS_Oppn___CEC___Rahul_G.mp4,3681,25523.6,25527.733,4.133,Anchor Studio,82.0,"Anchor Studio: stable=0.88, symmetry=0.95, centered=False, faces=1, face_area=0.0164"
SIR_Row_Live__Protests___Politics_Over_Poll_Panel___Govt_VS_Oppn___CEC___Rahul_G.mp4,3682,25527.8,25528.533,0.733,Anchor Studio,82.0,"Anchor Studio: stable=0.81, symmetry=0.95, centered=False, faces=1, face_area=0.0195"
SIR_Row_Live__Protests___Politics_Over_Poll_Panel___Govt_VS_Oppn___CEC___Rahul_G.mp4,3683,25528.6,25529.8,1.2,Anchor Studio,82.0,"Anchor Studio: stable=0.80, symmetry=0.96, centered=False, faces=1, face_area=0.0205"
SIR_Row_Live__Protests___Politics_Over_Poll_Panel___Govt_VS_Oppn___CEC___Rahul_G.mp4,3684,25529.867,25533.067,3.2,Anchor Studio,72.0,"Anchor Studio: stable=0.74, symmetry=0.94, centered=False, faces=1, face_area=0.0137"
SIR_Row_Live__Protests___Politics_Over_Poll_Panel___Govt_VS_Oppn___CEC___Rahul_G.mp4,3685,25533.133,25541.733,8.6,Anchor Studio,94.0,"Anchor Studio: stable=0.86, symmetry=0.94, centered=True, faces=2, face_area=0.0155"
SIR_Row_Live__Protests___Politics_Over_Poll_Panel___Govt_VS_Oppn___CEC___Rahul_G.mp4,3686,25541.8,25544.733,2.933,Anchor Studio,94.0,"Anchor Studio: stable=0.88, symmetry=0.98, centered=True, faces=2, face_area=0.0155"
SIR_Row_Live__Protests___Politics_Over_Poll_Panel___Govt_VS_Oppn___CEC___Rahul_G.mp4,3687,25544.8,25551.4,6.6,Anchor Studio,94.0,"Anchor Studio: stable=0.76, symmetry=0.91, centered=True, faces=2, face_area=0.0141"
SIR_Row_Live__Protests___Politics_Over_Poll_Panel___Govt_VS_Oppn___CEC___Rahul_G.mp4,3688,25551.467,25555.467,4.0,Anchor Studio,84.0,"Anchor Studio: stable=0.73, symmetry=0.94, centered=True, faces=2, face_area=0.0177"
SIR_Row_Live__Protests___Politics_Over_Poll_Panel___Govt_VS_Oppn___CEC___Rahul_G.mp4,3689,25555.533,25557.8,2.267,Anchor Studio,94.0,"Anchor Studio: stable=0.93, symmetry=0.99, centered=True, faces=2, face_area=0.0351"
SIR_Row_Live__Protests___Politics_Over_Poll_Panel___Govt_VS_Oppn___CEC___Rahul_G.mp4,3690,25557.867,25565.333,7.466,Anchor Studio,94.0,"Anchor Studio: stable=0.84, symmetry=0.98, centered=True, faces=2, face_area=0.0215"
SIR_Row_Live__Protests___Politics_Over_Poll_Panel___Govt_VS_Oppn___CEC___Rahul_G.mp4,3691,25565.4,25571.133,5.733,Anchor Studio,94.0,"Anchor Studio: stable=0.85, symmetry=0.94, centered=True, faces=2, face_area=0.0304"
SIR_Row_Live__Protests___Politics_Over_Poll_Panel___Govt_VS_Oppn___CEC___Rahul_G.mp4,3692,25571.2,25572.933,1.733,Anchor Studio,94.0,"Anchor Studio: stable=0.82, symmetry=0.85, centered=True, faces=1, face_area=0.0242"
SIR_Row_Live__Protests___Politics_Over_Poll_Panel___Govt_VS_Oppn___CEC___Rahul_G.mp4,3693,25573.0,25575.067,2.067,Anchor Studio,94.0,"Anchor Studio: stable=0.76, symmetry=0.94, centered=True, faces=1, face_area=0.0181"
SIR_Row_Live__Protests___Politics_Over_Poll_Panel___Govt_VS_Oppn___CEC___Rahul_G.mp4,3694,25575.133,25578.267,3.134,Anchor Studio,94.0,"Anchor Studio: stable=0.83, symmetry=0.96, centered=True, faces=2, face_area=0.0297"
SIR_Row_Live__Protests___Politics_Over_Poll_Panel___Govt_VS_Oppn___CEC___Rahul_G.mp4,3695,25578.333,25581.933,3.6,Anchor Studio,94.0,"Anchor Studio: stable=0.86, symmetry=0.98, centered=True, faces=2, face_area=0.0244"
SIR_Row_Live__Protests___Politics_Over_Poll_Panel___Govt_VS_Oppn___CEC___Rahul_G.mp4,3696,25582.0,25582.667,0.667,Anchor Studio,94.0,"Anchor Studio: stable=0.81, symmetry=0.99, centered=True, faces=2, face_area=0.0411"
SIR_Row_Live__Protests___Politics_Over_Poll_Panel___Govt_VS_Oppn___CEC___Rahul_G.mp4,3697,25582.733,25587.0,4.267,Anchor Studio,94.0,"Anchor Studio: stable=0.83, symmetry=0.99, centered=True, faces=2, face_area=0.0188"
SIR_Row_Live__Protests___Politics_Over_Poll_Panel___Govt_VS_Oppn___CEC___Rahul_G.mp4,3698,25587.067,25588.333,1.266,Anchor Studio,84.0,"Anchor Studio: stable=0.78, symmetry=0.98, centered=True, faces=1, face_area=0.0011"
SIR_Row_Live__Protests___Politics_Over_Poll_Panel___Govt_VS_Oppn___CEC___Rahul_G.mp4,3699,25588.4,25591.533,3.133,Anchor Studio,94.0,"Anchor Studio: stable=0.81, symmetry=0.98, centered=True, faces=2, face_area=0.0239"
SIR_Row_Live__Protests___Politics_Over_Poll_Panel___Govt_VS_Oppn___CEC___Rahul_G.mp4,3700,25591.6,25592.667,1.067,Anchor Studio,94.0,"Anchor Studio: stable=0.84, symmetry=0.99, centered=True, faces=2, face_area=0.0382"
SIR_Row_Live__Protests___Politics_Over_Poll_Panel___Govt_VS_Oppn___CEC___Rahul_G.mp4,3701,25592.733,25597.333,4.6,Anchor Studio,94.0,"Anchor Studio: stable=0.83, symmetry=0.99, centered=True, faces=2, face_area=0.0245"
SIR_Row_Live__Protests___Politics_Over_Poll_Panel___Govt_VS_Oppn___CEC___Rahul_G.mp4,3702,25597.4,25601.467,4.067,Anchor Studio,94.0,"Anchor Studio: stable=0.85, symmetry=0.98, centered=True, faces=1, face_area=0.0213"
SIR_Row_Live__Protests___Politics_Over_Poll_Panel___Govt_VS_Oppn___CEC___Rahul_G.mp4,3703,25601.533,25607.333,5.8,Anchor Studio,94.0,"Anchor Studio: stable=0.81, symmetry=0.96, centered=True, faces=2, face_area=0.0253"
SIR_Row_Live__Protests___Politics_Over_Poll_Panel___Govt_VS_Oppn___CEC___Rahul_G.mp4,3704,25607.4,25609.0,1.6,Anchor Studio,94.0,"Anchor Studio: stable=0.79, symmetry=0.94, centered=True, faces=1, face_area=0.0219"
SIR_Row_Live__Protests___Politics_Over_Poll_Panel___Govt_VS_Oppn___CEC___Rahul_G.mp4,3705,25609.067,25609.733,0.666,Anchor Studio,72.0,"Anchor Studio: stable=0.59, symmetry=0.79, centered=True, faces=2, face_area=0.0143"
SIR_Row_Live__Protests___Politics_Over_Poll_Panel___Govt_VS_Oppn___CEC___Rahul_G.mp4,3706,25609.8,25611.067,1.267,B-Roll,70.0,"B-Roll: motion=0.0346, edge=0.1152, face_area=0.0000, symmetry=0.88"
SIR_Row_Live__Protests___Politics_Over_Poll_Panel___Govt_VS_Oppn___CEC___Rahul_G.mp4,3707,25611.133,25615.2,4.067,Anchor Studio,84.0,"Anchor Studio: stable=0.81, symmetry=0.95, centered=True, faces=2, face_area=0.0092"
SIR_Row_Live__Protests___Politics_Over_Poll_Panel___Govt_VS_Oppn___CEC___Rahul_G.mp4,3708,25615.267,25620.2,4.933,Anchor Studio,94.0,"Anchor Studio: stable=0.82, symmetry=0.84, centered=True, faces=2, face_area=0.0178"
SIR_Row_Live__Protests___Politics_Over_Poll_Panel___Govt_VS_Oppn___CEC___Rahul_G.mp4,3709,25620.267,25658.467,38.2,Anchor Studio,84.0,"Anchor Studio: stable=0.84, symmetry=0.93, centered=True, faces=1, face_area=0.0028"
SIR_Row_Live__Protests___Politics_Over_Poll_Panel___Govt_VS_Oppn___CEC___Rahul_G.mp4,3710,25658.533,25685.867,27.334,Anchor Studio,94.0,"Anchor Studio: stable=0.89, symmetry=0.88, centered=True, faces=2, face_area=0.0105"
SIR_Row_Live__Protests___Politics_Over_Poll_Panel___Govt_VS_Oppn___CEC___Rahul_G.mp4,3711,25685.933,25687.533,1.6,Anchor Studio,84.0,"Anchor Studio: stable=0.65, symmetry=0.88, centered=True, faces=4, face_area=0.0629"
SIR_Row_Live__Protests___Politics_Over_Poll_Panel___Govt_VS_Oppn___CEC___Rahul_G.mp4,3712,25687.6,25688.733,1.133,Anchor Studio,94.0,"Anchor Studio: stable=0.85, symmetry=0.89, centered=True, faces=4, face_area=0.1178"
SIR_Row_Live__Protests___Politics_Over_Poll_Panel___Govt_VS_Oppn___CEC___Rahul_G.mp4,3713,25688.8,25689.467,0.667,Anchor Studio,72.0,"Anchor Studio: stable=0.55, symmetry=0.77, centered=True, faces=2, face_area=0.0229"
SIR_Row_Live__Protests___Politics_Over_Poll_Panel___Govt_VS_Oppn___CEC___Rahul_G.mp4,3714,25689.533,25693.733,4.2,Anchor Studio,84.0,"Anchor Studio: stable=0.74, symmetry=0.87, centered=True, faces=2, face_area=0.0403"
SIR_Row_Live__Protests___Politics_Over_Poll_Panel___Govt_VS_Oppn___CEC___Rahul_G.mp4,3715,25693.8,25697.667,3.867,Anchor Studio,94.0,"Anchor Studio: stable=0.87, symmetry=0.99, centered=True, faces=3, face_area=0.1086"
SIR_Row_Live__Protests___Politics_Over_Poll_Panel___Govt_VS_Oppn___CEC___Rahul_G.mp4,3716,25697.733,25707.533,9.8,Anchor Studio,94.0,"Anchor Studio: stable=0.90, symmetry=0.98, centered=True, faces=3, face_area=0.1205"
SIR_Row_Live__Protests___Politics_Over_Poll_Panel___Govt_VS_Oppn___CEC___Rahul_G.mp4,3717,25707.6,25724.733,17.133,Anchor Studio,94.0,"Anchor Studio: stable=0.88, symmetry=0.97, centered=True, faces=4, face_area=0.1161"
SIR_Row_Live__Protests___Politics_Over_Poll_Panel___Govt_VS_Oppn___CEC___Rahul_G.mp4,3718,25724.8,25727.333,2.533,Anchor Studio,94.0,"Anchor Studio: stable=0.90, symmetry=0.95, centered=True, faces=3, face_area=0.1201"
SIR_Row_Live__Protests___Politics_Over_Poll_Panel___Govt_VS_Oppn___CEC___Rahul_G.mp4,3719,25727.4,25728.067,0.667,Anchor Studio,84.0,"Anchor Studio: stable=0.61, symmetry=0.80, centered=True, faces=3, face_area=0.0407"
SIR_Row_Live__Protests___Politics_Over_Poll_Panel___Govt_VS_Oppn___CEC___Rahul_G.mp4,3720,25728.133,25729.267,1.134,Anchor Studio,74.0,"Anchor Studio: stable=0.63, symmetry=0.86, centered=True, faces=2, face_area=0.0086"
SIR_Row_Live__Protests___Politics_Over_Poll_Panel___Govt_VS_Oppn___CEC___Rahul_G.mp4,3721,25729.333,25747.533,18.2,Anchor Studio,94.0,"Anchor Studio: stable=0.90, symmetry=0.84, centered=True, faces=2, face_area=0.0221"
SIR_Row_Live__Protests___Politics_Over_Poll_Panel___Govt_VS_Oppn___CEC___Rahul_G.mp4,3722,25747.6,25752.667,5.067,Anchor Studio,94.0,"Anchor Studio: stable=0.84, symmetry=0.94, centered=True, faces=2, face_area=0.0201"
SIR_Row_Live__Protests___Politics_Over_Poll_Panel___Govt_VS_Oppn___CEC___Rahul_G.mp4,3723,25752.733,25753.267,0.534,Anchor Studio,82.0,"Anchor Studio: stable=0.90, symmetry=0.97, centered=False, faces=1, face_area=0.0187"
SIR_Row_Live__Protests___Politics_Over_Poll_Panel___Govt_VS_Oppn___CEC___Rahul_G.mp4,3724,25753.333,25754.667,1.334,B-Roll,70.0,"B-Roll: motion=0.0693, edge=0.1515, face_area=0.0000, symmetry=0.97"
SIR_Row_Live__Protests___Politics_Over_Poll_Panel___Govt_VS_Oppn___CEC___Rahul_G.mp4,3725,25754.733,25755.333,0.6,Title Card,68.0,"Title Card: headline=0.7628, textcov=0.8472, stability=0.79"
SIR_Row_Live__Protests___Politics_Over_Poll_Panel___Govt_VS_Oppn___CEC___Rahul_G.mp4,3726,25755.4,25756.867,1.467,Anchor Studio,82.0,"Anchor Studio: stable=0.88, symmetry=0.96, centered=False, faces=1, face_area=0.0176"
SIR_Row_Live__Protests___Politics_Over_Poll_Panel___Govt_VS_Oppn___CEC___Rahul_G.mp4,3727,25756.933,25757.667,0.734,Anchor Studio,82.0,"Anchor Studio: stable=0.90, symmetry=0.94, centered=False, faces=1, face_area=0.0225"
SIR_Row_Live__Protests___Politics_Over_Poll_Panel___Govt_VS_Oppn___CEC___Rahul_G.mp4,3728,25757.733,25762.2,4.467,Title Card,74.0,"Title Card: headline=0.8242, textcov=0.9396, stability=0.83"
SIR_Row_Live__Protests___Politics_Over_Poll_Panel___Govt_VS_Oppn___CEC___Rahul_G.mp4,3729,25762.267,25764.667,2.4,Title Card,78.0,"Title Card: headline=0.8565, textcov=0.9777, stability=0.89"
SIR_Row_Live__Protests___Politics_Over_Poll_Panel___Govt_VS_Oppn___CEC___Rahul_G.mp4,3730,25764.733,25767.2,2.467,Field Report,68.0,"Field Report: motion=0.0460, faces=1, centered=False, symmetry=0.96"
SIR_Row_Live__Protests___Politics_Over_Poll_Panel___Govt_VS_Oppn___CEC___Rahul_G.mp4,3731,25767.267,25772.133,4.866,Anchor Studio,94.0,"Anchor Studio: stable=0.85, symmetry=0.94, centered=True, faces=2, face_area=0.0224"
SIR_Row_Live__Protests___Politics_Over_Poll_Panel___Govt_VS_Oppn___CEC___Rahul_G.mp4,3732,25772.2,25774.533,2.333,Anchor Studio,82.0,"Anchor Studio: stable=0.84, symmetry=0.96, centered=False, faces=1, face_area=0.0183"
SIR_Row_Live__Protests___Politics_Over_Poll_Panel___Govt_VS_Oppn___CEC___Rahul_G.mp4,3733,25774.6,25777.133,2.533,Anchor Studio,82.0,"Anchor Studio: stable=0.86, symmetry=0.92, centered=False, faces=1, face_area=0.0170"
SIR_Row_Live__Protests___Politics_Over_Poll_Panel___Govt_VS_Oppn___CEC___Rahul_G.mp4,3734,25777.2,25779.8,2.6,Anchor Studio,82.0,"Anchor Studio: stable=0.86, symmetry=0.93, centered=False, faces=1, face_area=0.0198"
SIR_Row_Live__Protests___Politics_Over_Poll_Panel___Govt_VS_Oppn___CEC___Rahul_G.mp4,3735,25779.867,25781.733,1.866,Field Report,68.0,"Field Report: motion=0.0340, faces=1, centered=False, symmetry=0.96"
SIR_Row_Live__Protests___Politics_Over_Poll_Panel___Govt_VS_Oppn___CEC___Rahul_G.mp4,3736,25781.8,25784.467,2.667,Anchor Studio,82.0,"Anchor Studio: stable=0.85, symmetry=0.97, centered=False, faces=1, face_area=0.0217"
SIR_Row_Live__Protests___Politics_Over_Poll_Panel___Govt_VS_Oppn___CEC___Rahul_G.mp4,3737,25784.533,25785.933,1.4,Anchor Studio,82.0,"Anchor Studio: stable=0.84, symmetry=0.95, centered=False, faces=1, face_area=0.0216"
SIR_Row_Live__Protests___Politics_Over_Poll_Panel___Govt_VS_Oppn___CEC___Rahul_G.mp4,3738,25786.0,25791.467,5.467,Anchor Studio,94.0,"Anchor Studio: stable=0.90, symmetry=0.86, centered=True, faces=2, face_area=0.0231"
SIR_Row_Live__Protests___Politics_Over_Poll_Panel___Govt_VS_Oppn___CEC___Rahul_G.mp4,3739,25791.533,25891.733,100.2,Anchor Studio,94.0,"Anchor Studio: stable=0.92, symmetry=0.88, centered=True, faces=2, face_area=0.0202"
SIR_Row_Live__Protests___Politics_Over_Poll_Panel___Govt_VS_Oppn___CEC___Rahul_G.mp4,3740,25891.8,25894.533,2.733,Anchor Studio,94.0,"Anchor Studio: stable=0.81, symmetry=0.93, centered=True, faces=2, face_area=0.0659"
SIR_Row_Live__Protests___Politics_Over_Poll_Panel___Govt_VS_Oppn___CEC___Rahul_G.mp4,3741,25894.6,25901.667,7.067,Anchor Studio,94.0,"Anchor Studio: stable=0.85, symmetry=0.95, centered=True, faces=3, face_area=0.1184"
SIR_Row_Live__Protests___Politics_Over_Poll_Panel___Govt_VS_Oppn___CEC___Rahul_G.mp4,3742,25901.733,25903.533,1.8,Anchor Studio,94.0,"Anchor Studio: stable=0.83, symmetry=0.95, centered=True, faces=3, face_area=0.1199"
SIR_Row_Live__Protests___Politics_Over_Poll_Panel___Govt_VS_Oppn___CEC___Rahul_G.mp4,3743,25903.6,25927.533,23.933,Anchor Studio,94.0,"Anchor Studio: stable=0.90, symmetry=0.95, centered=True, faces=4, face_area=0.1171"
SIR_Row_Live__Protests___Politics_Over_Poll_Panel___Govt_VS_Oppn___CEC___Rahul_G.mp4,3744,25927.6,25928.267,0.667,Anchor Studio,72.0,"Anchor Studio: stable=0.61, symmetry=0.77, centered=True, faces=1, face_area=0.0272"
SIR_Row_Live__Protests___Politics_Over_Poll_Panel___Govt_VS_Oppn___CEC___Rahul_G.mp4,3745,25928.333,25958.0,29.667,Title Card,74.0,"Title Card: headline=0.7822, textcov=0.8853, stability=0.90"
SIR_Row_Live__Protests___Politics_Over_Poll_Panel___Govt_VS_Oppn___CEC___Rahul_G.mp4,3746,25958.067,25996.2,38.133,Title Card,74.0,"Title Card: headline=0.7720, textcov=0.9123, stability=0.92"
SIR_Row_Live__Protests___Politics_Over_Poll_Panel___Govt_VS_Oppn___CEC___Rahul_G.mp4,3747,25996.267,25997.667,1.4,Anchor Studio,82.0,"Anchor Studio: stable=0.81, symmetry=0.95, centered=False, faces=1, face_area=0.0215"
SIR_Row_Live__Protests___Politics_Over_Poll_Panel___Govt_VS_Oppn___CEC___Rahul_G.mp4,3748,25997.733,25999.067,1.334,Anchor Studio,82.0,"Anchor Studio: stable=0.83, symmetry=0.92, centered=False, faces=1, face_area=0.0204"
SIR_Row_Live__Protests___Politics_Over_Poll_Panel___Govt_VS_Oppn___CEC___Rahul_G.mp4,3749,25999.133,26004.067,4.934,Anchor Studio,94.0,"Anchor Studio: stable=0.84, symmetry=0.94, centered=True, faces=2, face_area=0.0243"
SIR_Row_Live__Protests___Politics_Over_Poll_Panel___Govt_VS_Oppn___CEC___Rahul_G.mp4,3750,26004.133,26007.733,3.6,Anchor Studio,82.0,"Anchor Studio: stable=0.84, symmetry=0.95, centered=False, faces=1, face_area=0.0103"
SIR_Row_Live__Protests___Politics_Over_Poll_Panel___Govt_VS_Oppn___CEC___Rahul_G.mp4,3751,26007.8,26008.667,0.867,Anchor Studio,72.0,"Anchor Studio: stable=0.67, symmetry=0.88, centered=False, faces=1, face_area=0.0144"
SIR_Row_Live__Protests___Politics_Over_Poll_Panel___Govt_VS_Oppn___CEC___Rahul_G.mp4,3752,26008.733,26010.533,1.8,Title Card,74.0,"Title Card: headline=0.8077, textcov=0.9759, stability=0.87"
SIR_Row_Live__Protests___Politics_Over_Poll_Panel___Govt_VS_Oppn___CEC___Rahul_G.mp4,3753,26010.6,26013.667,3.067,Anchor Studio,82.0,"Anchor Studio: stable=0.83, symmetry=0.95, centered=False, faces=1, face_area=0.0123"
SIR_Row_Live__Protests___Politics_Over_Poll_Panel___Govt_VS_Oppn___CEC___Rahul_G.mp4,3754,26013.733,26014.6,0.867,Anchor Studio,82.0,"Anchor Studio: stable=0.86, symmetry=0.96, centered=False, faces=1, face_area=0.0202"
SIR_Row_Live__Protests___Politics_Over_Poll_Panel___Govt_VS_Oppn___CEC___Rahul_G.mp4,3755,26014.667,26017.867,3.2,Anchor Studio,94.0,"Anchor Studio: stable=0.87, symmetry=0.97, centered=True, faces=3, face_area=0.0533"
SIR_Row_Live__Protests___Politics_Over_Poll_Panel___Govt_VS_Oppn___CEC___Rahul_G.mp4,3756,26017.933,26021.6,3.667,Anchor Studio,94.0,"Anchor Studio: stable=0.89, symmetry=0.95, centered=True, faces=3, face_area=0.0712"
SIR_Row_Live__Protests___Politics_Over_Poll_Panel___Govt_VS_Oppn___CEC___Rahul_G.mp4,3757,26021.667,26025.933,4.266,Anchor Studio,94.0,"Anchor Studio: stable=0.87, symmetry=0.96, centered=True, faces=4, face_area=0.0625"
SIR_Row_Live__Protests___Politics_Over_Poll_Panel___Govt_VS_Oppn___CEC___Rahul_G.mp4,3758,26026.0,26027.733,1.733,Anchor Studio,94.0,"Anchor Studio: stable=0.83, symmetry=0.93, centered=True, faces=3, face_area=0.0681"
SIR_Row_Live__Protests___Politics_Over_Poll_Panel___Govt_VS_Oppn___CEC___Rahul_G.mp4,3759,26027.8,26030.733,2.933,Anchor Studio,94.0,"Anchor Studio: stable=0.88, symmetry=0.95, centered=True, faces=3, face_area=0.0605"
SIR_Row_Live__Protests___Politics_Over_Poll_Panel___Govt_VS_Oppn___CEC___Rahul_G.mp4,3760,26030.8,26032.067,1.267,Anchor Studio,94.0,"Anchor Studio: stable=0.91, symmetry=0.96, centered=True, faces=3, face_area=0.0643"
SIR_Row_Live__Protests___Politics_Over_Poll_Panel___Govt_VS_Oppn___CEC___Rahul_G.mp4,3761,26032.133,26034.067,1.934,Anchor Studio,94.0,"Anchor Studio: stable=0.83, symmetry=0.95, centered=True, faces=3, face_area=0.0476"
SIR_Row_Live__Protests___Politics_Over_Poll_Panel___Govt_VS_Oppn___CEC___Rahul_G.mp4,3762,26034.133,26037.733,3.6,Anchor Studio,94.0,"Anchor Studio: stable=0.88, symmetry=0.98, centered=True, faces=4, face_area=0.0740"
SIR_Row_Live__Protests___Politics_Over_Poll_Panel___Govt_VS_Oppn___CEC___Rahul_G.mp4,3763,26037.8,26038.667,0.867,Anchor Studio,94.0,"Anchor Studio: stable=0.82, symmetry=0.94, centered=True, faces=3, face_area=0.0575"
SIR_Row_Live__Protests___Politics_Over_Poll_Panel___Govt_VS_Oppn___CEC___Rahul_G.mp4,3764,26038.733,26039.667,0.934,Anchor Studio,82.0,"Anchor Studio: stable=0.77, symmetry=0.95, centered=False, faces=2, face_area=0.0457"
SIR_Row_Live__Protests___Politics_Over_Poll_Panel___Govt_VS_Oppn___CEC___Rahul_G.mp4,3765,26039.733,26042.133,2.4,Anchor Studio,94.0,"Anchor Studio: stable=0.89, symmetry=0.96, centered=True, faces=3, face_area=0.0423"
SIR_Row_Live__Protests___Politics_Over_Poll_Panel___Govt_VS_Oppn___CEC___Rahul_G.mp4,3766,26042.2,26043.933,1.733,Anchor Studio,94.0,"Anchor Studio: stable=0.80, symmetry=0.92, centered=True, faces=3, face_area=0.0543"
SIR_Row_Live__Protests___Politics_Over_Poll_Panel___Govt_VS_Oppn___CEC___Rahul_G.mp4,3767,26044.0,26047.733,3.733,Anchor Studio,94.0,"Anchor Studio: stable=0.87, symmetry=0.89, centered=True, faces=2, face_area=0.0210"
SIR_Row_Live__Protests___Politics_Over_Poll_Panel___Govt_VS_Oppn___CEC___Rahul_G.mp4,3768,26047.8,26054.933,7.133,Anchor Studio,82.0,"Anchor Studio: stable=0.85, symmetry=0.85, centered=False, faces=2, face_area=0.0207"
