video_name,shot_id,start_time,end_time,duration,classification,confidence_score,rule_explanation
Trump-Xi_Meeting_LIVE__Key_Takeaways_from_the_Summit___The_Palki_Sharma_Show___I.mp4,1,0.0,85.333,85.333,Title Card,78.0,"Title Card: headline=0.3503, textcov=0.3767, stability=0.97"
Trump-Xi_Meeting_LIVE__Key_Takeaways_from_the_Summit___The_Palki_Sharma_Show___I.mp4,2,85.4,86.8,1.4,B-Roll,70.0,"B-Roll: motion=0.0653, edge=0.0598, face_area=0.0000, symmetry=0.88"
Trump-Xi_Meeting_LIVE__Key_Takeaways_from_the_Summit___The_Palki_Sharma_Show___I.mp4,3,86.867,88.0,1.133,Anchor Studio,84.0,"Anchor Studio: stable=0.61, symmetry=0.90, centered=True, faces=2, face_area=0.0365"
Trump-Xi_Meeting_LIVE__Key_Takeaways_from_the_Summit___The_Palki_Sharma_Show___I.mp4,4,88.067,89.667,1.6,B-Roll,70.0,"B-Roll: motion=0.0677, edge=0.0269, face_area=0.0000, symmetry=0.72"
Trump-Xi_Meeting_LIVE__Key_Takeaways_from_the_Summit___The_Palki_Sharma_Show___I.mp4,5,89.733,91.667,1.934,B-Roll,70.0,"B-Roll: motion=0.0625, edge=0.0267, face_area=0.0000, symmetry=0.87"
Trump-Xi_Meeting_LIVE__Key_Takeaways_from_the_Summit___The_Palki_Sharma_Show___I.mp4,6,91.733,93.267,1.534,Anchor Studio,74.0,"Anchor Studio: stable=0.31, symmetry=0.91, centered=True, faces=1, face_area=0.0012"
Trump-Xi_Meeting_LIVE__Key_Takeaways_from_the_Summit___The_Palki_Sharma_Show___I.mp4,7,93.333,94.867,1.534,B-Roll,70.0,"B-Roll: motion=0.0460, edge=0.0563, face_area=0.0009, symmetry=0.86"
Trump-Xi_Meeting_LIVE__Key_Takeaways_from_the_Summit___The_Palki_Sharma_Show___I.mp4,8,94.933,96.267,1.334,B-Roll,70.0,"B-Roll: motion=0.0479, edge=0.0315, face_area=0.0000, symmetry=0.83"
Trump-Xi_Meeting_LIVE__Key_Takeaways_from_the_Summit___The_Palki_Sharma_Show___I.mp4,9,96.333,98.067,1.734,B-Roll,70.0,"B-Roll: motion=0.0629, edge=0.0444, face_area=0.0000, symmetry=0.88"
Trump-Xi_Meeting_LIVE__Key_Takeaways_from_the_Summit___The_Palki_Sharma_Show___I.mp4,10,98.133,99.733,1.6,B-Roll,70.0,"B-Roll: motion=0.0489, edge=0.0369, face_area=0.0000, symmetry=0.78"
Trump-Xi_Meeting_LIVE__Key_Takeaways_from_the_Summit___The_Palki_Sharma_Show___I.mp4,11,99.8,101.467,1.667,B-Roll,70.0,"B-Roll: motion=0.0392, edge=0.0418, face_area=0.0000, symmetry=0.63"
Trump-Xi_Meeting_LIVE__Key_Takeaways_from_the_Summit___The_Palki_Sharma_Show___I.mp4,12,101.533,102.067,0.534,B-Roll,70.0,"B-Roll: motion=0.0282, edge=0.0124, face_area=0.0000, symmetry=0.51"
Trump-Xi_Meeting_LIVE__Key_Takeaways_from_the_Summit___The_Palki_Sharma_Show___I.mp4,13,102.133,103.133,1.0,B-Roll,70.0,"B-Roll: motion=0.0536, edge=0.0227, face_area=0.0014, symmetry=0.75"
Trump-Xi_Meeting_LIVE__Key_Takeaways_from_the_Summit___The_Palki_Sharma_Show___I.mp4,14,103.2,104.733,1.533,B-Roll,70.0,"B-Roll: motion=0.0452, edge=0.0220, face_area=0.0000, symmetry=0.83"
Trump-Xi_Meeting_LIVE__Key_Takeaways_from_the_Summit___The_Palki_Sharma_Show___I.mp4,15,104.8,106.133,1.333,Anchor Studio,74.0,"Anchor Studio: stable=0.51, symmetry=0.89, centered=True, faces=1, face_area=0.0044"
Trump-Xi_Meeting_LIVE__Key_Takeaways_from_the_Summit___The_Palki_Sharma_Show___I.mp4,16,106.2,108.267,2.067,B-Roll,70.0,"B-Roll: motion=0.0532, edge=0.0476, face_area=0.0045, symmetry=0.83"
Trump-Xi_Meeting_LIVE__Key_Takeaways_from_the_Summit___The_Palki_Sharma_Show___I.mp4,17,108.333,108.867,0.534,Anchor Studio,72.0,"Anchor Studio: stable=0.66, symmetry=0.80, centered=False, faces=1, face_area=0.0163"
Trump-Xi_Meeting_LIVE__Key_Takeaways_from_the_Summit___The_Palki_Sharma_Show___I.mp4,18,108.933,109.667,0.734,Field Report,68.0,"Field Report: motion=0.0384, faces=1, centered=True, symmetry=0.67"
Trump-Xi_Meeting_LIVE__Key_Takeaways_from_the_Summit___The_Palki_Sharma_Show___I.mp4,19,109.733,111.0,1.267,B-Roll,70.0,"B-Roll: motion=0.0368, edge=0.0329, face_area=0.0000, symmetry=0.56"
Trump-Xi_Meeting_LIVE__Key_Takeaways_from_the_Summit___The_Palki_Sharma_Show___I.mp4,20,111.067,116.133,5.066,Anchor Studio,84.0,"Anchor Studio: stable=0.87, symmetry=0.90, centered=True, faces=1, face_area=0.0017"
Trump-Xi_Meeting_LIVE__Key_Takeaways_from_the_Summit___The_Palki_Sharma_Show___I.mp4,21,116.2,155.2,39.0,Title Card,78.0,"Title Card: headline=0.4475, textcov=0.6209, stability=0.94"
Trump-Xi_Meeting_LIVE__Key_Takeaways_from_the_Summit___The_Palki_Sharma_Show___I.mp4,22,155.267,165.067,9.8,Anchor Studio,82.0,"Anchor Studio: stable=0.96, symmetry=0.97, centered=False, faces=1, face_area=0.0297"
Trump-Xi_Meeting_LIVE__Key_Takeaways_from_the_Summit___The_Palki_Sharma_Show___I.mp4,23,165.133,171.4,6.267,Title Card,78.0,"Title Card: headline=0.6163, textcov=0.7556, stability=0.92"
Trump-Xi_Meeting_LIVE__Key_Takeaways_from_the_Summit___The_Palki_Sharma_Show___I.mp4,24,171.467,204.067,32.6,Anchor Studio,94.0,"Anchor Studio: stable=0.87, symmetry=0.90, centered=True, faces=1, face_area=0.0307"
Trump-Xi_Meeting_LIVE__Key_Takeaways_from_the_Summit___The_Palki_Sharma_Show___I.mp4,25,204.133,205.6,1.467,Anchor Studio,94.0,"Anchor Studio: stable=0.78, symmetry=0.85, centered=True, faces=2, face_area=0.0480"
Trump-Xi_Meeting_LIVE__Key_Takeaways_from_the_Summit___The_Palki_Sharma_Show___I.mp4,26,205.667,208.6,2.933,Anchor Studio,72.0,"Anchor Studio: stable=0.55, symmetry=0.89, centered=False, faces=1, face_area=0.0268"
Trump-Xi_Meeting_LIVE__Key_Takeaways_from_the_Summit___The_Palki_Sharma_Show___I.mp4,27,208.667,214.933,6.266,Field Report,68.0,"Field Report: motion=0.0373, faces=1, centered=False, symmetry=0.78"
Trump-Xi_Meeting_LIVE__Key_Takeaways_from_the_Summit___The_Palki_Sharma_Show___I.mp4,28,215.0,217.267,2.267,Field Report,68.0,"Field Report: motion=0.0511, faces=1, centered=False, symmetry=0.77"
Trump-Xi_Meeting_LIVE__Key_Takeaways_from_the_Summit___The_Palki_Sharma_Show___I.mp4,29,217.333,220.533,3.2,Anchor Studio,94.0,"Anchor Studio: stable=0.83, symmetry=0.90, centered=True, faces=2, face_area=0.0370"
Trump-Xi_Meeting_LIVE__Key_Takeaways_from_the_Summit___The_Palki_Sharma_Show___I.mp4,30,220.6,222.333,1.733,Anchor Studio,72.0,"Anchor Studio: stable=0.70, symmetry=0.80, centered=True, faces=2, face_area=0.0478"
Trump-Xi_Meeting_LIVE__Key_Takeaways_from_the_Summit___The_Palki_Sharma_Show___I.mp4,31,222.4,223.667,1.267,Anchor Studio,82.0,"Anchor Studio: stable=0.81, symmetry=0.93, centered=False, faces=1, face_area=0.0277"
Trump-Xi_Meeting_LIVE__Key_Takeaways_from_the_Summit___The_Palki_Sharma_Show___I.mp4,32,223.733,226.0,2.267,Title Card,74.0,"Title Card: headline=1.0665, textcov=1.2323, stability=0.93"
Trump-Xi_Meeting_LIVE__Key_Takeaways_from_the_Summit___The_Palki_Sharma_Show___I.mp4,33,226.067,228.0,1.933,Anchor Studio,82.0,"Anchor Studio: stable=0.94, symmetry=0.81, centered=False, faces=1, face_area=0.0252"
Trump-Xi_Meeting_LIVE__Key_Takeaways_from_the_Summit___The_Palki_Sharma_Show___I.mp4,34,228.067,231.667,3.6,Title Card,74.0,"Title Card: headline=1.0514, textcov=1.2329, stability=0.95"
Trump-Xi_Meeting_LIVE__Key_Takeaways_from_the_Summit___The_Palki_Sharma_Show___I.mp4,35,231.733,233.867,2.134,Title Card,74.0,"Title Card: headline=1.0522, textcov=1.0781, stability=0.86"
Trump-Xi_Meeting_LIVE__Key_Takeaways_from_the_Summit___The_Palki_Sharma_Show___I.mp4,36,233.933,235.667,1.734,B-Roll,70.0,"B-Roll: motion=0.0372, edge=0.0363, face_area=0.0019, symmetry=0.76"
Trump-Xi_Meeting_LIVE__Key_Takeaways_from_the_Summit___The_Palki_Sharma_Show___I.mp4,37,235.733,238.333,2.6,Anchor Studio,94.0,"Anchor Studio: stable=0.87, symmetry=0.97, centered=True, faces=2, face_area=0.0800"
Trump-Xi_Meeting_LIVE__Key_Takeaways_from_the_Summit___The_Palki_Sharma_Show___I.mp4,38,238.4,248.067,9.667,Anchor Studio,82.0,"Anchor Studio: stable=0.95, symmetry=0.96, centered=False, faces=2, face_area=0.0274"
Trump-Xi_Meeting_LIVE__Key_Takeaways_from_the_Summit___The_Palki_Sharma_Show___I.mp4,39,248.133,257.733,9.6,Anchor Studio,82.0,"Anchor Studio: stable=0.85, symmetry=0.87, centered=False, faces=1, face_area=0.0216"
Trump-Xi_Meeting_LIVE__Key_Takeaways_from_the_Summit___The_Palki_Sharma_Show___I.mp4,40,257.8,261.533,3.733,Anchor Studio,82.0,"Anchor Studio: stable=0.91, symmetry=0.92, centered=False, faces=1, face_area=0.0259"
Trump-Xi_Meeting_LIVE__Key_Takeaways_from_the_Summit___The_Palki_Sharma_Show___I.mp4,41,261.6,264.533,2.933,Title Card,74.0,"Title Card: headline=1.2899, textcov=1.3648, stability=0.88"
Trump-Xi_Meeting_LIVE__Key_Takeaways_from_the_Summit___The_Palki_Sharma_Show___I.mp4,42,264.6,267.333,2.733,Title Card,74.0,"Title Card: headline=1.3949, textcov=1.5116, stability=0.89"
Trump-Xi_Meeting_LIVE__Key_Takeaways_from_the_Summit___The_Palki_Sharma_Show___I.mp4,43,267.4,270.133,2.733,Anchor Studio,82.0,"Anchor Studio: stable=0.85, symmetry=0.81, centered=False, faces=1, face_area=0.0259"
Trump-Xi_Meeting_LIVE__Key_Takeaways_from_the_Summit___The_Palki_Sharma_Show___I.mp4,44,270.2,273.533,3.333,Anchor Studio,82.0,"Anchor Studio: stable=0.81, symmetry=0.93, centered=False, faces=1, face_area=0.0262"
Trump-Xi_Meeting_LIVE__Key_Takeaways_from_the_Summit___The_Palki_Sharma_Show___I.mp4,45,273.6,275.333,1.733,B-Roll,70.0,"B-Roll: motion=0.0351, edge=0.0289, face_area=0.0010, symmetry=0.80"
Trump-Xi_Meeting_LIVE__Key_Takeaways_from_the_Summit___The_Palki_Sharma_Show___I.mp4,46,275.4,277.533,2.133,Anchor Studio,82.0,"Anchor Studio: stable=0.86, symmetry=0.91, centered=False, faces=1, face_area=0.0232"
Trump-Xi_Meeting_LIVE__Key_Takeaways_from_the_Summit___The_Palki_Sharma_Show___I.mp4,47,277.6,280.133,2.533,Anchor Studio,82.0,"Anchor Studio: stable=0.93, symmetry=0.80, centered=False, faces=1, face_area=0.0263"
Trump-Xi_Meeting_LIVE__Key_Takeaways_from_the_Summit___The_Palki_Sharma_Show___I.mp4,48,280.2,288.667,8.467,Anchor Studio,84.0,"Anchor Studio: stable=0.63, symmetry=0.93, centered=True, faces=2, face_area=0.0313"
Trump-Xi_Meeting_LIVE__Key_Takeaways_from_the_Summit___The_Palki_Sharma_Show___I.mp4,49,288.733,297.133,8.4,Anchor Studio,94.0,"Anchor Studio: stable=0.88, symmetry=0.87, centered=True, faces=2, face_area=0.0221"
Trump-Xi_Meeting_LIVE__Key_Takeaways_from_the_Summit___The_Palki_Sharma_Show___I.mp4,50,297.2,306.133,8.933,Anchor Studio,94.0,"Anchor Studio: stable=0.95, symmetry=0.92, centered=True, faces=1, face_area=0.0258"
Trump-Xi_Meeting_LIVE__Key_Takeaways_from_the_Summit___The_Palki_Sharma_Show___I.mp4,51,306.2,314.667,8.467,Title Card,78.0,"Title Card: headline=0.0994, textcov=0.2484, stability=0.92"
Trump-Xi_Meeting_LIVE__Key_Takeaways_from_the_Summit___The_Palki_Sharma_Show___I.mp4,52,314.733,318.067,3.334,B-Roll,70.0,"B-Roll: motion=0.0256, edge=0.0438, face_area=0.0000, symmetry=0.75"
Trump-Xi_Meeting_LIVE__Key_Takeaways_from_the_Summit___The_Palki_Sharma_Show___I.mp4,53,318.133,320.267,2.134,Title Card,78.0,"Title Card: headline=0.4247, textcov=0.5128, stability=0.93"
Trump-Xi_Meeting_LIVE__Key_Takeaways_from_the_Summit___The_Palki_Sharma_Show___I.mp4,54,320.333,322.333,2.0,B-Roll,70.0,"B-Roll: motion=0.0451, edge=0.0979, face_area=0.0000, symmetry=0.96"
Trump-Xi_Meeting_LIVE__Key_Takeaways_from_the_Summit___The_Palki_Sharma_Show___I.mp4,55,322.4,324.933,2.533,Anchor Studio,84.0,"Anchor Studio: stable=0.78, symmetry=0.97, centered=True, faces=1, face_area=0.0044"
Trump-Xi_Meeting_LIVE__Key_Takeaways_from_the_Summit___The_Palki_Sharma_Show___I.mp4,56,325.0,331.0,6.0,Anchor Studio,72.0,"Anchor Studio: stable=0.76, symmetry=0.80, centered=True, faces=1, face_area=0.0003"
Trump-Xi_Meeting_LIVE__Key_Takeaways_from_the_Summit___The_Palki_Sharma_Show___I.mp4,57,331.067,332.6,1.533,B-Roll,70.0,"B-Roll: motion=0.0417, edge=0.0651, face_area=0.0000, symmetry=0.85"
Trump-Xi_Meeting_LIVE__Key_Takeaways_from_the_Summit___The_Palki_Sharma_Show___I.mp4,58,332.667,334.733,2.066,Title Card,68.0,"Title Card: headline=0.9965, textcov=1.0902, stability=0.79"
Trump-Xi_Meeting_LIVE__Key_Takeaways_from_the_Summit___The_Palki_Sharma_Show___I.mp4,59,334.8,336.067,1.267,B-Roll,70.0,"B-Roll: motion=0.0576, edge=0.0566, face_area=0.0000, symmetry=0.91"
Trump-Xi_Meeting_LIVE__Key_Takeaways_from_the_Summit___The_Palki_Sharma_Show___I.mp4,60,336.133,338.6,2.467,Anchor Studio,84.0,"Anchor Studio: stable=0.72, symmetry=0.85, centered=True, faces=1, face_area=0.0206"
Trump-Xi_Meeting_LIVE__Key_Takeaways_from_the_Summit___The_Palki_Sharma_Show___I.mp4,61,338.667,340.8,2.133,Anchor Studio,94.0,"Anchor Studio: stable=0.78, symmetry=0.87, centered=True, faces=2, face_area=0.0948"
Trump-Xi_Meeting_LIVE__Key_Takeaways_from_the_Summit___The_Palki_Sharma_Show___I.mp4,62,340.867,342.067,1.2,Anchor Studio,94.0,"Anchor Studio: stable=0.79, symmetry=0.95, centered=True, faces=1, face_area=0.0284"
Trump-Xi_Meeting_LIVE__Key_Takeaways_from_the_Summit___The_Palki_Sharma_Show___I.mp4,63,342.133,343.533,1.4,Anchor Studio,72.0,"Anchor Studio: stable=0.73, symmetry=0.71, centered=True, faces=2, face_area=0.2416"
Trump-Xi_Meeting_LIVE__Key_Takeaways_from_the_Summit___The_Palki_Sharma_Show___I.mp4,64,343.6,345.733,2.133,Title Card,78.0,"Title Card: headline=0.7033, textcov=0.7984, stability=0.89"
Trump-Xi_Meeting_LIVE__Key_Takeaways_from_the_Summit___The_Palki_Sharma_Show___I.mp4,65,345.8,347.4,1.6,Anchor Studio,74.0,"Anchor Studio: stable=0.72, symmetry=0.94, centered=True, faces=1, face_area=0.0008"
Trump-Xi_Meeting_LIVE__Key_Takeaways_from_the_Summit___The_Palki_Sharma_Show___I.mp4,66,347.467,350.2,2.733,Title Card,78.0,"Title Card: headline=0.1816, textcov=0.3390, stability=0.84"
Trump-Xi_Meeting_LIVE__Key_Takeaways_from_the_Summit___The_Palki_Sharma_Show___I.mp4,67,350.267,351.4,1.133,Anchor Studio,84.0,"Anchor Studio: stable=0.39, symmetry=0.84, centered=True, faces=2, face_area=0.1717"
Trump-Xi_Meeting_LIVE__Key_Takeaways_from_the_Summit___The_Palki_Sharma_Show___I.mp4,68,351.467,354.733,3.266,Anchor Studio,84.0,"Anchor Studio: stable=0.61, symmetry=0.87, centered=True, faces=3, face_area=0.0405"
Trump-Xi_Meeting_LIVE__Key_Takeaways_from_the_Summit___The_Palki_Sharma_Show___I.mp4,69,354.8,373.733,18.933,Anchor Studio,84.0,"Anchor Studio: stable=0.90, symmetry=0.97, centered=True, faces=1, face_area=0.0004"
Trump-Xi_Meeting_LIVE__Key_Takeaways_from_the_Summit___The_Palki_Sharma_Show___I.mp4,70,373.8,378.867,5.067,Anchor Studio,94.0,"Anchor Studio: stable=0.92, symmetry=0.98, centered=True, faces=1, face_area=0.0255"
Trump-Xi_Meeting_LIVE__Key_Takeaways_from_the_Summit___The_Palki_Sharma_Show___I.mp4,71,378.933,397.6,18.667,Anchor Studio,94.0,"Anchor Studio: stable=0.79, symmetry=0.88, centered=True, faces=2, face_area=0.0293"
Trump-Xi_Meeting_LIVE__Key_Takeaways_from_the_Summit___The_Palki_Sharma_Show___I.mp4,72,397.667,399.6,1.933,Anchor Studio,82.0,"Anchor Studio: stable=0.84, symmetry=0.81, centered=False, faces=1, face_area=0.0261"
Trump-Xi_Meeting_LIVE__Key_Takeaways_from_the_Summit___The_Palki_Sharma_Show___I.mp4,73,399.667,402.867,3.2,Anchor Studio,84.0,"Anchor Studio: stable=0.76, symmetry=0.84, centered=True, faces=1, face_area=0.0030"
Trump-Xi_Meeting_LIVE__Key_Takeaways_from_the_Summit___The_Palki_Sharma_Show___I.mp4,74,402.933,406.133,3.2,B-Roll,70.0,"B-Roll: motion=0.0532, edge=0.0807, face_area=0.0000, symmetry=0.95"
Trump-Xi_Meeting_LIVE__Key_Takeaways_from_the_Summit___The_Palki_Sharma_Show___I.mp4,75,406.2,409.267,3.067,B-Roll,70.0,"B-Roll: motion=0.0360, edge=0.0683, face_area=0.0000, symmetry=0.97"
Trump-Xi_Meeting_LIVE__Key_Takeaways_from_the_Summit___The_Palki_Sharma_Show___I.mp4,76,409.333,413.0,3.667,Title Card,68.0,"Title Card: headline=0.8381, textcov=0.9176, stability=0.76"
Trump-Xi_Meeting_LIVE__Key_Takeaways_from_the_Summit___The_Palki_Sharma_Show___I.mp4,77,413.067,416.933,3.866,B-Roll,70.0,"B-Roll: motion=0.0630, edge=0.0885, face_area=0.0000, symmetry=0.89"
Trump-Xi_Meeting_LIVE__Key_Takeaways_from_the_Summit___The_Palki_Sharma_Show___I.mp4,78,417.0,418.533,1.533,B-Roll,70.0,"B-Roll: motion=0.0252, edge=0.0770, face_area=0.0000, symmetry=0.95"
Trump-Xi_Meeting_LIVE__Key_Takeaways_from_the_Summit___The_Palki_Sharma_Show___I.mp4,79,418.6,420.067,1.467,Anchor Studio,62.0,"Anchor Studio: stable=0.82, symmetry=0.88, centered=False, faces=0, face_area=0.0000"
Trump-Xi_Meeting_LIVE__Key_Takeaways_from_the_Summit___The_Palki_Sharma_Show___I.mp4,80,420.133,421.2,1.067,Title Card,68.0,"Title Card: headline=0.3689, textcov=0.4396, stability=0.78"
Trump-Xi_Meeting_LIVE__Key_Takeaways_from_the_Summit___The_Palki_Sharma_Show___I.mp4,81,421.267,422.933,1.666,Title Card,78.0,"Title Card: headline=0.2184, textcov=0.2547, stability=0.84"
Trump-Xi_Meeting_LIVE__Key_Takeaways_from_the_Summit___The_Palki_Sharma_Show___I.mp4,82,423.0,426.467,3.467,B-Roll,70.0,"B-Roll: motion=0.0394, edge=0.1419, face_area=0.0000, symmetry=0.89"
Trump-Xi_Meeting_LIVE__Key_Takeaways_from_the_Summit___The_Palki_Sharma_Show___I.mp4,83,426.533,428.4,1.867,Anchor Studio,72.0,"Anchor Studio: stable=0.69, symmetry=0.88, centered=False, faces=1, face_area=0.0259"
Trump-Xi_Meeting_LIVE__Key_Takeaways_from_the_Summit___The_Palki_Sharma_Show___I.mp4,84,428.467,432.267,3.8,Anchor Studio,82.0,"Anchor Studio: stable=0.90, symmetry=0.90, centered=False, faces=1, face_area=0.0254"
Trump-Xi_Meeting_LIVE__Key_Takeaways_from_the_Summit___The_Palki_Sharma_Show___I.mp4,85,432.333,437.333,5.0,Anchor Studio,82.0,"Anchor Studio: stable=0.86, symmetry=0.92, centered=False, faces=1, face_area=0.0261"
Trump-Xi_Meeting_LIVE__Key_Takeaways_from_the_Summit___The_Palki_Sharma_Show___I.mp4,86,437.4,441.733,4.333,Anchor Studio,82.0,"Anchor Studio: stable=0.80, symmetry=0.94, centered=False, faces=1, face_area=0.0257"
Trump-Xi_Meeting_LIVE__Key_Takeaways_from_the_Summit___The_Palki_Sharma_Show___I.mp4,87,441.8,454.333,12.533,Anchor Studio,82.0,"Anchor Studio: stable=0.81, symmetry=0.90, centered=False, faces=1, face_area=0.0253"
Trump-Xi_Meeting_LIVE__Key_Takeaways_from_the_Summit___The_Palki_Sharma_Show___I.mp4,88,454.4,459.333,4.933,Anchor Studio,82.0,"Anchor Studio: stable=0.76, symmetry=0.95, centered=False, faces=1, face_area=0.0257"
Trump-Xi_Meeting_LIVE__Key_Takeaways_from_the_Summit___The_Palki_Sharma_Show___I.mp4,89,459.4,464.333,4.933,Anchor Studio,82.0,"Anchor Studio: stable=0.85, symmetry=0.97, centered=False, faces=1, face_area=0.0261"
Trump-Xi_Meeting_LIVE__Key_Takeaways_from_the_Summit___The_Palki_Sharma_Show___I.mp4,90,464.4,467.267,2.867,Anchor Studio,82.0,"Anchor Studio: stable=0.93, symmetry=0.88, centered=False, faces=1, face_area=0.0258"
Trump-Xi_Meeting_LIVE__Key_Takeaways_from_the_Summit___The_Palki_Sharma_Show___I.mp4,91,467.333,474.667,7.334,Anchor Studio,74.0,"Anchor Studio: stable=0.61, symmetry=0.89, centered=True, faces=1, face_area=0.0019"
Trump-Xi_Meeting_LIVE__Key_Takeaways_from_the_Summit___The_Palki_Sharma_Show___I.mp4,92,474.733,477.667,2.934,Anchor Studio,82.0,"Anchor Studio: stable=0.85, symmetry=0.97, centered=False, faces=1, face_area=0.0226"
Trump-Xi_Meeting_LIVE__Key_Takeaways_from_the_Summit___The_Palki_Sharma_Show___I.mp4,93,477.733,482.933,5.2,B-Roll,70.0,"B-Roll: motion=0.0312, edge=0.1315, face_area=0.0000, symmetry=0.88"
Trump-Xi_Meeting_LIVE__Key_Takeaways_from_the_Summit___The_Palki_Sharma_Show___I.mp4,94,483.0,488.533,5.533,Anchor Studio,72.0,"Anchor Studio: stable=0.75, symmetry=0.97, centered=False, faces=1, face_area=0.0255"
Trump-Xi_Meeting_LIVE__Key_Takeaways_from_the_Summit___The_Palki_Sharma_Show___I.mp4,95,488.6,496.0,7.4,Anchor Studio,84.0,"Anchor Studio: stable=0.74, symmetry=0.86, centered=True, faces=2, face_area=0.0295"
Trump-Xi_Meeting_LIVE__Key_Takeaways_from_the_Summit___The_Palki_Sharma_Show___I.mp4,96,496.067,501.067,5.0,Anchor Studio,94.0,"Anchor Studio: stable=0.90, symmetry=0.90, centered=True, faces=2, face_area=0.0279"
Trump-Xi_Meeting_LIVE__Key_Takeaways_from_the_Summit___The_Palki_Sharma_Show___I.mp4,97,501.133,514.133,13.0,Anchor Studio,84.0,"Anchor Studio: stable=0.88, symmetry=0.92, centered=True, faces=1, face_area=0.0003"
Trump-Xi_Meeting_LIVE__Key_Takeaways_from_the_Summit___The_Palki_Sharma_Show___I.mp4,98,514.2,516.133,1.933,Anchor Studio,72.0,"Anchor Studio: stable=0.67, symmetry=0.96, centered=False, faces=1, face_area=0.0257"
Trump-Xi_Meeting_LIVE__Key_Takeaways_from_the_Summit___The_Palki_Sharma_Show___I.mp4,99,516.2,525.2,9.0,Anchor Studio,82.0,"Anchor Studio: stable=0.94, symmetry=0.96, centered=False, faces=1, face_area=0.0259"
Trump-Xi_Meeting_LIVE__Key_Takeaways_from_the_Summit___The_Palki_Sharma_Show___I.mp4,100,525.267,530.267,5.0,Anchor Studio,82.0,"Anchor Studio: stable=0.92, symmetry=0.90, centered=False, faces=1, face_area=0.0258"
Trump-Xi_Meeting_LIVE__Key_Takeaways_from_the_Summit___The_Palki_Sharma_Show___I.mp4,101,530.333,533.267,2.934,B-Roll,70.0,"B-Roll: motion=0.0454, edge=0.0922, face_area=0.0000, symmetry=0.94"
Trump-Xi_Meeting_LIVE__Key_Takeaways_from_the_Summit___The_Palki_Sharma_Show___I.mp4,102,533.333,535.067,1.734,Title Card,68.0,"Title Card: headline=0.4729, textcov=0.5591, stability=0.76"
Trump-Xi_Meeting_LIVE__Key_Takeaways_from_the_Summit___The_Palki_Sharma_Show___I.mp4,103,535.133,540.067,4.934,Anchor Studio,84.0,"Anchor Studio: stable=0.83, symmetry=0.92, centered=True, faces=1, face_area=0.0003"
Trump-Xi_Meeting_LIVE__Key_Takeaways_from_the_Summit___The_Palki_Sharma_Show___I.mp4,104,540.133,542.067,1.934,Title Card,78.0,"Title Card: headline=0.3876, textcov=0.4866, stability=0.91"
Trump-Xi_Meeting_LIVE__Key_Takeaways_from_the_Summit___The_Palki_Sharma_Show___I.mp4,105,542.133,544.2,2.067,B-Roll,70.0,"B-Roll: motion=0.0405, edge=0.0843, face_area=0.0000, symmetry=0.91"
Trump-Xi_Meeting_LIVE__Key_Takeaways_from_the_Summit___The_Palki_Sharma_Show___I.mp4,106,544.267,546.2,1.933,Title Card,78.0,"Title Card: headline=0.3489, textcov=0.4762, stability=0.91"
Trump-Xi_Meeting_LIVE__Key_Takeaways_from_the_Summit___The_Palki_Sharma_Show___I.mp4,107,546.267,548.733,2.466,Title Card,78.0,"Title Card: headline=0.5628, textcov=0.7075, stability=0.83"
Trump-Xi_Meeting_LIVE__Key_Takeaways_from_the_Summit___The_Palki_Sharma_Show___I.mp4,108,548.8,550.733,1.933,Title Card,78.0,"Title Card: headline=0.2133, textcov=0.3805, stability=0.91"
Trump-Xi_Meeting_LIVE__Key_Takeaways_from_the_Summit___The_Palki_Sharma_Show___I.mp4,109,550.8,553.333,2.533,Anchor Studio,62.0,"Anchor Studio: stable=0.86, symmetry=0.94, centered=False, faces=0, face_area=0.0000"
Trump-Xi_Meeting_LIVE__Key_Takeaways_from_the_Summit___The_Palki_Sharma_Show___I.mp4,110,553.4,555.133,1.733,Title Card,68.0,"Title Card: headline=0.3974, textcov=0.4889, stability=0.76"
Trump-Xi_Meeting_LIVE__Key_Takeaways_from_the_Summit___The_Palki_Sharma_Show___I.mp4,111,555.2,558.333,3.133,B-Roll,70.0,"B-Roll: motion=0.0484, edge=0.1080, face_area=0.0005, symmetry=0.97"
Trump-Xi_Meeting_LIVE__Key_Takeaways_from_the_Summit___The_Palki_Sharma_Show___I.mp4,112,558.4,578.867,20.467,Anchor Studio,94.0,"Anchor Studio: stable=0.84, symmetry=0.89, centered=True, faces=2, face_area=0.0331"
Trump-Xi_Meeting_LIVE__Key_Takeaways_from_the_Summit___The_Palki_Sharma_Show___I.mp4,113,578.933,597.667,18.734,Anchor Studio,84.0,"Anchor Studio: stable=0.74, symmetry=0.88, centered=True, faces=2, face_area=0.0280"
Trump-Xi_Meeting_LIVE__Key_Takeaways_from_the_Summit___The_Palki_Sharma_Show___I.mp4,114,597.733,600.4,2.667,B-Roll,70.0,"B-Roll: motion=0.0252, edge=0.0780, face_area=0.0013, symmetry=0.56"
Trump-Xi_Meeting_LIVE__Key_Takeaways_from_the_Summit___The_Palki_Sharma_Show___I.mp4,115,600.467,603.4,2.933,Title Card,68.0,"Title Card: headline=0.5646, textcov=0.7113, stability=0.80"
Trump-Xi_Meeting_LIVE__Key_Takeaways_from_the_Summit___The_Palki_Sharma_Show___I.mp4,116,603.467,610.8,7.333,Anchor Studio,82.0,"Anchor Studio: stable=0.87, symmetry=0.94, centered=False, faces=1, face_area=0.0269"
Trump-Xi_Meeting_LIVE__Key_Takeaways_from_the_Summit___The_Palki_Sharma_Show___I.mp4,117,610.867,613.6,2.733,Anchor Studio,72.0,"Anchor Studio: stable=0.77, symmetry=0.98, centered=False, faces=1, face_area=0.0027"
Trump-Xi_Meeting_LIVE__Key_Takeaways_from_the_Summit___The_Palki_Sharma_Show___I.mp4,118,613.667,624.0,10.333,Title Card,78.0,"Title Card: headline=0.4987, textcov=0.6370, stability=0.82"
Trump-Xi_Meeting_LIVE__Key_Takeaways_from_the_Summit___The_Palki_Sharma_Show___I.mp4,119,624.067,632.867,8.8,Anchor Studio,72.0,"Anchor Studio: stable=0.79, symmetry=0.95, centered=False, faces=1, face_area=0.0020"
Trump-Xi_Meeting_LIVE__Key_Takeaways_from_the_Summit___The_Palki_Sharma_Show___I.mp4,120,632.933,637.533,4.6,Anchor Studio,82.0,"Anchor Studio: stable=0.84, symmetry=0.85, centered=False, faces=1, face_area=0.0267"
Trump-Xi_Meeting_LIVE__Key_Takeaways_from_the_Summit___The_Palki_Sharma_Show___I.mp4,121,637.6,640.4,2.8,Anchor Studio,82.0,"Anchor Studio: stable=0.80, symmetry=0.95, centered=False, faces=1, face_area=0.0256"
Trump-Xi_Meeting_LIVE__Key_Takeaways_from_the_Summit___The_Palki_Sharma_Show___I.mp4,122,640.467,644.267,3.8,Anchor Studio,82.0,"Anchor Studio: stable=0.87, symmetry=0.83, centered=False, faces=1, face_area=0.0259"
Trump-Xi_Meeting_LIVE__Key_Takeaways_from_the_Summit___The_Palki_Sharma_Show___I.mp4,123,644.333,650.2,5.867,Anchor Studio,72.0,"Anchor Studio: stable=0.69, symmetry=0.90, centered=False, faces=1, face_area=0.0272"
Trump-Xi_Meeting_LIVE__Key_Takeaways_from_the_Summit___The_Palki_Sharma_Show___I.mp4,124,650.267,655.2,4.933,Anchor Studio,94.0,"Anchor Studio: stable=0.84, symmetry=0.89, centered=True, faces=2, face_area=0.0325"
Trump-Xi_Meeting_LIVE__Key_Takeaways_from_the_Summit___The_Palki_Sharma_Show___I.mp4,125,655.267,661.133,5.866,Anchor Studio,72.0,"Anchor Studio: stable=0.74, symmetry=0.56, centered=True, faces=2, face_area=0.0189"
Trump-Xi_Meeting_LIVE__Key_Takeaways_from_the_Summit___The_Palki_Sharma_Show___I.mp4,126,661.2,664.267,3.067,Anchor Studio,74.0,"Anchor Studio: stable=0.58, symmetry=0.92, centered=True, faces=1, face_area=0.0006"
Trump-Xi_Meeting_LIVE__Key_Takeaways_from_the_Summit___The_Palki_Sharma_Show___I.mp4,127,664.333,665.2,0.867,Title Card,68.0,"Title Card: headline=0.8738, textcov=0.9552, stability=0.76"
Trump-Xi_Meeting_LIVE__Key_Takeaways_from_the_Summit___The_Palki_Sharma_Show___I.mp4,128,665.267,667.4,2.133,B-Roll,70.0,"B-Roll: motion=0.0369, edge=0.1479, face_area=0.0000, symmetry=0.94"
Trump-Xi_Meeting_LIVE__Key_Takeaways_from_the_Summit___The_Palki_Sharma_Show___I.mp4,129,667.467,668.333,0.866,B-Roll,70.0,"B-Roll: motion=0.0497, edge=0.1435, face_area=0.0000, symmetry=0.89"
Trump-Xi_Meeting_LIVE__Key_Takeaways_from_the_Summit___The_Palki_Sharma_Show___I.mp4,130,668.4,669.267,0.867,B-Roll,70.0,"B-Roll: motion=0.0509, edge=0.1353, face_area=0.0000, symmetry=0.90"
Trump-Xi_Meeting_LIVE__Key_Takeaways_from_the_Summit___The_Palki_Sharma_Show___I.mp4,131,669.333,673.133,3.8,Anchor Studio,84.0,"Anchor Studio: stable=0.24, symmetry=0.98, centered=True, faces=2, face_area=0.0364"
Trump-Xi_Meeting_LIVE__Key_Takeaways_from_the_Summit___The_Palki_Sharma_Show___I.mp4,132,673.2,680.533,7.333,Anchor Studio,74.0,"Anchor Studio: stable=0.00, symmetry=0.94, centered=True, faces=2, face_area=0.0040"
Trump-Xi_Meeting_LIVE__Key_Takeaways_from_the_Summit___The_Palki_Sharma_Show___I.mp4,133,680.6,688.667,8.067,Anchor Studio,82.0,"Anchor Studio: stable=0.77, symmetry=0.83, centered=False, faces=1, face_area=0.0274"
Trump-Xi_Meeting_LIVE__Key_Takeaways_from_the_Summit___The_Palki_Sharma_Show___I.mp4,134,688.733,697.6,8.867,B-Roll,70.0,"B-Roll: motion=0.0539, edge=0.1006, face_area=0.0000, symmetry=0.92"
Trump-Xi_Meeting_LIVE__Key_Takeaways_from_the_Summit___The_Palki_Sharma_Show___I.mp4,135,697.667,712.6,14.933,B-Roll,70.0,"B-Roll: motion=0.0446, edge=0.1137, face_area=0.0000, symmetry=0.91"
Trump-Xi_Meeting_LIVE__Key_Takeaways_from_the_Summit___The_Palki_Sharma_Show___I.mp4,136,712.667,719.333,6.666,Anchor Studio,94.0,"Anchor Studio: stable=0.91, symmetry=0.88, centered=True, faces=2, face_area=0.0335"
Trump-Xi_Meeting_LIVE__Key_Takeaways_from_the_Summit___The_Palki_Sharma_Show___I.mp4,137,719.4,726.933,7.533,Anchor Studio,84.0,"Anchor Studio: stable=0.95, symmetry=0.81, centered=True, faces=1, face_area=0.0064"
Trump-Xi_Meeting_LIVE__Key_Takeaways_from_the_Summit___The_Palki_Sharma_Show___I.mp4,138,727.0,728.2,1.2,Title Card,78.0,"Title Card: headline=0.6301, textcov=0.7334, stability=0.86"
Trump-Xi_Meeting_LIVE__Key_Takeaways_from_the_Summit___The_Palki_Sharma_Show___I.mp4,139,728.267,752.267,24.0,Title Card,78.0,"Title Card: headline=0.2608, textcov=0.4607, stability=0.97"
Trump-Xi_Meeting_LIVE__Key_Takeaways_from_the_Summit___The_Palki_Sharma_Show___I.mp4,140,752.333,760.267,7.934,Anchor Studio,82.0,"Anchor Studio: stable=0.75, symmetry=0.95, centered=False, faces=1, face_area=0.0277"
Trump-Xi_Meeting_LIVE__Key_Takeaways_from_the_Summit___The_Palki_Sharma_Show___I.mp4,141,760.333,762.0,1.667,Anchor Studio,82.0,"Anchor Studio: stable=0.83, symmetry=0.92, centered=False, faces=1, face_area=0.0279"
Trump-Xi_Meeting_LIVE__Key_Takeaways_from_the_Summit___The_Palki_Sharma_Show___I.mp4,142,762.067,790.533,28.466,Title Card,78.0,"Title Card: headline=0.4907, textcov=0.6643, stability=0.86"
Trump-Xi_Meeting_LIVE__Key_Takeaways_from_the_Summit___The_Palki_Sharma_Show___I.mp4,143,790.6,806.533,15.933,Anchor Studio,82.0,"Anchor Studio: stable=0.93, symmetry=0.93, centered=False, faces=2, face_area=0.0567"
Trump-Xi_Meeting_LIVE__Key_Takeaways_from_the_Summit___The_Palki_Sharma_Show___I.mp4,144,806.6,813.933,7.333,Anchor Studio,82.0,"Anchor Studio: stable=0.93, symmetry=0.91, centered=False, faces=1, face_area=0.0266"
Trump-Xi_Meeting_LIVE__Key_Takeaways_from_the_Summit___The_Palki_Sharma_Show___I.mp4,145,814.0,823.067,9.067,Title Card,78.0,"Title Card: headline=0.8137, textcov=0.8923, stability=0.96"
Trump-Xi_Meeting_LIVE__Key_Takeaways_from_the_Summit___The_Palki_Sharma_Show___I.mp4,146,823.133,826.733,3.6,Title Card,78.0,"Title Card: headline=0.9025, textcov=0.9675, stability=0.91"
Trump-Xi_Meeting_LIVE__Key_Takeaways_from_the_Summit___The_Palki_Sharma_Show___I.mp4,147,826.8,828.867,2.067,Anchor Studio,94.0,"Anchor Studio: stable=0.88, symmetry=0.85, centered=True, faces=1, face_area=0.0961"
Trump-Xi_Meeting_LIVE__Key_Takeaways_from_the_Summit___The_Palki_Sharma_Show___I.mp4,148,828.933,833.467,4.534,Title Card,78.0,"Title Card: headline=0.6788, textcov=0.7861, stability=0.88"
Trump-Xi_Meeting_LIVE__Key_Takeaways_from_the_Summit___The_Palki_Sharma_Show___I.mp4,149,833.533,861.267,27.734,Anchor Studio,84.0,"Anchor Studio: stable=0.91, symmetry=0.93, centered=True, faces=3, face_area=0.0076"
Trump-Xi_Meeting_LIVE__Key_Takeaways_from_the_Summit___The_Palki_Sharma_Show___I.mp4,150,861.333,872.533,11.2,Anchor Studio,82.0,"Anchor Studio: stable=0.96, symmetry=0.91, centered=False, faces=1, face_area=0.0264"
Trump-Xi_Meeting_LIVE__Key_Takeaways_from_the_Summit___The_Palki_Sharma_Show___I.mp4,151,872.6,875.533,2.933,Anchor Studio,82.0,"Anchor Studio: stable=0.94, symmetry=0.82, centered=False, faces=1, face_area=0.0260"
Trump-Xi_Meeting_LIVE__Key_Takeaways_from_the_Summit___The_Palki_Sharma_Show___I.mp4,152,875.6,900.2,24.6,Anchor Studio,94.0,"Anchor Studio: stable=0.91, symmetry=0.92, centered=True, faces=3, face_area=0.0369"
Trump-Xi_Meeting_LIVE__Key_Takeaways_from_the_Summit___The_Palki_Sharma_Show___I.mp4,153,900.267,911.067,10.8,Anchor Studio,82.0,"Anchor Studio: stable=0.90, symmetry=0.98, centered=False, faces=1, face_area=0.0272"
Trump-Xi_Meeting_LIVE__Key_Takeaways_from_the_Summit___The_Palki_Sharma_Show___I.mp4,154,911.133,913.467,2.334,Anchor Studio,82.0,"Anchor Studio: stable=0.83, symmetry=0.90, centered=False, faces=1, face_area=0.0269"
Trump-Xi_Meeting_LIVE__Key_Takeaways_from_the_Summit___The_Palki_Sharma_Show___I.mp4,155,913.533,918.2,4.667,Anchor Studio,94.0,"Anchor Studio: stable=0.76, symmetry=0.92, centered=True, faces=2, face_area=0.0303"
Trump-Xi_Meeting_LIVE__Key_Takeaways_from_the_Summit___The_Palki_Sharma_Show___I.mp4,156,918.267,918.933,0.666,Field Report,68.0,"Field Report: motion=0.0477, faces=1, centered=False, symmetry=0.71"
Trump-Xi_Meeting_LIVE__Key_Takeaways_from_the_Summit___The_Palki_Sharma_Show___I.mp4,157,919.0,919.667,0.667,Anchor Studio,82.0,"Anchor Studio: stable=0.83, symmetry=0.86, centered=False, faces=1, face_area=0.0268"
Trump-Xi_Meeting_LIVE__Key_Takeaways_from_the_Summit___The_Palki_Sharma_Show___I.mp4,158,919.733,934.067,14.334,Anchor Studio,94.0,"Anchor Studio: stable=0.96, symmetry=0.99, centered=True, faces=1, face_area=0.0260"
Trump-Xi_Meeting_LIVE__Key_Takeaways_from_the_Summit___The_Palki_Sharma_Show___I.mp4,159,934.133,945.133,11.0,Anchor Studio,82.0,"Anchor Studio: stable=0.89, symmetry=0.90, centered=False, faces=1, face_area=0.0253"
Trump-Xi_Meeting_LIVE__Key_Takeaways_from_the_Summit___The_Palki_Sharma_Show___I.mp4,160,945.2,952.267,7.067,Anchor Studio,94.0,"Anchor Studio: stable=0.93, symmetry=0.97, centered=True, faces=2, face_area=0.0471"
Trump-Xi_Meeting_LIVE__Key_Takeaways_from_the_Summit___The_Palki_Sharma_Show___I.mp4,161,952.333,957.933,5.6,Anchor Studio,82.0,"Anchor Studio: stable=0.95, symmetry=0.85, centered=False, faces=1, face_area=0.0255"
Trump-Xi_Meeting_LIVE__Key_Takeaways_from_the_Summit___The_Palki_Sharma_Show___I.mp4,162,958.0,962.2,4.2,Anchor Studio,82.0,"Anchor Studio: stable=0.93, symmetry=0.85, centered=False, faces=2, face_area=0.0493"
Trump-Xi_Meeting_LIVE__Key_Takeaways_from_the_Summit___The_Palki_Sharma_Show___I.mp4,163,962.267,966.733,4.466,Anchor Studio,82.0,"Anchor Studio: stable=0.93, symmetry=0.98, centered=False, faces=1, face_area=0.0271"
Trump-Xi_Meeting_LIVE__Key_Takeaways_from_the_Summit___The_Palki_Sharma_Show___I.mp4,164,966.8,969.933,3.133,Anchor Studio,82.0,"Anchor Studio: stable=0.84, symmetry=0.93, centered=False, faces=2, face_area=0.1052"
Trump-Xi_Meeting_LIVE__Key_Takeaways_from_the_Summit___The_Palki_Sharma_Show___I.mp4,165,970.0,981.733,11.733,Anchor Studio,82.0,"Anchor Studio: stable=0.93, symmetry=0.90, centered=False, faces=2, face_area=0.0295"
Trump-Xi_Meeting_LIVE__Key_Takeaways_from_the_Summit___The_Palki_Sharma_Show___I.mp4,166,981.8,990.333,8.533,Anchor Studio,82.0,"Anchor Studio: stable=0.80, symmetry=0.80, centered=False, faces=1, face_area=0.0268"
Trump-Xi_Meeting_LIVE__Key_Takeaways_from_the_Summit___The_Palki_Sharma_Show___I.mp4,167,990.4,1000.0,9.6,Anchor Studio,82.0,"Anchor Studio: stable=0.82, symmetry=0.89, centered=False, faces=1, face_area=0.0260"
Trump-Xi_Meeting_LIVE__Key_Takeaways_from_the_Summit___The_Palki_Sharma_Show___I.mp4,168,1000.067,1001.533,1.466,Anchor Studio,82.0,"Anchor Studio: stable=0.85, symmetry=0.81, centered=False, faces=1, face_area=0.0278"
Trump-Xi_Meeting_LIVE__Key_Takeaways_from_the_Summit___The_Palki_Sharma_Show___I.mp4,169,1001.6,1002.533,0.933,Title Card,74.0,"Title Card: headline=0.6816, textcov=0.7931, stability=0.87"
Trump-Xi_Meeting_LIVE__Key_Takeaways_from_the_Summit___The_Palki_Sharma_Show___I.mp4,170,1002.6,1005.533,2.933,Title Card,74.0,"Title Card: headline=0.3521, textcov=0.5351, stability=0.84"
Trump-Xi_Meeting_LIVE__Key_Takeaways_from_the_Summit___The_Palki_Sharma_Show___I.mp4,171,1005.6,1009.533,3.933,Anchor Studio,82.0,"Anchor Studio: stable=0.94, symmetry=0.86, centered=False, faces=1, face_area=0.0256"
Trump-Xi_Meeting_LIVE__Key_Takeaways_from_the_Summit___The_Palki_Sharma_Show___I.mp4,172,1009.6,1017.533,7.933,Anchor Studio,94.0,"Anchor Studio: stable=0.94, symmetry=0.89, centered=True, faces=3, face_area=0.0909"
Trump-Xi_Meeting_LIVE__Key_Takeaways_from_the_Summit___The_Palki_Sharma_Show___I.mp4,173,1017.6,1021.533,3.933,Title Card,74.0,"Title Card: headline=0.7431, textcov=0.8081, stability=0.93"
Trump-Xi_Meeting_LIVE__Key_Takeaways_from_the_Summit___The_Palki_Sharma_Show___I.mp4,174,1021.6,1026.533,4.933,Anchor Studio,82.0,"Anchor Studio: stable=0.94, symmetry=0.92, centered=False, faces=2, face_area=0.0311"
Trump-Xi_Meeting_LIVE__Key_Takeaways_from_the_Summit___The_Palki_Sharma_Show___I.mp4,175,1026.6,1031.533,4.933,Title Card,74.0,"Title Card: headline=0.6865, textcov=0.7354, stability=0.96"
Trump-Xi_Meeting_LIVE__Key_Takeaways_from_the_Summit___The_Palki_Sharma_Show___I.mp4,176,1031.6,1036.533,4.933,Anchor Studio,82.0,"Anchor Studio: stable=0.96, symmetry=0.86, centered=False, faces=2, face_area=0.0272"
Trump-Xi_Meeting_LIVE__Key_Takeaways_from_the_Summit___The_Palki_Sharma_Show___I.mp4,177,1036.6,1038.667,2.067,Anchor Studio,94.0,"Anchor Studio: stable=0.91, symmetry=0.94, centered=True, faces=2, face_area=0.0596"
Trump-Xi_Meeting_LIVE__Key_Takeaways_from_the_Summit___The_Palki_Sharma_Show___I.mp4,178,1038.733,1049.6,10.867,Anchor Studio,82.0,"Anchor Studio: stable=0.94, symmetry=0.87, centered=False, faces=1, face_area=0.0103"
Trump-Xi_Meeting_LIVE__Key_Takeaways_from_the_Summit___The_Palki_Sharma_Show___I.mp4,179,1049.667,1057.667,8.0,Anchor Studio,82.0,"Anchor Studio: stable=0.93, symmetry=0.95, centered=False, faces=1, face_area=0.0274"
Trump-Xi_Meeting_LIVE__Key_Takeaways_from_the_Summit___The_Palki_Sharma_Show___I.mp4,180,1057.733,1059.0,1.267,Field Report,68.0,"Field Report: motion=0.0375, faces=1, centered=False, symmetry=0.70"
Trump-Xi_Meeting_LIVE__Key_Takeaways_from_the_Summit___The_Palki_Sharma_Show___I.mp4,181,1059.067,1060.133,1.066,Anchor Studio,82.0,"Anchor Studio: stable=0.86, symmetry=0.95, centered=False, faces=1, face_area=0.0263"
Trump-Xi_Meeting_LIVE__Key_Takeaways_from_the_Summit___The_Palki_Sharma_Show___I.mp4,182,1060.2,1062.733,2.533,Anchor Studio,82.0,"Anchor Studio: stable=0.83, symmetry=0.94, centered=False, faces=1, face_area=0.0275"
Trump-Xi_Meeting_LIVE__Key_Takeaways_from_the_Summit___The_Palki_Sharma_Show___I.mp4,183,1062.8,1064.867,2.067,Anchor Studio,82.0,"Anchor Studio: stable=0.93, symmetry=0.93, centered=False, faces=1, face_area=0.0252"
Trump-Xi_Meeting_LIVE__Key_Takeaways_from_the_Summit___The_Palki_Sharma_Show___I.mp4,184,1064.933,1072.067,7.134,Anchor Studio,82.0,"Anchor Studio: stable=0.91, symmetry=0.88, centered=False, faces=1, face_area=0.0270"
Trump-Xi_Meeting_LIVE__Key_Takeaways_from_the_Summit___The_Palki_Sharma_Show___I.mp4,185,1072.133,1076.733,4.6,Anchor Studio,82.0,"Anchor Studio: stable=0.80, symmetry=0.96, centered=False, faces=1, face_area=0.0255"
Trump-Xi_Meeting_LIVE__Key_Takeaways_from_the_Summit___The_Palki_Sharma_Show___I.mp4,186,1076.8,1082.667,5.867,Anchor Studio,82.0,"Anchor Studio: stable=0.93, symmetry=0.87, centered=False, faces=1, face_area=0.0263"
Trump-Xi_Meeting_LIVE__Key_Takeaways_from_the_Summit___The_Palki_Sharma_Show___I.mp4,187,1082.733,1095.133,12.4,Anchor Studio,82.0,"Anchor Studio: stable=0.79, symmetry=0.93, centered=False, faces=1, face_area=0.0256"
Trump-Xi_Meeting_LIVE__Key_Takeaways_from_the_Summit___The_Palki_Sharma_Show___I.mp4,188,1095.2,1096.933,1.733,Anchor Studio,84.0,"Anchor Studio: stable=0.73, symmetry=0.81, centered=True, faces=2, face_area=0.0294"
Trump-Xi_Meeting_LIVE__Key_Takeaways_from_the_Summit___The_Palki_Sharma_Show___I.mp4,189,1097.0,1103.267,6.267,Anchor Studio,94.0,"Anchor Studio: stable=0.85, symmetry=0.91, centered=True, faces=2, face_area=0.0353"
Trump-Xi_Meeting_LIVE__Key_Takeaways_from_the_Summit___The_Palki_Sharma_Show___I.mp4,190,1103.333,1104.933,1.6,Anchor Studio,84.0,"Anchor Studio: stable=0.74, symmetry=0.86, centered=True, faces=2, face_area=0.1317"
Trump-Xi_Meeting_LIVE__Key_Takeaways_from_the_Summit___The_Palki_Sharma_Show___I.mp4,191,1105.0,1105.733,0.733,Anchor Studio,94.0,"Anchor Studio: stable=0.76, symmetry=0.87, centered=True, faces=2, face_area=0.1368"
Trump-Xi_Meeting_LIVE__Key_Takeaways_from_the_Summit___The_Palki_Sharma_Show___I.mp4,192,1105.8,1108.867,3.067,Title Card,74.0,"Title Card: headline=0.7770, textcov=0.7947, stability=0.88"
Trump-Xi_Meeting_LIVE__Key_Takeaways_from_the_Summit___The_Palki_Sharma_Show___I.mp4,193,1108.933,1113.067,4.134,Anchor Studio,84.0,"Anchor Studio: stable=0.68, symmetry=0.93, centered=True, faces=2, face_area=0.0290"
Trump-Xi_Meeting_LIVE__Key_Takeaways_from_the_Summit___The_Palki_Sharma_Show___I.mp4,194,1113.133,1125.333,12.2,Anchor Studio,94.0,"Anchor Studio: stable=0.86, symmetry=0.82, centered=True, faces=3, face_area=0.0391"
Trump-Xi_Meeting_LIVE__Key_Takeaways_from_the_Summit___The_Palki_Sharma_Show___I.mp4,195,1125.4,1141.867,16.467,Anchor Studio,94.0,"Anchor Studio: stable=0.92, symmetry=0.96, centered=True, faces=1, face_area=0.0208"
Trump-Xi_Meeting_LIVE__Key_Takeaways_from_the_Summit___The_Palki_Sharma_Show___I.mp4,196,1141.933,1145.8,3.867,Field Report,56.0,"Field Report: motion=0.0180, faces=0, centered=False, symmetry=0.36"
Trump-Xi_Meeting_LIVE__Key_Takeaways_from_the_Summit___The_Palki_Sharma_Show___I.mp4,197,1145.867,1147.333,1.466,B-Roll,70.0,"B-Roll: motion=0.0253, edge=0.0397, face_area=0.0000, symmetry=0.85"
Trump-Xi_Meeting_LIVE__Key_Takeaways_from_the_Summit___The_Palki_Sharma_Show___I.mp4,198,1147.4,1149.933,2.533,B-Roll,70.0,"B-Roll: motion=0.0323, edge=0.1085, face_area=0.0000, symmetry=0.85"
Trump-Xi_Meeting_LIVE__Key_Takeaways_from_the_Summit___The_Palki_Sharma_Show___I.mp4,199,1150.0,1151.267,1.267,Title Card,78.0,"Title Card: headline=0.0540, textcov=0.3080, stability=0.88"
Trump-Xi_Meeting_LIVE__Key_Takeaways_from_the_Summit___The_Palki_Sharma_Show___I.mp4,200,1151.333,1152.933,1.6,Anchor Studio,62.0,"Anchor Studio: stable=0.90, symmetry=0.93, centered=False, faces=0, face_area=0.0000"
Trump-Xi_Meeting_LIVE__Key_Takeaways_from_the_Summit___The_Palki_Sharma_Show___I.mp4,201,1153.0,1154.333,1.333,B-Roll,70.0,"B-Roll: motion=0.0922, edge=0.1637, face_area=0.0000, symmetry=0.98"
Trump-Xi_Meeting_LIVE__Key_Takeaways_from_the_Summit___The_Palki_Sharma_Show___I.mp4,202,1154.4,1156.067,1.667,B-Roll,70.0,"B-Roll: motion=0.0777, edge=0.1117, face_area=0.0000, symmetry=0.86"
Trump-Xi_Meeting_LIVE__Key_Takeaways_from_the_Summit___The_Palki_Sharma_Show___I.mp4,203,1156.133,1157.067,0.934,Title Card,68.0,"Title Card: headline=0.7645, textcov=0.8341, stability=0.79"
Trump-Xi_Meeting_LIVE__Key_Takeaways_from_the_Summit___The_Palki_Sharma_Show___I.mp4,204,1157.133,1158.2,1.067,B-Roll,70.0,"B-Roll: motion=0.0417, edge=0.0833, face_area=0.0000, symmetry=0.76"
Trump-Xi_Meeting_LIVE__Key_Takeaways_from_the_Summit___The_Palki_Sharma_Show___I.mp4,205,1158.267,1159.4,1.133,Title Card,78.0,"Title Card: headline=0.0951, textcov=0.4727, stability=0.82"
Trump-Xi_Meeting_LIVE__Key_Takeaways_from_the_Summit___The_Palki_Sharma_Show___I.mp4,206,1159.467,1160.733,1.266,Anchor Studio,74.0,"Anchor Studio: stable=0.70, symmetry=0.96, centered=True, faces=1, face_area=0.0066"
Trump-Xi_Meeting_LIVE__Key_Takeaways_from_the_Summit___The_Palki_Sharma_Show___I.mp4,207,1160.8,1162.133,1.333,B-Roll,70.0,"B-Roll: motion=0.0806, edge=0.1171, face_area=0.0000, symmetry=0.96"
Trump-Xi_Meeting_LIVE__Key_Takeaways_from_the_Summit___The_Palki_Sharma_Show___I.mp4,208,1162.2,1163.133,0.933,B-Roll,70.0,"B-Roll: motion=0.0485, edge=0.1425, face_area=0.0000, symmetry=0.92"
Trump-Xi_Meeting_LIVE__Key_Takeaways_from_the_Summit___The_Palki_Sharma_Show___I.mp4,209,1163.2,1163.733,0.533,B-Roll,70.0,"B-Roll: motion=0.0529, edge=0.1980, face_area=0.0000, symmetry=0.78"
Trump-Xi_Meeting_LIVE__Key_Takeaways_from_the_Summit___The_Palki_Sharma_Show___I.mp4,210,1163.8,1165.067,1.267,B-Roll,70.0,"B-Roll: motion=0.0552, edge=0.2089, face_area=0.0000, symmetry=0.85"
Trump-Xi_Meeting_LIVE__Key_Takeaways_from_the_Summit___The_Palki_Sharma_Show___I.mp4,211,1165.133,1166.667,1.534,B-Roll,70.0,"B-Roll: motion=0.0529, edge=0.1418, face_area=0.0000, symmetry=0.71"
Trump-Xi_Meeting_LIVE__Key_Takeaways_from_the_Summit___The_Palki_Sharma_Show___I.mp4,212,1166.733,1167.733,1.0,B-Roll,70.0,"B-Roll: motion=0.0451, edge=0.0759, face_area=0.0000, symmetry=0.84"
Trump-Xi_Meeting_LIVE__Key_Takeaways_from_the_Summit___The_Palki_Sharma_Show___I.mp4,213,1167.8,1168.733,0.933,B-Roll,70.0,"B-Roll: motion=0.0632, edge=0.1493, face_area=0.0000, symmetry=0.98"
Trump-Xi_Meeting_LIVE__Key_Takeaways_from_the_Summit___The_Palki_Sharma_Show___I.mp4,214,1168.8,1170.067,1.267,B-Roll,70.0,"B-Roll: motion=0.0403, edge=0.1267, face_area=0.0000, symmetry=0.87"
Trump-Xi_Meeting_LIVE__Key_Takeaways_from_the_Summit___The_Palki_Sharma_Show___I.mp4,215,1170.133,1171.933,1.8,Anchor Studio,74.0,"Anchor Studio: stable=0.55, symmetry=0.85, centered=True, faces=1, face_area=0.0008"
Trump-Xi_Meeting_LIVE__Key_Takeaways_from_the_Summit___The_Palki_Sharma_Show___I.mp4,216,1172.0,1177.933,5.933,Anchor Studio,94.0,"Anchor Studio: stable=0.76, symmetry=0.84, centered=True, faces=1, face_area=0.0621"
Trump-Xi_Meeting_LIVE__Key_Takeaways_from_the_Summit___The_Palki_Sharma_Show___I.mp4,217,1178.0,1180.0,2.0,B-Roll,70.0,"B-Roll: motion=0.0257, edge=0.1446, face_area=0.0000, symmetry=0.99"
Trump-Xi_Meeting_LIVE__Key_Takeaways_from_the_Summit___The_Palki_Sharma_Show___I.mp4,218,1180.067,1191.467,11.4,Title Card,78.0,"Title Card: headline=0.6879, textcov=0.7529, stability=0.87"
Trump-Xi_Meeting_LIVE__Key_Takeaways_from_the_Summit___The_Palki_Sharma_Show___I.mp4,219,1191.533,1198.867,7.334,Anchor Studio,94.0,"Anchor Studio: stable=0.92, symmetry=0.97, centered=True, faces=1, face_area=0.0264"
Trump-Xi_Meeting_LIVE__Key_Takeaways_from_the_Summit___The_Palki_Sharma_Show___I.mp4,220,1198.933,1200.267,1.334,Title Card,74.0,"Title Card: headline=0.2826, textcov=0.4491, stability=0.85"
Trump-Xi_Meeting_LIVE__Key_Takeaways_from_the_Summit___The_Palki_Sharma_Show___I.mp4,221,1200.333,1201.867,1.534,Title Card,74.0,"Title Card: headline=0.3356, textcov=0.4577, stability=0.96"
Trump-Xi_Meeting_LIVE__Key_Takeaways_from_the_Summit___The_Palki_Sharma_Show___I.mp4,222,1201.933,1203.333,1.4,Title Card,74.0,"Title Card: headline=0.3199, textcov=0.4515, stability=0.86"
Trump-Xi_Meeting_LIVE__Key_Takeaways_from_the_Summit___The_Palki_Sharma_Show___I.mp4,223,1203.4,1206.467,3.067,Title Card,74.0,"Title Card: headline=0.2859, textcov=0.4023, stability=0.85"
Trump-Xi_Meeting_LIVE__Key_Takeaways_from_the_Summit___The_Palki_Sharma_Show___I.mp4,224,1206.533,1209.533,3.0,Title Card,74.0,"Title Card: headline=0.7366, textcov=0.8140, stability=0.94"
Trump-Xi_Meeting_LIVE__Key_Takeaways_from_the_Summit___The_Palki_Sharma_Show___I.mp4,225,1209.6,1212.6,3.0,Title Card,74.0,"Title Card: headline=0.7308, textcov=0.7712, stability=0.96"
Trump-Xi_Meeting_LIVE__Key_Takeaways_from_the_Summit___The_Palki_Sharma_Show___I.mp4,226,1212.667,1216.933,4.266,Title Card,74.0,"Title Card: headline=0.8742, textcov=0.8941, stability=0.95"
Trump-Xi_Meeting_LIVE__Key_Takeaways_from_the_Summit___The_Palki_Sharma_Show___I.mp4,227,1217.0,1218.6,1.6,Title Card,74.0,"Title Card: headline=0.5997, textcov=0.6274, stability=0.93"
Trump-Xi_Meeting_LIVE__Key_Takeaways_from_the_Summit___The_Palki_Sharma_Show___I.mp4,228,1218.667,1219.867,1.2,Title Card,74.0,"Title Card: headline=0.7824, textcov=0.8088, stability=0.83"
Trump-Xi_Meeting_LIVE__Key_Takeaways_from_the_Summit___The_Palki_Sharma_Show___I.mp4,229,1219.933,1221.0,1.067,Title Card,74.0,"Title Card: headline=0.7704, textcov=0.7833, stability=0.94"
Trump-Xi_Meeting_LIVE__Key_Takeaways_from_the_Summit___The_Palki_Sharma_Show___I.mp4,230,1221.067,1222.733,1.666,Title Card,74.0,"Title Card: headline=0.8440, textcov=0.9366, stability=0.85"
Trump-Xi_Meeting_LIVE__Key_Takeaways_from_the_Summit___The_Palki_Sharma_Show___I.mp4,231,1222.8,1223.867,1.067,Anchor Studio,82.0,"Anchor Studio: stable=0.87, symmetry=0.90, centered=False, faces=1, face_area=0.0282"
Trump-Xi_Meeting_LIVE__Key_Takeaways_from_the_Summit___The_Palki_Sharma_Show___I.mp4,232,1223.933,1225.8,1.867,Anchor Studio,82.0,"Anchor Studio: stable=0.92, symmetry=0.86, centered=False, faces=1, face_area=0.0270"
Trump-Xi_Meeting_LIVE__Key_Takeaways_from_the_Summit___The_Palki_Sharma_Show___I.mp4,233,1225.867,1229.0,3.133,Title Card,74.0,"Title Card: headline=0.9378, textcov=0.9890, stability=0.89"
Trump-Xi_Meeting_LIVE__Key_Takeaways_from_the_Summit___The_Palki_Sharma_Show___I.mp4,234,1229.067,1233.667,4.6,Anchor Studio,94.0,"Anchor Studio: stable=0.88, symmetry=0.92, centered=True, faces=2, face_area=0.0260"
Trump-Xi_Meeting_LIVE__Key_Takeaways_from_the_Summit___The_Palki_Sharma_Show___I.mp4,235,1233.733,1243.467,9.734,Anchor Studio,94.0,"Anchor Studio: stable=0.92, symmetry=0.96, centered=True, faces=1, face_area=0.0216"
Trump-Xi_Meeting_LIVE__Key_Takeaways_from_the_Summit___The_Palki_Sharma_Show___I.mp4,236,1243.533,1281.267,37.734,Title Card,74.0,"Title Card: headline=0.4402, textcov=0.6172, stability=0.97"
Trump-Xi_Meeting_LIVE__Key_Takeaways_from_the_Summit___The_Palki_Sharma_Show___I.mp4,237,1281.333,1285.133,3.8,Anchor Studio,82.0,"Anchor Studio: stable=0.92, symmetry=0.84, centered=False, faces=1, face_area=0.0257"
Trump-Xi_Meeting_LIVE__Key_Takeaways_from_the_Summit___The_Palki_Sharma_Show___I.mp4,238,1285.2,1286.333,1.133,Title Card,74.0,"Title Card: headline=0.8045, textcov=0.8318, stability=0.82"
Trump-Xi_Meeting_LIVE__Key_Takeaways_from_the_Summit___The_Palki_Sharma_Show___I.mp4,239,1286.4,1287.533,1.133,Title Card,74.0,"Title Card: headline=0.7472, textcov=0.7879, stability=0.87"
Trump-Xi_Meeting_LIVE__Key_Takeaways_from_the_Summit___The_Palki_Sharma_Show___I.mp4,240,1287.6,1288.667,1.067,Anchor Studio,82.0,"Anchor Studio: stable=0.87, symmetry=0.85, centered=False, faces=1, face_area=0.0266"
Trump-Xi_Meeting_LIVE__Key_Takeaways_from_the_Summit___The_Palki_Sharma_Show___I.mp4,241,1288.733,1289.933,1.2,Title Card,74.0,"Title Card: headline=0.9055, textcov=1.0123, stability=0.84"
Trump-Xi_Meeting_LIVE__Key_Takeaways_from_the_Summit___The_Palki_Sharma_Show___I.mp4,242,1290.0,1290.8,0.8,Title Card,74.0,"Title Card: headline=0.8504, textcov=0.9682, stability=0.82"
Trump-Xi_Meeting_LIVE__Key_Takeaways_from_the_Summit___The_Palki_Sharma_Show___I.mp4,243,1290.867,1293.667,2.8,Anchor Studio,84.0,"Anchor Studio: stable=0.62, symmetry=0.87, centered=True, faces=2, face_area=0.0356"
Trump-Xi_Meeting_LIVE__Key_Takeaways_from_the_Summit___The_Palki_Sharma_Show___I.mp4,244,1293.733,1298.0,4.267,Anchor Studio,72.0,"Anchor Studio: stable=0.63, symmetry=0.94, centered=False, faces=1, face_area=0.0263"
Trump-Xi_Meeting_LIVE__Key_Takeaways_from_the_Summit___The_Palki_Sharma_Show___I.mp4,245,1298.067,1299.533,1.466,Anchor Studio,72.0,"Anchor Studio: stable=0.69, symmetry=0.93, centered=False, faces=1, face_area=0.0268"
Trump-Xi_Meeting_LIVE__Key_Takeaways_from_the_Summit___The_Palki_Sharma_Show___I.mp4,246,1299.6,1301.8,2.2,Title Card,78.0,"Title Card: headline=0.0227, textcov=0.1655, stability=0.84"
Trump-Xi_Meeting_LIVE__Key_Takeaways_from_the_Summit___The_Palki_Sharma_Show___I.mp4,247,1301.867,1304.667,2.8,Anchor Studio,72.0,"Anchor Studio: stable=0.73, symmetry=0.67, centered=True, faces=1, face_area=0.0139"
Trump-Xi_Meeting_LIVE__Key_Takeaways_from_the_Summit___The_Palki_Sharma_Show___I.mp4,248,1304.733,1308.467,3.734,B-Roll,70.0,"B-Roll: motion=0.0366, edge=0.1100, face_area=0.0000, symmetry=0.81"
Trump-Xi_Meeting_LIVE__Key_Takeaways_from_the_Summit___The_Palki_Sharma_Show___I.mp4,249,1308.533,1310.467,1.934,Title Card,78.0,"Title Card: headline=0.0204, textcov=0.1390, stability=0.83"
Trump-Xi_Meeting_LIVE__Key_Takeaways_from_the_Summit___The_Palki_Sharma_Show___I.mp4,250,1310.533,1315.4,4.867,Anchor Studio,72.0,"Anchor Studio: stable=0.77, symmetry=0.73, centered=True, faces=1, face_area=0.0014"
Trump-Xi_Meeting_LIVE__Key_Takeaways_from_the_Summit___The_Palki_Sharma_Show___I.mp4,251,1315.467,1317.933,2.466,B-Roll,62.0,"B-Roll: motion=0.0172, edge=0.0806, face_area=0.0000, symmetry=0.73"
Trump-Xi_Meeting_LIVE__Key_Takeaways_from_the_Summit___The_Palki_Sharma_Show___I.mp4,252,1318.0,1320.6,2.6,B-Roll,70.0,"B-Roll: motion=0.0411, edge=0.1909, face_area=0.0000, symmetry=0.90"
Trump-Xi_Meeting_LIVE__Key_Takeaways_from_the_Summit___The_Palki_Sharma_Show___I.mp4,253,1320.667,1323.067,2.4,Anchor Studio,62.0,"Anchor Studio: stable=0.88, symmetry=0.80, centered=False, faces=0, face_area=0.0000"
Trump-Xi_Meeting_LIVE__Key_Takeaways_from_the_Summit___The_Palki_Sharma_Show___I.mp4,254,1323.133,1324.4,1.267,Anchor Studio,82.0,"Anchor Studio: stable=0.81, symmetry=0.82, centered=False, faces=1, face_area=0.0270"
Trump-Xi_Meeting_LIVE__Key_Takeaways_from_the_Summit___The_Palki_Sharma_Show___I.mp4,255,1324.467,1328.867,4.4,Title Card,74.0,"Title Card: headline=0.7494, textcov=0.7808, stability=0.89"
Trump-Xi_Meeting_LIVE__Key_Takeaways_from_the_Summit___The_Palki_Sharma_Show___I.mp4,256,1328.933,1329.867,0.934,Field Report,68.0,"Field Report: motion=0.0506, faces=1, centered=False, symmetry=0.51"
Trump-Xi_Meeting_LIVE__Key_Takeaways_from_the_Summit___The_Palki_Sharma_Show___I.mp4,257,1329.933,1332.933,3.0,Title Card,74.0,"Title Card: headline=0.6880, textcov=0.7232, stability=0.87"
Trump-Xi_Meeting_LIVE__Key_Takeaways_from_the_Summit___The_Palki_Sharma_Show___I.mp4,258,1333.0,1335.533,2.533,Title Card,74.0,"Title Card: headline=0.7552, textcov=0.7760, stability=0.94"
Trump-Xi_Meeting_LIVE__Key_Takeaways_from_the_Summit___The_Palki_Sharma_Show___I.mp4,259,1335.6,1354.067,18.467,Anchor Studio,94.0,"Anchor Studio: stable=0.88, symmetry=0.85, centered=True, faces=2, face_area=0.0270"
Trump-Xi_Meeting_LIVE__Key_Takeaways_from_the_Summit___The_Palki_Sharma_Show___I.mp4,260,1354.133,1356.333,2.2,Anchor Studio,94.0,"Anchor Studio: stable=0.93, symmetry=0.94, centered=True, faces=3, face_area=0.0856"
Trump-Xi_Meeting_LIVE__Key_Takeaways_from_the_Summit___The_Palki_Sharma_Show___I.mp4,261,1356.4,1372.533,16.133,Title Card,78.0,"Title Card: headline=0.4351, textcov=0.4823, stability=0.97"
Trump-Xi_Meeting_LIVE__Key_Takeaways_from_the_Summit___The_Palki_Sharma_Show___I.mp4,262,1372.6,1377.333,4.733,Anchor Studio,94.0,"Anchor Studio: stable=0.89, symmetry=0.98, centered=True, faces=2, face_area=0.0274"
Trump-Xi_Meeting_LIVE__Key_Takeaways_from_the_Summit___The_Palki_Sharma_Show___I.mp4,263,1377.4,1382.6,5.2,Anchor Studio,94.0,"Anchor Studio: stable=0.76, symmetry=0.91, centered=True, faces=2, face_area=0.0299"
Trump-Xi_Meeting_LIVE__Key_Takeaways_from_the_Summit___The_Palki_Sharma_Show___I.mp4,264,1382.667,1386.333,3.666,Anchor Studio,82.0,"Anchor Studio: stable=0.88, symmetry=0.98, centered=False, faces=1, face_area=0.0253"
Trump-Xi_Meeting_LIVE__Key_Takeaways_from_the_Summit___The_Palki_Sharma_Show___I.mp4,265,1386.4,1387.067,0.667,Anchor Studio,84.0,"Anchor Studio: stable=0.66, symmetry=1.00, centered=True, faces=2, face_area=0.0290"
Trump-Xi_Meeting_LIVE__Key_Takeaways_from_the_Summit___The_Palki_Sharma_Show___I.mp4,266,1387.133,1408.467,21.334,Anchor Studio,94.0,"Anchor Studio: stable=0.97, symmetry=0.96, centered=True, faces=1, face_area=0.0262"
Trump-Xi_Meeting_LIVE__Key_Takeaways_from_the_Summit___The_Palki_Sharma_Show___I.mp4,267,1408.533,1409.4,0.867,Anchor Studio,72.0,"Anchor Studio: stable=0.71, symmetry=0.85, centered=False, faces=1, face_area=0.0250"
Trump-Xi_Meeting_LIVE__Key_Takeaways_from_the_Summit___The_Palki_Sharma_Show___I.mp4,268,1409.467,1412.2,2.733,Title Card,74.0,"Title Card: headline=0.8741, textcov=0.8784, stability=0.89"
Trump-Xi_Meeting_LIVE__Key_Takeaways_from_the_Summit___The_Palki_Sharma_Show___I.mp4,269,1412.267,1416.267,4.0,Title Card,74.0,"Title Card: headline=0.7435, textcov=0.7675, stability=0.94"
Trump-Xi_Meeting_LIVE__Key_Takeaways_from_the_Summit___The_Palki_Sharma_Show___I.mp4,270,1416.333,1417.8,1.467,Title Card,74.0,"Title Card: headline=0.9136, textcov=1.0230, stability=0.89"
Trump-Xi_Meeting_LIVE__Key_Takeaways_from_the_Summit___The_Palki_Sharma_Show___I.mp4,271,1417.867,1419.333,1.466,Anchor Studio,72.0,"Anchor Studio: stable=0.72, symmetry=0.90, centered=False, faces=1, face_area=0.0247"
Trump-Xi_Meeting_LIVE__Key_Takeaways_from_the_Summit___The_Palki_Sharma_Show___I.mp4,272,1419.4,1420.933,1.533,Anchor Studio,72.0,"Anchor Studio: stable=0.67, symmetry=0.92, centered=False, faces=1, face_area=0.0270"
Trump-Xi_Meeting_LIVE__Key_Takeaways_from_the_Summit___The_Palki_Sharma_Show___I.mp4,273,1421.0,1422.667,1.667,Title Card,74.0,"Title Card: headline=0.6341, textcov=0.6670, stability=0.83"
Trump-Xi_Meeting_LIVE__Key_Takeaways_from_the_Summit___The_Palki_Sharma_Show___I.mp4,274,1422.733,1426.867,4.134,Anchor Studio,82.0,"Anchor Studio: stable=0.94, symmetry=0.86, centered=False, faces=1, face_area=0.0247"
Trump-Xi_Meeting_LIVE__Key_Takeaways_from_the_Summit___The_Palki_Sharma_Show___I.mp4,275,1426.933,1432.867,5.934,Anchor Studio,82.0,"Anchor Studio: stable=0.96, symmetry=0.65, centered=True, faces=2, face_area=0.0347"
Trump-Xi_Meeting_LIVE__Key_Takeaways_from_the_Summit___The_Palki_Sharma_Show___I.mp4,276,1432.933,1436.267,3.334,Anchor Studio,82.0,"Anchor Studio: stable=0.84, symmetry=0.91, centered=False, faces=1, face_area=0.0261"
Trump-Xi_Meeting_LIVE__Key_Takeaways_from_the_Summit___The_Palki_Sharma_Show___I.mp4,277,1436.333,1437.133,0.8,Anchor Studio,82.0,"Anchor Studio: stable=0.85, symmetry=0.87, centered=False, faces=1, face_area=0.0274"
Trump-Xi_Meeting_LIVE__Key_Takeaways_from_the_Summit___The_Palki_Sharma_Show___I.mp4,278,1437.2,1441.333,4.133,Anchor Studio,82.0,"Anchor Studio: stable=0.79, symmetry=0.85, centered=False, faces=1, face_area=0.0272"
Trump-Xi_Meeting_LIVE__Key_Takeaways_from_the_Summit___The_Palki_Sharma_Show___I.mp4,279,1441.4,1442.733,1.333,Title Card,74.0,"Title Card: headline=0.8659, textcov=0.9443, stability=0.90"
Trump-Xi_Meeting_LIVE__Key_Takeaways_from_the_Summit___The_Palki_Sharma_Show___I.mp4,280,1442.8,1447.2,4.4,Anchor Studio,82.0,"Anchor Studio: stable=0.86, symmetry=0.93, centered=False, faces=1, face_area=0.0257"
Trump-Xi_Meeting_LIVE__Key_Takeaways_from_the_Summit___The_Palki_Sharma_Show___I.mp4,281,1447.267,1483.267,36.0,Anchor Studio,94.0,"Anchor Studio: stable=0.97, symmetry=0.84, centered=True, faces=2, face_area=0.0541"
Trump-Xi_Meeting_LIVE__Key_Takeaways_from_the_Summit___The_Palki_Sharma_Show___I.mp4,282,1483.333,1484.067,0.734,Anchor Studio,72.0,"Anchor Studio: stable=0.42, symmetry=0.86, centered=False, faces=1, face_area=0.0243"
Trump-Xi_Meeting_LIVE__Key_Takeaways_from_the_Summit___The_Palki_Sharma_Show___I.mp4,283,1484.133,1485.6,1.467,Anchor Studio,72.0,"Anchor Studio: stable=0.63, symmetry=0.88, centered=False, faces=1, face_area=0.0258"
Trump-Xi_Meeting_LIVE__Key_Takeaways_from_the_Summit___The_Palki_Sharma_Show___I.mp4,284,1485.667,1487.133,1.466,Anchor Studio,94.0,"Anchor Studio: stable=0.88, symmetry=0.93, centered=True, faces=2, face_area=0.0455"
Trump-Xi_Meeting_LIVE__Key_Takeaways_from_the_Summit___The_Palki_Sharma_Show___I.mp4,285,1487.2,1487.867,0.667,Anchor Studio,82.0,"Anchor Studio: stable=0.80, symmetry=0.89, centered=False, faces=1, face_area=0.0245"
Trump-Xi_Meeting_LIVE__Key_Takeaways_from_the_Summit___The_Palki_Sharma_Show___I.mp4,286,1487.933,1493.867,5.934,Anchor Studio,84.0,"Anchor Studio: stable=0.52, symmetry=0.95, centered=True, faces=2, face_area=0.0357"
Trump-Xi_Meeting_LIVE__Key_Takeaways_from_the_Summit___The_Palki_Sharma_Show___I.mp4,287,1493.933,1500.333,6.4,Anchor Studio,94.0,"Anchor Studio: stable=0.84, symmetry=0.86, centered=True, faces=2, face_area=0.0263"
Trump-Xi_Meeting_LIVE__Key_Takeaways_from_the_Summit___The_Palki_Sharma_Show___I.mp4,288,1500.4,1508.8,8.4,Anchor Studio,94.0,"Anchor Studio: stable=0.75, symmetry=0.91, centered=True, faces=3, face_area=0.0426"
Trump-Xi_Meeting_LIVE__Key_Takeaways_from_the_Summit___The_Palki_Sharma_Show___I.mp4,289,1508.867,1513.533,4.666,Anchor Studio,94.0,"Anchor Studio: stable=0.83, symmetry=0.82, centered=True, faces=1, face_area=0.0156"
Trump-Xi_Meeting_LIVE__Key_Takeaways_from_the_Summit___The_Palki_Sharma_Show___I.mp4,290,1513.6,1516.933,3.333,Title Card,78.0,"Title Card: headline=0.5682, textcov=0.8564, stability=0.84"
Trump-Xi_Meeting_LIVE__Key_Takeaways_from_the_Summit___The_Palki_Sharma_Show___I.mp4,291,1517.0,1520.933,3.933,Anchor Studio,94.0,"Anchor Studio: stable=0.86, symmetry=0.92, centered=True, faces=1, face_area=0.0330"
Trump-Xi_Meeting_LIVE__Key_Takeaways_from_the_Summit___The_Palki_Sharma_Show___I.mp4,292,1521.0,1522.733,1.733,Anchor Studio,94.0,"Anchor Studio: stable=0.89, symmetry=0.99, centered=True, faces=2, face_area=0.0801"
Trump-Xi_Meeting_LIVE__Key_Takeaways_from_the_Summit___The_Palki_Sharma_Show___I.mp4,293,1522.8,1529.267,6.467,Anchor Studio,94.0,"Anchor Studio: stable=0.87, symmetry=0.96, centered=True, faces=1, face_area=0.0242"
Trump-Xi_Meeting_LIVE__Key_Takeaways_from_the_Summit___The_Palki_Sharma_Show___I.mp4,294,1529.333,1531.8,2.467,Title Card,78.0,"Title Card: headline=0.0928, textcov=0.3993, stability=0.91"
Trump-Xi_Meeting_LIVE__Key_Takeaways_from_the_Summit___The_Palki_Sharma_Show___I.mp4,295,1531.867,1536.4,4.533,Anchor Studio,94.0,"Anchor Studio: stable=0.86, symmetry=0.81, centered=True, faces=1, face_area=0.0409"
Trump-Xi_Meeting_LIVE__Key_Takeaways_from_the_Summit___The_Palki_Sharma_Show___I.mp4,296,1536.467,1540.533,4.066,Anchor Studio,82.0,"Anchor Studio: stable=0.76, symmetry=0.96, centered=False, faces=1, face_area=0.0256"
Trump-Xi_Meeting_LIVE__Key_Takeaways_from_the_Summit___The_Palki_Sharma_Show___I.mp4,297,1540.6,1554.0,13.4,Anchor Studio,72.0,"Anchor Studio: stable=0.75, symmetry=0.92, centered=False, faces=2, face_area=0.0261"
Trump-Xi_Meeting_LIVE__Key_Takeaways_from_the_Summit___The_Palki_Sharma_Show___I.mp4,298,1554.067,1554.867,0.8,Title Card,74.0,"Title Card: headline=0.5813, textcov=0.6537, stability=0.89"
Trump-Xi_Meeting_LIVE__Key_Takeaways_from_the_Summit___The_Palki_Sharma_Show___I.mp4,299,1554.933,1557.067,2.134,Anchor Studio,72.0,"Anchor Studio: stable=0.75, symmetry=0.91, centered=False, faces=1, face_area=0.0263"
Trump-Xi_Meeting_LIVE__Key_Takeaways_from_the_Summit___The_Palki_Sharma_Show___I.mp4,300,1557.133,1565.867,8.734,Anchor Studio,72.0,"Anchor Studio: stable=0.72, symmetry=0.84, centered=False, faces=1, face_area=0.0256"
Trump-Xi_Meeting_LIVE__Key_Takeaways_from_the_Summit___The_Palki_Sharma_Show___I.mp4,301,1565.933,1567.067,1.134,Field Report,68.0,"Field Report: motion=0.0369, faces=1, centered=False, symmetry=0.51"
Trump-Xi_Meeting_LIVE__Key_Takeaways_from_the_Summit___The_Palki_Sharma_Show___I.mp4,302,1567.133,1589.933,22.8,Anchor Studio,94.0,"Anchor Studio: stable=0.89, symmetry=0.97, centered=True, faces=1, face_area=0.0223"
Trump-Xi_Meeting_LIVE__Key_Takeaways_from_the_Summit___The_Palki_Sharma_Show___I.mp4,303,1590.0,1595.467,5.467,Anchor Studio,82.0,"Anchor Studio: stable=0.83, symmetry=0.92, centered=False, faces=1, face_area=0.0268"
Trump-Xi_Meeting_LIVE__Key_Takeaways_from_the_Summit___The_Palki_Sharma_Show___I.mp4,304,1595.533,1600.333,4.8,Anchor Studio,72.0,"Anchor Studio: stable=0.71, symmetry=0.94, centered=False, faces=1, face_area=0.0267"
Trump-Xi_Meeting_LIVE__Key_Takeaways_from_the_Summit___The_Palki_Sharma_Show___I.mp4,305,1600.4,1615.133,14.733,Anchor Studio,94.0,"Anchor Studio: stable=0.96, symmetry=0.99, centered=True, faces=1, face_area=0.0264"
Trump-Xi_Meeting_LIVE__Key_Takeaways_from_the_Summit___The_Palki_Sharma_Show___I.mp4,306,1615.2,1618.133,2.933,Anchor Studio,74.0,"Anchor Studio: stable=0.71, symmetry=0.84, centered=True, faces=1, face_area=0.0006"
Trump-Xi_Meeting_LIVE__Key_Takeaways_from_the_Summit___The_Palki_Sharma_Show___I.mp4,307,1618.2,1620.933,2.733,B-Roll,70.0,"B-Roll: motion=0.0289, edge=0.0874, face_area=0.0000, symmetry=0.80"
Trump-Xi_Meeting_LIVE__Key_Takeaways_from_the_Summit___The_Palki_Sharma_Show___I.mp4,308,1621.0,1622.2,1.2,Anchor Studio,82.0,"Anchor Studio: stable=0.92, symmetry=0.78, centered=True, faces=1, face_area=0.0497"
Trump-Xi_Meeting_LIVE__Key_Takeaways_from_the_Summit___The_Palki_Sharma_Show___I.mp4,309,1622.267,1623.733,1.466,Anchor Studio,74.0,"Anchor Studio: stable=0.12, symmetry=0.84, centered=True, faces=1, face_area=0.0057"
Trump-Xi_Meeting_LIVE__Key_Takeaways_from_the_Summit___The_Palki_Sharma_Show___I.mp4,310,1623.8,1625.667,1.867,Anchor Studio,94.0,"Anchor Studio: stable=0.78, symmetry=0.91, centered=True, faces=1, face_area=0.0289"
Trump-Xi_Meeting_LIVE__Key_Takeaways_from_the_Summit___The_Palki_Sharma_Show___I.mp4,311,1625.733,1627.267,1.534,B-Roll,70.0,"B-Roll: motion=0.0282, edge=0.2043, face_area=0.0000, symmetry=1.00"
Trump-Xi_Meeting_LIVE__Key_Takeaways_from_the_Summit___The_Palki_Sharma_Show___I.mp4,312,1627.333,1630.133,2.8,Anchor Studio,94.0,"Anchor Studio: stable=0.87, symmetry=0.95, centered=True, faces=1, face_area=0.0501"
Trump-Xi_Meeting_LIVE__Key_Takeaways_from_the_Summit___The_Palki_Sharma_Show___I.mp4,313,1630.2,1631.933,1.733,Anchor Studio,94.0,"Anchor Studio: stable=0.90, symmetry=0.98, centered=True, faces=1, face_area=0.0665"
Trump-Xi_Meeting_LIVE__Key_Takeaways_from_the_Summit___The_Palki_Sharma_Show___I.mp4,314,1632.0,1633.133,1.133,Title Card,68.0,"Title Card: headline=0.5664, textcov=0.7823, stability=0.79"
Trump-Xi_Meeting_LIVE__Key_Takeaways_from_the_Summit___The_Palki_Sharma_Show___I.mp4,315,1633.2,1635.133,1.933,Anchor Studio,74.0,"Anchor Studio: stable=0.42, symmetry=0.90, centered=True, faces=1, face_area=0.0065"
Trump-Xi_Meeting_LIVE__Key_Takeaways_from_the_Summit___The_Palki_Sharma_Show___I.mp4,316,1635.2,1641.8,6.6,Anchor Studio,94.0,"Anchor Studio: stable=0.79, symmetry=0.86, centered=True, faces=1, face_area=0.0271"
Trump-Xi_Meeting_LIVE__Key_Takeaways_from_the_Summit___The_Palki_Sharma_Show___I.mp4,317,1641.867,1644.067,2.2,Anchor Studio,72.0,"Anchor Studio: stable=0.65, symmetry=0.64, centered=True, faces=1, face_area=0.0355"
Trump-Xi_Meeting_LIVE__Key_Takeaways_from_the_Summit___The_Palki_Sharma_Show___I.mp4,318,1644.133,1644.933,0.8,B-Roll,70.0,"B-Roll: motion=0.0712, edge=0.0786, face_area=0.0000, symmetry=0.94"
Trump-Xi_Meeting_LIVE__Key_Takeaways_from_the_Summit___The_Palki_Sharma_Show___I.mp4,319,1645.0,1646.933,1.933,Anchor Studio,84.0,"Anchor Studio: stable=0.62, symmetry=0.90, centered=True, faces=1, face_area=0.0167"
Trump-Xi_Meeting_LIVE__Key_Takeaways_from_the_Summit___The_Palki_Sharma_Show___I.mp4,320,1647.0,1650.267,3.267,Anchor Studio,94.0,"Anchor Studio: stable=0.93, symmetry=0.92, centered=True, faces=1, face_area=0.0127"
Trump-Xi_Meeting_LIVE__Key_Takeaways_from_the_Summit___The_Palki_Sharma_Show___I.mp4,321,1650.333,1665.667,15.334,Anchor Studio,82.0,"Anchor Studio: stable=0.90, symmetry=0.99, centered=False, faces=1, face_area=0.0163"
Trump-Xi_Meeting_LIVE__Key_Takeaways_from_the_Summit___The_Palki_Sharma_Show___I.mp4,322,1665.733,1680.4,14.667,Anchor Studio,94.0,"Anchor Studio: stable=0.88, symmetry=0.89, centered=True, faces=1, face_area=0.0263"
Trump-Xi_Meeting_LIVE__Key_Takeaways_from_the_Summit___The_Palki_Sharma_Show___I.mp4,323,1680.467,1683.133,2.666,Anchor Studio,94.0,"Anchor Studio: stable=0.93, symmetry=0.86, centered=True, faces=3, face_area=0.0551"
Trump-Xi_Meeting_LIVE__Key_Takeaways_from_the_Summit___The_Palki_Sharma_Show___I.mp4,324,1683.2,1690.867,7.667,Title Card,78.0,"Title Card: headline=0.5099, textcov=0.6107, stability=0.84"
Trump-Xi_Meeting_LIVE__Key_Takeaways_from_the_Summit___The_Palki_Sharma_Show___I.mp4,325,1690.933,1692.867,1.934,Anchor Studio,94.0,"Anchor Studio: stable=0.93, symmetry=0.94, centered=True, faces=1, face_area=0.0482"
Trump-Xi_Meeting_LIVE__Key_Takeaways_from_the_Summit___The_Palki_Sharma_Show___I.mp4,326,1692.933,1698.667,5.734,Title Card,78.0,"Title Card: headline=0.5366, textcov=0.7083, stability=0.92"
Trump-Xi_Meeting_LIVE__Key_Takeaways_from_the_Summit___The_Palki_Sharma_Show___I.mp4,327,1698.733,1708.733,10.0,Field Report,68.0,"Field Report: motion=0.0449, faces=1, centered=False, symmetry=0.86"
Trump-Xi_Meeting_LIVE__Key_Takeaways_from_the_Summit___The_Palki_Sharma_Show___I.mp4,328,1708.8,1714.267,5.467,Anchor Studio,94.0,"Anchor Studio: stable=0.92, symmetry=0.91, centered=True, faces=3, face_area=0.0421"
Trump-Xi_Meeting_LIVE__Key_Takeaways_from_the_Summit___The_Palki_Sharma_Show___I.mp4,329,1714.333,1726.867,12.534,Anchor Studio,94.0,"Anchor Studio: stable=0.77, symmetry=0.87, centered=True, faces=2, face_area=0.0311"
Trump-Xi_Meeting_LIVE__Key_Takeaways_from_the_Summit___The_Palki_Sharma_Show___I.mp4,330,1726.933,1730.8,3.867,Anchor Studio,84.0,"Anchor Studio: stable=0.72, symmetry=0.95, centered=True, faces=1, face_area=0.0163"
Trump-Xi_Meeting_LIVE__Key_Takeaways_from_the_Summit___The_Palki_Sharma_Show___I.mp4,331,1730.867,1737.267,6.4,Anchor Studio,94.0,"Anchor Studio: stable=0.92, symmetry=0.80, centered=True, faces=1, face_area=0.0415"
Trump-Xi_Meeting_LIVE__Key_Takeaways_from_the_Summit___The_Palki_Sharma_Show___I.mp4,332,1737.333,1739.2,1.867,Anchor Studio,94.0,"Anchor Studio: stable=0.82, symmetry=0.94, centered=True, faces=2, face_area=0.0307"
Trump-Xi_Meeting_LIVE__Key_Takeaways_from_the_Summit___The_Palki_Sharma_Show___I.mp4,333,1739.267,1739.933,0.666,Anchor Studio,82.0,"Anchor Studio: stable=0.91, symmetry=0.85, centered=False, faces=1, face_area=0.0268"
Trump-Xi_Meeting_LIVE__Key_Takeaways_from_the_Summit___The_Palki_Sharma_Show___I.mp4,334,1740.0,1741.8,1.8,Anchor Studio,94.0,"Anchor Studio: stable=0.97, symmetry=0.85, centered=True, faces=2, face_area=0.0392"
Trump-Xi_Meeting_LIVE__Key_Takeaways_from_the_Summit___The_Palki_Sharma_Show___I.mp4,335,1741.867,1750.133,8.266,Anchor Studio,94.0,"Anchor Studio: stable=0.93, symmetry=0.90, centered=True, faces=3, face_area=0.0584"
Trump-Xi_Meeting_LIVE__Key_Takeaways_from_the_Summit___The_Palki_Sharma_Show___I.mp4,336,1750.2,1755.333,5.133,Anchor Studio,82.0,"Anchor Studio: stable=0.86, symmetry=0.95, centered=False, faces=1, face_area=0.0257"
Trump-Xi_Meeting_LIVE__Key_Takeaways_from_the_Summit___The_Palki_Sharma_Show___I.mp4,337,1755.4,1761.733,6.333,Anchor Studio,82.0,"Anchor Studio: stable=0.82, symmetry=0.84, centered=False, faces=1, face_area=0.0259"
Trump-Xi_Meeting_LIVE__Key_Takeaways_from_the_Summit___The_Palki_Sharma_Show___I.mp4,338,1761.8,1764.533,2.733,Anchor Studio,72.0,"Anchor Studio: stable=0.46, symmetry=0.88, centered=False, faces=1, face_area=0.0268"
Trump-Xi_Meeting_LIVE__Key_Takeaways_from_the_Summit___The_Palki_Sharma_Show___I.mp4,339,1764.6,1765.933,1.333,Title Card,68.0,"Title Card: headline=0.8748, textcov=0.9214, stability=0.80"
Trump-Xi_Meeting_LIVE__Key_Takeaways_from_the_Summit___The_Palki_Sharma_Show___I.mp4,340,1766.0,1766.733,0.733,Title Card,78.0,"Title Card: headline=1.0811, textcov=1.1168, stability=0.93"
Trump-Xi_Meeting_LIVE__Key_Takeaways_from_the_Summit___The_Palki_Sharma_Show___I.mp4,341,1766.8,1771.933,5.133,Title Card,78.0,"Title Card: headline=0.8878, textcov=0.9524, stability=0.96"
Trump-Xi_Meeting_LIVE__Key_Takeaways_from_the_Summit___The_Palki_Sharma_Show___I.mp4,342,1772.0,1781.533,9.533,Anchor Studio,82.0,"Anchor Studio: stable=0.93, symmetry=0.77, centered=True, faces=1, face_area=0.0473"
Trump-Xi_Meeting_LIVE__Key_Takeaways_from_the_Summit___The_Palki_Sharma_Show___I.mp4,343,1781.6,1795.533,13.933,Anchor Studio,82.0,"Anchor Studio: stable=0.94, symmetry=0.77, centered=True, faces=1, face_area=0.0433"
Trump-Xi_Meeting_LIVE__Key_Takeaways_from_the_Summit___The_Palki_Sharma_Show___I.mp4,344,1795.6,1801.2,5.6,Anchor Studio,94.0,"Anchor Studio: stable=0.92, symmetry=0.83, centered=True, faces=1, face_area=0.0263"
Trump-Xi_Meeting_LIVE__Key_Takeaways_from_the_Summit___The_Palki_Sharma_Show___I.mp4,345,1801.267,1824.333,23.066,Anchor Studio,94.0,"Anchor Studio: stable=0.94, symmetry=0.82, centered=True, faces=1, face_area=0.0474"
Trump-Xi_Meeting_LIVE__Key_Takeaways_from_the_Summit___The_Palki_Sharma_Show___I.mp4,346,1824.4,1833.667,9.267,Anchor Studio,94.0,"Anchor Studio: stable=0.93, symmetry=0.90, centered=True, faces=2, face_area=0.0415"
Trump-Xi_Meeting_LIVE__Key_Takeaways_from_the_Summit___The_Palki_Sharma_Show___I.mp4,347,1833.733,1834.933,1.2,Title Card,78.0,"Title Card: headline=0.9013, textcov=0.9682, stability=0.93"
Trump-Xi_Meeting_LIVE__Key_Takeaways_from_the_Summit___The_Palki_Sharma_Show___I.mp4,348,1835.0,1848.133,13.133,Anchor Studio,94.0,"Anchor Studio: stable=0.91, symmetry=0.89, centered=True, faces=1, face_area=0.0692"
Trump-Xi_Meeting_LIVE__Key_Takeaways_from_the_Summit___The_Palki_Sharma_Show___I.mp4,349,1848.2,1863.6,15.4,Anchor Studio,94.0,"Anchor Studio: stable=0.93, symmetry=0.91, centered=True, faces=2, face_area=0.0384"
Trump-Xi_Meeting_LIVE__Key_Takeaways_from_the_Summit___The_Palki_Sharma_Show___I.mp4,350,1863.667,1892.267,28.6,Anchor Studio,94.0,"Anchor Studio: stable=0.89, symmetry=0.81, centered=True, faces=1, face_area=0.0446"
Trump-Xi_Meeting_LIVE__Key_Takeaways_from_the_Summit___The_Palki_Sharma_Show___I.mp4,351,1892.333,1897.0,4.667,Anchor Studio,82.0,"Anchor Studio: stable=0.91, symmetry=0.84, centered=False, faces=2, face_area=0.0531"
Trump-Xi_Meeting_LIVE__Key_Takeaways_from_the_Summit___The_Palki_Sharma_Show___I.mp4,352,1897.067,1902.0,4.933,Anchor Studio,94.0,"Anchor Studio: stable=0.94, symmetry=0.81, centered=True, faces=2, face_area=0.1214"
Trump-Xi_Meeting_LIVE__Key_Takeaways_from_the_Summit___The_Palki_Sharma_Show___I.mp4,353,1902.067,1903.867,1.8,Anchor Studio,94.0,"Anchor Studio: stable=0.92, symmetry=0.91, centered=True, faces=2, face_area=0.0282"
Trump-Xi_Meeting_LIVE__Key_Takeaways_from_the_Summit___The_Palki_Sharma_Show___I.mp4,354,1903.933,1908.867,4.934,Anchor Studio,94.0,"Anchor Studio: stable=0.91, symmetry=0.92, centered=True, faces=2, face_area=0.0289"
Trump-Xi_Meeting_LIVE__Key_Takeaways_from_the_Summit___The_Palki_Sharma_Show___I.mp4,355,1908.933,1940.467,31.534,Anchor Studio,84.0,"Anchor Studio: stable=0.75, symmetry=0.95, centered=True, faces=3, face_area=0.0513"
Trump-Xi_Meeting_LIVE__Key_Takeaways_from_the_Summit___The_Palki_Sharma_Show___I.mp4,356,1940.533,1953.267,12.734,Anchor Studio,94.0,"Anchor Studio: stable=0.95, symmetry=0.91, centered=True, faces=3, face_area=0.0551"
Trump-Xi_Meeting_LIVE__Key_Takeaways_from_the_Summit___The_Palki_Sharma_Show___I.mp4,357,1953.333,1967.667,14.334,Anchor Studio,94.0,"Anchor Studio: stable=0.96, symmetry=0.91, centered=True, faces=1, face_area=0.0259"
Trump-Xi_Meeting_LIVE__Key_Takeaways_from_the_Summit___The_Palki_Sharma_Show___I.mp4,358,1967.733,1969.133,1.4,Anchor Studio,84.0,"Anchor Studio: stable=0.67, symmetry=0.95, centered=True, faces=2, face_area=0.0373"
Trump-Xi_Meeting_LIVE__Key_Takeaways_from_the_Summit___The_Palki_Sharma_Show___I.mp4,359,1969.2,1972.8,3.6,Anchor Studio,94.0,"Anchor Studio: stable=0.84, symmetry=0.95, centered=True, faces=3, face_area=0.0538"
Trump-Xi_Meeting_LIVE__Key_Takeaways_from_the_Summit___The_Palki_Sharma_Show___I.mp4,360,1972.867,1976.467,3.6,Anchor Studio,94.0,"Anchor Studio: stable=0.86, symmetry=0.95, centered=True, faces=2, face_area=0.0312"
Trump-Xi_Meeting_LIVE__Key_Takeaways_from_the_Summit___The_Palki_Sharma_Show___I.mp4,361,1976.533,1979.467,2.934,Anchor Studio,84.0,"Anchor Studio: stable=0.73, symmetry=0.94, centered=True, faces=2, face_area=0.0283"
Trump-Xi_Meeting_LIVE__Key_Takeaways_from_the_Summit___The_Palki_Sharma_Show___I.mp4,362,1979.533,1993.733,14.2,Anchor Studio,74.0,"Anchor Studio: stable=0.69, symmetry=0.83, centered=True, faces=1, face_area=0.0061"
Trump-Xi_Meeting_LIVE__Key_Takeaways_from_the_Summit___The_Palki_Sharma_Show___I.mp4,363,1993.8,2004.667,10.867,Anchor Studio,74.0,"Anchor Studio: stable=0.67, symmetry=0.83, centered=True, faces=2, face_area=0.0061"
Trump-Xi_Meeting_LIVE__Key_Takeaways_from_the_Summit___The_Palki_Sharma_Show___I.mp4,364,2004.733,2006.133,1.4,Anchor Studio,62.0,"Anchor Studio: stable=0.82, symmetry=0.98, centered=False, faces=0, face_area=0.0000"
Trump-Xi_Meeting_LIVE__Key_Takeaways_from_the_Summit___The_Palki_Sharma_Show___I.mp4,365,2006.2,2007.4,1.2,Anchor Studio,84.0,"Anchor Studio: stable=0.68, symmetry=0.95, centered=True, faces=2, face_area=0.0763"
Trump-Xi_Meeting_LIVE__Key_Takeaways_from_the_Summit___The_Palki_Sharma_Show___I.mp4,366,2007.467,2008.733,1.266,Anchor Studio,82.0,"Anchor Studio: stable=0.84, symmetry=0.95, centered=False, faces=1, face_area=0.0273"
Trump-Xi_Meeting_LIVE__Key_Takeaways_from_the_Summit___The_Palki_Sharma_Show___I.mp4,367,2008.8,2016.2,7.4,Anchor Studio,94.0,"Anchor Studio: stable=0.88, symmetry=0.88, centered=True, faces=2, face_area=0.0289"
Trump-Xi_Meeting_LIVE__Key_Takeaways_from_the_Summit___The_Palki_Sharma_Show___I.mp4,368,2016.267,2025.267,9.0,Anchor Studio,94.0,"Anchor Studio: stable=0.86, symmetry=0.86, centered=True, faces=3, face_area=0.0512"
Trump-Xi_Meeting_LIVE__Key_Takeaways_from_the_Summit___The_Palki_Sharma_Show___I.mp4,369,2025.333,2027.333,2.0,Title Card,74.0,"Title Card: headline=0.2394, textcov=0.4595, stability=0.86"
Trump-Xi_Meeting_LIVE__Key_Takeaways_from_the_Summit___The_Palki_Sharma_Show___I.mp4,370,2027.4,2029.933,2.533,Field Report,68.0,"Field Report: motion=0.0288, faces=1, centered=False, symmetry=0.78"
Trump-Xi_Meeting_LIVE__Key_Takeaways_from_the_Summit___The_Palki_Sharma_Show___I.mp4,371,2030.0,2031.133,1.133,Anchor Studio,94.0,"Anchor Studio: stable=0.90, symmetry=0.90, centered=True, faces=2, face_area=0.0340"
Trump-Xi_Meeting_LIVE__Key_Takeaways_from_the_Summit___The_Palki_Sharma_Show___I.mp4,372,2031.2,2034.133,2.933,Title Card,74.0,"Title Card: headline=0.6288, textcov=0.7137, stability=0.92"
Trump-Xi_Meeting_LIVE__Key_Takeaways_from_the_Summit___The_Palki_Sharma_Show___I.mp4,373,2034.2,2037.4,3.2,Title Card,74.0,"Title Card: headline=0.6829, textcov=0.7652, stability=0.83"
Trump-Xi_Meeting_LIVE__Key_Takeaways_from_the_Summit___The_Palki_Sharma_Show___I.mp4,374,2037.467,2040.4,2.933,Field Report,68.0,"Field Report: motion=0.0305, faces=1, centered=False, symmetry=0.55"
Trump-Xi_Meeting_LIVE__Key_Takeaways_from_the_Summit___The_Palki_Sharma_Show___I.mp4,375,2040.467,2042.333,1.866,Anchor Studio,70.0,"Anchor Studio: stable=0.77, symmetry=0.52, centered=False, faces=1, face_area=0.0266"
Trump-Xi_Meeting_LIVE__Key_Takeaways_from_the_Summit___The_Palki_Sharma_Show___I.mp4,376,2042.4,2043.133,0.733,Field Report,68.0,"Field Report: motion=0.0589, faces=1, centered=False, symmetry=0.44"
Trump-Xi_Meeting_LIVE__Key_Takeaways_from_the_Summit___The_Palki_Sharma_Show___I.mp4,377,2043.2,2045.2,2.0,Anchor Studio,72.0,"Anchor Studio: stable=0.63, symmetry=0.53, centered=True, faces=2, face_area=0.0273"
Trump-Xi_Meeting_LIVE__Key_Takeaways_from_the_Summit___The_Palki_Sharma_Show___I.mp4,378,2045.267,2049.333,4.066,Anchor Studio,94.0,"Anchor Studio: stable=0.93, symmetry=0.95, centered=True, faces=1, face_area=0.0256"
Trump-Xi_Meeting_LIVE__Key_Takeaways_from_the_Summit___The_Palki_Sharma_Show___I.mp4,379,2049.4,2050.0,0.6,B-Roll,70.0,"B-Roll: motion=0.0390, edge=0.0362, face_area=0.0045, symmetry=0.73"
Trump-Xi_Meeting_LIVE__Key_Takeaways_from_the_Summit___The_Palki_Sharma_Show___I.mp4,380,2050.067,2051.667,1.6,B-Roll,70.0,"B-Roll: motion=0.0402, edge=0.0247, face_area=0.0000, symmetry=0.71"
Trump-Xi_Meeting_LIVE__Key_Takeaways_from_the_Summit___The_Palki_Sharma_Show___I.mp4,381,2051.733,2052.267,0.534,Field Report,68.0,"Field Report: motion=0.0494, faces=1, centered=False, symmetry=0.55"
Trump-Xi_Meeting_LIVE__Key_Takeaways_from_the_Summit___The_Palki_Sharma_Show___I.mp4,382,2052.333,2054.467,2.134,Anchor Studio,72.0,"Anchor Studio: stable=0.66, symmetry=0.93, centered=False, faces=1, face_area=0.0261"
Trump-Xi_Meeting_LIVE__Key_Takeaways_from_the_Summit___The_Palki_Sharma_Show___I.mp4,383,2054.533,2061.867,7.334,Anchor Studio,94.0,"Anchor Studio: stable=0.86, symmetry=0.94, centered=True, faces=2, face_area=0.0390"
Trump-Xi_Meeting_LIVE__Key_Takeaways_from_the_Summit___The_Palki_Sharma_Show___I.mp4,384,2061.933,2065.133,3.2,Anchor Studio,94.0,"Anchor Studio: stable=0.92, symmetry=0.94, centered=True, faces=2, face_area=0.0520"
Trump-Xi_Meeting_LIVE__Key_Takeaways_from_the_Summit___The_Palki_Sharma_Show___I.mp4,385,2065.2,2067.133,1.933,Anchor Studio,94.0,"Anchor Studio: stable=0.78, symmetry=0.88, centered=True, faces=2, face_area=0.0343"
Trump-Xi_Meeting_LIVE__Key_Takeaways_from_the_Summit___The_Palki_Sharma_Show___I.mp4,386,2067.2,2071.733,4.533,Anchor Studio,82.0,"Anchor Studio: stable=0.79, symmetry=0.90, centered=False, faces=2, face_area=0.0276"
Trump-Xi_Meeting_LIVE__Key_Takeaways_from_the_Summit___The_Palki_Sharma_Show___I.mp4,387,2071.8,2075.867,4.067,Anchor Studio,82.0,"Anchor Studio: stable=0.88, symmetry=0.74, centered=True, faces=3, face_area=0.0819"
Trump-Xi_Meeting_LIVE__Key_Takeaways_from_the_Summit___The_Palki_Sharma_Show___I.mp4,388,2075.933,2084.933,9.0,Anchor Studio,94.0,"Anchor Studio: stable=0.88, symmetry=0.92, centered=True, faces=2, face_area=0.0411"
Trump-Xi_Meeting_LIVE__Key_Takeaways_from_the_Summit___The_Palki_Sharma_Show___I.mp4,389,2085.0,2097.667,12.667,Anchor Studio,94.0,"Anchor Studio: stable=0.97, symmetry=0.97, centered=True, faces=2, face_area=0.0268"
Trump-Xi_Meeting_LIVE__Key_Takeaways_from_the_Summit___The_Palki_Sharma_Show___I.mp4,390,2097.733,2100.933,3.2,Anchor Studio,84.0,"Anchor Studio: stable=0.76, symmetry=0.83, centered=True, faces=1, face_area=0.0006"
Trump-Xi_Meeting_LIVE__Key_Takeaways_from_the_Summit___The_Palki_Sharma_Show___I.mp4,391,2101.0,2105.133,4.133,Anchor Studio,84.0,"Anchor Studio: stable=0.72, symmetry=0.85, centered=True, faces=2, face_area=0.1098"
Trump-Xi_Meeting_LIVE__Key_Takeaways_from_the_Summit___The_Palki_Sharma_Show___I.mp4,392,2105.2,2106.533,1.333,Anchor Studio,94.0,"Anchor Studio: stable=0.96, symmetry=0.85, centered=True, faces=1, face_area=0.0303"
Trump-Xi_Meeting_LIVE__Key_Takeaways_from_the_Summit___The_Palki_Sharma_Show___I.mp4,393,2106.6,2108.6,2.0,Title Card,68.0,"Title Card: headline=0.7502, textcov=0.7833, stability=0.78"
Trump-Xi_Meeting_LIVE__Key_Takeaways_from_the_Summit___The_Palki_Sharma_Show___I.mp4,394,2108.667,2110.467,1.8,Field Report,68.0,"Field Report: motion=0.0404, faces=1, centered=False, symmetry=0.95"
Trump-Xi_Meeting_LIVE__Key_Takeaways_from_the_Summit___The_Palki_Sharma_Show___I.mp4,395,2110.533,2114.933,4.4,Anchor Studio,84.0,"Anchor Studio: stable=0.59, symmetry=0.84, centered=True, faces=1, face_area=0.0324"
Trump-Xi_Meeting_LIVE__Key_Takeaways_from_the_Summit___The_Palki_Sharma_Show___I.mp4,396,2115.0,2116.667,1.667,B-Roll,70.0,"B-Roll: motion=0.0497, edge=0.1540, face_area=0.0000, symmetry=0.98"
Trump-Xi_Meeting_LIVE__Key_Takeaways_from_the_Summit___The_Palki_Sharma_Show___I.mp4,397,2116.733,2118.667,1.934,B-Roll,70.0,"B-Roll: motion=0.0264, edge=0.1352, face_area=0.0000, symmetry=0.95"
Trump-Xi_Meeting_LIVE__Key_Takeaways_from_the_Summit___The_Palki_Sharma_Show___I.mp4,398,2118.733,2120.6,1.867,Title Card,78.0,"Title Card: headline=0.4321, textcov=0.4971, stability=0.82"
Trump-Xi_Meeting_LIVE__Key_Takeaways_from_the_Summit___The_Palki_Sharma_Show___I.mp4,399,2120.667,2122.467,1.8,B-Roll,70.0,"B-Roll: motion=0.0913, edge=0.1373, face_area=0.0000, symmetry=0.86"
Trump-Xi_Meeting_LIVE__Key_Takeaways_from_the_Summit___The_Palki_Sharma_Show___I.mp4,400,2122.533,2123.533,1.0,Title Card,64.0,"Title Card: headline=0.2038, textcov=0.3027, stability=0.00"
Trump-Xi_Meeting_LIVE__Key_Takeaways_from_the_Summit___The_Palki_Sharma_Show___I.mp4,401,2123.6,2124.333,0.733,B-Roll,70.0,"B-Roll: motion=0.0395, edge=0.1166, face_area=0.0000, symmetry=0.91"
Trump-Xi_Meeting_LIVE__Key_Takeaways_from_the_Summit___The_Palki_Sharma_Show___I.mp4,402,2124.4,2126.067,1.667,Title Card,78.0,"Title Card: headline=0.4483, textcov=0.6468, stability=0.87"
Trump-Xi_Meeting_LIVE__Key_Takeaways_from_the_Summit___The_Palki_Sharma_Show___I.mp4,403,2126.133,2136.0,9.867,Anchor Studio,82.0,"Anchor Studio: stable=0.82, symmetry=0.96, centered=False, faces=1, face_area=0.0402"
Trump-Xi_Meeting_LIVE__Key_Takeaways_from_the_Summit___The_Palki_Sharma_Show___I.mp4,404,2136.067,2138.0,1.933,Anchor Studio,82.0,"Anchor Studio: stable=0.90, symmetry=0.97, centered=False, faces=1, face_area=0.0483"
Trump-Xi_Meeting_LIVE__Key_Takeaways_from_the_Summit___The_Palki_Sharma_Show___I.mp4,405,2138.067,2150.667,12.6,Anchor Studio,94.0,"Anchor Studio: stable=0.90, symmetry=0.90, centered=True, faces=2, face_area=0.0269"
Trump-Xi_Meeting_LIVE__Key_Takeaways_from_the_Summit___The_Palki_Sharma_Show___I.mp4,406,2150.733,2159.4,8.667,Anchor Studio,84.0,"Anchor Studio: stable=0.72, symmetry=0.91, centered=True, faces=3, face_area=0.0291"
Trump-Xi_Meeting_LIVE__Key_Takeaways_from_the_Summit___The_Palki_Sharma_Show___I.mp4,407,2159.467,2161.4,1.933,Anchor Studio,72.0,"Anchor Studio: stable=0.67, symmetry=0.91, centered=False, faces=1, face_area=0.0259"
Trump-Xi_Meeting_LIVE__Key_Takeaways_from_the_Summit___The_Palki_Sharma_Show___I.mp4,408,2161.467,2166.867,5.4,Anchor Studio,72.0,"Anchor Studio: stable=0.72, symmetry=0.92, centered=False, faces=1, face_area=0.0261"
Trump-Xi_Meeting_LIVE__Key_Takeaways_from_the_Summit___The_Palki_Sharma_Show___I.mp4,409,2166.933,2184.2,17.267,Anchor Studio,94.0,"Anchor Studio: stable=0.80, symmetry=0.86, centered=True, faces=2, face_area=0.0276"
Trump-Xi_Meeting_LIVE__Key_Takeaways_from_the_Summit___The_Palki_Sharma_Show___I.mp4,410,2184.267,2184.933,0.666,Field Report,68.0,"Field Report: motion=0.0275, faces=1, centered=False, symmetry=0.73"
Trump-Xi_Meeting_LIVE__Key_Takeaways_from_the_Summit___The_Palki_Sharma_Show___I.mp4,411,2185.0,2188.733,3.733,Anchor Studio,82.0,"Anchor Studio: stable=0.89, symmetry=0.86, centered=False, faces=1, face_area=0.0263"
Trump-Xi_Meeting_LIVE__Key_Takeaways_from_the_Summit___The_Palki_Sharma_Show___I.mp4,412,2188.8,2191.667,2.867,Anchor Studio,82.0,"Anchor Studio: stable=0.94, symmetry=0.99, centered=False, faces=1, face_area=0.0260"
Trump-Xi_Meeting_LIVE__Key_Takeaways_from_the_Summit___The_Palki_Sharma_Show___I.mp4,413,2191.733,2194.0,2.267,Anchor Studio,82.0,"Anchor Studio: stable=0.94, symmetry=0.93, centered=False, faces=1, face_area=0.0262"
Trump-Xi_Meeting_LIVE__Key_Takeaways_from_the_Summit___The_Palki_Sharma_Show___I.mp4,414,2194.067,2210.067,16.0,Anchor Studio,94.0,"Anchor Studio: stable=0.87, symmetry=0.93, centered=True, faces=1, face_area=0.0549"
Trump-Xi_Meeting_LIVE__Key_Takeaways_from_the_Summit___The_Palki_Sharma_Show___I.mp4,415,2210.133,2212.667,2.534,Title Card,78.0,"Title Card: headline=0.8834, textcov=0.9867, stability=0.87"
Trump-Xi_Meeting_LIVE__Key_Takeaways_from_the_Summit___The_Palki_Sharma_Show___I.mp4,416,2212.733,2236.533,23.8,Anchor Studio,84.0,"Anchor Studio: stable=0.72, symmetry=0.84, centered=True, faces=2, face_area=0.1020"
Trump-Xi_Meeting_LIVE__Key_Takeaways_from_the_Summit___The_Palki_Sharma_Show___I.mp4,417,2236.6,2241.067,4.467,Anchor Studio,94.0,"Anchor Studio: stable=0.88, symmetry=0.85, centered=True, faces=2, face_area=0.0320"
Trump-Xi_Meeting_LIVE__Key_Takeaways_from_the_Summit___The_Palki_Sharma_Show___I.mp4,418,2241.133,2259.267,18.134,Anchor Studio,84.0,"Anchor Studio: stable=0.73, symmetry=0.90, centered=True, faces=2, face_area=0.0422"
Trump-Xi_Meeting_LIVE__Key_Takeaways_from_the_Summit___The_Palki_Sharma_Show___I.mp4,419,2259.333,2269.867,10.534,Anchor Studio,94.0,"Anchor Studio: stable=0.95, symmetry=0.92, centered=True, faces=1, face_area=0.0264"
Trump-Xi_Meeting_LIVE__Key_Takeaways_from_the_Summit___The_Palki_Sharma_Show___I.mp4,420,2269.933,2274.067,4.134,Anchor Studio,82.0,"Anchor Studio: stable=0.95, symmetry=0.94, centered=False, faces=1, face_area=0.0265"
Trump-Xi_Meeting_LIVE__Key_Takeaways_from_the_Summit___The_Palki_Sharma_Show___I.mp4,421,2274.133,2274.933,0.8,Anchor Studio,82.0,"Anchor Studio: stable=0.98, symmetry=0.98, centered=False, faces=1, face_area=0.0269"
Trump-Xi_Meeting_LIVE__Key_Takeaways_from_the_Summit___The_Palki_Sharma_Show___I.mp4,422,2275.0,2276.2,1.2,Anchor Studio,82.0,"Anchor Studio: stable=0.97, symmetry=0.99, centered=False, faces=1, face_area=0.0252"
Trump-Xi_Meeting_LIVE__Key_Takeaways_from_the_Summit___The_Palki_Sharma_Show___I.mp4,423,2276.267,2286.4,10.133,Title Card,74.0,"Title Card: headline=0.3499, textcov=0.4064, stability=0.93"
Trump-Xi_Meeting_LIVE__Key_Takeaways_from_the_Summit___The_Palki_Sharma_Show___I.mp4,424,2286.467,2290.667,4.2,Anchor Studio,72.0,"Anchor Studio: stable=0.62, symmetry=0.93, centered=False, faces=1, face_area=0.0266"
Trump-Xi_Meeting_LIVE__Key_Takeaways_from_the_Summit___The_Palki_Sharma_Show___I.mp4,425,2290.733,2293.2,2.467,Anchor Studio,82.0,"Anchor Studio: stable=0.94, symmetry=0.93, centered=False, faces=1, face_area=0.0267"
Trump-Xi_Meeting_LIVE__Key_Takeaways_from_the_Summit___The_Palki_Sharma_Show___I.mp4,426,2293.267,2295.667,2.4,Anchor Studio,94.0,"Anchor Studio: stable=0.86, symmetry=0.98, centered=True, faces=2, face_area=0.0270"
Trump-Xi_Meeting_LIVE__Key_Takeaways_from_the_Summit___The_Palki_Sharma_Show___I.mp4,427,2295.733,2299.933,4.2,Anchor Studio,82.0,"Anchor Studio: stable=0.93, symmetry=0.95, centered=False, faces=1, face_area=0.0263"
Trump-Xi_Meeting_LIVE__Key_Takeaways_from_the_Summit___The_Palki_Sharma_Show___I.mp4,428,2300.0,2301.933,1.933,Anchor Studio,82.0,"Anchor Studio: stable=0.93, symmetry=0.97, centered=False, faces=1, face_area=0.0268"
Trump-Xi_Meeting_LIVE__Key_Takeaways_from_the_Summit___The_Palki_Sharma_Show___I.mp4,429,2302.0,2313.867,11.867,Anchor Studio,94.0,"Anchor Studio: stable=0.96, symmetry=0.93, centered=True, faces=1, face_area=0.0261"
Trump-Xi_Meeting_LIVE__Key_Takeaways_from_the_Summit___The_Palki_Sharma_Show___I.mp4,430,2313.933,2318.267,4.334,Anchor Studio,72.0,"Anchor Studio: stable=0.72, symmetry=0.93, centered=False, faces=1, face_area=0.0256"
Trump-Xi_Meeting_LIVE__Key_Takeaways_from_the_Summit___The_Palki_Sharma_Show___I.mp4,431,2318.333,2320.6,2.267,Field Report,68.0,"Field Report: motion=0.0257, faces=1, centered=False, symmetry=0.72"
Trump-Xi_Meeting_LIVE__Key_Takeaways_from_the_Summit___The_Palki_Sharma_Show___I.mp4,432,2320.667,2323.8,3.133,Anchor Studio,82.0,"Anchor Studio: stable=0.87, symmetry=0.97, centered=False, faces=1, face_area=0.0264"
Trump-Xi_Meeting_LIVE__Key_Takeaways_from_the_Summit___The_Palki_Sharma_Show___I.mp4,433,2323.867,2324.867,1.0,Anchor Studio,72.0,"Anchor Studio: stable=0.72, symmetry=0.89, centered=False, faces=1, face_area=0.0269"
Trump-Xi_Meeting_LIVE__Key_Takeaways_from_the_Summit___The_Palki_Sharma_Show___I.mp4,434,2324.933,2327.267,2.334,Anchor Studio,82.0,"Anchor Studio: stable=0.94, symmetry=0.97, centered=False, faces=1, face_area=0.0260"
Trump-Xi_Meeting_LIVE__Key_Takeaways_from_the_Summit___The_Palki_Sharma_Show___I.mp4,435,2327.333,2329.467,2.134,Anchor Studio,82.0,"Anchor Studio: stable=0.92, symmetry=0.92, centered=False, faces=1, face_area=0.0267"
Trump-Xi_Meeting_LIVE__Key_Takeaways_from_the_Summit___The_Palki_Sharma_Show___I.mp4,436,2329.533,2343.933,14.4,Anchor Studio,82.0,"Anchor Studio: stable=0.96, symmetry=0.96, centered=False, faces=1, face_area=0.0260"
Trump-Xi_Meeting_LIVE__Key_Takeaways_from_the_Summit___The_Palki_Sharma_Show___I.mp4,437,2344.0,2344.533,0.533,Anchor Studio,82.0,"Anchor Studio: stable=0.97, symmetry=0.94, centered=False, faces=1, face_area=0.0260"
Trump-Xi_Meeting_LIVE__Key_Takeaways_from_the_Summit___The_Palki_Sharma_Show___I.mp4,438,2344.6,2368.067,23.467,Anchor Studio,82.0,"Anchor Studio: stable=0.88, symmetry=0.92, centered=False, faces=1, face_area=0.0263"
Trump-Xi_Meeting_LIVE__Key_Takeaways_from_the_Summit___The_Palki_Sharma_Show___I.mp4,439,2368.133,2368.8,0.667,Anchor Studio,84.0,"Anchor Studio: stable=0.71, symmetry=0.84, centered=True, faces=2, face_area=0.0285"
Trump-Xi_Meeting_LIVE__Key_Takeaways_from_the_Summit___The_Palki_Sharma_Show___I.mp4,440,2368.867,2388.333,19.466,Anchor Studio,94.0,"Anchor Studio: stable=0.94, symmetry=0.89, centered=True, faces=2, face_area=0.0272"
Trump-Xi_Meeting_LIVE__Key_Takeaways_from_the_Summit___The_Palki_Sharma_Show___I.mp4,441,2388.4,2390.067,1.667,Title Card,74.0,"Title Card: headline=0.2679, textcov=0.4921, stability=0.94"
Trump-Xi_Meeting_LIVE__Key_Takeaways_from_the_Summit___The_Palki_Sharma_Show___I.mp4,442,2390.133,2392.467,2.334,Title Card,74.0,"Title Card: headline=0.2093, textcov=0.5035, stability=0.96"
Trump-Xi_Meeting_LIVE__Key_Takeaways_from_the_Summit___The_Palki_Sharma_Show___I.mp4,443,2392.533,2395.267,2.734,Title Card,74.0,"Title Card: headline=0.1459, textcov=0.3738, stability=0.91"
Trump-Xi_Meeting_LIVE__Key_Takeaways_from_the_Summit___The_Palki_Sharma_Show___I.mp4,444,2395.333,2399.6,4.267,Title Card,74.0,"Title Card: headline=0.1457, textcov=0.3511, stability=0.94"
Trump-Xi_Meeting_LIVE__Key_Takeaways_from_the_Summit___The_Palki_Sharma_Show___I.mp4,445,2399.667,2403.067,3.4,Anchor Studio,82.0,"Anchor Studio: stable=0.84, symmetry=0.96, centered=False, faces=1, face_area=0.0260"
Trump-Xi_Meeting_LIVE__Key_Takeaways_from_the_Summit___The_Palki_Sharma_Show___I.mp4,446,2403.133,2406.333,3.2,Anchor Studio,82.0,"Anchor Studio: stable=0.81, symmetry=0.82, centered=False, faces=1, face_area=0.0264"
Trump-Xi_Meeting_LIVE__Key_Takeaways_from_the_Summit___The_Palki_Sharma_Show___I.mp4,447,2406.4,2411.133,4.733,Title Card,74.0,"Title Card: headline=0.1376, textcov=0.4277, stability=0.96"
Trump-Xi_Meeting_LIVE__Key_Takeaways_from_the_Summit___The_Palki_Sharma_Show___I.mp4,448,2411.2,2413.133,1.933,Anchor Studio,72.0,"Anchor Studio: stable=0.70, symmetry=0.93, centered=False, faces=1, face_area=0.0259"
Trump-Xi_Meeting_LIVE__Key_Takeaways_from_the_Summit___The_Palki_Sharma_Show___I.mp4,449,2413.2,2416.2,3.0,Anchor Studio,82.0,"Anchor Studio: stable=0.82, symmetry=0.86, centered=False, faces=1, face_area=0.0260"
Trump-Xi_Meeting_LIVE__Key_Takeaways_from_the_Summit___The_Palki_Sharma_Show___I.mp4,450,2416.267,2424.0,7.733,Title Card,74.0,"Title Card: headline=0.1780, textcov=0.4211, stability=0.92"
Trump-Xi_Meeting_LIVE__Key_Takeaways_from_the_Summit___The_Palki_Sharma_Show___I.mp4,451,2424.067,2427.733,3.666,Title Card,74.0,"Title Card: headline=0.2129, textcov=0.4671, stability=0.93"
Trump-Xi_Meeting_LIVE__Key_Takeaways_from_the_Summit___The_Palki_Sharma_Show___I.mp4,452,2427.8,2428.533,0.733,Anchor Studio,82.0,"Anchor Studio: stable=0.77, symmetry=0.96, centered=False, faces=1, face_area=0.0260"
Trump-Xi_Meeting_LIVE__Key_Takeaways_from_the_Summit___The_Palki_Sharma_Show___I.mp4,453,2428.6,2431.0,2.4,Anchor Studio,84.0,"Anchor Studio: stable=0.65, symmetry=0.96, centered=True, faces=2, face_area=0.0284"
Trump-Xi_Meeting_LIVE__Key_Takeaways_from_the_Summit___The_Palki_Sharma_Show___I.mp4,454,2431.067,2453.067,22.0,Anchor Studio,84.0,"Anchor Studio: stable=0.61, symmetry=0.89, centered=True, faces=2, face_area=0.0288"
Trump-Xi_Meeting_LIVE__Key_Takeaways_from_the_Summit___The_Palki_Sharma_Show___I.mp4,455,2453.133,2453.733,0.6,Anchor Studio,72.0,"Anchor Studio: stable=0.70, symmetry=0.88, centered=False, faces=1, face_area=0.0261"
Trump-Xi_Meeting_LIVE__Key_Takeaways_from_the_Summit___The_Palki_Sharma_Show___I.mp4,456,2453.8,2475.6,21.8,Anchor Studio,94.0,"Anchor Studio: stable=0.97, symmetry=0.94, centered=True, faces=1, face_area=0.0265"
Trump-Xi_Meeting_LIVE__Key_Takeaways_from_the_Summit___The_Palki_Sharma_Show___I.mp4,457,2475.667,2484.533,8.866,Anchor Studio,84.0,"Anchor Studio: stable=0.82, symmetry=0.85, centered=True, faces=1, face_area=0.0002"
Trump-Xi_Meeting_LIVE__Key_Takeaways_from_the_Summit___The_Palki_Sharma_Show___I.mp4,458,2484.6,2520.667,36.067,Anchor Studio,84.0,"Anchor Studio: stable=0.92, symmetry=0.93, centered=True, faces=1, face_area=0.0000"
Trump-Xi_Meeting_LIVE__Key_Takeaways_from_the_Summit___The_Palki_Sharma_Show___I.mp4,459,2520.733,2521.4,0.667,B-Roll,70.0,"B-Roll: motion=0.1153, edge=0.0534, face_area=0.0000, symmetry=0.85"
Trump-Xi_Meeting_LIVE__Key_Takeaways_from_the_Summit___The_Palki_Sharma_Show___I.mp4,460,2521.467,2523.533,2.066,B-Roll,70.0,"B-Roll: motion=0.0785, edge=0.0400, face_area=0.0000, symmetry=0.93"
Trump-Xi_Meeting_LIVE__Key_Takeaways_from_the_Summit___The_Palki_Sharma_Show___I.mp4,461,2523.6,2525.733,2.133,B-Roll,70.0,"B-Roll: motion=0.1270, edge=0.0342, face_area=0.0000, symmetry=0.86"
Trump-Xi_Meeting_LIVE__Key_Takeaways_from_the_Summit___The_Palki_Sharma_Show___I.mp4,462,2525.8,2527.267,1.467,B-Roll,70.0,"B-Roll: motion=0.1638, edge=0.0262, face_area=0.0000, symmetry=0.94"
Trump-Xi_Meeting_LIVE__Key_Takeaways_from_the_Summit___The_Palki_Sharma_Show___I.mp4,463,2527.333,2528.733,1.4,Anchor Studio,84.0,"Anchor Studio: stable=0.00, symmetry=0.86, centered=True, faces=1, face_area=0.0176"
Trump-Xi_Meeting_LIVE__Key_Takeaways_from_the_Summit___The_Palki_Sharma_Show___I.mp4,464,2528.8,2531.333,2.533,B-Roll,70.0,"B-Roll: motion=0.0774, edge=0.0285, face_area=0.0000, symmetry=0.86"
Trump-Xi_Meeting_LIVE__Key_Takeaways_from_the_Summit___The_Palki_Sharma_Show___I.mp4,465,2531.4,2532.4,1.0,B-Roll,70.0,"B-Roll: motion=0.1241, edge=0.0320, face_area=0.0000, symmetry=0.90"
Trump-Xi_Meeting_LIVE__Key_Takeaways_from_the_Summit___The_Palki_Sharma_Show___I.mp4,466,2532.467,2534.533,2.066,B-Roll,70.0,"B-Roll: motion=0.1021, edge=0.0409, face_area=0.0000, symmetry=0.88"
Trump-Xi_Meeting_LIVE__Key_Takeaways_from_the_Summit___The_Palki_Sharma_Show___I.mp4,467,2534.6,2535.133,0.533,B-Roll,70.0,"B-Roll: motion=0.1451, edge=0.0454, face_area=0.0000, symmetry=0.97"
Trump-Xi_Meeting_LIVE__Key_Takeaways_from_the_Summit___The_Palki_Sharma_Show___I.mp4,468,2535.2,2536.467,1.267,Anchor Studio,74.0,"Anchor Studio: stable=0.00, symmetry=0.93, centered=True, faces=1, face_area=0.0087"
Trump-Xi_Meeting_LIVE__Key_Takeaways_from_the_Summit___The_Palki_Sharma_Show___I.mp4,469,2536.533,2537.067,0.534,B-Roll,70.0,"B-Roll: motion=0.1305, edge=0.0481, face_area=0.0000, symmetry=0.92"
Trump-Xi_Meeting_LIVE__Key_Takeaways_from_the_Summit___The_Palki_Sharma_Show___I.mp4,470,2537.133,2538.2,1.067,B-Roll,70.0,"B-Roll: motion=0.1267, edge=0.0428, face_area=0.0000, symmetry=0.94"
Trump-Xi_Meeting_LIVE__Key_Takeaways_from_the_Summit___The_Palki_Sharma_Show___I.mp4,471,2538.267,2539.133,0.866,B-Roll,70.0,"B-Roll: motion=0.1038, edge=0.0313, face_area=0.0000, symmetry=0.88"
Trump-Xi_Meeting_LIVE__Key_Takeaways_from_the_Summit___The_Palki_Sharma_Show___I.mp4,472,2539.2,2543.333,4.133,B-Roll,70.0,"B-Roll: motion=0.0904, edge=0.0292, face_area=0.0000, symmetry=0.83"
Trump-Xi_Meeting_LIVE__Key_Takeaways_from_the_Summit___The_Palki_Sharma_Show___I.mp4,473,2543.4,2546.533,3.133,B-Roll,70.0,"B-Roll: motion=0.0572, edge=0.0232, face_area=0.0000, symmetry=0.92"
Trump-Xi_Meeting_LIVE__Key_Takeaways_from_the_Summit___The_Palki_Sharma_Show___I.mp4,474,2546.6,2548.333,1.733,B-Roll,70.0,"B-Roll: motion=0.0303, edge=0.0027, face_area=0.0000, symmetry=0.22"
Trump-Xi_Meeting_LIVE__Key_Takeaways_from_the_Summit___The_Palki_Sharma_Show___I.mp4,475,2548.4,2549.6,1.2,B-Roll,62.0,"B-Roll: motion=0.0247, edge=0.0130, face_area=0.0000, symmetry=0.77"
Trump-Xi_Meeting_LIVE__Key_Takeaways_from_the_Summit___The_Palki_Sharma_Show___I.mp4,476,2549.667,2551.267,1.6,B-Roll,70.0,"B-Roll: motion=0.0357, edge=0.0046, face_area=0.0000, symmetry=0.60"
Trump-Xi_Meeting_LIVE__Key_Takeaways_from_the_Summit___The_Palki_Sharma_Show___I.mp4,477,2551.333,2552.867,1.534,B-Roll,70.0,"B-Roll: motion=0.0393, edge=0.0513, face_area=0.0000, symmetry=0.86"
Trump-Xi_Meeting_LIVE__Key_Takeaways_from_the_Summit___The_Palki_Sharma_Show___I.mp4,478,2552.933,2556.267,3.334,Title Card,78.0,"Title Card: headline=0.9012, textcov=0.9323, stability=0.83"
Trump-Xi_Meeting_LIVE__Key_Takeaways_from_the_Summit___The_Palki_Sharma_Show___I.mp4,479,2556.333,2556.867,0.534,B-Roll,70.0,"B-Roll: motion=0.0279, edge=0.0328, face_area=0.0000, symmetry=0.85"
Trump-Xi_Meeting_LIVE__Key_Takeaways_from_the_Summit___The_Palki_Sharma_Show___I.mp4,480,2556.933,2558.333,1.4,Anchor Studio,62.0,"Anchor Studio: stable=0.89, symmetry=0.85, centered=False, faces=0, face_area=0.0000"
Trump-Xi_Meeting_LIVE__Key_Takeaways_from_the_Summit___The_Palki_Sharma_Show___I.mp4,481,2558.4,2560.133,1.733,B-Roll,70.0,"B-Roll: motion=0.0597, edge=0.0540, face_area=0.0000, symmetry=0.47"
Trump-Xi_Meeting_LIVE__Key_Takeaways_from_the_Summit___The_Palki_Sharma_Show___I.mp4,482,2560.2,2561.8,1.6,Title Card,78.0,"Title Card: headline=0.3149, textcov=0.3327, stability=0.86"
Trump-Xi_Meeting_LIVE__Key_Takeaways_from_the_Summit___The_Palki_Sharma_Show___I.mp4,483,2561.867,2563.867,2.0,Title Card,70.0,"Title Card: headline=0.1577, textcov=0.2348, stability=0.86"
Trump-Xi_Meeting_LIVE__Key_Takeaways_from_the_Summit___The_Palki_Sharma_Show___I.mp4,484,2563.933,2565.867,1.934,B-Roll,70.0,"B-Roll: motion=0.0361, edge=0.0194, face_area=0.0000, symmetry=0.85"
Trump-Xi_Meeting_LIVE__Key_Takeaways_from_the_Summit___The_Palki_Sharma_Show___I.mp4,485,2565.933,2568.733,2.8,Anchor Studio,62.0,"Anchor Studio: stable=0.76, symmetry=0.83, centered=False, faces=0, face_area=0.0000"
Trump-Xi_Meeting_LIVE__Key_Takeaways_from_the_Summit___The_Palki_Sharma_Show___I.mp4,486,2568.8,2572.4,3.6,Title Card,68.0,"Title Card: headline=0.0742, textcov=0.2410, stability=0.79"
Trump-Xi_Meeting_LIVE__Key_Takeaways_from_the_Summit___The_Palki_Sharma_Show___I.mp4,487,2572.467,2576.133,3.666,Title Card,78.0,"Title Card: headline=0.0470, textcov=0.1996, stability=0.88"
Trump-Xi_Meeting_LIVE__Key_Takeaways_from_the_Summit___The_Palki_Sharma_Show___I.mp4,488,2576.2,2579.733,3.533,Title Card,78.0,"Title Card: headline=0.0476, textcov=0.2026, stability=0.88"
Trump-Xi_Meeting_LIVE__Key_Takeaways_from_the_Summit___The_Palki_Sharma_Show___I.mp4,489,2579.8,2581.267,1.467,Title Card,78.0,"Title Card: headline=0.0497, textcov=0.2133, stability=0.92"
Trump-Xi_Meeting_LIVE__Key_Takeaways_from_the_Summit___The_Palki_Sharma_Show___I.mp4,490,2581.333,2585.267,3.934,B-Roll,62.0,"B-Roll: motion=0.0249, edge=0.0057, face_area=0.0000, symmetry=0.46"
Trump-Xi_Meeting_LIVE__Key_Takeaways_from_the_Summit___The_Palki_Sharma_Show___I.mp4,491,2585.333,2587.733,2.4,B-Roll,70.0,"B-Roll: motion=0.0280, edge=0.0394, face_area=0.0000, symmetry=0.93"
Trump-Xi_Meeting_LIVE__Key_Takeaways_from_the_Summit___The_Palki_Sharma_Show___I.mp4,492,2587.8,2588.333,0.533,B-Roll,70.0,"B-Roll: motion=0.0584, edge=0.0238, face_area=0.0000, symmetry=0.83"
Trump-Xi_Meeting_LIVE__Key_Takeaways_from_the_Summit___The_Palki_Sharma_Show___I.mp4,493,2588.4,2591.867,3.467,B-Roll,70.0,"B-Roll: motion=0.0494, edge=0.0390, face_area=0.0000, symmetry=0.84"
Trump-Xi_Meeting_LIVE__Key_Takeaways_from_the_Summit___The_Palki_Sharma_Show___I.mp4,494,2591.933,2593.0,1.067,Title Card,78.0,"Title Card: headline=0.9598, textcov=1.0319, stability=0.80"
Trump-Xi_Meeting_LIVE__Key_Takeaways_from_the_Summit___The_Palki_Sharma_Show___I.mp4,495,2593.067,2595.467,2.4,B-Roll,70.0,"B-Roll: motion=0.0415, edge=0.1941, face_area=0.0000, symmetry=0.91"
Trump-Xi_Meeting_LIVE__Key_Takeaways_from_the_Summit___The_Palki_Sharma_Show___I.mp4,496,2595.533,2596.467,0.934,B-Roll,70.0,"B-Roll: motion=0.0326, edge=0.0457, face_area=0.0000, symmetry=0.94"
Trump-Xi_Meeting_LIVE__Key_Takeaways_from_the_Summit___The_Palki_Sharma_Show___I.mp4,497,2596.533,2598.333,1.8,B-Roll,70.0,"B-Roll: motion=0.0286, edge=0.0419, face_area=0.0000, symmetry=0.80"
Trump-Xi_Meeting_LIVE__Key_Takeaways_from_the_Summit___The_Palki_Sharma_Show___I.mp4,498,2598.4,2600.667,2.267,Title Card,78.0,"Title Card: headline=0.2567, textcov=0.3743, stability=0.83"
Trump-Xi_Meeting_LIVE__Key_Takeaways_from_the_Summit___The_Palki_Sharma_Show___I.mp4,499,2600.733,2602.467,1.734,B-Roll,70.0,"B-Roll: motion=0.0398, edge=0.2002, face_area=0.0000, symmetry=0.98"
Trump-Xi_Meeting_LIVE__Key_Takeaways_from_the_Summit___The_Palki_Sharma_Show___I.mp4,500,2602.533,2604.467,1.934,B-Roll,70.0,"B-Roll: motion=0.0474, edge=0.1379, face_area=0.0000, symmetry=0.77"
Trump-Xi_Meeting_LIVE__Key_Takeaways_from_the_Summit___The_Palki_Sharma_Show___I.mp4,501,2604.533,2609.333,4.8,Title Card,78.0,"Title Card: headline=0.1581, textcov=0.4263, stability=0.95"
Trump-Xi_Meeting_LIVE__Key_Takeaways_from_the_Summit___The_Palki_Sharma_Show___I.mp4,502,2609.4,2611.733,2.333,Title Card,78.0,"Title Card: headline=0.1207, textcov=0.3596, stability=0.83"
Trump-Xi_Meeting_LIVE__Key_Takeaways_from_the_Summit___The_Palki_Sharma_Show___I.mp4,503,2611.8,2613.8,2.0,Title Card,78.0,"Title Card: headline=0.1281, textcov=0.4220, stability=0.89"
Trump-Xi_Meeting_LIVE__Key_Takeaways_from_the_Summit___The_Palki_Sharma_Show___I.mp4,504,2613.867,2616.133,2.266,B-Roll,62.0,"B-Roll: motion=0.0087, edge=0.0451, face_area=0.0000, symmetry=0.71"
Trump-Xi_Meeting_LIVE__Key_Takeaways_from_the_Summit___The_Palki_Sharma_Show___I.mp4,505,2616.2,2618.6,2.4,Title Card,78.0,"Title Card: headline=0.0638, textcov=0.1600, stability=0.94"
Trump-Xi_Meeting_LIVE__Key_Takeaways_from_the_Summit___The_Palki_Sharma_Show___I.mp4,506,2618.667,2620.6,1.933,Anchor Studio,62.0,"Anchor Studio: stable=0.87, symmetry=0.86, centered=False, faces=0, face_area=0.0000"
Trump-Xi_Meeting_LIVE__Key_Takeaways_from_the_Summit___The_Palki_Sharma_Show___I.mp4,507,2620.667,2621.933,1.266,Anchor Studio,62.0,"Anchor Studio: stable=0.86, symmetry=0.97, centered=False, faces=0, face_area=0.0000"
Trump-Xi_Meeting_LIVE__Key_Takeaways_from_the_Summit___The_Palki_Sharma_Show___I.mp4,508,2622.0,2624.6,2.6,B-Roll,70.0,"B-Roll: motion=0.0338, edge=0.1369, face_area=0.0000, symmetry=0.64"
Trump-Xi_Meeting_LIVE__Key_Takeaways_from_the_Summit___The_Palki_Sharma_Show___I.mp4,509,2624.667,2626.667,2.0,B-Roll,62.0,"B-Roll: motion=0.0200, edge=0.1149, face_area=0.0000, symmetry=0.55"
Trump-Xi_Meeting_LIVE__Key_Takeaways_from_the_Summit___The_Palki_Sharma_Show___I.mp4,510,2626.733,2628.2,1.467,Anchor Studio,62.0,"Anchor Studio: stable=0.80, symmetry=0.96, centered=False, faces=0, face_area=0.0000"
Trump-Xi_Meeting_LIVE__Key_Takeaways_from_the_Summit___The_Palki_Sharma_Show___I.mp4,511,2628.267,2630.933,2.666,B-Roll,70.0,"B-Roll: motion=0.0610, edge=0.0967, face_area=0.0000, symmetry=0.95"
Trump-Xi_Meeting_LIVE__Key_Takeaways_from_the_Summit___The_Palki_Sharma_Show___I.mp4,512,2631.0,2632.867,1.867,B-Roll,70.0,"B-Roll: motion=0.0364, edge=0.1206, face_area=0.0000, symmetry=0.61"
Trump-Xi_Meeting_LIVE__Key_Takeaways_from_the_Summit___The_Palki_Sharma_Show___I.mp4,513,2632.933,2635.267,2.334,Title Card,78.0,"Title Card: headline=0.4691, textcov=0.5363, stability=0.82"
Trump-Xi_Meeting_LIVE__Key_Takeaways_from_the_Summit___The_Palki_Sharma_Show___I.mp4,514,2635.333,2637.867,2.534,Field Report,68.0,"Field Report: motion=0.0294, faces=1, centered=True, symmetry=0.67"
Trump-Xi_Meeting_LIVE__Key_Takeaways_from_the_Summit___The_Palki_Sharma_Show___I.mp4,515,2637.933,2642.067,4.134,Title Card,78.0,"Title Card: headline=0.3076, textcov=0.5566, stability=0.80"
Trump-Xi_Meeting_LIVE__Key_Takeaways_from_the_Summit___The_Palki_Sharma_Show___I.mp4,516,2642.133,2650.0,7.867,Title Card,68.0,"Title Card: headline=0.6619, textcov=0.8039, stability=0.78"
Trump-Xi_Meeting_LIVE__Key_Takeaways_from_the_Summit___The_Palki_Sharma_Show___I.mp4,517,2650.067,2653.2,3.133,B-Roll,70.0,"B-Roll: motion=0.0359, edge=0.1726, face_area=0.0000, symmetry=0.95"
Trump-Xi_Meeting_LIVE__Key_Takeaways_from_the_Summit___The_Palki_Sharma_Show___I.mp4,518,2653.267,2659.067,5.8,Title Card,78.0,"Title Card: headline=0.6049, textcov=0.7838, stability=0.81"
Trump-Xi_Meeting_LIVE__Key_Takeaways_from_the_Summit___The_Palki_Sharma_Show___I.mp4,519,2659.133,2663.733,4.6,Anchor Studio,82.0,"Anchor Studio: stable=0.94, symmetry=0.77, centered=True, faces=2, face_area=0.0449"
Trump-Xi_Meeting_LIVE__Key_Takeaways_from_the_Summit___The_Palki_Sharma_Show___I.mp4,520,2663.8,2665.733,1.933,Anchor Studio,84.0,"Anchor Studio: stable=0.90, symmetry=0.91, centered=True, faces=1, face_area=0.0065"
Trump-Xi_Meeting_LIVE__Key_Takeaways_from_the_Summit___The_Palki_Sharma_Show___I.mp4,521,2665.8,2667.667,1.867,Anchor Studio,94.0,"Anchor Studio: stable=0.91, symmetry=0.98, centered=True, faces=3, face_area=0.0396"
Trump-Xi_Meeting_LIVE__Key_Takeaways_from_the_Summit___The_Palki_Sharma_Show___I.mp4,522,2667.733,2668.867,1.134,Title Card,78.0,"Title Card: headline=0.0334, textcov=0.1790, stability=0.87"
Trump-Xi_Meeting_LIVE__Key_Takeaways_from_the_Summit___The_Palki_Sharma_Show___I.mp4,523,2668.933,2686.2,17.267,Anchor Studio,94.0,"Anchor Studio: stable=0.94, symmetry=0.90, centered=True, faces=2, face_area=0.0422"
Trump-Xi_Meeting_LIVE__Key_Takeaways_from_the_Summit___The_Palki_Sharma_Show___I.mp4,524,2686.267,2702.6,16.333,Anchor Studio,94.0,"Anchor Studio: stable=0.92, symmetry=0.88, centered=True, faces=2, face_area=0.0420"
Trump-Xi_Meeting_LIVE__Key_Takeaways_from_the_Summit___The_Palki_Sharma_Show___I.mp4,525,2702.667,2705.733,3.066,Anchor Studio,62.0,"Anchor Studio: stable=0.96, symmetry=0.96, centered=False, faces=0, face_area=0.0000"
Trump-Xi_Meeting_LIVE__Key_Takeaways_from_the_Summit___The_Palki_Sharma_Show___I.mp4,526,2705.8,2707.733,1.933,Anchor Studio,94.0,"Anchor Studio: stable=0.93, symmetry=0.88, centered=True, faces=1, face_area=0.0659"
Trump-Xi_Meeting_LIVE__Key_Takeaways_from_the_Summit___The_Palki_Sharma_Show___I.mp4,527,2707.8,2709.467,1.667,Anchor Studio,74.0,"Anchor Studio: stable=0.73, symmetry=0.96, centered=True, faces=2, face_area=0.0054"
Trump-Xi_Meeting_LIVE__Key_Takeaways_from_the_Summit___The_Palki_Sharma_Show___I.mp4,528,2709.533,2711.4,1.867,B-Roll,70.0,"B-Roll: motion=0.0963, edge=0.1067, face_area=0.0000, symmetry=0.92"
Trump-Xi_Meeting_LIVE__Key_Takeaways_from_the_Summit___The_Palki_Sharma_Show___I.mp4,529,2711.467,2717.533,6.066,Anchor Studio,84.0,"Anchor Studio: stable=0.73, symmetry=0.89, centered=True, faces=1, face_area=0.0109"
Trump-Xi_Meeting_LIVE__Key_Takeaways_from_the_Summit___The_Palki_Sharma_Show___I.mp4,530,2717.6,2721.8,4.2,Title Card,78.0,"Title Card: headline=0.6890, textcov=0.7029, stability=0.82"
Trump-Xi_Meeting_LIVE__Key_Takeaways_from_the_Summit___The_Palki_Sharma_Show___I.mp4,531,2721.867,2742.733,20.866,Anchor Studio,94.0,"Anchor Studio: stable=0.88, symmetry=0.87, centered=True, faces=1, face_area=0.0703"
Trump-Xi_Meeting_LIVE__Key_Takeaways_from_the_Summit___The_Palki_Sharma_Show___I.mp4,532,2742.8,2747.867,5.067,Anchor Studio,94.0,"Anchor Studio: stable=0.90, symmetry=0.95, centered=True, faces=2, face_area=0.0261"
Trump-Xi_Meeting_LIVE__Key_Takeaways_from_the_Summit___The_Palki_Sharma_Show___I.mp4,533,2747.933,2749.667,1.734,Anchor Studio,72.0,"Anchor Studio: stable=0.72, symmetry=0.96, centered=False, faces=1, face_area=0.0255"
Trump-Xi_Meeting_LIVE__Key_Takeaways_from_the_Summit___The_Palki_Sharma_Show___I.mp4,534,2749.733,2752.867,3.134,Anchor Studio,72.0,"Anchor Studio: stable=0.68, symmetry=0.96, centered=False, faces=1, face_area=0.0255"
Trump-Xi_Meeting_LIVE__Key_Takeaways_from_the_Summit___The_Palki_Sharma_Show___I.mp4,535,2752.933,2755.867,2.934,Anchor Studio,82.0,"Anchor Studio: stable=0.94, symmetry=0.95, centered=False, faces=1, face_area=0.0261"
Trump-Xi_Meeting_LIVE__Key_Takeaways_from_the_Summit___The_Palki_Sharma_Show___I.mp4,536,2755.933,2757.933,2.0,Anchor Studio,82.0,"Anchor Studio: stable=0.87, symmetry=0.96, centered=False, faces=1, face_area=0.0267"
Trump-Xi_Meeting_LIVE__Key_Takeaways_from_the_Summit___The_Palki_Sharma_Show___I.mp4,537,2758.0,2758.733,0.733,Field Report,68.0,"Field Report: motion=0.0286, faces=1, centered=False, symmetry=0.71"
Trump-Xi_Meeting_LIVE__Key_Takeaways_from_the_Summit___The_Palki_Sharma_Show___I.mp4,538,2758.8,2761.6,2.8,Anchor Studio,82.0,"Anchor Studio: stable=0.78, symmetry=0.91, centered=False, faces=1, face_area=0.0263"
Trump-Xi_Meeting_LIVE__Key_Takeaways_from_the_Summit___The_Palki_Sharma_Show___I.mp4,539,2761.667,2764.667,3.0,Anchor Studio,82.0,"Anchor Studio: stable=0.90, symmetry=0.84, centered=False, faces=1, face_area=0.0266"
Trump-Xi_Meeting_LIVE__Key_Takeaways_from_the_Summit___The_Palki_Sharma_Show___I.mp4,540,2764.733,2767.733,3.0,Anchor Studio,82.0,"Anchor Studio: stable=0.88, symmetry=0.92, centered=False, faces=1, face_area=0.0265"
Trump-Xi_Meeting_LIVE__Key_Takeaways_from_the_Summit___The_Palki_Sharma_Show___I.mp4,541,2767.8,2770.733,2.933,Anchor Studio,82.0,"Anchor Studio: stable=0.91, symmetry=0.80, centered=False, faces=1, face_area=0.0262"
Trump-Xi_Meeting_LIVE__Key_Takeaways_from_the_Summit___The_Palki_Sharma_Show___I.mp4,542,2770.8,2772.667,1.867,Anchor Studio,72.0,"Anchor Studio: stable=0.73, symmetry=0.91, centered=False, faces=1, face_area=0.0271"
Trump-Xi_Meeting_LIVE__Key_Takeaways_from_the_Summit___The_Palki_Sharma_Show___I.mp4,543,2772.733,2774.8,2.067,Field Report,68.0,"Field Report: motion=0.0445, faces=1, centered=False, symmetry=0.74"
Trump-Xi_Meeting_LIVE__Key_Takeaways_from_the_Summit___The_Palki_Sharma_Show___I.mp4,544,2774.867,2776.467,1.6,Anchor Studio,82.0,"Anchor Studio: stable=0.85, symmetry=0.89, centered=False, faces=1, face_area=0.0468"
Trump-Xi_Meeting_LIVE__Key_Takeaways_from_the_Summit___The_Palki_Sharma_Show___I.mp4,545,2776.533,2781.8,5.267,Anchor Studio,70.0,"Anchor Studio: stable=0.78, symmetry=0.73, centered=False, faces=1, face_area=0.0459"
Trump-Xi_Meeting_LIVE__Key_Takeaways_from_the_Summit___The_Palki_Sharma_Show___I.mp4,546,2781.867,2785.333,3.466,Title Card,74.0,"Title Card: headline=0.5696, textcov=0.6928, stability=0.92"
Trump-Xi_Meeting_LIVE__Key_Takeaways_from_the_Summit___The_Palki_Sharma_Show___I.mp4,547,2785.4,2787.467,2.067,Title Card,74.0,"Title Card: headline=0.5322, textcov=0.6530, stability=0.88"
Trump-Xi_Meeting_LIVE__Key_Takeaways_from_the_Summit___The_Palki_Sharma_Show___I.mp4,548,2787.533,2788.467,0.934,Title Card,74.0,"Title Card: headline=0.5580, textcov=0.6831, stability=0.91"
Trump-Xi_Meeting_LIVE__Key_Takeaways_from_the_Summit___The_Palki_Sharma_Show___I.mp4,549,2788.533,2792.667,4.134,Anchor Studio,70.0,"Anchor Studio: stable=0.80, symmetry=0.71, centered=False, faces=1, face_area=0.0362"
Trump-Xi_Meeting_LIVE__Key_Takeaways_from_the_Summit___The_Palki_Sharma_Show___I.mp4,550,2792.733,2801.933,9.2,Anchor Studio,94.0,"Anchor Studio: stable=0.94, symmetry=0.94, centered=True, faces=1, face_area=0.0254"
Trump-Xi_Meeting_LIVE__Key_Takeaways_from_the_Summit___The_Palki_Sharma_Show___I.mp4,551,2802.0,2803.267,1.267,Title Card,78.0,"Title Card: headline=0.6614, textcov=0.7507, stability=0.82"
Trump-Xi_Meeting_LIVE__Key_Takeaways_from_the_Summit___The_Palki_Sharma_Show___I.mp4,552,2803.333,2828.467,25.134,Anchor Studio,82.0,"Anchor Studio: stable=0.97, symmetry=0.95, centered=False, faces=1, face_area=0.0264"
Trump-Xi_Meeting_LIVE__Key_Takeaways_from_the_Summit___The_Palki_Sharma_Show___I.mp4,553,2828.533,2835.067,6.534,Anchor Studio,82.0,"Anchor Studio: stable=0.76, symmetry=0.88, centered=False, faces=1, face_area=0.0263"
Trump-Xi_Meeting_LIVE__Key_Takeaways_from_the_Summit___The_Palki_Sharma_Show___I.mp4,554,2835.133,2836.933,1.8,Anchor Studio,72.0,"Anchor Studio: stable=0.69, symmetry=0.82, centered=False, faces=1, face_area=0.0268"
Trump-Xi_Meeting_LIVE__Key_Takeaways_from_the_Summit___The_Palki_Sharma_Show___I.mp4,555,2837.0,2851.933,14.933,Anchor Studio,82.0,"Anchor Studio: stable=0.87, symmetry=0.82, centered=False, faces=1, face_area=0.0263"
Trump-Xi_Meeting_LIVE__Key_Takeaways_from_the_Summit___The_Palki_Sharma_Show___I.mp4,556,2852.0,2856.933,4.933,Anchor Studio,82.0,"Anchor Studio: stable=0.86, symmetry=0.95, centered=False, faces=1, face_area=0.0256"
Trump-Xi_Meeting_LIVE__Key_Takeaways_from_the_Summit___The_Palki_Sharma_Show___I.mp4,557,2857.0,2858.867,1.867,Anchor Studio,82.0,"Anchor Studio: stable=0.88, symmetry=0.95, centered=False, faces=1, face_area=0.0270"
Trump-Xi_Meeting_LIVE__Key_Takeaways_from_the_Summit___The_Palki_Sharma_Show___I.mp4,558,2858.933,2869.067,10.134,Anchor Studio,94.0,"Anchor Studio: stable=0.96, symmetry=0.94, centered=True, faces=1, face_area=0.0261"
Trump-Xi_Meeting_LIVE__Key_Takeaways_from_the_Summit___The_Palki_Sharma_Show___I.mp4,559,2869.133,2879.467,10.334,Anchor Studio,82.0,"Anchor Studio: stable=0.78, symmetry=0.97, centered=False, faces=1, face_area=0.0263"
Trump-Xi_Meeting_LIVE__Key_Takeaways_from_the_Summit___The_Palki_Sharma_Show___I.mp4,560,2879.533,2883.533,4.0,Anchor Studio,82.0,"Anchor Studio: stable=0.94, symmetry=0.87, centered=False, faces=1, face_area=0.0261"
Trump-Xi_Meeting_LIVE__Key_Takeaways_from_the_Summit___The_Palki_Sharma_Show___I.mp4,561,2883.6,2885.467,1.867,Anchor Studio,82.0,"Anchor Studio: stable=0.98, symmetry=0.95, centered=False, faces=1, face_area=0.0266"
Trump-Xi_Meeting_LIVE__Key_Takeaways_from_the_Summit___The_Palki_Sharma_Show___I.mp4,562,2885.533,2887.867,2.334,Anchor Studio,82.0,"Anchor Studio: stable=0.94, symmetry=0.91, centered=False, faces=1, face_area=0.0258"
Trump-Xi_Meeting_LIVE__Key_Takeaways_from_the_Summit___The_Palki_Sharma_Show___I.mp4,563,2887.933,2890.867,2.934,Anchor Studio,82.0,"Anchor Studio: stable=0.95, symmetry=0.84, centered=False, faces=1, face_area=0.0263"
Trump-Xi_Meeting_LIVE__Key_Takeaways_from_the_Summit___The_Palki_Sharma_Show___I.mp4,564,2890.933,2891.467,0.534,Anchor Studio,82.0,"Anchor Studio: stable=0.80, symmetry=0.84, centered=False, faces=1, face_area=0.0264"
Trump-Xi_Meeting_LIVE__Key_Takeaways_from_the_Summit___The_Palki_Sharma_Show___I.mp4,565,2891.533,2894.467,2.934,Anchor Studio,82.0,"Anchor Studio: stable=0.95, symmetry=0.85, centered=False, faces=1, face_area=0.0257"
Trump-Xi_Meeting_LIVE__Key_Takeaways_from_the_Summit___The_Palki_Sharma_Show___I.mp4,566,2894.533,2897.467,2.934,Anchor Studio,82.0,"Anchor Studio: stable=0.94, symmetry=0.90, centered=False, faces=1, face_area=0.0255"
Trump-Xi_Meeting_LIVE__Key_Takeaways_from_the_Summit___The_Palki_Sharma_Show___I.mp4,567,2897.533,2901.6,4.067,Anchor Studio,82.0,"Anchor Studio: stable=0.89, symmetry=0.86, centered=False, faces=1, face_area=0.0263"
Trump-Xi_Meeting_LIVE__Key_Takeaways_from_the_Summit___The_Palki_Sharma_Show___I.mp4,568,2901.667,2907.667,6.0,Anchor Studio,82.0,"Anchor Studio: stable=0.90, symmetry=0.93, centered=False, faces=1, face_area=0.0264"
Trump-Xi_Meeting_LIVE__Key_Takeaways_from_the_Summit___The_Palki_Sharma_Show___I.mp4,569,2907.733,2909.733,2.0,Anchor Studio,82.0,"Anchor Studio: stable=0.89, symmetry=0.99, centered=False, faces=1, face_area=0.0258"
Trump-Xi_Meeting_LIVE__Key_Takeaways_from_the_Summit___The_Palki_Sharma_Show___I.mp4,570,2909.8,2911.133,1.333,Anchor Studio,94.0,"Anchor Studio: stable=0.87, symmetry=0.97, centered=True, faces=2, face_area=0.0322"
Trump-Xi_Meeting_LIVE__Key_Takeaways_from_the_Summit___The_Palki_Sharma_Show___I.mp4,571,2911.2,2914.133,2.933,Anchor Studio,82.0,"Anchor Studio: stable=0.93, symmetry=0.98, centered=False, faces=1, face_area=0.0260"
Trump-Xi_Meeting_LIVE__Key_Takeaways_from_the_Summit___The_Palki_Sharma_Show___I.mp4,572,2914.2,2916.667,2.467,Anchor Studio,82.0,"Anchor Studio: stable=0.86, symmetry=0.94, centered=False, faces=1, face_area=0.0255"
Trump-Xi_Meeting_LIVE__Key_Takeaways_from_the_Summit___The_Palki_Sharma_Show___I.mp4,573,2916.733,2921.333,4.6,Anchor Studio,94.0,"Anchor Studio: stable=0.78, symmetry=0.91, centered=True, faces=2, face_area=0.0281"
Trump-Xi_Meeting_LIVE__Key_Takeaways_from_the_Summit___The_Palki_Sharma_Show___I.mp4,574,2921.4,2923.6,2.2,Anchor Studio,84.0,"Anchor Studio: stable=0.74, symmetry=0.92, centered=True, faces=2, face_area=0.0298"
Trump-Xi_Meeting_LIVE__Key_Takeaways_from_the_Summit___The_Palki_Sharma_Show___I.mp4,575,2923.667,2924.2,0.533,Anchor Studio,72.0,"Anchor Studio: stable=0.69, symmetry=0.97, centered=False, faces=1, face_area=0.0262"
Trump-Xi_Meeting_LIVE__Key_Takeaways_from_the_Summit___The_Palki_Sharma_Show___I.mp4,576,2924.267,2925.333,1.066,Anchor Studio,84.0,"Anchor Studio: stable=0.72, symmetry=0.97, centered=True, faces=2, face_area=0.0449"
Trump-Xi_Meeting_LIVE__Key_Takeaways_from_the_Summit___The_Palki_Sharma_Show___I.mp4,577,2925.4,2927.267,1.867,Anchor Studio,72.0,"Anchor Studio: stable=0.65, symmetry=0.93, centered=False, faces=1, face_area=0.0262"
Trump-Xi_Meeting_LIVE__Key_Takeaways_from_the_Summit___The_Palki_Sharma_Show___I.mp4,578,2927.333,2931.333,4.0,Anchor Studio,72.0,"Anchor Studio: stable=0.61, symmetry=0.91, centered=False, faces=1, face_area=0.0262"
Trump-Xi_Meeting_LIVE__Key_Takeaways_from_the_Summit___The_Palki_Sharma_Show___I.mp4,579,2931.4,2936.267,4.867,Anchor Studio,72.0,"Anchor Studio: stable=0.69, symmetry=0.93, centered=False, faces=1, face_area=0.0263"
Trump-Xi_Meeting_LIVE__Key_Takeaways_from_the_Summit___The_Palki_Sharma_Show___I.mp4,580,2936.333,2936.867,0.534,Anchor Studio,82.0,"Anchor Studio: stable=0.85, symmetry=0.94, centered=False, faces=1, face_area=0.0264"
Trump-Xi_Meeting_LIVE__Key_Takeaways_from_the_Summit___The_Palki_Sharma_Show___I.mp4,581,2936.933,2950.533,13.6,Anchor Studio,94.0,"Anchor Studio: stable=0.97, symmetry=0.97, centered=True, faces=1, face_area=0.0261"
Trump-Xi_Meeting_LIVE__Key_Takeaways_from_the_Summit___The_Palki_Sharma_Show___I.mp4,582,2950.6,2975.2,24.6,Anchor Studio,84.0,"Anchor Studio: stable=0.90, symmetry=0.84, centered=True, faces=1, face_area=0.0026"
Trump-Xi_Meeting_LIVE__Key_Takeaways_from_the_Summit___The_Palki_Sharma_Show___I.mp4,583,2975.267,2976.6,1.333,Anchor Studio,82.0,"Anchor Studio: stable=0.85, symmetry=0.77, centered=True, faces=2, face_area=0.0273"
Trump-Xi_Meeting_LIVE__Key_Takeaways_from_the_Summit___The_Palki_Sharma_Show___I.mp4,584,2976.667,2982.733,6.066,Anchor Studio,94.0,"Anchor Studio: stable=0.92, symmetry=0.86, centered=True, faces=2, face_area=0.0288"
Trump-Xi_Meeting_LIVE__Key_Takeaways_from_the_Summit___The_Palki_Sharma_Show___I.mp4,585,2982.8,2985.8,3.0,Anchor Studio,94.0,"Anchor Studio: stable=0.91, symmetry=0.94, centered=True, faces=2, face_area=0.0515"
Trump-Xi_Meeting_LIVE__Key_Takeaways_from_the_Summit___The_Palki_Sharma_Show___I.mp4,586,2985.867,2988.8,2.933,Anchor Studio,82.0,"Anchor Studio: stable=0.90, symmetry=0.85, centered=False, faces=1, face_area=0.0263"
Trump-Xi_Meeting_LIVE__Key_Takeaways_from_the_Summit___The_Palki_Sharma_Show___I.mp4,587,2988.867,2990.933,2.066,Anchor Studio,84.0,"Anchor Studio: stable=0.74, symmetry=0.86, centered=True, faces=2, face_area=0.0270"
Trump-Xi_Meeting_LIVE__Key_Takeaways_from_the_Summit___The_Palki_Sharma_Show___I.mp4,588,2991.0,2993.467,2.467,Anchor Studio,82.0,"Anchor Studio: stable=0.83, symmetry=0.87, centered=False, faces=1, face_area=0.0267"
Trump-Xi_Meeting_LIVE__Key_Takeaways_from_the_Summit___The_Palki_Sharma_Show___I.mp4,589,2993.533,2994.333,0.8,Anchor Studio,72.0,"Anchor Studio: stable=0.54, symmetry=0.84, centered=False, faces=1, face_area=0.0258"
Trump-Xi_Meeting_LIVE__Key_Takeaways_from_the_Summit___The_Palki_Sharma_Show___I.mp4,590,2994.4,2997.333,2.933,Anchor Studio,82.0,"Anchor Studio: stable=0.92, symmetry=0.90, centered=False, faces=1, face_area=0.0258"
Trump-Xi_Meeting_LIVE__Key_Takeaways_from_the_Summit___The_Palki_Sharma_Show___I.mp4,591,2997.4,3000.333,2.933,Anchor Studio,82.0,"Anchor Studio: stable=0.89, symmetry=0.90, centered=False, faces=1, face_area=0.0265"
Trump-Xi_Meeting_LIVE__Key_Takeaways_from_the_Summit___The_Palki_Sharma_Show___I.mp4,592,3000.4,3003.467,3.067,Anchor Studio,82.0,"Anchor Studio: stable=0.88, symmetry=0.88, centered=False, faces=1, face_area=0.0271"
Trump-Xi_Meeting_LIVE__Key_Takeaways_from_the_Summit___The_Palki_Sharma_Show___I.mp4,593,3003.533,3006.467,2.934,Title Card,74.0,"Title Card: headline=0.6114, textcov=0.7995, stability=0.95"
Trump-Xi_Meeting_LIVE__Key_Takeaways_from_the_Summit___The_Palki_Sharma_Show___I.mp4,594,3006.533,3009.533,3.0,Anchor Studio,94.0,"Anchor Studio: stable=0.95, symmetry=0.88, centered=True, faces=2, face_area=0.0372"
Trump-Xi_Meeting_LIVE__Key_Takeaways_from_the_Summit___The_Palki_Sharma_Show___I.mp4,595,3009.6,3028.0,18.4,Anchor Studio,82.0,"Anchor Studio: stable=0.95, symmetry=0.91, centered=False, faces=1, face_area=0.0110"
Trump-Xi_Meeting_LIVE__Key_Takeaways_from_the_Summit___The_Palki_Sharma_Show___I.mp4,596,3028.067,3041.333,13.266,Anchor Studio,82.0,"Anchor Studio: stable=0.94, symmetry=0.82, centered=False, faces=1, face_area=0.0258"
Trump-Xi_Meeting_LIVE__Key_Takeaways_from_the_Summit___The_Palki_Sharma_Show___I.mp4,597,3041.4,3052.267,10.867,Anchor Studio,94.0,"Anchor Studio: stable=0.97, symmetry=0.95, centered=True, faces=1, face_area=0.0264"
Trump-Xi_Meeting_LIVE__Key_Takeaways_from_the_Summit___The_Palki_Sharma_Show___I.mp4,598,3052.333,3073.133,20.8,Anchor Studio,82.0,"Anchor Studio: stable=0.96, symmetry=0.86, centered=False, faces=1, face_area=0.0258"
Trump-Xi_Meeting_LIVE__Key_Takeaways_from_the_Summit___The_Palki_Sharma_Show___I.mp4,599,3073.2,3097.733,24.533,Anchor Studio,94.0,"Anchor Studio: stable=0.98, symmetry=0.87, centered=True, faces=1, face_area=0.0263"
Trump-Xi_Meeting_LIVE__Key_Takeaways_from_the_Summit___The_Palki_Sharma_Show___I.mp4,600,3097.8,3137.2,39.4,Anchor Studio,84.0,"Anchor Studio: stable=0.89, symmetry=0.86, centered=True, faces=1, face_area=0.0007"
Trump-Xi_Meeting_LIVE__Key_Takeaways_from_the_Summit___The_Palki_Sharma_Show___I.mp4,601,3137.267,3139.267,2.0,B-Roll,70.0,"B-Roll: motion=0.0398, edge=0.1321, face_area=0.0000, symmetry=0.93"
Trump-Xi_Meeting_LIVE__Key_Takeaways_from_the_Summit___The_Palki_Sharma_Show___I.mp4,602,3139.333,3140.933,1.6,B-Roll,70.0,"B-Roll: motion=0.0381, edge=0.1323, face_area=0.0000, symmetry=0.82"
Trump-Xi_Meeting_LIVE__Key_Takeaways_from_the_Summit___The_Palki_Sharma_Show___I.mp4,603,3141.0,3143.0,2.0,B-Roll,70.0,"B-Roll: motion=0.0371, edge=0.1412, face_area=0.0000, symmetry=0.86"
Trump-Xi_Meeting_LIVE__Key_Takeaways_from_the_Summit___The_Palki_Sharma_Show___I.mp4,604,3143.067,3144.667,1.6,Anchor Studio,62.0,"Anchor Studio: stable=0.83, symmetry=0.91, centered=False, faces=0, face_area=0.0000"
Trump-Xi_Meeting_LIVE__Key_Takeaways_from_the_Summit___The_Palki_Sharma_Show___I.mp4,605,3144.733,3151.4,6.667,B-Roll,70.0,"B-Roll: motion=0.0837, edge=0.1679, face_area=0.0000, symmetry=0.88"
Trump-Xi_Meeting_LIVE__Key_Takeaways_from_the_Summit___The_Palki_Sharma_Show___I.mp4,606,3151.467,3153.733,2.266,Title Card,78.0,"Title Card: headline=0.8411, textcov=0.9831, stability=0.80"
Trump-Xi_Meeting_LIVE__Key_Takeaways_from_the_Summit___The_Palki_Sharma_Show___I.mp4,607,3153.8,3155.067,1.267,Title Card,68.0,"Title Card: headline=0.5516, textcov=0.6477, stability=0.80"
Trump-Xi_Meeting_LIVE__Key_Takeaways_from_the_Summit___The_Palki_Sharma_Show___I.mp4,608,3155.133,3159.2,4.067,B-Roll,70.0,"B-Roll: motion=0.0720, edge=0.1822, face_area=0.0000, symmetry=0.92"
Trump-Xi_Meeting_LIVE__Key_Takeaways_from_the_Summit___The_Palki_Sharma_Show___I.mp4,609,3159.267,3160.933,1.666,Anchor Studio,62.0,"Anchor Studio: stable=0.91, symmetry=0.96, centered=False, faces=0, face_area=0.0000"
Trump-Xi_Meeting_LIVE__Key_Takeaways_from_the_Summit___The_Palki_Sharma_Show___I.mp4,610,3161.0,3163.2,2.2,B-Roll,70.0,"B-Roll: motion=0.0449, edge=0.2493, face_area=0.0000, symmetry=0.99"
Trump-Xi_Meeting_LIVE__Key_Takeaways_from_the_Summit___The_Palki_Sharma_Show___I.mp4,611,3163.267,3166.333,3.066,B-Roll,70.0,"B-Roll: motion=0.0569, edge=0.2041, face_area=0.0000, symmetry=0.94"
Trump-Xi_Meeting_LIVE__Key_Takeaways_from_the_Summit___The_Palki_Sharma_Show___I.mp4,612,3166.4,3168.6,2.2,Anchor Studio,84.0,"Anchor Studio: stable=0.59, symmetry=0.90, centered=True, faces=1, face_area=0.0235"
Trump-Xi_Meeting_LIVE__Key_Takeaways_from_the_Summit___The_Palki_Sharma_Show___I.mp4,613,3168.667,3170.267,1.6,Anchor Studio,62.0,"Anchor Studio: stable=0.87, symmetry=0.95, centered=False, faces=0, face_area=0.0000"
Trump-Xi_Meeting_LIVE__Key_Takeaways_from_the_Summit___The_Palki_Sharma_Show___I.mp4,614,3170.333,3174.667,4.334,Anchor Studio,62.0,"Anchor Studio: stable=0.86, symmetry=0.82, centered=False, faces=0, face_area=0.0000"
Trump-Xi_Meeting_LIVE__Key_Takeaways_from_the_Summit___The_Palki_Sharma_Show___I.mp4,615,3174.733,3178.267,3.534,Title Card,78.0,"Title Card: headline=0.0200, textcov=0.2134, stability=0.81"
Trump-Xi_Meeting_LIVE__Key_Takeaways_from_the_Summit___The_Palki_Sharma_Show___I.mp4,616,3178.333,3180.733,2.4,B-Roll,62.0,"B-Roll: motion=0.0245, edge=0.0724, face_area=0.0000, symmetry=0.67"
Trump-Xi_Meeting_LIVE__Key_Takeaways_from_the_Summit___The_Palki_Sharma_Show___I.mp4,617,3180.8,3182.533,1.733,Title Card,78.0,"Title Card: headline=0.7057, textcov=0.7435, stability=0.86"
Trump-Xi_Meeting_LIVE__Key_Takeaways_from_the_Summit___The_Palki_Sharma_Show___I.mp4,618,3182.6,3187.067,4.467,Title Card,78.0,"Title Card: headline=0.8013, textcov=0.9494, stability=0.84"
Trump-Xi_Meeting_LIVE__Key_Takeaways_from_the_Summit___The_Palki_Sharma_Show___I.mp4,619,3187.133,3190.2,3.067,Title Card,68.0,"Title Card: headline=0.7196, textcov=0.8733, stability=0.76"
Trump-Xi_Meeting_LIVE__Key_Takeaways_from_the_Summit___The_Palki_Sharma_Show___I.mp4,620,3190.267,3195.067,4.8,B-Roll,70.0,"B-Roll: motion=0.0353, edge=0.2363, face_area=0.0000, symmetry=0.96"
Trump-Xi_Meeting_LIVE__Key_Takeaways_from_the_Summit___The_Palki_Sharma_Show___I.mp4,621,3195.133,3196.333,1.2,Title Card,78.0,"Title Card: headline=0.3932, textcov=0.6050, stability=0.83"
Trump-Xi_Meeting_LIVE__Key_Takeaways_from_the_Summit___The_Palki_Sharma_Show___I.mp4,622,3196.4,3199.067,2.667,B-Roll,70.0,"B-Roll: motion=0.0299, edge=0.1445, face_area=0.0000, symmetry=0.98"
Trump-Xi_Meeting_LIVE__Key_Takeaways_from_the_Summit___The_Palki_Sharma_Show___I.mp4,623,3199.133,3205.667,6.534,B-Roll,70.0,"B-Roll: motion=0.0563, edge=0.1291, face_area=0.0000, symmetry=0.94"
Trump-Xi_Meeting_LIVE__Key_Takeaways_from_the_Summit___The_Palki_Sharma_Show___I.mp4,624,3205.733,3211.6,5.867,B-Roll,70.0,"B-Roll: motion=0.0529, edge=0.2396, face_area=0.0000, symmetry=0.96"
Trump-Xi_Meeting_LIVE__Key_Takeaways_from_the_Summit___The_Palki_Sharma_Show___I.mp4,625,3211.667,3213.333,1.666,B-Roll,70.0,"B-Roll: motion=0.0379, edge=0.0676, face_area=0.0000, symmetry=0.95"
Trump-Xi_Meeting_LIVE__Key_Takeaways_from_the_Summit___The_Palki_Sharma_Show___I.mp4,626,3213.4,3215.533,2.133,B-Roll,70.0,"B-Roll: motion=0.0556, edge=0.0653, face_area=0.0000, symmetry=0.93"
Trump-Xi_Meeting_LIVE__Key_Takeaways_from_the_Summit___The_Palki_Sharma_Show___I.mp4,627,3215.6,3219.0,3.4,Anchor Studio,62.0,"Anchor Studio: stable=0.84, symmetry=0.93, centered=False, faces=0, face_area=0.0000"
Trump-Xi_Meeting_LIVE__Key_Takeaways_from_the_Summit___The_Palki_Sharma_Show___I.mp4,628,3219.067,3221.733,2.666,B-Roll,70.0,"B-Roll: motion=0.0510, edge=0.0404, face_area=0.0031, symmetry=0.93"
Trump-Xi_Meeting_LIVE__Key_Takeaways_from_the_Summit___The_Palki_Sharma_Show___I.mp4,629,3221.8,3224.333,2.533,Title Card,78.0,"Title Card: headline=0.4292, textcov=0.4595, stability=0.88"
Trump-Xi_Meeting_LIVE__Key_Takeaways_from_the_Summit___The_Palki_Sharma_Show___I.mp4,630,3224.4,3227.733,3.333,Title Card,68.0,"Title Card: headline=0.6319, textcov=0.7521, stability=0.78"
Trump-Xi_Meeting_LIVE__Key_Takeaways_from_the_Summit___The_Palki_Sharma_Show___I.mp4,631,3227.8,3231.667,3.867,B-Roll,70.0,"B-Roll: motion=0.0628, edge=0.1574, face_area=0.0000, symmetry=0.95"
Trump-Xi_Meeting_LIVE__Key_Takeaways_from_the_Summit___The_Palki_Sharma_Show___I.mp4,632,3231.733,3235.4,3.667,B-Roll,70.0,"B-Roll: motion=0.1213, edge=0.2252, face_area=0.0000, symmetry=0.99"
Trump-Xi_Meeting_LIVE__Key_Takeaways_from_the_Summit___The_Palki_Sharma_Show___I.mp4,633,3235.467,3238.067,2.6,B-Roll,70.0,"B-Roll: motion=0.0943, edge=0.2105, face_area=0.0000, symmetry=0.97"
Trump-Xi_Meeting_LIVE__Key_Takeaways_from_the_Summit___The_Palki_Sharma_Show___I.mp4,634,3238.133,3240.267,2.134,Anchor Studio,62.0,"Anchor Studio: stable=0.85, symmetry=0.99, centered=False, faces=0, face_area=0.0000"
Trump-Xi_Meeting_LIVE__Key_Takeaways_from_the_Summit___The_Palki_Sharma_Show___I.mp4,635,3240.333,3244.467,4.134,Title Card,78.0,"Title Card: headline=0.6715, textcov=0.7842, stability=0.87"
Trump-Xi_Meeting_LIVE__Key_Takeaways_from_the_Summit___The_Palki_Sharma_Show___I.mp4,636,3244.533,3250.4,5.867,Title Card,68.0,"Title Card: headline=0.9548, textcov=0.9892, stability=0.79"
Trump-Xi_Meeting_LIVE__Key_Takeaways_from_the_Summit___The_Palki_Sharma_Show___I.mp4,637,3250.467,3254.733,4.266,Title Card,78.0,"Title Card: headline=0.0455, textcov=0.2068, stability=0.89"
Trump-Xi_Meeting_LIVE__Key_Takeaways_from_the_Summit___The_Palki_Sharma_Show___I.mp4,638,3254.8,3257.867,3.067,Title Card,78.0,"Title Card: headline=1.1342, textcov=1.2354, stability=0.82"
Trump-Xi_Meeting_LIVE__Key_Takeaways_from_the_Summit___The_Palki_Sharma_Show___I.mp4,639,3257.933,3264.133,6.2,B-Roll,62.0,"B-Roll: motion=0.0060, edge=0.0987, face_area=0.0000, symmetry=0.76"
Trump-Xi_Meeting_LIVE__Key_Takeaways_from_the_Summit___The_Palki_Sharma_Show___I.mp4,640,3264.2,3271.133,6.933,Title Card,78.0,"Title Card: headline=0.0275, textcov=0.2059, stability=0.84"
Trump-Xi_Meeting_LIVE__Key_Takeaways_from_the_Summit___The_Palki_Sharma_Show___I.mp4,641,3271.2,3276.533,5.333,Anchor Studio,84.0,"Anchor Studio: stable=0.83, symmetry=0.93, centered=True, faces=1, face_area=0.0052"
Trump-Xi_Meeting_LIVE__Key_Takeaways_from_the_Summit___The_Palki_Sharma_Show___I.mp4,642,3276.6,3279.133,2.533,Title Card,78.0,"Title Card: headline=0.4161, textcov=0.6535, stability=0.88"
Trump-Xi_Meeting_LIVE__Key_Takeaways_from_the_Summit___The_Palki_Sharma_Show___I.mp4,643,3279.2,3285.333,6.133,B-Roll,70.0,"B-Roll: motion=0.0755, edge=0.1892, face_area=0.0000, symmetry=0.97"
Trump-Xi_Meeting_LIVE__Key_Takeaways_from_the_Summit___The_Palki_Sharma_Show___I.mp4,644,3285.4,3289.867,4.467,B-Roll,70.0,"B-Roll: motion=0.0801, edge=0.1693, face_area=0.0000, symmetry=0.92"
Trump-Xi_Meeting_LIVE__Key_Takeaways_from_the_Summit___The_Palki_Sharma_Show___I.mp4,645,3289.933,3294.533,4.6,Anchor Studio,72.0,"Anchor Studio: stable=0.42, symmetry=0.94, centered=False, faces=1, face_area=0.0128"
Trump-Xi_Meeting_LIVE__Key_Takeaways_from_the_Summit___The_Palki_Sharma_Show___I.mp4,646,3294.6,3297.467,2.867,Title Card,78.0,"Title Card: headline=0.7393, textcov=0.8246, stability=0.81"
Trump-Xi_Meeting_LIVE__Key_Takeaways_from_the_Summit___The_Palki_Sharma_Show___I.mp4,647,3297.533,3300.733,3.2,B-Roll,70.0,"B-Roll: motion=0.0257, edge=0.1440, face_area=0.0000, symmetry=0.92"
Trump-Xi_Meeting_LIVE__Key_Takeaways_from_the_Summit___The_Palki_Sharma_Show___I.mp4,648,3300.8,3302.667,1.867,B-Roll,70.0,"B-Roll: motion=0.0364, edge=0.1717, face_area=0.0000, symmetry=0.89"
Trump-Xi_Meeting_LIVE__Key_Takeaways_from_the_Summit___The_Palki_Sharma_Show___I.mp4,649,3302.733,3310.267,7.534,Title Card,78.0,"Title Card: headline=0.3110, textcov=0.4199, stability=0.89"
Trump-Xi_Meeting_LIVE__Key_Takeaways_from_the_Summit___The_Palki_Sharma_Show___I.mp4,650,3310.333,3316.867,6.534,Title Card,78.0,"Title Card: headline=0.1663, textcov=0.3437, stability=0.84"
Trump-Xi_Meeting_LIVE__Key_Takeaways_from_the_Summit___The_Palki_Sharma_Show___I.mp4,651,3316.933,3320.133,3.2,Title Card,78.0,"Title Card: headline=0.3844, textcov=0.5882, stability=0.82"
Trump-Xi_Meeting_LIVE__Key_Takeaways_from_the_Summit___The_Palki_Sharma_Show___I.mp4,652,3320.2,3321.733,1.533,Title Card,78.0,"Title Card: headline=0.8480, textcov=0.9651, stability=0.83"
Trump-Xi_Meeting_LIVE__Key_Takeaways_from_the_Summit___The_Palki_Sharma_Show___I.mp4,653,3321.8,3324.867,3.067,B-Roll,70.0,"B-Roll: motion=0.0271, edge=0.0980, face_area=0.0000, symmetry=0.84"
Trump-Xi_Meeting_LIVE__Key_Takeaways_from_the_Summit___The_Palki_Sharma_Show___I.mp4,654,3324.933,3325.933,1.0,B-Roll,70.0,"B-Roll: motion=0.0364, edge=0.1564, face_area=0.0000, symmetry=0.83"
Trump-Xi_Meeting_LIVE__Key_Takeaways_from_the_Summit___The_Palki_Sharma_Show___I.mp4,655,3326.0,3326.6,0.6,B-Roll,70.0,"B-Roll: motion=0.0333, edge=0.1462, face_area=0.0000, symmetry=0.84"
Trump-Xi_Meeting_LIVE__Key_Takeaways_from_the_Summit___The_Palki_Sharma_Show___I.mp4,656,3326.667,3330.2,3.533,Title Card,78.0,"Title Card: headline=0.0226, textcov=0.2743, stability=0.92"
Trump-Xi_Meeting_LIVE__Key_Takeaways_from_the_Summit___The_Palki_Sharma_Show___I.mp4,657,3330.267,3333.467,3.2,Anchor Studio,84.0,"Anchor Studio: stable=0.81, symmetry=0.97, centered=True, faces=1, face_area=0.0025"
Trump-Xi_Meeting_LIVE__Key_Takeaways_from_the_Summit___The_Palki_Sharma_Show___I.mp4,658,3333.533,3336.533,3.0,Title Card,68.0,"Title Card: headline=0.9957, textcov=1.0536, stability=0.76"
Trump-Xi_Meeting_LIVE__Key_Takeaways_from_the_Summit___The_Palki_Sharma_Show___I.mp4,659,3336.6,3338.067,1.467,B-Roll,70.0,"B-Roll: motion=0.0352, edge=0.1063, face_area=0.0000, symmetry=0.91"
Trump-Xi_Meeting_LIVE__Key_Takeaways_from_the_Summit___The_Palki_Sharma_Show___I.mp4,660,3338.133,3340.0,1.867,B-Roll,70.0,"B-Roll: motion=0.0268, edge=0.1580, face_area=0.0000, symmetry=0.93"
Trump-Xi_Meeting_LIVE__Key_Takeaways_from_the_Summit___The_Palki_Sharma_Show___I.mp4,661,3340.067,3343.933,3.866,Anchor Studio,74.0,"Anchor Studio: stable=0.00, symmetry=0.87, centered=True, faces=1, face_area=0.0059"
Trump-Xi_Meeting_LIVE__Key_Takeaways_from_the_Summit___The_Palki_Sharma_Show___I.mp4,662,3344.0,3348.267,4.267,Title Card,68.0,"Title Card: headline=0.4934, textcov=0.5593, stability=0.79"
Trump-Xi_Meeting_LIVE__Key_Takeaways_from_the_Summit___The_Palki_Sharma_Show___I.mp4,663,3348.333,3356.333,8.0,Title Card,78.0,"Title Card: headline=0.3619, textcov=0.4834, stability=0.83"
Trump-Xi_Meeting_LIVE__Key_Takeaways_from_the_Summit___The_Palki_Sharma_Show___I.mp4,664,3356.4,3371.4,15.0,Anchor Studio,84.0,"Anchor Studio: stable=0.87, symmetry=0.94, centered=True, faces=1, face_area=0.0093"
Trump-Xi_Meeting_LIVE__Key_Takeaways_from_the_Summit___The_Palki_Sharma_Show___I.mp4,665,3371.467,3375.667,4.2,Anchor Studio,82.0,"Anchor Studio: stable=0.91, symmetry=0.93, centered=False, faces=1, face_area=0.0260"
Trump-Xi_Meeting_LIVE__Key_Takeaways_from_the_Summit___The_Palki_Sharma_Show___I.mp4,666,3375.733,3376.533,0.8,Field Report,68.0,"Field Report: motion=0.0361, faces=1, centered=False, symmetry=0.56"
Trump-Xi_Meeting_LIVE__Key_Takeaways_from_the_Summit___The_Palki_Sharma_Show___I.mp4,667,3376.6,3379.333,2.733,Anchor Studio,82.0,"Anchor Studio: stable=0.95, symmetry=0.91, centered=False, faces=1, face_area=0.0261"
Trump-Xi_Meeting_LIVE__Key_Takeaways_from_the_Summit___The_Palki_Sharma_Show___I.mp4,668,3379.4,3381.933,2.533,Anchor Studio,82.0,"Anchor Studio: stable=0.82, symmetry=0.90, centered=False, faces=1, face_area=0.0259"
Trump-Xi_Meeting_LIVE__Key_Takeaways_from_the_Summit___The_Palki_Sharma_Show___I.mp4,669,3382.0,3382.8,0.8,Field Report,68.0,"Field Report: motion=0.0425, faces=1, centered=False, symmetry=0.67"
Trump-Xi_Meeting_LIVE__Key_Takeaways_from_the_Summit___The_Palki_Sharma_Show___I.mp4,670,3382.867,3387.733,4.866,Anchor Studio,94.0,"Anchor Studio: stable=0.95, symmetry=0.92, centered=True, faces=2, face_area=0.0282"
Trump-Xi_Meeting_LIVE__Key_Takeaways_from_the_Summit___The_Palki_Sharma_Show___I.mp4,671,3387.8,3391.133,3.333,Anchor Studio,72.0,"Anchor Studio: stable=0.70, symmetry=0.83, centered=False, faces=1, face_area=0.0248"
Trump-Xi_Meeting_LIVE__Key_Takeaways_from_the_Summit___The_Palki_Sharma_Show___I.mp4,672,3391.2,3394.8,3.6,Anchor Studio,82.0,"Anchor Studio: stable=0.95, symmetry=0.98, centered=False, faces=1, face_area=0.0256"
Trump-Xi_Meeting_LIVE__Key_Takeaways_from_the_Summit___The_Palki_Sharma_Show___I.mp4,673,3394.867,3395.867,1.0,Field Report,68.0,"Field Report: motion=0.0296, faces=1, centered=False, symmetry=0.64"
Trump-Xi_Meeting_LIVE__Key_Takeaways_from_the_Summit___The_Palki_Sharma_Show___I.mp4,674,3395.933,3401.533,5.6,Anchor Studio,82.0,"Anchor Studio: stable=0.93, symmetry=0.89, centered=False, faces=1, face_area=0.0253"
Trump-Xi_Meeting_LIVE__Key_Takeaways_from_the_Summit___The_Palki_Sharma_Show___I.mp4,675,3401.6,3402.467,0.867,Field Report,68.0,"Field Report: motion=0.0272, faces=1, centered=False, symmetry=0.49"
Trump-Xi_Meeting_LIVE__Key_Takeaways_from_the_Summit___The_Palki_Sharma_Show___I.mp4,676,3402.533,3407.467,4.934,Anchor Studio,94.0,"Anchor Studio: stable=0.94, symmetry=0.94, centered=True, faces=2, face_area=0.0267"
Trump-Xi_Meeting_LIVE__Key_Takeaways_from_the_Summit___The_Palki_Sharma_Show___I.mp4,677,3407.533,3409.0,1.467,Anchor Studio,70.0,"Anchor Studio: stable=0.79, symmetry=0.63, centered=False, faces=1, face_area=0.0264"
Trump-Xi_Meeting_LIVE__Key_Takeaways_from_the_Summit___The_Palki_Sharma_Show___I.mp4,678,3409.067,3409.6,0.533,Anchor Studio,82.0,"Anchor Studio: stable=0.95, symmetry=0.94, centered=False, faces=1, face_area=0.0260"
Trump-Xi_Meeting_LIVE__Key_Takeaways_from_the_Summit___The_Palki_Sharma_Show___I.mp4,679,3409.667,3416.067,6.4,Title Card,74.0,"Title Card: headline=0.6266, textcov=0.8388, stability=0.90"
Trump-Xi_Meeting_LIVE__Key_Takeaways_from_the_Summit___The_Palki_Sharma_Show___I.mp4,680,3416.133,3424.267,8.134,Anchor Studio,82.0,"Anchor Studio: stable=0.90, symmetry=0.74, centered=True, faces=2, face_area=0.0279"
Trump-Xi_Meeting_LIVE__Key_Takeaways_from_the_Summit___The_Palki_Sharma_Show___I.mp4,681,3424.333,3431.6,7.267,Title Card,74.0,"Title Card: headline=0.6903, textcov=0.7802, stability=0.94"
Trump-Xi_Meeting_LIVE__Key_Takeaways_from_the_Summit___The_Palki_Sharma_Show___I.mp4,682,3431.667,3436.6,4.933,Anchor Studio,94.0,"Anchor Studio: stable=0.92, symmetry=0.88, centered=True, faces=2, face_area=0.0514"
Trump-Xi_Meeting_LIVE__Key_Takeaways_from_the_Summit___The_Palki_Sharma_Show___I.mp4,683,3436.667,3438.533,1.866,Title Card,74.0,"Title Card: headline=0.9137, textcov=0.9827, stability=0.88"
Trump-Xi_Meeting_LIVE__Key_Takeaways_from_the_Summit___The_Palki_Sharma_Show___I.mp4,684,3438.6,3444.8,6.2,Anchor Studio,82.0,"Anchor Studio: stable=0.92, symmetry=0.85, centered=False, faces=1, face_area=0.0255"
Trump-Xi_Meeting_LIVE__Key_Takeaways_from_the_Summit___The_Palki_Sharma_Show___I.mp4,685,3444.867,3451.533,6.666,Title Card,74.0,"Title Card: headline=0.2926, textcov=0.5879, stability=0.92"
Trump-Xi_Meeting_LIVE__Key_Takeaways_from_the_Summit___The_Palki_Sharma_Show___I.mp4,686,3451.6,3455.0,3.4,Anchor Studio,82.0,"Anchor Studio: stable=0.83, symmetry=0.91, centered=False, faces=1, face_area=0.0263"
Trump-Xi_Meeting_LIVE__Key_Takeaways_from_the_Summit___The_Palki_Sharma_Show___I.mp4,687,3455.067,3461.533,6.466,Anchor Studio,82.0,"Anchor Studio: stable=0.95, symmetry=0.87, centered=False, faces=1, face_area=0.0259"
Trump-Xi_Meeting_LIVE__Key_Takeaways_from_the_Summit___The_Palki_Sharma_Show___I.mp4,688,3461.6,3475.867,14.267,Anchor Studio,94.0,"Anchor Studio: stable=0.95, symmetry=0.95, centered=True, faces=1, face_area=0.0254"
Trump-Xi_Meeting_LIVE__Key_Takeaways_from_the_Summit___The_Palki_Sharma_Show___I.mp4,689,3475.933,3480.533,4.6,Anchor Studio,82.0,"Anchor Studio: stable=0.80, symmetry=0.82, centered=False, faces=1, face_area=0.0260"
Trump-Xi_Meeting_LIVE__Key_Takeaways_from_the_Summit___The_Palki_Sharma_Show___I.mp4,690,3480.6,3484.533,3.933,Anchor Studio,82.0,"Anchor Studio: stable=0.76, symmetry=0.95, centered=False, faces=1, face_area=0.0263"
Trump-Xi_Meeting_LIVE__Key_Takeaways_from_the_Summit___The_Palki_Sharma_Show___I.mp4,691,3484.6,3489.333,4.733,Title Card,74.0,"Title Card: headline=0.5369, textcov=0.6259, stability=0.92"
Trump-Xi_Meeting_LIVE__Key_Takeaways_from_the_Summit___The_Palki_Sharma_Show___I.mp4,692,3489.4,3494.467,5.067,Anchor Studio,94.0,"Anchor Studio: stable=0.83, symmetry=0.98, centered=True, faces=2, face_area=0.0377"
Trump-Xi_Meeting_LIVE__Key_Takeaways_from_the_Summit___The_Palki_Sharma_Show___I.mp4,693,3494.533,3500.4,5.867,Title Card,74.0,"Title Card: headline=0.7628, textcov=0.9362, stability=0.93"
Trump-Xi_Meeting_LIVE__Key_Takeaways_from_the_Summit___The_Palki_Sharma_Show___I.mp4,694,3500.467,3504.333,3.866,Anchor Studio,94.0,"Anchor Studio: stable=0.91, symmetry=0.95, centered=True, faces=2, face_area=0.0711"
Trump-Xi_Meeting_LIVE__Key_Takeaways_from_the_Summit___The_Palki_Sharma_Show___I.mp4,695,3504.4,3506.733,2.333,Anchor Studio,82.0,"Anchor Studio: stable=0.94, symmetry=0.92, centered=False, faces=1, face_area=0.0267"
Trump-Xi_Meeting_LIVE__Key_Takeaways_from_the_Summit___The_Palki_Sharma_Show___I.mp4,696,3506.8,3513.533,6.733,Anchor Studio,82.0,"Anchor Studio: stable=0.81, symmetry=0.90, centered=False, faces=1, face_area=0.0250"
Trump-Xi_Meeting_LIVE__Key_Takeaways_from_the_Summit___The_Palki_Sharma_Show___I.mp4,697,3513.6,3517.867,4.267,Anchor Studio,94.0,"Anchor Studio: stable=0.87, symmetry=0.97, centered=True, faces=2, face_area=0.0456"
Trump-Xi_Meeting_LIVE__Key_Takeaways_from_the_Summit___The_Palki_Sharma_Show___I.mp4,698,3517.933,3527.733,9.8,Title Card,74.0,"Title Card: headline=0.6621, textcov=0.8142, stability=0.90"
Trump-Xi_Meeting_LIVE__Key_Takeaways_from_the_Summit___The_Palki_Sharma_Show___I.mp4,699,3527.8,3530.4,2.6,Anchor Studio,70.0,"Anchor Studio: stable=0.78, symmetry=0.66, centered=False, faces=1, face_area=0.0257"
Trump-Xi_Meeting_LIVE__Key_Takeaways_from_the_Summit___The_Palki_Sharma_Show___I.mp4,700,3530.467,3532.067,1.6,Field Report,68.0,"Field Report: motion=0.0298, faces=1, centered=False, symmetry=0.59"
Trump-Xi_Meeting_LIVE__Key_Takeaways_from_the_Summit___The_Palki_Sharma_Show___I.mp4,701,3532.133,3537.867,5.734,Anchor Studio,82.0,"Anchor Studio: stable=0.88, symmetry=0.84, centered=False, faces=1, face_area=0.0255"
Trump-Xi_Meeting_LIVE__Key_Takeaways_from_the_Summit___The_Palki_Sharma_Show___I.mp4,702,3537.933,3541.6,3.667,Anchor Studio,94.0,"Anchor Studio: stable=0.95, symmetry=0.95, centered=True, faces=2, face_area=0.0260"
Trump-Xi_Meeting_LIVE__Key_Takeaways_from_the_Summit___The_Palki_Sharma_Show___I.mp4,703,3541.667,3546.6,4.933,Anchor Studio,72.0,"Anchor Studio: stable=0.70, symmetry=0.89, centered=False, faces=1, face_area=0.0249"
Trump-Xi_Meeting_LIVE__Key_Takeaways_from_the_Summit___The_Palki_Sharma_Show___I.mp4,704,3546.667,3552.733,6.066,Field Report,68.0,"Field Report: motion=0.0262, faces=1, centered=False, symmetry=0.77"
Trump-Xi_Meeting_LIVE__Key_Takeaways_from_the_Summit___The_Palki_Sharma_Show___I.mp4,705,3552.8,3559.333,6.533,Anchor Studio,84.0,"Anchor Studio: stable=0.75, symmetry=0.81, centered=True, faces=2, face_area=0.0259"
Trump-Xi_Meeting_LIVE__Key_Takeaways_from_the_Summit___The_Palki_Sharma_Show___I.mp4,706,3559.4,3560.067,0.667,Anchor Studio,72.0,"Anchor Studio: stable=0.23, symmetry=0.70, centered=True, faces=2, face_area=0.0271"
Trump-Xi_Meeting_LIVE__Key_Takeaways_from_the_Summit___The_Palki_Sharma_Show___I.mp4,707,3560.133,3565.0,4.867,Anchor Studio,94.0,"Anchor Studio: stable=0.95, symmetry=0.93, centered=True, faces=2, face_area=0.0276"
Trump-Xi_Meeting_LIVE__Key_Takeaways_from_the_Summit___The_Palki_Sharma_Show___I.mp4,708,3565.067,3566.667,1.6,Field Report,68.0,"Field Report: motion=0.0302, faces=1, centered=False, symmetry=0.67"
Trump-Xi_Meeting_LIVE__Key_Takeaways_from_the_Summit___The_Palki_Sharma_Show___I.mp4,709,3566.733,3571.667,4.934,Anchor Studio,82.0,"Anchor Studio: stable=0.93, symmetry=0.82, centered=False, faces=1, face_area=0.0256"
Trump-Xi_Meeting_LIVE__Key_Takeaways_from_the_Summit___The_Palki_Sharma_Show___I.mp4,710,3571.733,3572.533,0.8,Field Report,68.0,"Field Report: motion=0.0438, faces=1, centered=False, symmetry=0.76"
Trump-Xi_Meeting_LIVE__Key_Takeaways_from_the_Summit___The_Palki_Sharma_Show___I.mp4,711,3572.6,3577.933,5.333,Anchor Studio,94.0,"Anchor Studio: stable=0.89, symmetry=0.98, centered=True, faces=2, face_area=0.0438"
Trump-Xi_Meeting_LIVE__Key_Takeaways_from_the_Summit___The_Palki_Sharma_Show___I.mp4,712,3578.0,3578.733,0.733,Field Report,68.0,"Field Report: motion=0.0417, faces=1, centered=False, symmetry=0.78"
Trump-Xi_Meeting_LIVE__Key_Takeaways_from_the_Summit___The_Palki_Sharma_Show___I.mp4,713,3578.8,3581.667,2.867,Anchor Studio,82.0,"Anchor Studio: stable=0.90, symmetry=0.92, centered=False, faces=1, face_area=0.0257"
Trump-Xi_Meeting_LIVE__Key_Takeaways_from_the_Summit___The_Palki_Sharma_Show___I.mp4,714,3581.733,3598.733,17.0,Anchor Studio,94.0,"Anchor Studio: stable=0.96, symmetry=0.94, centered=True, faces=1, face_area=0.0257"
Trump-Xi_Meeting_LIVE__Key_Takeaways_from_the_Summit___The_Palki_Sharma_Show___I.mp4,715,3598.8,3602.733,3.933,Anchor Studio,82.0,"Anchor Studio: stable=0.93, symmetry=0.99, centered=False, faces=1, face_area=0.0263"
Trump-Xi_Meeting_LIVE__Key_Takeaways_from_the_Summit___The_Palki_Sharma_Show___I.mp4,716,3602.8,3607.733,4.933,Anchor Studio,94.0,"Anchor Studio: stable=0.94, symmetry=0.95, centered=True, faces=2, face_area=0.0284"
Trump-Xi_Meeting_LIVE__Key_Takeaways_from_the_Summit___The_Palki_Sharma_Show___I.mp4,717,3607.8,3610.8,3.0,Anchor Studio,94.0,"Anchor Studio: stable=0.88, symmetry=0.95, centered=True, faces=1, face_area=0.0260"
Trump-Xi_Meeting_LIVE__Key_Takeaways_from_the_Summit___The_Palki_Sharma_Show___I.mp4,718,3610.867,3628.333,17.466,Anchor Studio,94.0,"Anchor Studio: stable=0.98, symmetry=0.90, centered=True, faces=1, face_area=0.0257"
Trump-Xi_Meeting_LIVE__Key_Takeaways_from_the_Summit___The_Palki_Sharma_Show___I.mp4,719,3628.4,3634.467,6.067,B-Roll,70.0,"B-Roll: motion=0.0395, edge=0.0191, face_area=0.0000, symmetry=0.92"
Trump-Xi_Meeting_LIVE__Key_Takeaways_from_the_Summit___The_Palki_Sharma_Show___I.mp4,720,3634.533,3648.6,14.067,Anchor Studio,94.0,"Anchor Studio: stable=0.94, symmetry=0.85, centered=True, faces=1, face_area=0.0261"
Trump-Xi_Meeting_LIVE__Key_Takeaways_from_the_Summit___The_Palki_Sharma_Show___I.mp4,721,3648.667,3717.867,69.2,Anchor Studio,84.0,"Anchor Studio: stable=0.91, symmetry=0.87, centered=True, faces=1, face_area=0.0014"
Trump-Xi_Meeting_LIVE__Key_Takeaways_from_the_Summit___The_Palki_Sharma_Show___I.mp4,722,3717.933,3722.0,4.067,Anchor Studio,94.0,"Anchor Studio: stable=0.89, symmetry=0.92, centered=True, faces=2, face_area=0.0260"
Trump-Xi_Meeting_LIVE__Key_Takeaways_from_the_Summit___The_Palki_Sharma_Show___I.mp4,723,3722.067,3745.067,23.0,Anchor Studio,82.0,"Anchor Studio: stable=0.88, symmetry=0.75, centered=True, faces=1, face_area=0.0195"
Trump-Xi_Meeting_LIVE__Key_Takeaways_from_the_Summit___The_Palki_Sharma_Show___I.mp4,724,3745.133,3747.267,2.134,Title Card,78.0,"Title Card: headline=0.2364, textcov=0.3718, stability=0.86"
Trump-Xi_Meeting_LIVE__Key_Takeaways_from_the_Summit___The_Palki_Sharma_Show___I.mp4,725,3747.333,3752.133,4.8,B-Roll,70.0,"B-Roll: motion=0.0268, edge=0.1609, face_area=0.0000, symmetry=0.89"
Trump-Xi_Meeting_LIVE__Key_Takeaways_from_the_Summit___The_Palki_Sharma_Show___I.mp4,726,3752.2,3763.933,11.733,Anchor Studio,84.0,"Anchor Studio: stable=0.71, symmetry=0.87, centered=True, faces=4, face_area=0.0120"
Trump-Xi_Meeting_LIVE__Key_Takeaways_from_the_Summit___The_Palki_Sharma_Show___I.mp4,727,3764.0,3767.467,3.467,Title Card,68.0,"Title Card: headline=0.3927, textcov=0.5004, stability=0.78"
Trump-Xi_Meeting_LIVE__Key_Takeaways_from_the_Summit___The_Palki_Sharma_Show___I.mp4,728,3767.533,3771.267,3.734,Anchor Studio,74.0,"Anchor Studio: stable=0.17, symmetry=0.91, centered=True, faces=1, face_area=0.0048"
Trump-Xi_Meeting_LIVE__Key_Takeaways_from_the_Summit___The_Palki_Sharma_Show___I.mp4,729,3771.333,3773.667,2.334,B-Roll,70.0,"B-Roll: motion=0.0273, edge=0.0603, face_area=0.0000, symmetry=0.93"
Trump-Xi_Meeting_LIVE__Key_Takeaways_from_the_Summit___The_Palki_Sharma_Show___I.mp4,730,3773.733,3776.467,2.734,B-Roll,70.0,"B-Roll: motion=0.0996, edge=0.1987, face_area=0.0000, symmetry=0.76"
Trump-Xi_Meeting_LIVE__Key_Takeaways_from_the_Summit___The_Palki_Sharma_Show___I.mp4,731,3776.533,3779.467,2.934,B-Roll,70.0,"B-Roll: motion=0.0520, edge=0.1476, face_area=0.0000, symmetry=0.92"
Trump-Xi_Meeting_LIVE__Key_Takeaways_from_the_Summit___The_Palki_Sharma_Show___I.mp4,732,3779.533,3783.667,4.134,B-Roll,70.0,"B-Roll: motion=0.0307, edge=0.0959, face_area=0.0000, symmetry=0.66"
Trump-Xi_Meeting_LIVE__Key_Takeaways_from_the_Summit___The_Palki_Sharma_Show___I.mp4,733,3783.733,3786.467,2.734,Title Card,78.0,"Title Card: headline=0.9301, textcov=1.0426, stability=0.92"
Trump-Xi_Meeting_LIVE__Key_Takeaways_from_the_Summit___The_Palki_Sharma_Show___I.mp4,734,3786.533,3788.933,2.4,B-Roll,70.0,"B-Roll: motion=0.0509, edge=0.1843, face_area=0.0000, symmetry=0.87"
Trump-Xi_Meeting_LIVE__Key_Takeaways_from_the_Summit___The_Palki_Sharma_Show___I.mp4,735,3789.0,3790.533,1.533,B-Roll,70.0,"B-Roll: motion=0.1170, edge=0.1332, face_area=0.0000, symmetry=0.89"
Trump-Xi_Meeting_LIVE__Key_Takeaways_from_the_Summit___The_Palki_Sharma_Show___I.mp4,736,3790.6,3792.267,1.667,B-Roll,70.0,"B-Roll: motion=0.0508, edge=0.1246, face_area=0.0000, symmetry=0.94"
Trump-Xi_Meeting_LIVE__Key_Takeaways_from_the_Summit___The_Palki_Sharma_Show___I.mp4,737,3792.333,3795.467,3.134,Title Card,78.0,"Title Card: headline=0.2630, textcov=0.6938, stability=0.82"
Trump-Xi_Meeting_LIVE__Key_Takeaways_from_the_Summit___The_Palki_Sharma_Show___I.mp4,738,3795.533,3799.667,4.134,Title Card,68.0,"Title Card: headline=0.4701, textcov=0.5593, stability=0.76"
Trump-Xi_Meeting_LIVE__Key_Takeaways_from_the_Summit___The_Palki_Sharma_Show___I.mp4,739,3799.733,3800.733,1.0,B-Roll,70.0,"B-Roll: motion=0.0542, edge=0.0988, face_area=0.0000, symmetry=0.69"
Trump-Xi_Meeting_LIVE__Key_Takeaways_from_the_Summit___The_Palki_Sharma_Show___I.mp4,740,3800.8,3801.667,0.867,B-Roll,70.0,"B-Roll: motion=0.0425, edge=0.0731, face_area=0.0000, symmetry=0.89"
Trump-Xi_Meeting_LIVE__Key_Takeaways_from_the_Summit___The_Palki_Sharma_Show___I.mp4,741,3801.733,3805.6,3.867,Anchor Studio,84.0,"Anchor Studio: stable=0.63, symmetry=0.95, centered=True, faces=2, face_area=0.0568"
Trump-Xi_Meeting_LIVE__Key_Takeaways_from_the_Summit___The_Palki_Sharma_Show___I.mp4,742,3805.667,3808.6,2.933,B-Roll,70.0,"B-Roll: motion=0.0266, edge=0.1576, face_area=0.0000, symmetry=0.96"
Trump-Xi_Meeting_LIVE__Key_Takeaways_from_the_Summit___The_Palki_Sharma_Show___I.mp4,743,3808.667,3811.533,2.866,Anchor Studio,74.0,"Anchor Studio: stable=0.54, symmetry=0.96, centered=True, faces=1, face_area=0.0021"
Trump-Xi_Meeting_LIVE__Key_Takeaways_from_the_Summit___The_Palki_Sharma_Show___I.mp4,744,3811.6,3814.733,3.133,B-Roll,70.0,"B-Roll: motion=0.0387, edge=0.0812, face_area=0.0000, symmetry=0.90"
Trump-Xi_Meeting_LIVE__Key_Takeaways_from_the_Summit___The_Palki_Sharma_Show___I.mp4,745,3814.8,3817.667,2.867,B-Roll,70.0,"B-Roll: motion=0.0285, edge=0.0634, face_area=0.0000, symmetry=0.59"
Trump-Xi_Meeting_LIVE__Key_Takeaways_from_the_Summit___The_Palki_Sharma_Show___I.mp4,746,3817.733,3820.667,2.934,B-Roll,70.0,"B-Roll: motion=0.0537, edge=0.1120, face_area=0.0000, symmetry=0.94"
Trump-Xi_Meeting_LIVE__Key_Takeaways_from_the_Summit___The_Palki_Sharma_Show___I.mp4,747,3820.733,3823.133,2.4,Anchor Studio,62.0,"Anchor Studio: stable=0.80, symmetry=0.82, centered=False, faces=0, face_area=0.0000"
Trump-Xi_Meeting_LIVE__Key_Takeaways_from_the_Summit___The_Palki_Sharma_Show___I.mp4,748,3823.2,3824.8,1.6,Title Card,78.0,"Title Card: headline=0.5080, textcov=0.6739, stability=0.84"
Trump-Xi_Meeting_LIVE__Key_Takeaways_from_the_Summit___The_Palki_Sharma_Show___I.mp4,749,3824.867,3826.733,1.866,Title Card,78.0,"Title Card: headline=0.4711, textcov=0.6323, stability=0.85"
Trump-Xi_Meeting_LIVE__Key_Takeaways_from_the_Summit___The_Palki_Sharma_Show___I.mp4,750,3826.8,3832.667,5.867,Anchor Studio,74.0,"Anchor Studio: stable=0.55, symmetry=0.95, centered=True, faces=1, face_area=0.0042"
Trump-Xi_Meeting_LIVE__Key_Takeaways_from_the_Summit___The_Palki_Sharma_Show___I.mp4,751,3832.733,3834.0,1.267,Title Card,78.0,"Title Card: headline=1.3160, textcov=1.3633, stability=0.82"
Trump-Xi_Meeting_LIVE__Key_Takeaways_from_the_Summit___The_Palki_Sharma_Show___I.mp4,752,3834.067,3836.467,2.4,B-Roll,70.0,"B-Roll: motion=0.0405, edge=0.1722, face_area=0.0000, symmetry=0.98"
Trump-Xi_Meeting_LIVE__Key_Takeaways_from_the_Summit___The_Palki_Sharma_Show___I.mp4,753,3836.533,3838.733,2.2,Title Card,78.0,"Title Card: headline=0.5413, textcov=0.7737, stability=0.90"
Trump-Xi_Meeting_LIVE__Key_Takeaways_from_the_Summit___The_Palki_Sharma_Show___I.mp4,754,3838.8,3842.667,3.867,Title Card,68.0,"Title Card: headline=0.6366, textcov=0.8886, stability=0.80"
Trump-Xi_Meeting_LIVE__Key_Takeaways_from_the_Summit___The_Palki_Sharma_Show___I.mp4,755,3842.733,3844.4,1.667,B-Roll,70.0,"B-Roll: motion=0.0292, edge=0.1456, face_area=0.0000, symmetry=0.74"
Trump-Xi_Meeting_LIVE__Key_Takeaways_from_the_Summit___The_Palki_Sharma_Show___I.mp4,756,3844.467,3846.333,1.866,Title Card,78.0,"Title Card: headline=0.4735, textcov=0.7345, stability=0.88"
Trump-Xi_Meeting_LIVE__Key_Takeaways_from_the_Summit___The_Palki_Sharma_Show___I.mp4,757,3846.4,3850.667,4.267,B-Roll,70.0,"B-Roll: motion=0.0548, edge=0.1754, face_area=0.0000, symmetry=0.98"
Trump-Xi_Meeting_LIVE__Key_Takeaways_from_the_Summit___The_Palki_Sharma_Show___I.mp4,758,3850.733,3851.867,1.134,B-Roll,70.0,"B-Roll: motion=0.0429, edge=0.1765, face_area=0.0000, symmetry=0.93"
Trump-Xi_Meeting_LIVE__Key_Takeaways_from_the_Summit___The_Palki_Sharma_Show___I.mp4,759,3851.933,3855.133,3.2,B-Roll,70.0,"B-Roll: motion=0.0377, edge=0.2270, face_area=0.0000, symmetry=0.97"
Trump-Xi_Meeting_LIVE__Key_Takeaways_from_the_Summit___The_Palki_Sharma_Show___I.mp4,760,3855.2,3858.267,3.067,B-Roll,70.0,"B-Roll: motion=0.0482, edge=0.1961, face_area=0.0000, symmetry=0.97"
Trump-Xi_Meeting_LIVE__Key_Takeaways_from_the_Summit___The_Palki_Sharma_Show___I.mp4,761,3858.333,3861.733,3.4,B-Roll,70.0,"B-Roll: motion=0.0258, edge=0.2369, face_area=0.0000, symmetry=0.98"
Trump-Xi_Meeting_LIVE__Key_Takeaways_from_the_Summit___The_Palki_Sharma_Show___I.mp4,762,3861.8,3863.133,1.333,B-Roll,70.0,"B-Roll: motion=0.0412, edge=0.1530, face_area=0.0000, symmetry=0.99"
Trump-Xi_Meeting_LIVE__Key_Takeaways_from_the_Summit___The_Palki_Sharma_Show___I.mp4,763,3863.2,3864.667,1.467,Anchor Studio,74.0,"Anchor Studio: stable=0.33, symmetry=0.86, centered=True, faces=1, face_area=0.0066"
Trump-Xi_Meeting_LIVE__Key_Takeaways_from_the_Summit___The_Palki_Sharma_Show___I.mp4,764,3864.733,3865.267,0.534,Anchor Studio,84.0,"Anchor Studio: stable=0.54, symmetry=0.87, centered=True, faces=2, face_area=0.0692"
Trump-Xi_Meeting_LIVE__Key_Takeaways_from_the_Summit___The_Palki_Sharma_Show___I.mp4,765,3865.333,3865.867,0.534,Anchor Studio,84.0,"Anchor Studio: stable=0.72, symmetry=0.92, centered=True, faces=1, face_area=0.0220"
Trump-Xi_Meeting_LIVE__Key_Takeaways_from_the_Summit___The_Palki_Sharma_Show___I.mp4,766,3865.933,3867.533,1.6,B-Roll,70.0,"B-Roll: motion=0.0644, edge=0.0271, face_area=0.0000, symmetry=0.73"
Trump-Xi_Meeting_LIVE__Key_Takeaways_from_the_Summit___The_Palki_Sharma_Show___I.mp4,767,3867.6,3869.467,1.867,B-Roll,70.0,"B-Roll: motion=0.0651, edge=0.0268, face_area=0.0000, symmetry=0.84"
Trump-Xi_Meeting_LIVE__Key_Takeaways_from_the_Summit___The_Palki_Sharma_Show___I.mp4,768,3869.533,3871.067,1.534,B-Roll,70.0,"B-Roll: motion=0.0724, edge=0.0597, face_area=0.0000, symmetry=0.89"
Trump-Xi_Meeting_LIVE__Key_Takeaways_from_the_Summit___The_Palki_Sharma_Show___I.mp4,769,3871.133,3872.4,1.267,B-Roll,70.0,"B-Roll: motion=0.0369, edge=0.0694, face_area=0.0010, symmetry=0.87"
Trump-Xi_Meeting_LIVE__Key_Takeaways_from_the_Summit___The_Palki_Sharma_Show___I.mp4,770,3872.467,3874.067,1.6,B-Roll,70.0,"B-Roll: motion=0.0562, edge=0.0266, face_area=0.0000, symmetry=0.84"
Trump-Xi_Meeting_LIVE__Key_Takeaways_from_the_Summit___The_Palki_Sharma_Show___I.mp4,771,3874.133,3874.867,0.734,B-Roll,70.0,"B-Roll: motion=0.0629, edge=0.0485, face_area=0.0000, symmetry=0.85"
Trump-Xi_Meeting_LIVE__Key_Takeaways_from_the_Summit___The_Palki_Sharma_Show___I.mp4,772,3874.933,3875.867,0.934,B-Roll,70.0,"B-Roll: motion=0.0846, edge=0.0388, face_area=0.0000, symmetry=0.87"
Trump-Xi_Meeting_LIVE__Key_Takeaways_from_the_Summit___The_Palki_Sharma_Show___I.mp4,773,3875.933,3877.533,1.6,B-Roll,70.0,"B-Roll: motion=0.0510, edge=0.0383, face_area=0.0000, symmetry=0.80"
Trump-Xi_Meeting_LIVE__Key_Takeaways_from_the_Summit___The_Palki_Sharma_Show___I.mp4,774,3877.6,3879.333,1.733,B-Roll,70.0,"B-Roll: motion=0.0393, edge=0.0433, face_area=0.0000, symmetry=0.65"
Trump-Xi_Meeting_LIVE__Key_Takeaways_from_the_Summit___The_Palki_Sharma_Show___I.mp4,775,3879.4,3879.933,0.533,B-Roll,70.0,"B-Roll: motion=0.0277, edge=0.0134, face_area=0.0000, symmetry=0.44"
Trump-Xi_Meeting_LIVE__Key_Takeaways_from_the_Summit___The_Palki_Sharma_Show___I.mp4,776,3880.0,3880.933,0.933,Anchor Studio,72.0,"Anchor Studio: stable=0.47, symmetry=0.72, centered=True, faces=1, face_area=0.0142"
Trump-Xi_Meeting_LIVE__Key_Takeaways_from_the_Summit___The_Palki_Sharma_Show___I.mp4,777,3881.0,3882.533,1.533,B-Roll,70.0,"B-Roll: motion=0.0498, edge=0.0218, face_area=0.0000, symmetry=0.81"
Trump-Xi_Meeting_LIVE__Key_Takeaways_from_the_Summit___The_Palki_Sharma_Show___I.mp4,778,3882.6,3883.933,1.333,Anchor Studio,74.0,"Anchor Studio: stable=0.51, symmetry=0.90, centered=True, faces=1, face_area=0.0041"
Trump-Xi_Meeting_LIVE__Key_Takeaways_from_the_Summit___The_Palki_Sharma_Show___I.mp4,779,3884.0,3885.8,1.8,B-Roll,70.0,"B-Roll: motion=0.0525, edge=0.0559, face_area=0.0048, symmetry=0.83"
Trump-Xi_Meeting_LIVE__Key_Takeaways_from_the_Summit___The_Palki_Sharma_Show___I.mp4,780,3885.867,3887.467,1.6,Anchor Studio,62.0,"Anchor Studio: stable=0.56, symmetry=0.74, centered=True, faces=1, face_area=0.0095"
Trump-Xi_Meeting_LIVE__Key_Takeaways_from_the_Summit___The_Palki_Sharma_Show___I.mp4,781,3887.533,3888.867,1.334,B-Roll,70.0,"B-Roll: motion=0.0379, edge=0.0334, face_area=0.0000, symmetry=0.56"
Trump-Xi_Meeting_LIVE__Key_Takeaways_from_the_Summit___The_Palki_Sharma_Show___I.mp4,782,3888.933,3894.6,5.667,Anchor Studio,84.0,"Anchor Studio: stable=0.90, symmetry=0.90, centered=True, faces=1, face_area=0.0016"
Trump-Xi_Meeting_LIVE__Key_Takeaways_from_the_Summit___The_Palki_Sharma_Show___I.mp4,783,3894.667,3895.867,1.2,Anchor Studio,62.0,"Anchor Studio: stable=0.78, symmetry=0.92, centered=False, faces=0, face_area=0.0000"
Trump-Xi_Meeting_LIVE__Key_Takeaways_from_the_Summit___The_Palki_Sharma_Show___I.mp4,784,3895.933,3924.933,29.0,Title Card,78.0,"Title Card: headline=0.4609, textcov=0.6236, stability=0.95"
